scenario,seed,controller,attempted_rentals,served_rentals,attempted_returns,accepted_returns,lost_rentals,rejected_returns,service_failures,bikes_moved,truck_distance_km,unrealized_transfer_bikes,terminal_imbalance,terminal_truck_inventory,objective
nominal,0,none,73,65,77,70,8,7,15,0,0.0,0,32.5,0,18.25
nominal,0,open_loop,73,68,77,73,5,4,9,6,0.8533739059724342,0,32.5,0,12.720674781194488
nominal,0,feedback,73,73,77,77,0,0,0,32,5.120243435834605,0,15.5,0,4.174048687166921
nominal,1,none,67,67,72,61,0,11,11,0,0.0,0,36.5,0,14.65
nominal,1,open_loop,67,67,72,64,0,8,8,6,0.8533739059724342,0,33.5,0,11.820674781194487
nominal,1,feedback,67,67,72,71,0,1,1,24,3.3882183322863315,0,26.5,0,5.5276436664572675
nominal,2,none,58,58,78,70,0,8,8,0,0.0,0,37.5,0,11.75
nominal,2,open_loop,58,58,78,73,0,5,5,6,0.8533739059724342,0,34.5,0,8.920674781194487
nominal,2,feedback,58,58,78,77,0,1,1,16,2.5601217179173026,0,32.5,4,5.56202434358346
nominal,3,none,67,67,88,71,0,17,17,0,0.0,0,27.5,0,19.75
nominal,3,open_loop,67,67,88,74,0,14,14,6,0.8533739059724342,0,24.5,0,16.92067478119449
nominal,3,feedback,67,67,88,82,0,6,6,26,2.5601217179173026,0,21.5,0,9.96202434358346
nominal,4,none,87,86,86,75,1,11,12,0,0.0,0,41.5,0,16.15
nominal,4,open_loop,87,87,86,78,0,8,8,6,0.8533739059724342,0,39.5,0,12.420674781194489
nominal,4,feedback,87,87,86,86,0,0,0,42,8.210871050586439,0,21.5,0,5.892174210117288
nominal,5,none,69,69,79,67,0,12,12,0,0.0,0,28.5,0,14.85
nominal,5,open_loop,69,69,79,70,0,9,9,6,0.8533739059724342,0,28.5,0,12.320674781194487
nominal,5,feedback,69,69,79,79,0,0,0,24,5.650749332669137,0,17.5,0,4.080149866533827
nominal,6,none,58,58,85,79,0,6,6,0,0.0,0,27.5,0,8.75
nominal,6,open_loop,58,58,85,80,0,5,5,6,0.8533739059724342,0,28.5,0,8.320674781194487
nominal,6,feedback,58,58,85,79,0,6,6,0,0.0,0,27.5,0,8.75
nominal,7,none,63,59,78,66,4,12,16,0,0.0,0,36.5,0,19.65
nominal,7,open_loop,63,62,78,69,1,9,10,6,0.8533739059724342,0,36.5,0,14.120674781194488
nominal,7,feedback,63,63,78,78,0,0,0,27,5.9736173418070395,0,30.5,5,5.594723468361408
nominal,8,none,65,65,71,65,0,6,6,0,0.0,0,28.5,0,8.85
nominal,8,open_loop,65,65,71,68,0,3,3,6,0.8533739059724342,0,25.5,0,6.0206747811944865
nominal,8,feedback,65,65,71,71,0,0,0,28,3.3882183322863315,0,13.5,0,3.4276436664572665
nominal,9,none,63,63,94,75,0,19,19,0,0.0,0,23.5,0,21.35
nominal,9,open_loop,63,63,94,78,0,16,16,6,0.8533739059724342,0,26.5,0,19.120674781194488
nominal,9,feedback,63,63,94,79,0,15,15,8,0.8533739059724342,0,27.5,0,18.320674781194487
nominal,10,none,63,63,83,71,0,12,12,0,0.0,0,25.5,0,14.55
nominal,10,open_loop,63,63,83,74,0,9,9,6,0.8533739059724342,0,22.5,0,11.720674781194488
nominal,10,feedback,63,63,83,79,0,4,4,16,4.9335321396622485,0,22.5,0,8.03670642793245
nominal,11,none,50,50,73,65,0,8,8,0,0.0,0,28.5,0,10.85
nominal,11,open_loop,50,50,73,68,0,5,5,6,0.8533739059724342,0,25.5,0,8.020674781194487
nominal,11,feedback,50,50,73,68,0,5,5,6,0.8533739059724342,0,25.5,0,8.020674781194487
nominal,12,none,61,61,83,71,0,12,12,0,0.0,0,25.5,0,14.55
nominal,12,open_loop,61,61,83,74,0,9,9,6,0.8533739059724342,0,22.5,0,11.720674781194488
nominal,12,feedback,61,61,83,74,0,9,9,6,1.7067478119448685,0,22.5,0,11.891349562388974
nominal,13,none,67,67,79,67,0,12,12,0,0.0,0,30.5,0,15.05
nominal,13,open_loop,67,67,79,70,0,9,9,6,0.8533739059724342,0,27.5,0,12.220674781194488
nominal,13,feedback,67,67,79,79,0,0,0,30,4.958809431265654,0,19.5,0,4.441761886253131
nominal,14,none,46,46,71,66,0,5,5,0,0.0,0,26.5,0,7.65
nominal,14,open_loop,46,46,71,69,0,2,2,6,0.8533739059724342,0,29.5,0,5.420674781194487
nominal,14,feedback,46,46,71,70,0,1,1,8,1.5705910989793224,0,30.5,0,4.764118219795865
nominal,15,none,71,71,76,69,0,7,7,0,0.0,0,30.5,0,10.05
nominal,15,open_loop,71,71,76,72,0,4,4,6,0.8533739059724342,0,27.5,0,7.220674781194487
nominal,15,feedback,71,71,76,76,0,0,0,26,5.923062758600229,0,14.5,0,3.934612551720046
nominal,16,none,50,50,70,61,0,9,9,0,0.0,0,18.5,0,10.85
nominal,16,open_loop,50,50,70,64,0,6,6,6,0.8533739059724342,0,20.5,0,8.520674781194487
nominal,16,feedback,50,50,70,70,0,0,0,20,4.711773296937967,0,27.5,0,4.692354659387593
nominal,17,none,47,47,78,62,0,16,16,0,0.0,0,22.5,0,18.25
nominal,17,open_loop,47,47,78,64,0,14,14,6,0.8533739059724342,0,24.5,0,16.92067478119449
nominal,17,feedback,47,47,78,64,0,14,14,6,1.7067478119448685,0,24.5,0,17.091349562388974
nominal,18,none,65,65,75,65,0,10,10,0,0.0,0,30.5,0,13.05
nominal,18,open_loop,65,65,75,68,0,7,7,6,0.8533739059724342,0,27.5,0,10.220674781194486
nominal,18,feedback,65,65,75,75,0,0,0,32,6.529400530244976,0,19.5,0,4.855880106048995
nominal,19,none,62,62,76,65,0,11,11,0,0.0,0,28.5,0,13.85
nominal,19,open_loop,62,62,76,68,0,8,8,6,0.8533739059724342,0,25.5,0,11.020674781194488
nominal,19,feedback,62,62,76,74,0,2,2,18,2.5601217179173026,0,19.5,0,5.36202434358346
nominal,20,none,64,64,81,69,0,12,12,0,0.0,0,25.5,0,14.55
nominal,20,open_loop,64,64,81,71,0,10,10,6,0.8533739059724342,0,24.5,0,12.920674781194489
nominal,20,feedback,64,64,81,76,0,5,5,26,4.1054355252932195,0,19.5,0,9.071087105058645
nominal,21,none,58,58,58,58,0,0,0,0,0.0,0,26.5,0,2.6500000000000004
nominal,21,open_loop,58,58,58,56,0,2,2,6,0.8533739059724342,0,22.5,0,4.720674781194487
nominal,21,feedback,58,58,58,58,0,0,0,16,5.539869911306996,0,16.5,0,3.5579739822613994
nominal,22,none,60,60,71,64,0,7,7,0,0.0,0,24.5,0,9.45
nominal,22,open_loop,60,60,71,67,0,4,4,6,0.8533739059724342,0,21.5,0,6.620674781194486
nominal,22,feedback,60,60,71,71,0,0,0,30,4.266869529862171,0,24.5,0,4.8033739059724345
nominal,23,none,71,71,81,69,0,12,12,0,0.0,0,32.5,0,15.25
nominal,23,open_loop,71,71,81,72,0,9,9,6,0.8533739059724342,0,29.5,0,12.420674781194489
nominal,23,feedback,71,71,81,81,0,0,0,30,8.210871050586439,0,16.5,0,4.792174210117288
nominal,24,none,63,63,73,73,0,0,0,0,0.0,0,27.5,0,2.75
nominal,24,open_loop,63,63,73,73,0,0,0,6,0.8533739059724342,0,27.5,0,3.2206747811944867
nominal,24,feedback,63,63,73,73,0,0,0,26,7.852955494896612,0,16.5,0,4.520591098979323
nominal,25,none,63,63,77,67,0,10,10,0,0.0,0,26.5,0,12.65
nominal,25,open_loop,63,63,77,70,0,7,7,6,0.8533739059724342,0,23.5,0,9.820674781194487
nominal,25,feedback,63,63,77,76,0,1,1,18,6.504123238641571,0,26.5,0,5.850824647728315
nominal,26,none,65,65,94,81,0,13,13,0,0.0,0,22.5,0,15.25
nominal,26,open_loop,65,65,94,84,0,10,10,6,0.8533739059724342,0,25.5,0,13.020674781194488
nominal,26,feedback,65,65,94,89,0,5,5,16,1.681470520341463,0,30.5,0,9.186294104068292
nominal,27,none,59,59,90,75,0,15,15,0,0.0,0,22.5,0,17.25
nominal,27,open_loop,59,59,90,78,0,12,12,6,0.8533739059724342,0,25.5,0,15.020674781194488
nominal,27,feedback,59,59,90,75,0,15,15,0,0.0,0,22.5,0,17.25
nominal,28,none,86,86,92,75,0,17,17,0,0.0,0,41.5,0,21.15
nominal,28,open_loop,86,86,92,75,0,17,17,6,0.8533739059724342,0,41.5,0,21.620674781194488
nominal,28,feedback,86,86,92,82,0,10,10,20,4.711773296937967,0,36.5,8,15.592354659387594
nominal,29,none,61,61,75,68,0,7,7,0,0.0,0,23.5,0,9.35
nominal,29,open_loop,61,61,75,71,0,4,4,6,0.8533739059724342,0,20.5,0,6.5206747811944865
nominal,29,feedback,61,61,75,75,0,0,0,20,4.958809431265654,0,21.5,0,4.14176188625313
nominal,30,none,67,67,70,70,0,0,0,0,0.0,0,26.5,0,2.6500000000000004
nominal,30,open_loop,67,67,70,70,0,0,0,6,0.8533739059724342,0,20.5,0,2.5206747811944874
nominal,30,feedback,67,67,70,70,0,0,0,18,2.5601217179173026,0,9.5,0,2.3620243435834607
nominal,31,none,74,68,66,59,6,7,13,0,0.0,0,39.5,0,16.95
nominal,31,open_loop,74,71,66,62,3,4,7,6,0.8533739059724342,0,39.5,0,11.420674781194487
nominal,31,feedback,74,74,66,66,0,0,0,42,8.953365535196733,0,12.5,2,5.140673107039347
nominal,32,none,52,52,65,64,0,1,1,0,0.0,0,27.5,0,3.75
nominal,32,open_loop,52,52,65,65,0,0,0,6,0.8533739059724342,0,22.5,0,2.7206747811944867
nominal,32,feedback,52,52,65,65,0,0,0,16,2.5601217179173026,0,19.5,0,3.2620243435834606
nominal,33,none,48,48,84,82,0,2,2,0,0.0,0,40.5,0,6.05
nominal,33,open_loop,48,48,84,82,0,2,2,6,0.8533739059724342,0,40.5,0,6.5206747811944865
nominal,33,feedback,48,48,84,84,0,0,0,8,2.3986877133483513,0,42.5,0,5.1297375426696705
nominal,34,none,58,58,85,65,0,20,20,0,0.0,0,36.5,0,23.65
nominal,34,open_loop,58,58,85,68,0,17,17,6,0.8533739059724342,0,33.5,0,20.82067478119449
nominal,34,feedback,58,58,85,77,0,8,8,24,3.413495623889737,0,25.5,0,12.432699124777947
nominal,35,none,59,59,72,67,0,5,5,0,0.0,0,27.5,0,7.75
nominal,35,open_loop,59,59,72,70,0,2,2,6,0.8533739059724342,0,24.5,0,4.920674781194487
nominal,35,feedback,59,59,72,72,0,0,0,20,5.701303915875948,0,19.5,0,4.090260783175189
nominal,36,none,57,57,87,66,0,21,21,0,0.0,0,22.5,0,23.25
nominal,36,open_loop,57,57,87,69,0,18,18,6,0.8533739059724342,0,19.5,0,20.42067478119449
nominal,36,feedback,57,57,87,74,0,13,13,22,3.3882183322863315,0,23.5,0,17.127643666457267
nominal,37,none,52,52,79,64,0,15,15,0,0.0,0,41.5,0,19.15
nominal,37,open_loop,52,52,79,67,0,12,12,6,0.8533739059724342,0,38.5,0,16.320674781194487
nominal,37,feedback,52,52,79,75,0,4,4,22,4.266869529862171,0,30.5,0,9.003373905972435
nominal,38,none,50,50,89,68,0,21,21,0,0.0,0,41.5,0,25.15
nominal,38,open_loop,50,50,89,71,0,18,18,6,0.8533739059724342,0,38.5,0,22.32067478119449
nominal,38,feedback,50,50,89,70,0,19,19,4,1.7067478119448685,0,39.5,0,23.491349562388972
nominal,39,none,80,75,77,70,5,7,12,0,0.0,0,38.5,0,15.85
nominal,39,open_loop,80,75,77,73,5,4,9,6,0.8533739059724342,0,41.5,0,13.620674781194488
nominal,39,feedback,80,80,77,77,0,0,0,36,9.559703306841481,0,26.5,8,6.361940661368297
nominal,40,none,57,57,84,80,0,4,4,0,0.0,0,29.5,0,6.95
nominal,40,open_loop,57,57,84,83,0,1,1,6,0.8533739059724342,0,32.5,0,4.720674781194487
nominal,40,feedback,57,57,84,82,0,2,2,4,3.362941040682926,0,31.5,0,6.022588208136586
nominal,41,none,79,79,77,68,0,9,9,0,0.0,0,39.5,0,12.95
nominal,41,open_loop,79,79,77,71,0,6,6,6,0.8533739059724342,0,36.5,0,10.120674781194488
nominal,41,feedback,79,79,77,77,0,0,0,34,8.125268920827704,0,14.5,0,4.775053784165541
nominal,42,none,61,58,69,59,3,10,13,0,0.0,0,27.5,0,15.75
nominal,42,open_loop,61,61,69,62,0,7,7,6,0.8533739059724342,0,27.5,0,10.220674781194486
nominal,42,feedback,61,61,69,69,0,0,0,24,5.120243435834605,0,16.5,0,3.8740486871669217
nominal,43,none,65,65,82,76,0,6,6,0,0.0,0,20.5,0,8.05
nominal,43,open_loop,65,65,82,76,0,6,6,6,0.8533739059724342,0,20.5,0,8.520674781194487
nominal,43,feedback,65,65,82,79,0,3,3,6,0.8533739059724342,0,20.5,0,5.5206747811944865
nominal,44,none,60,60,72,69,0,3,3,0,0.0,0,22.5,0,5.25
nominal,44,open_loop,60,60,72,72,0,0,0,6,0.8533739059724342,0,25.5,0,3.0206747811944874
nominal,44,feedback,60,60,72,72,0,0,0,14,3.994556103931079,0,18.5,0,3.348911220786216
nominal,45,none,58,57,82,68,1,14,15,0,0.0,0,34.5,0,18.45
nominal,45,open_loop,58,58,82,71,0,11,11,6,0.8533739059724342,0,32.5,0,14.720674781194488
nominal,45,feedback,58,58,82,79,0,3,3,26,5.812183337238088,0,27.5,0,8.212436667447617
nominal,46,none,61,61,62,53,0,9,9,0,0.0,0,38.5,0,12.85
nominal,46,open_loop,61,61,62,56,0,6,6,6,0.8533739059724342,0,35.5,0,10.020674781194487
nominal,46,feedback,61,61,62,62,0,0,0,36,6.529400530244976,0,11.5,0,4.255880106048996
nominal,47,none,69,69,77,69,0,8,8,0,0.0,0,30.5,0,11.05
nominal,47,open_loop,69,69,77,72,0,5,5,6,0.8533739059724342,0,27.5,0,8.220674781194486
nominal,47,feedback,69,69,77,77,0,0,0,32,7.135738301889724,0,19.5,0,4.977147660377945
nominal,48,none,68,68,75,69,0,6,6,0,0.0,0,29.5,0,8.95
nominal,48,open_loop,68,68,75,72,0,3,3,6,0.8533739059724342,0,26.5,0,6.120674781194487
nominal,48,feedback,68,68,75,72,0,3,3,24,2.5601217179173026,0,11.5,0,5.862024343583461
nominal,49,none,62,62,76,70,0,6,6,0,0.0,0,22.5,0,8.25
nominal,49,open_loop,62,62,76,73,0,3,3,6,0.8533739059724342,0,20.5,0,5.5206747811944865
nominal,49,feedback,62,62,76,76,0,0,0,14,2.5601217179173026,0,23.5,0,3.5620243435834604
nominal,50,none,63,62,57,57,1,0,1,0,0.0,0,29.5,0,3.95
nominal,50,open_loop,63,63,57,57,0,0,0,6,0.8533739059724342,0,24.5,0,2.920674781194487
nominal,50,feedback,63,63,57,57,0,0,0,26,5.812183337238088,0,7.5,2,3.2124366674476175
nominal,51,none,55,55,65,63,0,2,2,0,0.0,0,25.5,0,4.550000000000001
nominal,51,open_loop,55,55,65,65,0,0,0,6,0.8533739059724342,0,27.5,0,3.2206747811944867
nominal,51,feedback,55,55,65,65,0,0,0,10,4.711773296937967,0,21.5,4,3.5923546593875932
nominal,52,none,59,59,67,67,0,0,0,0,0.0,0,27.5,0,2.75
nominal,52,open_loop,59,59,67,67,0,0,0,6,0.8533739059724342,0,21.5,0,2.620674781194487
nominal,52,feedback,59,59,67,67,0,0,0,12,2.5601217179173026,0,15.5,0,2.662024343583461
nominal,53,none,66,63,86,77,3,9,12,0,0.0,0,43.5,0,16.35
nominal,53,open_loop,66,66,86,78,0,8,8,6,0.8533739059724342,0,41.5,0,12.620674781194488
nominal,53,feedback,66,66,86,81,0,5,5,26,5.923062758600229,0,24.5,0,9.934612551720047
nominal,54,none,64,64,78,73,0,5,5,0,0.0,0,24.5,0,7.45
nominal,54,open_loop,64,64,78,73,0,5,5,6,0.8533739059724342,0,24.5,0,7.920674781194487
nominal,54,feedback,64,64,78,78,0,0,0,22,7.852955494896612,0,20.5,0,4.720591098979323
nominal,55,none,75,73,69,62,2,7,9,0,0.0,0,41.5,0,13.15
nominal,55,open_loop,75,73,69,65,2,4,6,6,0.8533739059724342,0,38.5,0,10.320674781194487
nominal,55,feedback,75,75,69,69,0,0,0,46,10.38779992121051,0,7.5,2,5.127559984242103
nominal,56,none,54,54,82,74,0,8,8,0,0.0,0,26.5,0,10.65
nominal,56,open_loop,54,54,82,77,0,5,5,6,0.8533739059724342,0,29.5,0,8.420674781194487
nominal,56,feedback,54,54,82,82,0,0,0,20,4.1054355252932195,0,34.5,0,5.271087105058644
nominal,57,none,58,58,78,72,0,6,6,0,0.0,0,27.5,0,8.75
nominal,57,open_loop,58,58,78,75,0,3,3,6,0.8533739059724342,0,24.5,0,5.920674781194487
nominal,57,feedback,58,58,78,77,0,1,1,10,4.847930009903513,0,26.5,0,5.119586001980704
nominal,58,none,61,61,90,78,0,12,12,0,0.0,0,23.5,0,14.35
nominal,58,open_loop,61,61,90,81,0,9,9,6,0.8533739059724342,0,26.5,0,12.120674781194488
nominal,58,feedback,61,61,90,82,0,8,8,8,1.7067478119448685,0,27.5,0,11.491349562388974
nominal,59,none,57,57,60,59,0,1,1,0,0.0,0,26.5,0,3.6500000000000004
nominal,59,open_loop,57,57,60,59,0,1,1,6,0.8533739059724342,0,22.5,0,3.7206747811944867
nominal,59,feedback,57,57,60,60,0,0,0,12,3.2773389109241906,0,19.5,4,3.2054677821848383
nominal,60,none,52,52,83,73,0,10,10,0,0.0,0,32.5,0,13.25
nominal,60,open_loop,52,52,83,74,0,9,9,5,0.8533739059724342,1,33.5,1,12.770674781194487
nominal,60,feedback,52,52,83,74,0,9,9,6,1.5705910989793224,0,28.5,0,12.464118219795864
nominal,61,none,73,73,89,74,0,15,15,0,0.0,0,29.5,0,17.95
nominal,61,open_loop,73,73,89,77,0,12,12,6,0.8533739059724342,0,26.5,0,15.120674781194488
nominal,61,feedback,73,73,89,80,0,9,9,16,2.5601217179173026,0,25.5,6,12.862024343583462
nominal,62,none,69,69,87,69,0,18,18,0,0.0,0,30.5,0,21.05
nominal,62,open_loop,69,69,87,72,0,15,15,6,0.8533739059724342,0,27.5,0,18.22067478119449
nominal,62,feedback,69,69,87,79,0,8,8,26,3.3882183322863315,0,21.5,0,12.127643666457267
nominal,63,none,45,45,72,69,0,3,3,0,0.0,0,30.5,0,6.050000000000001
nominal,63,open_loop,45,45,72,72,0,0,0,6,0.8533739059724342,0,33.5,0,3.8206747811944872
nominal,63,feedback,45,45,72,72,0,0,0,14,1.681470520341463,0,33.5,0,4.386294104068293
nominal,64,none,69,69,83,71,0,12,12,0,0.0,0,28.5,0,14.85
nominal,64,open_loop,69,69,83,74,0,9,9,6,0.8533739059724342,0,25.5,0,12.020674781194488
nominal,64,feedback,69,69,83,83,0,0,0,32,6.529400530244976,0,20.5,0,4.955880106048996
nominal,65,none,61,61,78,73,0,5,5,0,0.0,0,19.5,0,6.95
nominal,65,open_loop,61,61,78,73,0,5,5,6,0.8533739059724342,0,19.5,0,7.420674781194487
nominal,65,feedback,61,61,78,73,0,5,5,0,0.0,0,19.5,0,6.95
nominal,66,none,65,65,70,70,0,0,0,0,0.0,0,22.5,0,2.25
nominal,66,open_loop,65,65,70,70,0,0,0,6,0.8533739059724342,0,22.5,0,2.7206747811944867
nominal,66,feedback,65,65,70,70,0,0,0,22,4.9335321396622485,0,11.5,0,3.2367064279324502
nominal,67,none,75,66,69,66,9,3,12,0,0.0,0,30.5,0,15.05
nominal,67,open_loop,75,69,69,69,6,0,6,6,0.8533739059724342,0,30.5,0,9.520674781194487
nominal,67,feedback,75,75,69,69,0,0,0,36,5.9736173418070395,0,6.5,0,3.644723468361408
nominal,68,none,78,78,83,70,0,13,13,0,0.0,0,38.5,0,16.85
nominal,68,open_loop,78,78,83,73,0,10,10,6,0.8533739059724342,0,35.5,0,14.020674781194488
nominal,68,feedback,78,78,83,82,0,1,1,28,7.989112207862158,0,22.5,0,6.247822441572432
nominal,69,none,65,65,91,80,0,11,11,0,0.0,0,30.5,0,14.05
nominal,69,open_loop,65,65,91,83,0,8,8,6,0.8533739059724342,0,27.5,0,11.220674781194488
nominal,69,feedback,65,65,91,83,0,8,8,10,2.3986877133483513,0,24.5,0,11.42973754266967
nominal,70,none,55,55,87,79,0,8,8,0,0.0,0,31.5,0,11.15
nominal,70,open_loop,55,55,87,82,0,5,5,6,0.8533739059724342,0,33.5,0,8.820674781194487
nominal,70,feedback,55,55,87,83,0,4,4,8,0.8533739059724342,0,34.5,0,8.020674781194487
nominal,71,none,55,55,85,72,0,13,13,0,0.0,0,42.5,0,17.25
nominal,71,open_loop,55,55,85,75,0,10,10,6,0.8533739059724342,0,39.5,0,14.420674781194489
nominal,71,feedback,55,55,85,80,0,5,5,22,4.266869529862171,0,31.5,0,10.103373905972434
nominal,72,none,55,55,68,64,0,4,4,0,0.0,0,22.5,0,6.25
nominal,72,open_loop,55,55,68,67,0,1,1,6,0.8533739059724342,0,25.5,0,4.020674781194487
nominal,72,feedback,55,55,68,68,0,0,0,16,4.8479300099035125,0,19.5,0,3.7195860019807028
nominal,73,none,50,50,71,71,0,0,0,0,0.0,0,27.5,0,2.75
nominal,73,open_loop,50,50,71,70,0,1,1,6,0.8533739059724342,0,26.5,0,4.120674781194487
nominal,73,feedback,50,50,71,71,0,0,0,0,0.0,0,27.5,0,2.75
nominal,74,none,64,64,76,70,0,6,6,0,0.0,0,27.5,0,8.75
nominal,74,open_loop,64,64,76,73,0,3,3,6,0.8533739059724342,0,24.5,0,5.920674781194487
nominal,74,feedback,64,64,76,76,0,0,0,20,2.5601217179173026,0,18.5,0,3.3620243435834607
nominal,75,none,66,66,83,76,0,7,7,0,0.0,0,23.5,0,9.35
nominal,75,open_loop,66,66,83,78,0,5,5,6,0.8533739059724342,0,25.5,0,8.020674781194487
nominal,75,feedback,66,66,83,82,0,1,1,12,2.3986877133483513,0,23.5,0,4.42973754266967
nominal,76,none,65,65,64,64,0,0,0,0,0.0,0,29.5,0,2.95
nominal,76,open_loop,65,65,64,64,0,0,0,6,0.8533739059724342,0,23.5,0,2.8206747811944872
nominal,76,feedback,65,65,64,64,0,0,0,24,4.822652718300107,0,8.5,0,3.0145305436600216
nominal,77,none,60,60,84,75,0,9,9,0,0.0,0,24.5,0,11.45
nominal,77,open_loop,60,60,84,78,0,6,6,6,0.8533739059724342,0,24.5,0,8.920674781194487
nominal,77,feedback,60,60,84,78,0,6,6,14,2.3986877133483513,0,24.5,0,9.62973754266967
nominal,78,none,59,59,94,82,0,12,12,0,0.0,0,29.5,0,14.95
nominal,78,open_loop,59,59,94,84,0,10,10,6,0.8533739059724342,0,31.5,0,13.620674781194488
nominal,78,feedback,59,59,94,84,0,10,10,4,1.7067478119448685,0,31.5,0,13.691349562388973
nominal,79,none,74,74,75,72,0,3,3,0,0.0,0,33.5,0,6.35
nominal,79,open_loop,74,74,75,73,0,2,2,6,0.8533739059724342,0,34.5,0,5.920674781194487
nominal,79,feedback,74,74,75,73,0,2,2,14,3.252061619320785,0,27.5,0,6.100412323864157
nominal,80,none,63,63,85,74,0,11,11,0,0.0,0,28.5,0,13.85
nominal,80,open_loop,63,63,85,77,0,8,8,6,0.8533739059724342,0,25.5,0,11.020674781194488
nominal,80,feedback,63,63,85,78,0,7,7,12,1.7067478119448685,0,24.5,0,10.391349562388974
nominal,81,none,55,55,68,66,0,2,2,0,0.0,0,26.5,0,4.65
nominal,81,open_loop,55,55,68,68,0,0,0,6,0.8533739059724342,0,22.5,0,2.7206747811944867
nominal,81,feedback,55,55,68,68,0,0,0,14,0.8533739059724342,0,20.5,0,2.9206747811944873
nominal,82,none,59,59,80,67,0,13,13,0,0.0,0,23.5,0,15.35
nominal,82,open_loop,59,59,80,70,0,10,10,6,0.8533739059724342,0,20.5,0,12.520674781194488
nominal,82,feedback,59,59,80,74,0,6,6,16,2.5601217179173026,0,21.5,0,9.46202434358346
nominal,83,none,54,54,71,64,0,7,7,0,0.0,0,20.5,0,9.05
nominal,83,open_loop,54,54,71,67,0,4,4,6,0.8533739059724342,0,22.5,0,6.720674781194487
nominal,83,feedback,54,54,71,71,0,0,0,20,3.2773389109241906,0,23.5,0,4.005467782184838
nominal,84,none,66,66,85,65,0,20,20,0,0.0,0,29.5,0,22.95
nominal,84,open_loop,66,66,85,68,0,17,17,6,0.8533739059724342,0,26.5,0,20.120674781194488
nominal,84,feedback,66,66,85,77,0,8,8,24,7.246617723251864,0,18.5,0,12.499323544650371
nominal,85,none,76,68,69,65,8,4,12,0,0.0,0,33.5,0,15.35
nominal,85,open_loop,76,71,69,68,5,1,6,6,0.8533739059724342,0,33.5,0,9.820674781194487
nominal,85,feedback,76,76,69,69,0,0,0,42,8.32175047194858,0,9.5,0,4.714350094389716
nominal,86,none,71,71,72,67,0,5,5,0,0.0,0,34.5,0,8.45
nominal,86,open_loop,71,71,72,70,0,2,2,6,0.8533739059724342,0,32.5,0,5.720674781194487
nominal,86,feedback,71,71,72,72,0,0,0,38,6.418521108882835,0,7.5,0,3.9337042217765674
nominal,87,none,65,65,78,66,0,12,12,0,0.0,0,25.5,0,14.55
nominal,87,open_loop,65,65,78,69,0,9,9,6,0.8533739059724342,0,22.5,0,11.720674781194488
nominal,87,feedback,65,65,78,76,0,2,2,26,3.3882183322863315,0,20.5,0,6.027643666457267
nominal,88,none,68,67,74,74,1,0,1,0,0.0,0,28.5,0,3.85
nominal,88,open_loop,68,68,74,74,0,0,0,6,0.8533739059724342,0,23.5,0,2.8206747811944872
nominal,88,feedback,68,68,74,74,0,0,0,22,3.413495623889737,0,12.5,0,3.0326991247779476
nominal,89,none,62,62,59,54,0,5,5,0,0.0,0,38.5,0,8.85
nominal,89,open_loop,62,62,59,57,0,2,2,6,0.8533739059724342,0,35.5,0,6.0206747811944865
nominal,89,feedback,62,62,59,59,0,0,0,30,8.074714337620893,0,15.5,2,4.664942867524179
nominal,90,none,56,52,72,68,4,4,8,0,0.0,0,43.5,0,12.350000000000001
nominal,90,open_loop,56,55,72,71,1,1,2,6,0.8533739059724342,0,43.5,0,6.820674781194487
nominal,90,feedback,56,56,72,72,0,0,0,24,5.0949661442312,0,27.5,0,4.96899322884624
nominal,91,none,44,44,72,63,0,9,9,0,0.0,0,38.5,0,12.85
nominal,91,open_loop,44,44,72,66,0,6,6,6,0.8533739059724342,0,35.5,0,10.020674781194487
nominal,91,feedback,44,44,72,66,0,6,6,12,4.1054355252932195,0,29.5,0,10.371087105058644
nominal,92,none,69,69,68,64,0,4,4,0,0.0,0,35.5,0,7.550000000000001
nominal,92,open_loop,69,69,68,67,0,1,1,6,0.8533739059724342,0,32.5,0,4.720674781194487
nominal,92,feedback,69,69,68,68,0,0,0,41,8.185593758983034,0,10.5,3,4.737118751796607
nominal,93,none,59,59,97,84,0,13,13,0,0.0,0,31.5,0,16.15
nominal,93,open_loop,59,59,97,87,0,10,10,6,0.8533739059724342,0,34.5,0,13.920674781194489
nominal,93,feedback,59,59,97,87,0,10,10,6,1.681470520341463,0,34.5,0,14.086294104068294
nominal,94,none,67,67,86,73,0,13,13,0,0.0,0,24.5,0,15.45
nominal,94,open_loop,67,67,86,75,0,11,11,6,0.8533739059724342,0,23.5,0,13.820674781194487
nominal,94,feedback,67,67,86,78,0,8,8,10,6.39324381727943,0,20.5,0,11.828648763455886
nominal,95,none,66,66,81,74,0,7,7,0,0.0,0,27.5,0,9.75
nominal,95,open_loop,66,66,81,77,0,4,4,6,0.8533739059724342,0,30.5,0,7.5206747811944865
nominal,95,feedback,66,66,81,81,0,0,0,32,6.418521108882835,0,21.5,0,5.033704221776567
nominal,96,none,58,58,83,61,0,22,22,0,0.0,0,28.5,0,24.85
nominal,96,open_loop,58,58,83,64,0,19,19,6,0.8533739059724342,0,31.5,0,22.620674781194488
nominal,96,feedback,58,58,83,70,0,13,13,18,4.822652718300107,0,19.5,0,16.814530543660023
nominal,97,none,58,58,68,60,0,8,8,0,0.0,0,29.5,0,10.95
nominal,97,open_loop,58,58,68,63,0,5,5,6,0.8533739059724342,0,26.5,0,8.120674781194488
nominal,97,feedback,58,58,68,68,0,0,0,24,4.266869529862171,0,16.5,0,3.703373905972435
nominal,98,none,66,66,64,64,0,0,0,0,0.0,0,15.5,0,1.55
nominal,98,open_loop,66,66,64,64,0,0,0,6,0.8533739059724342,0,15.5,0,2.020674781194487
nominal,98,feedback,66,66,64,64,0,0,0,18,1.5705910989793224,0,9.5,0,2.164118219795865
nominal,99,none,68,68,78,76,0,2,2,0,0.0,0,22.5,0,4.25
nominal,99,open_loop,68,68,78,78,0,0,0,6,0.8533739059724342,0,23.5,0,2.8206747811944872
nominal,99,feedback,68,68,78,78,0,0,0,22,3.3882183322863315,0,19.5,0,3.7276436664572667
nominal,100,none,82,81,74,65,1,9,10,0,0.0,0,44.5,0,14.45
nominal,100,open_loop,82,81,74,68,1,6,7,6,0.8533739059724342,0,41.5,0,11.620674781194488
nominal,100,feedback,82,82,74,74,0,0,0,50,9.695860019807027,0,7.5,0,5.1891720039614055
nominal,101,none,61,61,70,66,0,4,4,0,0.0,0,25.5,0,6.550000000000001
nominal,101,open_loop,61,61,70,69,0,1,1,6,0.8533739059724342,0,27.5,0,4.220674781194487
nominal,101,feedback,61,61,70,70,0,0,0,20,6.418521108882835,0,18.5,4,4.133704221776567
nominal,102,none,71,71,82,76,0,6,6,0,0.0,0,23.5,0,8.35
nominal,102,open_loop,71,71,82,79,0,3,3,6,0.8533739059724342,0,20.5,0,5.5206747811944865
nominal,102,feedback,71,71,82,82,0,0,0,18,4.21631494665536,0,17.5,0,3.493262989331072
nominal,103,none,67,67,63,63,0,0,0,0,0.0,0,34.5,0,3.45
nominal,103,open_loop,67,67,63,63,0,0,0,6,0.8533739059724342,0,28.5,0,3.3206747811944872
nominal,103,feedback,67,67,63,63,0,0,0,18,5.069688852627794,0,16.5,0,3.563937770525559
nominal,104,none,62,62,94,76,0,18,18,0,0.0,0,35.5,0,21.55
nominal,104,open_loop,62,62,94,79,0,15,15,6,0.8533739059724342,0,32.5,0,18.72067478119449
nominal,104,feedback,62,62,94,84,0,10,10,16,2.5601217179173026,0,28.5,0,14.162024343583461
nominal,105,none,72,72,65,60,0,5,5,0,0.0,0,42.5,0,9.25
nominal,105,open_loop,72,72,65,63,0,2,2,6,0.8533739059724342,0,39.5,0,6.420674781194487
nominal,105,feedback,72,72,65,65,0,0,0,36,8.099991629224299,0,11.5,0,4.56999832584486
nominal,106,none,61,61,82,73,0,9,9,0,0.0,0,19.5,0,10.95
nominal,106,open_loop,61,61,82,76,0,6,6,6,0.8533739059724342,0,22.5,0,8.720674781194486
nominal,106,feedback,61,61,82,80,0,2,2,16,3.2773389109241906,0,25.5,0,6.005467782184838
nominal,107,none,60,60,82,72,0,10,10,0,0.0,0,19.5,0,11.95
nominal,107,open_loop,60,60,82,75,0,7,7,6,0.8533739059724342,0,21.5,0,9.620674781194486
nominal,107,feedback,60,60,82,82,0,0,0,20,3.2773389109241906,0,28.5,0,4.505467782184838
nominal,108,none,72,72,76,69,0,7,7,0,0.0,0,33.5,0,10.35
nominal,108,open_loop,72,72,76,72,0,4,4,6,0.8533739059724342,0,31.5,0,7.620674781194487
nominal,108,feedback,72,72,76,76,0,0,0,34,8.074714337620893,0,15.5,4,4.864942867524179
nominal,109,none,67,67,76,72,0,4,4,0,0.0,0,26.5,0,6.65
nominal,109,open_loop,67,67,76,75,0,1,1,6,0.8533739059724342,0,23.5,0,3.8206747811944872
nominal,109,feedback,67,67,76,76,0,0,0,10,2.5601217179173026,0,20.5,0,3.062024343583461
nominal,110,none,61,61,74,68,0,6,6,0,0.0,0,30.5,0,9.05
nominal,110,open_loop,61,61,74,71,0,3,3,6,0.8533739059724342,0,27.5,0,6.220674781194487
nominal,110,feedback,61,61,74,74,0,0,0,20,2.5601217179173026,0,19.5,0,3.462024343583461
nominal,111,none,59,59,80,65,0,15,15,0,0.0,0,22.5,0,17.25
nominal,111,open_loop,59,59,80,68,0,12,12,6,0.8533739059724342,0,19.5,0,14.420674781194489
nominal,111,feedback,59,59,80,75,0,5,5,20,4.958809431265654,0,22.5,0,9.24176188625313
nominal,112,none,55,55,89,75,0,14,14,0,0.0,0,27.5,0,16.75
nominal,112,open_loop,55,55,89,78,0,11,11,6,0.8533739059724342,0,29.5,0,14.420674781194489
nominal,112,feedback,55,55,89,78,0,11,11,6,0.8533739059724342,0,29.5,0,14.420674781194489
nominal,113,none,65,65,84,69,0,15,15,0,0.0,0,27.5,0,17.75
nominal,113,open_loop,65,65,84,72,0,12,12,6,0.8533739059724342,0,24.5,0,14.920674781194489
nominal,113,feedback,65,65,84,78,0,6,6,18,4.984086722869059,0,26.5,0,10.546817344573814
nominal,114,none,72,72,87,69,0,18,18,0,0.0,0,33.5,0,21.35
nominal,114,open_loop,72,72,87,72,0,15,15,6,0.8533739059724342,0,31.5,0,18.620674781194488
nominal,114,feedback,72,72,87,80,0,7,7,38,7.963834916258753,0,14.5,0,11.942766983251751
nominal,115,none,59,59,79,61,0,18,18,0,0.0,0,28.5,0,20.85
nominal,115,open_loop,59,59,79,64,0,15,15,6,0.8533739059724342,0,25.5,0,18.020674781194487
nominal,115,feedback,59,59,79,69,0,10,10,20,3.2773389109241906,0,21.5,4,13.805467782184838
nominal,116,none,51,50,67,60,1,7,8,0,0.0,0,37.5,0,11.75
nominal,116,open_loop,51,51,67,63,0,4,4,6,0.8533739059724342,0,35.5,0,8.020674781194487
nominal,116,feedback,51,51,67,66,0,1,1,18,6.554677821848382,0,26.5,0,5.860935564369677
nominal,117,none,55,55,72,59,0,13,13,0,0.0,0,26.5,0,15.65
nominal,117,open_loop,55,55,72,62,0,10,10,6,0.8533739059724342,0,23.5,0,12.820674781194487
nominal,117,feedback,55,55,72,65,0,7,7,12,4.1054355252932195,0,20.5,0,10.471087105058643
nominal,118,none,74,73,69,69,1,0,1,0,0.0,0,39.5,0,4.95
nominal,118,open_loop,74,73,69,69,1,0,1,6,0.8533739059724342,0,39.5,0,5.420674781194487
nominal,118,feedback,74,74,69,69,0,0,0,42,9.423546593875935,0,7.5,0,4.734709318775187
nominal,119,none,73,73,79,72,0,7,7,0,0.0,0,31.5,0,10.15
nominal,119,open_loop,73,73,79,75,0,4,4,6,0.8533739059724342,0,28.5,0,7.320674781194487
nominal,119,feedback,73,73,79,79,0,0,0,27,7.963834916258753,0,17.5,1,4.692766983251751
nominal,120,none,49,49,65,59,0,6,6,0,0.0,0,27.5,0,8.75
nominal,120,open_loop,49,49,65,61,0,4,4,6,0.8533739059724342,0,25.5,0,7.0206747811944865
nominal,120,feedback,49,49,65,62,0,3,3,3,0.8533739059724342,0,30.5,3,6.370674781194487
nominal,121,none,70,70,72,72,0,0,0,0,0.0,0,19.5,0,1.9500000000000002
nominal,121,open_loop,70,70,72,72,0,0,0,6,0.8533739059724342,0,13.5,0,1.820674781194487
nominal,121,feedback,70,70,72,72,0,0,0,8,4.847930009903513,0,11.5,0,2.519586001980703
nominal,122,none,59,59,77,66,0,11,11,0,0.0,0,24.5,0,13.45
nominal,122,open_loop,59,59,77,69,0,8,8,6,0.8533739059724342,0,21.5,0,10.620674781194488
nominal,122,feedback,59,59,77,76,0,1,1,20,2.5601217179173026,0,23.5,0,4.86202434358346
nominal,123,none,56,56,71,63,0,8,8,0,0.0,0,24.5,0,10.45
nominal,123,open_loop,56,56,71,66,0,5,5,6,0.8533739059724342,0,21.5,0,7.620674781194486
nominal,123,feedback,56,56,71,71,0,0,0,18,3.994556103931079,0,21.5,0,3.8489112207862157
nominal,124,none,67,67,74,67,0,7,7,0,0.0,0,28.5,0,9.85
nominal,124,open_loop,67,67,74,70,0,4,4,6,0.8533739059724342,0,25.5,0,7.0206747811944865
nominal,124,feedback,67,67,74,74,0,0,0,27,8.791931530627782,0,23.5,5,5.458386306125556
nominal,125,none,68,68,75,69,0,6,6,0,0.0,0,27.5,0,8.75
nominal,125,open_loop,68,68,75,72,0,3,3,6,0.8533739059724342,0,24.5,0,5.920674781194487
nominal,125,feedback,68,68,75,75,0,0,0,30,4.9335321396622485,0,13.5,0,3.83670642793245
nominal,126,none,61,61,78,65,0,13,13,0,0.0,0,26.5,0,15.65
nominal,126,open_loop,61,61,78,68,0,10,10,6,0.8533739059724342,0,23.5,0,12.820674781194487
nominal,126,feedback,61,61,78,71,0,7,7,12,5.650749332669136,0,20.5,0,10.780149866533828
nominal,127,none,66,66,55,55,0,0,0,0,0.0,0,30.5,0,3.0500000000000003
nominal,127,open_loop,66,66,55,55,0,0,0,6,0.8533739059724342,0,30.5,0,3.5206747811944874
nominal,127,feedback,66,66,55,55,0,0,0,29,8.074714337620893,0,17.5,5,4.814942867524179
nominal,128,none,63,63,82,73,0,9,9,0,0.0,0,17.5,0,10.75
nominal,128,open_loop,63,63,82,76,0,6,6,6,0.8533739059724342,0,19.5,0,8.420674781194487
nominal,128,feedback,63,63,82,82,0,0,0,30,6.529400530244976,0,25.5,0,5.355880106048996
nominal,129,none,66,66,105,81,0,24,24,0,0.0,0,21.5,0,26.15
nominal,129,open_loop,66,66,105,82,0,23,23,6,0.8533739059724342,0,22.5,0,25.72067478119449
nominal,129,feedback,66,66,105,81,0,24,24,0,0.0,0,21.5,0,26.15
nominal,130,none,57,57,82,74,0,8,8,0,0.0,0,28.5,0,10.85
nominal,130,open_loop,57,57,82,76,0,6,6,6,0.8533739059724342,0,30.5,0,9.520674781194487
nominal,130,feedback,57,57,82,74,0,8,8,0,0.0,0,28.5,0,10.85
nominal,131,none,59,59,81,74,0,7,7,0,0.0,0,22.5,0,9.25
nominal,131,open_loop,59,59,81,77,0,4,4,6,0.8533739059724342,0,24.5,0,6.920674781194487
nominal,131,feedback,59,59,81,79,0,2,2,10,2.5601217179173026,0,26.5,0,5.662024343583461
nominal,132,none,70,70,88,81,0,7,7,0,0.0,0,20.5,0,9.05
nominal,132,open_loop,70,70,88,84,0,4,4,6,0.8533739059724342,0,20.5,0,6.5206747811944865
nominal,132,feedback,70,70,88,88,0,0,0,24,6.418521108882835,0,24.5,0,4.933704221776567
nominal,133,none,74,73,78,77,1,1,2,0,0.0,0,33.5,0,5.35
nominal,133,open_loop,74,74,78,78,0,0,0,6,0.8533739059724342,0,29.5,0,3.420674781194487
nominal,133,feedback,74,74,78,78,0,0,0,28,6.665557243210523,0,17.5,0,4.483111448642105
nominal,134,none,69,69,70,67,0,3,3,0,0.0,0,30.5,0,6.050000000000001
nominal,134,open_loop,69,69,70,70,0,0,0,6,0.8533739059724342,0,27.5,0,3.2206747811944867
nominal,134,feedback,69,69,70,70,0,0,0,34,6.554677821848381,0,7.5,0,3.7609355643696762
nominal,135,none,58,58,92,80,0,12,12,0,0.0,0,28.5,0,14.85
nominal,135,open_loop,58,58,92,83,0,9,9,6,0.8533739059724342,0,31.5,0,12.620674781194488
nominal,135,feedback,58,58,92,80,0,12,12,6,2.3986877133483513,0,28.5,0,15.629737542669671
nominal,136,none,52,52,58,58,0,0,0,0,0.0,0,23.5,0,2.35
nominal,136,open_loop,52,52,58,58,0,0,0,6,0.8533739059724342,0,17.5,0,2.2206747811944867
nominal,136,feedback,52,52,58,58,0,0,0,26,4.9335321396622485,0,12.5,0,3.53670642793245
nominal,137,none,61,61,83,77,0,6,6,0,0.0,0,27.5,0,8.75
nominal,137,open_loop,61,61,83,80,0,3,3,3,0.8533739059724342,3,30.5,3,6.370674781194487
nominal,137,feedback,61,61,83,77,0,6,6,0,0.0,0,27.5,0,8.75
nominal,138,none,64,64,85,74,0,11,11,0,0.0,0,35.5,0,14.55
nominal,138,open_loop,64,64,85,77,0,8,8,3,0.8533739059724342,3,38.5,3,12.170674781194487
nominal,138,feedback,64,64,85,82,0,3,3,26,7.852955494896612,0,24.5,2,8.320591098979323
nominal,139,none,69,69,74,66,0,8,8,0,0.0,0,33.5,0,11.35
nominal,139,open_loop,69,69,74,69,0,5,5,6,0.8533739059724342,0,30.5,0,8.520674781194487
nominal,139,feedback,69,69,74,74,0,0,0,24,6.554677821848381,0,18.5,0,4.360935564369676
nominal,140,none,63,63,75,65,0,10,10,0,0.0,0,26.5,0,12.65
nominal,140,open_loop,63,63,75,68,0,7,7,6,0.8533739059724342,0,23.5,0,9.820674781194487
nominal,140,feedback,63,63,75,73,0,2,2,26,6.418521108882835,0,16.5,0,6.233704221776567
nominal,141,none,62,62,85,74,0,11,11,0,0.0,0,25.5,0,13.55
nominal,141,open_loop,62,62,85,77,0,8,8,6,0.8533739059724342,0,28.5,0,11.320674781194487
nominal,141,feedback,62,62,85,79,0,6,6,10,3.3882183322863315,0,24.5,0,9.627643666457267
nominal,142,none,71,69,73,72,2,1,3,0,0.0,0,32.5,0,6.25
nominal,142,open_loop,71,71,73,73,0,0,0,6,0.8533739059724342,0,29.5,0,3.420674781194487
nominal,142,feedback,71,71,73,73,0,0,0,28,4.266869529862171,0,8.5,0,3.1033739059724343
nominal,143,none,55,55,76,69,0,7,7,0,0.0,0,21.5,0,9.15
nominal,143,open_loop,55,55,76,72,0,4,4,6,0.8533739059724342,0,23.5,0,6.820674781194487
nominal,143,feedback,55,55,76,69,0,7,7,6,2.3986877133483513,0,21.5,0,9.92973754266967
nominal,144,none,52,52,72,71,0,1,1,0,0.0,0,25.5,0,3.5500000000000003
nominal,144,open_loop,52,52,72,72,0,0,0,6,0.8533739059724342,0,26.5,0,3.120674781194487
nominal,144,feedback,52,52,72,72,0,0,0,14,3.22678432771738,0,26.5,0,3.9953568655434766
nominal,145,none,63,63,69,63,0,6,6,0,0.0,0,30.5,0,9.05
nominal,145,open_loop,63,63,69,66,0,3,3,6,0.8533739059724342,0,27.5,0,6.220674781194487
nominal,145,feedback,63,63,69,69,0,0,0,34,7.135738301889724,0,12.5,0,4.377147660377945
nominal,146,none,51,51,76,69,0,7,7,0,0.0,0,27.5,0,9.75
nominal,146,open_loop,51,51,76,72,0,4,4,6,0.8533739059724342,0,27.5,0,7.220674781194487
nominal,146,feedback,51,51,76,72,0,4,4,6,0.8533739059724342,0,27.5,0,7.220674781194487
nominal,147,none,65,65,80,79,0,1,1,0,0.0,0,37.5,0,4.75
nominal,147,open_loop,65,65,80,80,0,0,0,6,0.8533739059724342,0,32.5,0,3.7206747811944867
nominal,147,feedback,65,65,80,80,0,0,0,11,2.5601217179173026,0,32.5,5,4.31202434358346
nominal,148,none,45,45,83,70,0,13,13,0,0.0,0,31.5,0,16.15
nominal,148,open_loop,45,45,83,72,0,11,11,6,0.8533739059724342,0,33.5,0,14.820674781194487
nominal,148,feedback,45,45,83,70,0,13,13,0,0.0,0,31.5,0,16.15
nominal,149,none,54,54,68,66,0,2,2,0,0.0,0,27.5,0,4.75
nominal,149,open_loop,54,54,68,68,0,0,0,6,0.8533739059724342,0,23.5,0,2.8206747811944872
nominal,149,feedback,54,54,68,68,0,0,0,12,2.3986877133483513,0,25.5,0,3.6297375426696705
nominal,150,none,66,66,75,59,0,16,16,0,0.0,0,35.5,0,19.55
nominal,150,open_loop,66,66,75,62,0,13,13,6,0.8533739059724342,0,32.5,0,16.72067478119449
nominal,150,feedback,66,66,75,75,0,0,0,34,8.842486113834592,0,24.5,0,5.918497222766919
nominal,151,none,36,36,80,63,0,17,17,0,0.0,0,33.5,0,20.35
nominal,151,open_loop,36,36,80,66,0,14,14,6,0.8533739059724342,0,36.5,0,18.120674781194488
nominal,151,feedback,36,36,80,63,0,17,17,0,0.0,0,33.5,0,20.35
nominal,152,none,67,67,89,69,0,20,20,0,0.0,0,24.5,0,22.45
nominal,152,open_loop,67,67,89,72,0,17,17,6,0.8533739059724342,0,21.5,0,19.620674781194488
nominal,152,feedback,67,67,89,77,0,12,12,24,3.3882183322863315,0,25.5,4,16.427643666457264
nominal,153,none,55,55,106,86,0,20,20,0,0.0,0,37.5,0,23.75
nominal,153,open_loop,55,55,106,87,0,19,19,5,0.8533739059724342,1,38.5,1,23.270674781194487
nominal,153,feedback,55,55,106,86,0,20,20,0,0.0,0,37.5,0,23.75
nominal,154,none,63,63,72,70,0,2,2,0,0.0,0,23.5,0,4.35
nominal,154,open_loop,63,63,72,71,0,1,1,6,0.8533739059724342,0,20.5,0,3.5206747811944874
nominal,154,feedback,63,63,72,72,0,0,0,12,2.3986877133483513,0,17.5,0,2.8297375426696703
nominal,155,none,65,65,78,70,0,8,8,0,0.0,0,25.5,0,10.55
nominal,155,open_loop,65,65,78,73,0,5,5,6,0.8533739059724342,0,22.5,0,7.720674781194487
nominal,155,feedback,65,65,78,76,0,2,2,12,2.5601217179173026,0,20.5,0,5.162024343583461
nominal,156,none,52,52,61,59,0,2,2,0,0.0,0,28.5,0,4.85
nominal,156,open_loop,52,52,61,61,0,0,0,6,0.8533739059724342,0,30.5,0,3.5206747811944874
nominal,156,feedback,52,52,61,61,0,0,0,24,4.711773296937967,0,15.5,0,3.6923546593875933
nominal,157,none,79,75,75,64,4,11,15,0,0.0,0,41.5,0,19.15
nominal,157,open_loop,79,78,75,67,1,8,9,6,0.8533739059724342,0,41.5,0,13.620674781194488
nominal,157,feedback,79,79,75,75,0,0,0,48,8.236148342189844,0,8.5,0,4.897229668437969
nominal,158,none,54,54,75,71,0,4,4,0,0.0,0,23.5,0,6.35
nominal,158,open_loop,54,54,75,74,0,1,1,6,0.8533739059724342,0,26.5,0,4.120674781194487
nominal,158,feedback,54,54,75,74,0,1,1,6,0.8533739059724342,0,26.5,0,4.120674781194487
nominal,159,none,72,72,75,68,0,7,7,0,0.0,0,34.5,0,10.45
nominal,159,open_loop,72,72,75,71,0,4,4,6,0.8533739059724342,0,32.5,0,7.720674781194487
nominal,159,feedback,72,72,75,75,0,0,0,36,6.418521108882835,0,9.5,0,4.033704221776567
nominal,160,none,76,76,68,63,0,5,5,0,0.0,0,41.5,0,9.15
nominal,160,open_loop,76,76,68,66,0,2,2,6,0.8533739059724342,0,38.5,0,6.320674781194487
nominal,160,feedback,76,76,68,68,0,0,0,38,9.670582728203621,0,14.5,6,5.284116545640725
nominal,161,none,55,55,63,59,0,4,4,0,0.0,0,31.5,0,7.15
nominal,161,open_loop,55,55,63,62,0,1,1,6,0.8533739059724342,0,34.5,0,4.920674781194487
nominal,161,feedback,55,55,63,63,0,0,0,26,3.2773389109241906,0,19.5,0,3.9054677821848385
nominal,162,none,61,61,73,67,0,6,6,0,0.0,0,22.5,0,8.25
nominal,162,open_loop,61,61,73,69,0,4,4,6,0.8533739059724342,0,23.5,0,6.820674781194487
nominal,162,feedback,61,61,73,72,0,1,1,16,1.681470520341463,0,18.5,0,3.9862941040682927
nominal,163,none,66,66,83,74,0,9,9,0,0.0,0,27.5,0,11.75
nominal,163,open_loop,66,66,83,77,0,6,6,6,0.8533739059724342,0,24.5,0,8.920674781194487
nominal,163,feedback,66,66,83,83,0,0,0,22,4.266869529862171,0,23.5,0,4.3033739059724345
nominal,164,none,50,50,77,67,0,10,10,0,0.0,0,23.5,0,12.35
nominal,164,open_loop,50,50,77,70,0,7,7,6,0.8533739059724342,0,26.5,0,10.120674781194488
nominal,164,feedback,50,50,77,70,0,7,7,6,0.8533739059724342,0,26.5,0,10.120674781194488
nominal,165,none,62,62,78,78,0,0,0,0,0.0,0,27.5,0,2.75
nominal,165,open_loop,62,62,78,78,0,0,0,6,0.8533739059724342,0,22.5,0,2.7206747811944867
nominal,165,feedback,62,62,78,78,0,0,0,10,4.1054355252932195,0,22.5,0,3.571087105058644
nominal,166,none,59,59,65,65,0,0,0,0,0.0,0,13.5,0,1.35
nominal,166,open_loop,59,59,65,65,0,0,0,6,0.8533739059724342,0,12.5,0,1.720674781194487
nominal,166,feedback,59,59,65,65,0,0,0,16,3.2773389109241906,0,12.5,0,2.7054677821848383
nominal,167,none,59,59,76,70,0,6,6,0,0.0,0,20.5,0,8.05
nominal,167,open_loop,59,59,76,73,0,3,3,6,0.8533739059724342,0,20.5,0,5.5206747811944865
nominal,167,feedback,59,59,76,76,0,0,0,26,4.1054355252932195,0,23.5,0,4.471087105058643
nominal,168,none,58,58,83,69,0,14,14,0,0.0,0,26.5,0,16.65
nominal,168,open_loop,58,58,83,72,0,11,11,6,0.8533739059724342,0,23.5,0,13.820674781194487
nominal,168,feedback,58,58,83,73,0,10,10,8,0.8533739059724342,0,22.5,0,12.820674781194487
nominal,169,none,63,63,80,71,0,9,9,0,0.0,0,22.5,0,11.25
nominal,169,open_loop,63,63,80,74,0,6,6,6,0.8533739059724342,0,20.5,0,8.520674781194487
nominal,169,feedback,63,63,80,80,0,0,0,26,6.529400530244976,0,23.5,0,4.955880106048996
nominal,170,none,64,64,86,67,0,19,19,0,0.0,0,25.5,0,21.55
nominal,170,open_loop,64,64,86,70,0,16,16,6,0.8533739059724342,0,23.5,0,18.82067478119449
nominal,170,feedback,64,64,86,73,0,13,13,12,1.681470520341463,0,22.5,0,16.186294104068292
nominal,171,none,51,51,76,68,0,8,8,0,0.0,0,23.5,0,10.35
nominal,171,open_loop,51,51,76,71,0,5,5,6,0.8533739059724342,0,26.5,0,8.120674781194488
nominal,171,feedback,51,51,76,72,0,4,4,8,0.8533739059724342,0,27.5,0,7.320674781194487
nominal,172,none,55,55,90,71,0,19,19,0,0.0,0,22.5,0,21.25
nominal,172,open_loop,55,55,90,74,0,16,16,6,0.8533739059724342,0,25.5,0,19.02067478119449
nominal,172,feedback,55,55,90,75,0,15,15,8,0.8533739059724342,0,26.5,0,18.22067478119449
nominal,173,none,73,73,71,60,0,11,11,0,0.0,0,43.5,0,15.350000000000001
nominal,173,open_loop,73,73,71,63,0,8,8,6,0.8533739059724342,0,40.5,0,12.520674781194487
nominal,173,feedback,73,73,71,71,0,0,0,42,8.099991629224299,0,12.5,0,4.96999832584486
nominal,174,none,65,65,77,71,0,6,6,0,0.0,0,29.5,0,8.95
nominal,174,open_loop,65,65,77,74,0,3,3,6,0.8533739059724342,0,26.5,0,6.120674781194487
nominal,174,feedback,65,65,77,77,0,0,0,17,4.266869529862171,0,21.5,3,3.8533739059724343
nominal,175,none,59,59,86,71,0,15,15,0,0.0,0,25.5,0,17.55
nominal,175,open_loop,59,59,86,74,0,12,12,6,0.8533739059724342,0,22.5,0,14.720674781194488
nominal,175,feedback,59,59,86,76,0,10,10,10,3.994556103931079,0,23.5,0,13.648911220786216
nominal,176,none,61,57,69,64,4,5,9,0,0.0,0,34.5,0,12.45
nominal,176,open_loop,61,60,69,67,1,2,3,6,0.8533739059724342,0,34.5,0,6.920674781194487
nominal,176,feedback,61,61,69,69,0,0,0,28,5.9736173418070395,0,15.5,0,4.144723468361408
nominal,177,none,60,60,77,68,0,9,9,0,0.0,0,25.5,0,11.55
nominal,177,open_loop,60,60,77,71,0,6,6,6,0.8533739059724342,0,22.5,0,8.720674781194486
nominal,177,feedback,60,60,77,71,0,6,6,10,1.7067478119448685,0,22.5,4,9.091349562388974
nominal,178,none,65,65,75,71,0,4,4,0,0.0,0,29.5,0,6.95
nominal,178,open_loop,65,65,75,74,0,1,1,6,0.8533739059724342,0,26.5,0,4.120674781194487
nominal,178,feedback,65,65,75,75,0,0,0,18,4.1054355252932195,0,23.5,0,4.071087105058644
nominal,179,none,59,59,77,70,0,7,7,0,0.0,0,22.5,0,9.25
nominal,179,open_loop,59,59,77,73,0,4,4,6,0.8533739059724342,0,25.5,0,7.0206747811944865
nominal,179,feedback,59,59,77,75,0,2,2,10,4.822652718300108,0,22.5,0,5.714530543660022
nominal,180,none,54,54,86,78,0,8,8,0,0.0,0,30.5,0,11.05
nominal,180,open_loop,54,54,86,81,0,5,5,6,0.8533739059724342,0,33.5,0,8.820674781194487
nominal,180,feedback,54,54,86,78,0,8,8,0,0.0,0,30.5,0,11.05
nominal,181,none,69,65,65,65,4,0,4,0,0.0,0,25.5,0,6.550000000000001
nominal,181,open_loop,69,68,65,65,1,0,1,6,0.8533739059724342,0,22.5,0,3.7206747811944867
nominal,181,feedback,69,69,65,65,0,0,0,26,4.266869529862171,0,3.5,0,2.5033739059724343
nominal,182,none,79,78,89,70,1,19,20,0,0.0,0,36.5,0,23.65
nominal,182,open_loop,79,79,89,73,0,16,16,6,0.8533739059724342,0,34.5,0,19.92067478119449
nominal,182,feedback,79,79,89,84,0,5,5,35,6.640279951607117,0,19.5,3,10.028055990321423
nominal,183,none,67,67,66,66,0,0,0,0,0.0,0,40.5,0,4.05
nominal,183,open_loop,67,67,66,66,0,0,0,5,0.8533739059724342,1,40.5,1,4.470674781194487
nominal,183,feedback,67,67,66,66,0,0,0,28,10.994137692855258,0,14.5,2,5.048827538571052
nominal,184,none,61,61,75,69,0,6,6,0,0.0,0,23.5,0,8.35
nominal,184,open_loop,61,61,75,72,0,3,3,6,0.8533739059724342,0,26.5,0,6.120674781194487
nominal,184,feedback,61,61,75,71,0,4,4,20,6.3679665256760245,0,17.5,0,8.023593305135204
nominal,185,none,55,55,80,73,0,7,7,0,0.0,0,33.5,0,10.35
nominal,185,open_loop,55,55,80,75,0,5,5,5,0.8533739059724342,1,33.5,1,8.770674781194487
nominal,185,feedback,55,55,80,75,0,5,5,5,0.8533739059724342,0,35.5,5,8.970674781194488
nominal,186,none,56,56,95,77,0,18,18,0,0.0,0,27.5,0,20.75
nominal,186,open_loop,56,56,95,77,0,18,18,6,0.8533739059724342,0,27.5,0,21.22067478119449
nominal,186,feedback,56,56,95,86,0,9,9,18,1.5705910989793224,0,36.5,0,13.864118219795865
nominal,187,none,57,57,74,66,0,8,8,0,0.0,0,24.5,0,10.45
nominal,187,open_loop,57,57,74,69,0,5,5,6,0.8533739059724342,0,21.5,0,7.620674781194486
nominal,187,feedback,57,57,74,66,0,8,8,6,3.2520616193207856,0,21.5,0,11.100412323864159
nominal,188,none,55,55,76,65,0,11,11,0,0.0,0,29.5,0,13.95
nominal,188,open_loop,55,55,76,68,0,8,8,6,0.8533739059724342,0,26.5,0,11.120674781194488
nominal,188,feedback,55,55,76,74,0,2,2,18,5.120243435834605,0,25.5,0,6.4740486871669205
nominal,189,none,54,54,79,68,0,11,11,0,0.0,0,20.5,0,13.05
nominal,189,open_loop,54,54,79,71,0,8,8,6,0.8533739059724342,0,23.5,0,10.820674781194487
nominal,189,feedback,54,54,79,68,0,11,11,0,0.0,0,20.5,0,13.05
nominal,190,none,63,63,91,82,0,9,9,0,0.0,0,25.5,0,11.55
nominal,190,open_loop,63,63,91,85,0,6,6,6,0.8533739059724342,0,28.5,0,9.320674781194487
nominal,190,feedback,63,63,91,89,0,2,2,14,2.5601217179173026,0,32.5,0,6.462024343583461
nominal,191,none,77,77,77,73,0,4,4,0,0.0,0,34.5,0,7.45
nominal,191,open_loop,77,77,77,76,0,1,1,6,0.8533739059724342,0,31.5,0,4.620674781194487
nominal,191,feedback,77,77,77,77,0,0,0,24,3.3882183322863315,0,14.5,0,3.327643666457267
nominal,192,none,62,61,67,62,1,5,6,0,0.0,0,29.5,0,8.95
nominal,192,open_loop,62,62,67,65,0,2,2,6,0.8533739059724342,0,27.5,0,5.220674781194487
nominal,192,feedback,62,62,67,67,0,0,0,32,6.690834534813927,0,11.5,0,4.088166906962786
nominal,193,none,60,60,90,70,0,20,20,0,0.0,0,25.5,0,22.55
nominal,193,open_loop,60,60,90,70,0,20,20,6,0.8533739059724342,0,25.5,0,23.02067478119449
nominal,193,feedback,60,60,90,73,0,17,17,6,3.1411821979586447,0,22.5,0,20.17823643959173
nominal,194,none,73,73,79,77,0,2,2,0,0.0,0,25.5,0,4.550000000000001
nominal,194,open_loop,73,73,79,79,0,0,0,6,0.8533739059724342,0,21.5,0,2.620674781194487
nominal,194,feedback,73,73,79,79,0,0,0,22,3.3882183322863315,0,13.5,0,3.1276436664572667
nominal,195,none,59,59,67,67,0,0,0,0,0.0,0,25.5,0,2.5500000000000003
nominal,195,open_loop,59,59,67,65,0,2,2,5,0.8533739059724342,1,23.5,1,4.7706747811944865
nominal,195,feedback,59,59,67,65,0,2,2,12,1.681470520341463,0,17.5,0,4.686294104068293
nominal,196,none,63,63,66,60,0,6,6,0,0.0,0,33.5,0,9.35
nominal,196,open_loop,63,63,66,63,0,3,3,6,0.8533739059724342,0,31.5,0,6.620674781194487
nominal,196,feedback,63,63,66,66,0,0,0,30,8.074714337620893,0,16.5,0,4.764942867524179
nominal,197,none,61,61,97,79,0,18,18,0,0.0,0,33.5,0,21.35
nominal,197,open_loop,61,61,97,82,0,15,15,6,0.8533739059724342,0,30.5,0,18.520674781194487
nominal,197,feedback,61,61,97,85,0,12,12,12,4.1054355252932195,0,30.5,0,16.471087105058643
nominal,198,none,71,71,67,65,0,2,2,0,0.0,0,36.5,0,5.65
nominal,198,open_loop,71,71,67,65,0,2,2,6,0.8533739059724342,0,34.5,0,5.920674781194487
nominal,198,feedback,71,71,67,67,0,0,0,28,9.534426015238076,0,10.5,0,4.356885203047615
nominal,199,none,66,66,79,61,0,18,18,0,0.0,0,35.5,0,21.55
nominal,199,open_loop,66,66,79,64,0,15,15,6,0.8533739059724342,0,32.5,0,18.72067478119449
nominal,199,feedback,66,66,79,79,0,0,0,38,7.357497144614005,0,23.5,8,5.721499428922801
nominal,200,none,61,61,84,74,0,10,10,0,0.0,0,22.5,0,12.25
nominal,200,open_loop,61,61,84,77,0,7,7,6,0.8533739059724342,0,22.5,0,9.720674781194486
nominal,200,feedback,61,61,84,80,0,4,4,12,2.5601217179173026,0,25.5,0,7.662024343583461
nominal,201,none,51,51,57,57,0,0,0,0,0.0,0,12.5,0,1.25
nominal,201,open_loop,51,51,57,57,0,0,0,6,0.8533739059724342,0,12.5,0,1.720674781194487
nominal,201,feedback,51,51,57,57,0,0,0,20,3.2773389109241906,0,15.5,0,3.2054677821848383
nominal,202,none,73,73,77,68,0,9,9,0,0.0,0,35.5,0,12.55
nominal,202,open_loop,73,73,77,71,0,6,6,6,0.8533739059724342,0,32.5,0,9.720674781194486
nominal,202,feedback,73,73,77,77,0,0,0,27,8.185593758983034,0,22.5,5,5.237118751796607
nominal,203,none,47,47,63,58,0,5,5,0,0.0,0,32.5,0,8.25
nominal,203,open_loop,47,47,63,61,0,2,2,6,0.8533739059724342,0,29.5,0,5.420674781194487
nominal,203,feedback,47,47,63,63,0,0,0,12,3.413495623889737,0,25.5,0,3.832699124777948
nominal,204,none,54,54,76,65,0,11,11,0,0.0,0,24.5,0,13.45
nominal,204,open_loop,54,54,76,68,0,8,8,6,0.8533739059724342,0,21.5,0,10.620674781194488
nominal,204,feedback,54,54,76,71,0,5,5,12,3.3882183322863315,0,24.5,0,8.727643666457265
nominal,205,none,49,49,77,65,0,12,12,0,0.0,0,25.5,0,14.55
nominal,205,open_loop,49,49,77,67,0,10,10,5,0.8533739059724342,1,27.5,1,13.170674781194487
nominal,205,feedback,49,49,77,65,0,12,12,0,0.0,0,25.5,0,14.55
nominal,206,none,63,63,80,68,0,12,12,0,0.0,0,26.5,0,14.65
nominal,206,open_loop,63,63,80,71,0,9,9,6,0.8533739059724342,0,23.5,0,11.820674781194487
nominal,206,feedback,63,63,80,80,0,0,0,24,2.5601217179173026,0,23.5,0,4.062024343583461
nominal,207,none,61,61,81,70,0,11,11,0,0.0,0,22.5,0,13.25
nominal,207,open_loop,61,61,81,73,0,8,8,6,0.8533739059724342,0,25.5,0,11.020674781194488
nominal,207,feedback,61,61,81,72,0,9,9,10,1.681470520341463,0,18.5,0,11.686294104068292
nominal,208,none,73,73,82,72,0,10,10,0,0.0,0,31.5,0,13.15
nominal,208,open_loop,73,73,82,75,0,7,7,6,0.8533739059724342,0,28.5,0,10.320674781194487
nominal,208,feedback,73,73,82,82,0,0,0,28,6.665557243210522,0,20.5,0,4.783111448642105
nominal,209,none,71,71,96,86,0,10,10,0,0.0,0,21.5,0,12.15
nominal,209,open_loop,71,71,96,89,0,7,7,6,0.8533739059724342,0,24.5,0,9.920674781194487
nominal,209,feedback,71,71,96,89,0,7,7,12,3.252061619320785,0,24.5,0,10.700412323864157
nominal,210,none,69,69,89,73,0,16,16,0,0.0,0,26.5,0,18.65
nominal,210,open_loop,69,69,89,76,0,13,13,6,0.8533739059724342,0,26.5,0,16.120674781194488
nominal,210,feedback,69,69,89,82,0,7,7,28,3.3882183322863315,0,22.5,0,11.327643666457266
nominal,211,none,60,60,79,68,0,11,11,0,0.0,0,23.5,0,13.35
nominal,211,open_loop,60,60,79,71,0,8,8,6,0.8533739059724342,0,20.5,0,10.520674781194488
nominal,211,feedback,60,60,79,76,0,3,3,16,4.21631494665536,0,23.5,0,6.993262989331072
nominal,212,none,72,69,78,62,3,16,19,0,0.0,0,37.5,0,22.75
nominal,212,open_loop,72,72,78,65,0,13,13,6,0.8533739059724342,0,37.5,0,17.22067478119449
nominal,212,feedback,72,72,78,78,0,0,0,52,8.842486113834592,0,12.5,0,5.618497222766919
nominal,213,none,66,66,84,72,0,12,12,0,0.0,0,29.5,0,14.95
nominal,213,open_loop,66,66,84,75,0,9,9,6,0.8533739059724342,0,26.5,0,12.120674781194488
nominal,213,feedback,66,66,84,76,0,8,8,8,0.8533739059724342,0,25.5,0,11.120674781194488
nominal,214,none,63,63,69,68,0,1,1,0,0.0,0,26.5,0,3.6500000000000004
nominal,214,open_loop,63,63,69,69,0,0,0,6,0.8533739059724342,0,21.5,0,2.620674781194487
nominal,214,feedback,63,63,69,69,0,0,0,30,4.984086722869059,0,12.5,0,3.7468173445738118
nominal,215,none,80,80,82,73,0,9,9,0,0.0,0,37.5,0,12.75
nominal,215,open_loop,80,80,82,76,0,6,6,6,0.8533739059724342,0,34.5,0,9.920674781194487
nominal,215,feedback,80,80,82,82,0,0,0,34,7.989112207862158,0,15.5,0,4.847822441572432
nominal,216,none,67,67,64,64,0,0,0,0,0.0,0,33.5,0,3.35
nominal,216,open_loop,67,67,64,64,0,0,0,6,0.8533739059724342,0,27.5,0,3.2206747811944867
nominal,216,feedback,67,67,64,64,0,0,0,24,6.529400530244976,0,9.5,0,3.455880106048996
nominal,217,none,62,62,76,76,0,0,0,0,0.0,0,20.5,0,2.0500000000000003
nominal,217,open_loop,62,62,76,76,0,0,0,6,0.8533739059724342,0,20.5,0,2.5206747811944874
nominal,217,feedback,62,62,76,76,0,0,0,20,4.1054355252932195,0,20.5,0,3.871087105058644
nominal,218,none,64,64,75,67,0,8,8,0,0.0,0,30.5,0,11.05
nominal,218,open_loop,64,64,75,70,0,5,5,6,0.8533739059724342,0,33.5,0,8.820674781194487
nominal,218,feedback,64,64,75,75,0,0,0,22,9.423546593875935,0,17.5,0,4.734709318775187
nominal,219,none,68,68,80,68,0,12,12,0,0.0,0,30.5,0,15.05
nominal,219,open_loop,68,68,80,71,0,9,9,6,0.8533739059724342,0,27.5,0,12.220674781194488
nominal,219,feedback,68,68,80,80,0,0,0,32,6.529400530244976,0,19.5,0,4.855880106048995
nominal,220,none,53,53,81,70,0,11,11,0,0.0,0,24.5,0,13.45
nominal,220,open_loop,53,53,81,73,0,8,8,6,0.8533739059724342,0,26.5,0,11.120674781194488
nominal,220,feedback,53,53,81,75,0,6,6,10,0.8533739059724342,0,28.5,0,9.520674781194487
nominal,221,none,51,51,78,70,0,8,8,0,0.0,0,25.5,0,10.55
nominal,221,open_loop,51,51,78,73,0,5,5,6,0.8533739059724342,0,28.5,0,8.320674781194487
nominal,221,feedback,51,51,78,75,0,3,3,10,0.8533739059724342,0,30.5,0,6.720674781194488
nominal,222,none,56,56,88,79,0,9,9,0,0.0,0,30.5,0,12.05
nominal,222,open_loop,56,56,88,82,0,6,6,6,0.8533739059724342,0,32.5,0,9.720674781194486
nominal,222,feedback,56,56,88,84,0,4,4,10,0.8533739059724342,0,34.5,0,8.120674781194488
nominal,223,none,54,54,78,68,0,10,10,0,0.0,0,27.5,0,12.75
nominal,223,open_loop,54,54,78,69,0,9,9,6,0.8533739059724342,0,28.5,0,12.320674781194487
nominal,223,feedback,54,54,78,72,0,6,6,8,3.1411821979586447,0,24.5,0,9.47823643959173
nominal,224,none,66,66,85,67,0,18,18,0,0.0,0,29.5,0,20.95
nominal,224,open_loop,66,66,85,70,0,15,15,6,0.8533739059724342,0,26.5,0,18.120674781194488
nominal,224,feedback,66,66,85,77,0,8,8,20,6.529400530244976,0,20.5,0,12.355880106048996
nominal,225,none,67,67,73,62,0,11,11,0,0.0,0,36.5,0,14.65
nominal,225,open_loop,67,67,73,65,0,8,8,6,0.8533739059724342,0,39.5,0,12.420674781194489
nominal,225,feedback,67,67,73,73,0,0,0,34,7.989112207862158,0,17.5,0,5.047822441572432
nominal,226,none,72,72,70,62,0,8,8,0,0.0,0,40.5,0,12.05
nominal,226,open_loop,72,72,70,65,0,5,5,6,0.8533739059724342,0,38.5,0,9.320674781194487
nominal,226,feedback,72,72,70,70,0,0,0,36,8.791931530627782,0,15.5,0,5.108386306125556
nominal,227,none,60,60,69,69,0,0,0,0,0.0,0,22.5,0,2.25
nominal,227,open_loop,60,60,69,69,0,0,0,6,0.8533739059724342,0,16.5,0,2.120674781194487
nominal,227,feedback,60,60,69,69,0,0,0,8,0.8533739059724342,0,15.5,0,2.120674781194487
nominal,228,none,57,57,85,76,0,9,9,0,0.0,0,25.5,0,11.55
nominal,228,open_loop,57,57,85,79,0,6,6,6,0.8533739059724342,0,28.5,0,9.320674781194487
nominal,228,feedback,57,57,85,78,0,7,7,4,0.8533739059724342,0,27.5,0,10.120674781194488
nominal,229,none,55,55,68,68,0,0,0,0,0.0,0,30.5,0,3.0500000000000003
nominal,229,open_loop,55,55,68,68,0,0,0,6,0.8533739059724342,0,24.5,0,2.920674781194487
nominal,229,feedback,55,55,68,68,0,0,0,14,2.5601217179173026,0,19.5,0,3.162024343583461
nominal,230,none,48,48,91,74,0,17,17,0,0.0,0,32.5,0,20.25
nominal,230,open_loop,48,48,91,77,0,14,14,6,0.8533739059724342,0,35.5,0,18.020674781194487
nominal,230,feedback,48,48,91,78,0,13,13,8,0.8533739059724342,0,36.5,0,17.22067478119449
nominal,231,none,60,60,75,65,0,10,10,0,0.0,0,28.5,0,12.85
nominal,231,open_loop,60,60,75,68,0,7,7,6,0.8533739059724342,0,31.5,0,10.620674781194488
nominal,231,feedback,60,60,75,74,0,1,1,32,9.670582728203621,0,21.5,2,6.684116545640725
nominal,232,none,70,70,73,70,0,3,3,0,0.0,0,30.5,0,6.050000000000001
nominal,232,open_loop,70,70,73,73,0,0,0,6,0.8533739059724342,0,27.5,0,3.2206747811944867
nominal,232,feedback,70,70,73,73,0,0,0,16,4.266869529862171,0,23.5,6,4.003373905972435
nominal,233,none,70,70,88,71,0,17,17,0,0.0,0,29.5,0,19.95
nominal,233,open_loop,70,70,88,74,0,14,14,6,0.8533739059724342,0,31.5,0,17.620674781194488
nominal,233,feedback,70,70,88,83,0,5,5,24,6.3679665256760245,0,20.5,0,9.523593305135206
nominal,234,none,60,60,71,67,0,4,4,0,0.0,0,32.5,0,7.25
nominal,234,open_loop,60,60,71,70,0,1,1,6,0.8533739059724342,0,35.5,0,5.020674781194487
nominal,234,feedback,60,60,71,71,0,0,0,18,4.711773296937967,0,18.5,0,3.6923546593875933
nominal,235,none,61,61,69,54,0,15,15,0,0.0,0,35.5,0,18.55
nominal,235,open_loop,61,61,69,57,0,12,12,6,0.8533739059724342,0,32.5,0,15.720674781194488
nominal,235,feedback,61,61,69,68,0,1,1,30,8.210871050586439,0,20.5,0,6.1921742101172885
nominal,236,none,50,50,71,71,0,0,0,0,0.0,0,28.5,0,2.85
nominal,236,open_loop,50,50,71,68,0,3,3,6,0.8533739059724342,0,25.5,0,6.0206747811944865
nominal,236,feedback,50,50,71,69,0,2,2,4,0.8533739059724342,0,26.5,0,5.020674781194487
nominal,237,none,69,68,86,73,1,13,14,0,0.0,0,26.5,0,16.65
nominal,237,open_loop,69,69,86,76,0,10,10,6,0.8533739059724342,0,24.5,0,12.920674781194489
nominal,237,feedback,69,69,86,82,0,4,4,18,3.413495623889737,0,19.5,0,7.532699124777948
nominal,238,none,75,72,83,67,3,16,19,0,0.0,0,35.5,0,22.55
nominal,238,open_loop,75,75,83,70,0,13,13,6,0.8533739059724342,0,35.5,0,17.020674781194487
nominal,238,feedback,75,75,83,83,0,0,0,46,8.236148342189844,0,19.5,0,5.897229668437969
nominal,239,none,70,69,85,73,1,12,13,0,0.0,0,26.5,0,15.65
nominal,239,open_loop,70,70,85,76,0,9,9,6,0.8533739059724342,0,24.5,0,11.920674781194489
nominal,239,feedback,70,70,85,82,0,3,3,18,2.5601217179173026,0,19.5,0,6.36202434358346
nominal,240,none,64,64,69,69,0,0,0,0,0.0,0,21.5,0,2.15
nominal,240,open_loop,64,64,69,69,0,0,0,6,0.8533739059724342,0,15.5,0,2.020674781194487
nominal,240,feedback,64,64,69,69,0,0,0,10,4.1054355252932195,0,12.5,0,2.571087105058644
nominal,241,none,60,60,76,74,0,2,2,0,0.0,0,35.5,0,5.550000000000001
nominal,241,open_loop,60,60,76,75,0,1,1,6,0.8533739059724342,0,30.5,0,4.520674781194487
nominal,241,feedback,60,60,76,75,0,1,1,22,4.1054355252932195,0,21.5,0,5.071087105058644
nominal,242,none,66,66,69,67,0,2,2,0,0.0,0,30.5,0,5.050000000000001
nominal,242,open_loop,66,66,69,66,0,3,3,6,0.8533739059724342,0,29.5,0,6.420674781194487
nominal,242,feedback,66,66,69,69,0,0,0,20,6.2823643959172895,0,12.5,0,3.506472879183458
nominal,243,none,46,46,76,64,0,12,12,0,0.0,0,47.5,0,16.75
nominal,243,open_loop,46,46,76,67,0,9,9,6,0.8533739059724342,0,44.5,0,13.920674781194489
nominal,243,feedback,46,46,76,70,0,6,6,16,2.5601217179173026,0,37.5,0,11.06202434358346
nominal,244,none,51,51,84,71,0,13,13,0,0.0,0,31.5,0,16.15
nominal,244,open_loop,51,51,84,74,0,10,10,6,0.8533739059724342,0,29.5,0,13.420674781194489
nominal,244,feedback,51,51,84,75,0,9,9,8,0.8533739059724342,0,30.5,0,12.620674781194488
nominal,245,none,71,70,80,69,1,11,12,0,0.0,0,31.5,0,15.15
nominal,245,open_loop,71,71,80,72,0,8,8,6,0.8533739059724342,0,29.5,0,11.420674781194489
nominal,245,feedback,71,71,80,80,0,0,0,32,4.984086722869059,0,20.5,0,4.646817344573812
nominal,246,none,71,71,71,63,0,8,8,0,0.0,0,38.5,0,11.85
nominal,246,open_loop,71,71,71,66,0,5,5,6,0.8533739059724342,0,35.5,0,9.020674781194487
nominal,246,feedback,71,71,71,71,0,0,0,24,8.099991629224299,0,22.5,0,5.06999832584486
nominal,247,none,48,48,81,70,0,11,11,0,0.0,0,28.5,0,13.85
nominal,247,open_loop,48,48,81,73,0,8,8,6,0.8533739059724342,0,31.5,0,11.620674781194488
nominal,247,feedback,48,48,81,72,0,9,9,8,2.3986877133483513,0,30.5,0,12.929737542669672
nominal,248,none,73,73,78,62,0,16,16,0,0.0,0,41.5,0,20.15
nominal,248,open_loop,73,73,78,65,0,13,13,6,0.8533739059724342,0,38.5,0,17.320674781194487
nominal,248,feedback,73,73,78,77,0,1,1,36,9.559703306841481,0,28.5,8,7.561940661368297
nominal,249,none,63,63,64,56,0,8,8,0,0.0,0,37.5,0,11.75
nominal,249,open_loop,63,63,64,59,0,5,5,6,0.8533739059724342,0,34.5,0,8.920674781194487
nominal,249,feedback,63,63,64,64,0,0,0,38,10.49867934257265,0,19.5,8,5.94973586851453
nominal,250,none,70,70,74,71,0,3,3,0,0.0,0,29.5,0,5.95
nominal,250,open_loop,70,70,74,74,0,0,0,6,0.8533739059724342,0,29.5,0,3.420674781194487
nominal,250,feedback,70,70,74,74,0,0,0,34,6.418521108882835,0,10.5,0,4.033704221776567
nominal,251,none,65,62,79,62,3,17,20,0,0.0,0,29.5,0,22.95
nominal,251,open_loop,65,65,79,65,0,14,14,6,0.8533739059724342,0,29.5,0,17.42067478119449
nominal,251,feedback,65,65,79,68,0,11,11,23,4.21631494665536,0,24.5,3,15.443262989331071
nominal,252,none,61,61,77,75,0,2,2,0,0.0,0,20.5,0,4.050000000000001
nominal,252,open_loop,61,61,77,76,0,1,1,4,0.8533739059724342,2,21.5,2,3.5206747811944865
nominal,252,feedback,61,61,77,75,0,2,2,0,0.0,0,20.5,0,4.050000000000001
nominal,253,none,40,40,66,60,0,6,6,0,0.0,0,26.5,0,8.65
nominal,253,open_loop,40,40,66,63,0,3,3,6,0.8533739059724342,0,29.5,0,6.420674781194487
nominal,253,feedback,40,40,66,62,0,4,4,8,2.5095671347104918,0,28.5,0,7.7519134269420995
nominal,254,none,72,70,80,58,2,22,24,0,0.0,0,42.5,0,28.25
nominal,254,open_loop,72,70,80,61,2,19,21,6,0.8533739059724342,0,39.5,0,25.42067478119449
nominal,254,feedback,72,72,80,80,0,0,0,50,9.670582728203621,0,17.5,0,6.184116545640724
nominal,255,none,69,66,80,64,3,16,19,0,0.0,0,30.5,0,22.05
nominal,255,open_loop,69,69,80,67,0,13,13,6,0.8533739059724342,0,30.5,0,16.520674781194487
nominal,255,feedback,69,69,80,74,0,6,6,25,6.640279951607117,0,29.5,3,11.528055990321423
nominal,256,none,64,64,70,70,0,0,0,0,0.0,0,22.5,0,2.25
nominal,256,open_loop,64,64,70,70,0,0,0,6,0.8533739059724342,0,16.5,0,2.120674781194487
nominal,256,feedback,64,64,70,70,0,0,0,10,1.681470520341463,0,13.5,0,2.186294104068293
nominal,257,none,59,59,71,66,0,5,5,0,0.0,0,26.5,0,7.65
nominal,257,open_loop,59,59,71,69,0,2,2,6,0.8533739059724342,0,23.5,0,4.820674781194487
nominal,257,feedback,59,59,71,67,0,4,4,8,2.3986877133483513,0,22.5,0,7.1297375426696705
nominal,258,none,56,56,85,82,0,3,3,0,0.0,0,32.5,0,6.25
nominal,258,open_loop,56,56,85,84,0,1,1,6,0.8533739059724342,0,34.5,0,4.920674781194487
nominal,258,feedback,56,56,85,82,0,3,3,0,0.0,0,32.5,0,6.25
nominal,259,none,54,54,82,74,0,8,8,0,0.0,0,26.5,0,10.65
nominal,259,open_loop,54,54,82,77,0,5,5,6,0.8533739059724342,0,29.5,0,8.420674781194487
nominal,259,feedback,54,54,82,78,0,4,4,8,0.8533739059724342,0,30.5,0,7.620674781194488
nominal,260,none,79,75,61,59,4,2,6,0,0.0,0,46.5,0,10.65
nominal,260,open_loop,79,78,61,61,1,0,1,6,0.8533739059724342,0,45.5,0,6.0206747811944865
nominal,260,feedback,79,79,61,61,0,0,0,34,8.26142563379325,0,18.5,0,5.20228512675865
nominal,261,none,53,53,92,71,0,21,21,0,0.0,0,27.5,0,23.75
nominal,261,open_loop,53,53,92,74,0,18,18,6,0.8533739059724342,0,30.5,0,21.52067478119449
nominal,261,feedback,53,53,92,77,0,15,15,12,3.2773389109241906,0,30.5,0,19.305467782184838
nominal,262,none,67,67,75,63,0,12,12,0,0.0,0,32.5,0,15.25
nominal,262,open_loop,67,67,75,64,0,11,11,6,0.8533739059724342,0,31.5,0,14.620674781194488
nominal,262,feedback,67,67,75,75,0,0,0,26,9.534426015238076,0,18.5,0,5.0568852030476155
nominal,263,none,70,70,65,63,0,2,2,0,0.0,0,37.5,0,5.75
nominal,263,open_loop,70,70,65,65,0,0,0,6,0.8533739059724342,0,33.5,0,3.8206747811944872
nominal,263,feedback,70,70,65,65,0,0,0,36,4.984086722869059,0,8.5,0,3.646817344573812
nominal,264,none,69,69,84,74,0,10,10,0,0.0,0,25.5,0,12.55
nominal,264,open_loop,69,69,84,77,0,7,7,6,0.8533739059724342,0,22.5,0,9.720674781194486
nominal,264,feedback,69,69,84,79,0,5,5,16,3.2773389109241906,0,21.5,0,8.605467782184839
nominal,265,none,62,62,76,76,0,0,0,0,0.0,0,20.5,0,2.0500000000000003
nominal,265,open_loop,62,62,76,73,0,3,3,6,0.8533739059724342,0,17.5,0,5.220674781194487
nominal,265,feedback,62,62,76,76,0,0,0,12,1.681470520341463,0,20.5,0,2.986294104068293
nominal,266,none,53,53,77,74,0,3,3,0,0.0,0,27.5,0,5.75
nominal,266,open_loop,53,53,77,73,0,4,4,4,0.8533739059724342,2,26.5,2,7.020674781194487
nominal,266,feedback,53,53,77,74,0,3,3,0,0.0,0,27.5,0,5.75
nominal,267,none,53,53,69,61,0,8,8,0,0.0,0,27.5,0,10.75
nominal,267,open_loop,53,53,69,64,0,5,5,6,0.8533739059724342,0,24.5,0,7.920674781194487
nominal,267,feedback,53,53,69,69,0,0,0,20,2.5601217179173026,0,22.5,0,3.7620243435834606
nominal,268,none,66,66,91,73,0,18,18,0,0.0,0,23.5,0,20.35
nominal,268,open_loop,66,66,91,76,0,15,15,6,0.8533739059724342,0,23.5,0,17.820674781194487
nominal,268,feedback,66,66,91,85,0,6,6,28,8.125268920827704,0,26.5,4,11.675053784165542
nominal,269,none,73,73,75,67,0,8,8,0,0.0,0,36.5,0,11.65
nominal,269,open_loop,73,73,75,70,0,5,5,6,0.8533739059724342,0,33.5,0,8.820674781194487
nominal,269,feedback,73,73,75,75,0,0,0,42,7.963834916258753,0,8.5,0,4.5427669832517505
nominal,270,none,55,55,85,82,0,3,3,0,0.0,0,38.5,0,6.85
nominal,270,open_loop,55,55,85,83,0,2,2,6,0.8533739059724342,0,34.5,0,5.920674781194487
nominal,270,feedback,55,55,85,83,0,2,2,12,2.5601217179173026,0,34.5,0,6.562024343583461
nominal,271,none,59,59,77,68,0,9,9,0,0.0,0,26.5,0,11.65
nominal,271,open_loop,59,59,77,71,0,6,6,6,0.8533739059724342,0,23.5,0,8.820674781194487
nominal,271,feedback,59,59,77,73,0,4,4,10,2.5601217179173026,0,21.5,0,7.162024343583461
nominal,272,none,61,61,79,73,0,6,6,0,0.0,0,29.5,0,8.95
nominal,272,open_loop,61,61,79,76,0,3,3,6,0.8533739059724342,0,26.5,0,6.120674781194487
nominal,272,feedback,61,61,79,78,0,1,1,10,2.5601217179173026,0,24.5,0,4.462024343583461
nominal,273,none,62,62,78,69,0,9,9,0,0.0,0,13.5,0,10.35
nominal,273,open_loop,62,62,78,69,0,9,9,6,0.8533739059724342,0,13.5,0,10.820674781194487
nominal,273,feedback,62,62,78,69,0,9,9,6,1.5705910989793224,0,13.5,0,10.964118219795864
nominal,274,none,61,61,89,69,0,20,20,0,0.0,0,22.5,0,22.25
nominal,274,open_loop,61,61,89,72,0,17,17,6,0.8533739059724342,0,20.5,0,19.52067478119449
nominal,274,feedback,61,61,89,76,0,13,13,14,3.2773389109241906,0,21.5,0,16.505467782184837
nominal,275,none,68,68,82,75,0,7,7,0,0.0,0,26.5,0,9.65
nominal,275,open_loop,68,68,82,78,0,4,4,6,0.8533739059724342,0,23.5,0,6.820674781194487
nominal,275,feedback,68,68,82,82,0,0,0,22,4.266869529862171,0,20.5,0,4.003373905972435
nominal,276,none,71,71,79,71,0,8,8,0,0.0,0,30.5,0,11.05
nominal,276,open_loop,71,71,79,71,0,8,8,6,0.8533739059724342,0,30.5,0,11.520674781194488
nominal,276,feedback,71,71,79,78,0,1,1,14,4.822652718300107,0,23.5,0,5.014530543660022
nominal,277,none,75,74,67,67,1,0,1,0,0.0,0,27.5,0,3.75
nominal,277,open_loop,75,75,67,67,0,0,0,6,0.8533739059724342,0,22.5,0,2.7206747811944867
nominal,277,feedback,75,75,67,67,0,0,0,24,7.468376565976146,0,6.5,2,3.3436753131952295
nominal,278,none,48,48,83,71,0,12,12,0,0.0,0,40.5,0,16.05
nominal,278,open_loop,48,48,83,74,0,9,9,6,0.8533739059724342,0,37.5,0,13.220674781194488
nominal,278,feedback,48,48,83,78,0,5,5,14,2.5601217179173026,0,36.5,0,9.86202434358346
nominal,279,none,52,52,81,72,0,9,9,0,0.0,0,33.5,0,12.35
nominal,279,open_loop,52,52,81,73,0,8,8,6,0.8533739059724342,0,32.5,0,11.720674781194488
nominal,279,feedback,52,52,81,76,0,5,5,8,0.8533739059724342,0,30.5,0,8.620674781194488
nominal,280,none,64,64,89,74,0,15,15,0,0.0,0,19.5,0,16.95
nominal,280,open_loop,64,64,89,76,0,13,13,4,0.8533739059724342,2,21.5,2,15.520674781194487
nominal,280,feedback,64,64,89,80,0,9,9,12,1.5705910989793224,0,22.5,0,12.164118219795863
nominal,281,none,50,50,74,67,0,7,7,0,0.0,0,32.5,0,10.25
nominal,281,open_loop,50,50,74,70,0,4,4,6,0.8533739059724342,0,29.5,0,7.420674781194487
nominal,281,feedback,50,50,74,72,0,2,2,10,3.2773389109241906,0,33.5,0,6.505467782184838
nominal,282,none,67,67,82,72,0,10,10,0,0.0,0,25.5,0,12.55
nominal,282,open_loop,67,67,82,75,0,7,7,6,0.8533739059724342,0,22.5,0,9.720674781194486
nominal,282,feedback,67,67,82,81,0,1,1,26,3.3882183322863315,0,20.5,0,5.027643666457267
nominal,283,none,62,62,79,57,0,22,22,0,0.0,0,35.5,0,25.55
nominal,283,open_loop,62,62,79,60,0,19,19,6,0.8533739059724342,0,32.5,0,22.72067478119449
nominal,283,feedback,62,62,79,70,0,9,9,27,6.640279951607117,0,28.5,7,14.528055990321423
nominal,284,none,79,79,91,76,0,15,15,0,0.0,0,33.5,0,18.35
nominal,284,open_loop,79,79,91,79,0,12,12,6,0.8533739059724342,0,30.5,0,15.520674781194488
nominal,284,feedback,79,79,91,84,0,7,7,29,4.984086722869059,0,16.5,1,11.096817344573811
nominal,285,none,54,54,82,59,0,23,23,0,0.0,0,25.5,0,25.55
nominal,285,open_loop,54,54,82,61,0,21,21,5,0.8533739059724342,1,25.5,1,23.970674781194486
nominal,285,feedback,54,54,82,66,0,16,16,14,3.994556103931079,0,19.5,0,19.448911220786215
nominal,286,none,60,60,87,74,0,13,13,0,0.0,0,21.5,0,15.15
nominal,286,open_loop,60,60,87,75,0,12,12,6,0.8533739059724342,0,21.5,0,14.620674781194488
nominal,286,feedback,60,60,87,75,0,12,12,4,0.8533739059724342,0,21.5,0,14.520674781194487
nominal,287,none,79,78,85,85,1,0,1,0,0.0,0,32.5,0,4.25
nominal,287,open_loop,79,79,85,85,0,0,0,6,0.8533739059724342,0,27.5,0,3.2206747811944867
nominal,287,feedback,79,79,85,85,0,0,0,24,2.5601217179173026,0,12.5,0,2.962024343583461
nominal,288,none,63,63,88,76,0,12,12,0,0.0,0,30.5,0,15.05
nominal,288,open_loop,63,63,88,79,0,9,9,6,0.8533739059724342,0,27.5,0,12.220674781194488
nominal,288,feedback,63,63,88,83,0,5,5,30,4.9335321396622485,0,26.5,0,10.13670642793245
nominal,289,none,67,67,83,73,0,10,10,0,0.0,0,27.5,0,12.75
nominal,289,open_loop,67,67,83,76,0,7,7,6,0.8533739059724342,0,24.5,0,9.920674781194487
nominal,289,feedback,67,67,83,83,0,0,0,26,5.701303915875947,0,23.5,0,4.7902607831751896
nominal,290,none,66,66,74,65,0,9,9,0,0.0,0,31.5,0,12.15
nominal,290,open_loop,66,66,74,68,0,6,6,6,0.8533739059724342,0,28.5,0,9.320674781194487
nominal,290,feedback,66,66,74,74,0,0,0,27,6.529400530244976,0,18.5,5,4.505880106048995
nominal,291,none,55,55,75,69,0,6,6,0,0.0,0,20.5,0,8.05
nominal,291,open_loop,55,55,75,69,0,6,6,6,0.8533739059724342,0,20.5,0,8.520674781194487
nominal,291,feedback,55,55,75,69,0,6,6,15,2.5095671347104918,0,23.5,3,9.6019134269421
nominal,292,none,59,59,81,70,0,11,11,0,0.0,0,26.5,0,13.65
nominal,292,open_loop,59,59,81,73,0,8,8,6,0.8533739059724342,0,23.5,0,10.820674781194487
nominal,292,feedback,59,59,81,77,0,4,4,14,4.1054355252932195,0,24.5,0,7.971087105058644
nominal,293,none,65,65,93,78,0,15,15,0,0.0,0,28.5,0,17.85
nominal,293,open_loop,65,65,93,81,0,12,12,6,0.8533739059724342,0,25.5,0,15.020674781194488
nominal,293,feedback,65,65,93,87,0,6,6,18,3.3882183322863315,0,28.5,0,10.427643666457266
nominal,294,none,64,64,64,60,0,4,4,0,0.0,0,34.5,0,7.45
nominal,294,open_loop,64,64,64,63,0,1,1,6,0.8533739059724342,0,31.5,0,4.620674781194487
nominal,294,feedback,64,64,64,64,0,0,0,26,3.3882183322863315,0,12.5,0,3.2276436664572663
nominal,295,none,51,51,63,60,0,3,3,0,0.0,0,19.5,0,4.95
nominal,295,open_loop,51,51,63,61,0,2,2,3,0.8533739059724342,3,20.5,3,4.370674781194487
nominal,295,feedback,51,51,63,61,0,2,2,14,1.5705910989793224,0,17.5,0,4.764118219795865
nominal,296,none,58,58,73,63,0,10,10,0,0.0,0,25.5,0,12.55
nominal,296,open_loop,58,58,73,66,0,7,7,6,0.8533739059724342,0,22.5,0,9.720674781194486
nominal,296,feedback,58,58,73,72,0,1,1,17,5.701303915875947,0,23.5,3,5.340260783175189
nominal,297,none,58,58,75,75,0,0,0,0,0.0,0,28.5,0,2.85
nominal,297,open_loop,58,58,75,75,0,0,0,3,0.8533739059724342,3,28.5,3,3.170674781194487
nominal,297,feedback,58,58,75,75,0,0,0,10,1.5705910989793224,0,28.5,0,3.6641182197958644
nominal,298,none,54,54,84,76,0,8,8,0,0.0,0,37.5,0,11.75
nominal,298,open_loop,54,54,84,79,0,5,5,6,0.8533739059724342,0,34.5,0,8.920674781194487
nominal,298,feedback,54,54,84,82,0,2,2,12,2.5601217179173026,0,34.5,0,6.562024343583461
nominal,299,none,78,67,77,65,11,12,23,0,0.0,0,32.5,0,26.25
nominal,299,open_loop,78,70,77,68,8,9,17,6,0.8533739059724342,0,32.5,0,20.72067478119449
nominal,299,feedback,78,78,77,77,0,0,0,36,9.756184857962356,0,27.5,0,6.501236971592471
nominal,300,none,68,68,73,69,0,4,4,0,0.0,0,29.5,0,6.95
nominal,300,open_loop,68,68,73,72,0,1,1,6,0.8533739059724342,0,26.5,0,4.120674781194487
nominal,300,feedback,68,68,73,73,0,0,0,26,4.822652718300107,0,11.5,0,3.414530543660022
nominal,301,none,71,71,58,58,0,0,0,0,0.0,0,27.5,0,2.75
nominal,301,open_loop,71,71,58,58,0,0,0,6,0.8533739059724342,0,21.5,0,2.620674781194487
nominal,301,feedback,71,71,58,58,0,0,0,28,5.0949661442312,0,6.5,0,3.06899322884624
nominal,302,none,65,65,81,78,0,3,3,0,0.0,0,28.5,0,5.85
nominal,302,open_loop,65,65,81,79,0,2,2,6,0.8533739059724342,0,29.5,0,5.420674781194487
nominal,302,feedback,65,65,81,81,0,0,0,10,1.5705910989793224,0,22.5,0,3.0641182197958647
nominal,303,none,65,63,72,65,2,7,9,0,0.0,0,31.5,0,12.15
nominal,303,open_loop,65,65,72,68,0,4,4,6,0.8533739059724342,0,30.5,0,7.5206747811944865
nominal,303,feedback,65,65,72,71,0,1,1,22,4.266869529862171,0,17.5,0,4.703373905972434
nominal,304,none,50,50,66,66,0,0,0,0,0.0,0,22.5,0,2.25
nominal,304,open_loop,50,50,66,66,0,0,0,6,0.8533739059724342,0,22.5,0,2.7206747811944867
nominal,304,feedback,50,50,66,66,0,0,0,0,0.0,0,22.5,0,2.25
nominal,305,none,82,82,85,77,0,8,8,0,0.0,0,35.5,0,11.55
nominal,305,open_loop,82,82,85,80,0,5,5,6,0.8533739059724342,0,32.5,0,8.720674781194486
nominal,305,feedback,82,82,85,85,0,0,0,36,6.529400530244976,0,17.5,4,4.855880106048995
nominal,306,none,67,65,67,61,2,6,8,0,0.0,0,34.5,0,11.45
nominal,306,open_loop,67,67,67,64,0,3,3,6,0.8533739059724342,0,33.5,0,6.820674781194487
nominal,306,feedback,67,67,67,67,0,0,0,24,5.923062758600229,0,18.5,0,4.234612551720046
nominal,307,none,72,69,63,56,3,7,10,0,0.0,0,43.5,0,14.350000000000001
nominal,307,open_loop,72,69,63,59,3,4,7,6,0.8533739059724342,0,40.5,0,11.520674781194487
nominal,307,feedback,72,72,63,63,0,0,0,44,12.650330921593316,0,9.5,0,5.6800661843186635
nominal,308,none,72,69,71,67,3,4,7,0,0.0,0,32.5,0,10.25
nominal,308,open_loop,72,72,71,70,0,1,1,6,0.8533739059724342,0,32.5,0,4.720674781194487
nominal,308,feedback,72,72,71,71,0,0,0,30,6.665557243210522,0,9.5,0,3.7831114486421047
nominal,309,none,77,77,92,75,0,17,17,0,0.0,0,32.5,0,20.25
nominal,309,open_loop,77,77,92,78,0,14,14,6,0.8533739059724342,0,29.5,0,17.42067478119449
nominal,309,feedback,77,77,92,86,0,6,6,22,3.3882183322863315,0,21.5,0,9.927643666457266
nominal,310,none,63,63,76,64,0,12,12,0,0.0,0,29.5,0,14.95
nominal,310,open_loop,63,63,76,67,0,9,9,6,0.8533739059724342,0,26.5,0,12.120674781194488
nominal,310,feedback,63,63,76,76,0,0,0,24,4.822652718300107,0,20.5,0,4.214530543660022
nominal,311,none,71,71,77,72,0,5,5,0,0.0,0,27.5,0,7.75
nominal,311,open_loop,71,71,77,75,0,2,2,6,0.8533739059724342,0,27.5,0,5.220674781194487
nominal,311,feedback,71,71,77,77,0,0,0,40,6.640279951607117,0,12.5,0,4.578055990321424
nominal,312,none,61,61,81,69,0,12,12,0,0.0,0,22.5,0,14.25
nominal,312,open_loop,61,61,81,72,0,9,9,6,0.8533739059724342,0,20.5,0,11.520674781194488
nominal,312,feedback,61,61,81,77,0,4,4,16,3.3882183322863315,0,22.5,0,7.727643666457266
nominal,313,none,58,58,80,71,0,9,9,0,0.0,0,40.5,0,13.05
nominal,313,open_loop,58,58,80,74,0,6,6,6,0.8533739059724342,0,37.5,0,10.220674781194486
nominal,313,feedback,58,58,80,78,0,2,2,14,2.5601217179173026,0,33.5,0,6.562024343583461
nominal,314,none,52,52,67,61,0,6,6,0,0.0,0,28.5,0,8.85
nominal,314,open_loop,52,52,67,64,0,3,3,6,0.8533739059724342,0,31.5,0,6.620674781194487
nominal,314,feedback,52,52,67,67,0,0,0,14,3.252061619320785,0,26.5,0,4.000412323864158
nominal,315,none,70,69,63,63,1,0,1,0,0.0,0,36.5,0,4.65
nominal,315,open_loop,70,70,63,63,0,0,0,6,0.8533739059724342,0,31.5,0,3.620674781194487
nominal,315,feedback,70,70,63,63,0,0,0,33,7.408051727820816,0,8.5,3,3.9816103455641634
nominal,316,none,72,72,85,74,0,11,11,0,0.0,0,28.5,0,13.85
nominal,316,open_loop,72,72,85,77,0,8,8,6,0.8533739059724342,0,25.5,0,11.020674781194488
nominal,316,feedback,72,72,85,79,0,6,6,19,5.0949661442312,0,17.5,1,9.71899322884624
nominal,317,none,50,50,87,79,0,8,8,0,0.0,0,35.5,0,11.55
nominal,317,open_loop,50,50,87,80,0,7,7,5,0.8533739059724342,1,36.5,1,11.070674781194487
nominal,317,feedback,50,50,87,79,0,8,8,0,0.0,0,35.5,0,11.55
nominal,318,none,65,65,79,66,0,13,13,0,0.0,0,34.5,0,16.45
nominal,318,open_loop,65,65,79,69,0,10,10,6,0.8533739059724342,0,37.5,0,14.220674781194488
nominal,318,feedback,65,65,79,70,0,9,9,24,4.822652718300107,0,18.5,0,13.01453054366002
nominal,319,none,62,62,91,78,0,13,13,0,0.0,0,29.5,0,15.95
nominal,319,open_loop,62,62,91,81,0,10,10,6,0.8533739059724342,0,26.5,0,13.120674781194488
nominal,319,feedback,62,62,91,85,0,6,6,14,2.5601217179173026,0,29.5,0,10.162024343583461
nominal,320,none,57,57,83,65,0,18,18,0,0.0,0,22.5,0,20.25
nominal,320,open_loop,57,57,83,68,0,15,15,6,0.8533739059724342,0,19.5,0,17.42067478119449
nominal,320,feedback,57,57,83,77,0,6,6,24,2.5601217179173026,0,27.5,0,10.462024343583462
nominal,321,none,64,64,81,71,0,10,10,0,0.0,0,23.5,0,12.35
nominal,321,open_loop,64,64,81,74,0,7,7,6,0.8533739059724342,0,20.5,0,9.520674781194487
nominal,321,feedback,64,64,81,79,0,2,2,21,3.2773389109241906,0,21.5,1,5.855467782184838
nominal,322,none,57,57,81,64,0,17,17,0,0.0,0,26.5,0,19.65
nominal,322,open_loop,57,57,81,65,0,16,16,6,0.8533739059724342,0,27.5,0,19.22067478119449
nominal,322,feedback,57,57,81,78,0,3,3,28,7.135738301889724,0,27.5,0,8.577147660377946
nominal,323,none,57,57,71,70,0,1,1,0,0.0,0,32.5,0,4.25
nominal,323,open_loop,57,57,71,71,0,0,0,6,0.8533739059724342,0,27.5,0,3.2206747811944867
nominal,323,feedback,57,57,71,71,0,0,0,8,0.8533739059724342,0,25.5,0,3.120674781194487
nominal,324,none,66,66,69,67,0,2,2,0,0.0,0,25.5,0,4.550000000000001
nominal,324,open_loop,66,66,69,69,0,0,0,5,0.8533739059724342,1,23.5,1,2.770674781194487
nominal,324,feedback,66,66,69,69,0,0,0,30,7.963834916258753,0,9.5,0,4.0427669832517505
nominal,325,none,75,75,69,65,0,4,4,0,0.0,0,38.5,0,7.85
nominal,325,open_loop,75,75,69,68,0,1,1,6,0.8533739059724342,0,35.5,0,5.020674781194487
nominal,325,feedback,75,75,69,69,0,0,0,38,6.418521108882835,0,4.5,0,3.6337042217765676
nominal,326,none,63,63,76,72,0,4,4,0,0.0,0,26.5,0,6.65
nominal,326,open_loop,63,63,76,75,0,1,1,6,0.8533739059724342,0,23.5,0,3.8206747811944872
nominal,326,feedback,63,63,76,76,0,0,0,18,3.994556103931079,0,20.5,0,3.748911220786216
nominal,327,none,65,65,68,62,0,6,6,0,0.0,0,33.5,0,9.35
nominal,327,open_loop,65,65,68,65,0,3,3,6,0.8533739059724342,0,30.5,0,6.5206747811944865
nominal,327,feedback,65,65,68,68,0,0,0,34,6.640279951607117,0,16.5,0,4.678055990321424
nominal,328,none,40,40,67,61,0,6,6,0,0.0,0,27.5,0,8.75
nominal,328,open_loop,40,40,67,64,0,3,3,6,0.8533739059724342,0,30.5,0,6.5206747811944865
nominal,328,feedback,40,40,67,64,0,3,3,6,0.8533739059724342,0,30.5,0,6.5206747811944865
nominal,329,none,68,68,80,75,0,5,5,0,0.0,0,30.5,0,8.05
nominal,329,open_loop,68,68,80,78,0,2,2,6,0.8533739059724342,0,27.5,0,5.220674781194487
nominal,329,feedback,68,68,80,80,0,0,0,22,4.266869529862171,0,18.5,0,3.8033739059724345
nominal,330,none,74,73,63,55,1,8,9,0,0.0,0,46.5,0,13.65
nominal,330,open_loop,74,73,63,58,1,5,6,6,0.8533739059724342,0,43.5,0,10.820674781194487
nominal,330,feedback,74,74,63,63,0,0,0,46,9.670582728203621,0,16.5,6,5.884116545640725
nominal,331,none,67,67,82,78,0,4,4,0,0.0,0,32.5,0,7.25
nominal,331,open_loop,67,67,82,81,0,1,1,6,0.8533739059724342,0,29.5,0,4.420674781194487
nominal,331,feedback,67,67,82,82,0,0,0,20,3.3882183322863315,0,22.5,0,3.9276436664572665
nominal,332,none,57,57,90,72,0,18,18,0,0.0,0,22.5,0,20.25
nominal,332,open_loop,57,57,90,73,0,17,17,6,0.8533739059724342,0,23.5,0,19.82067478119449
nominal,332,feedback,57,57,90,73,0,17,17,6,0.8533739059724342,0,23.5,0,19.82067478119449
nominal,333,none,55,54,93,75,1,18,19,0,0.0,0,48.5,0,23.85
nominal,333,open_loop,55,55,93,78,0,15,15,6,0.8533739059724342,0,46.5,0,20.120674781194488
nominal,333,feedback,55,55,93,86,0,7,7,23,5.812183337238088,0,40.5,3,13.362436667447618
nominal,334,none,60,60,86,71,0,15,15,0,0.0,0,30.5,0,18.05
nominal,334,open_loop,60,60,86,74,0,12,12,6,0.8533739059724342,0,27.5,0,15.220674781194488
nominal,334,feedback,60,60,86,85,0,1,1,28,0.8533739059724342,0,31.5,0,5.720674781194488
nominal,335,none,49,49,66,62,0,4,4,0,0.0,0,22.5,0,6.25
nominal,335,open_loop,49,49,66,65,0,1,1,6,0.8533739059724342,0,22.5,0,3.7206747811944867
nominal,335,feedback,49,49,66,65,0,1,1,6,0.8533739059724342,0,22.5,0,3.7206747811944867
nominal,336,none,54,54,78,66,0,12,12,0,0.0,0,37.5,0,15.75
nominal,336,open_loop,54,54,78,69,0,9,9,6,0.8533739059724342,0,34.5,0,12.920674781194489
nominal,336,feedback,54,54,78,71,0,7,7,10,4.847930009903513,0,32.5,0,11.719586001980703
nominal,337,none,58,58,96,81,0,15,15,0,0.0,0,29.5,0,17.95
nominal,337,open_loop,58,58,96,84,0,12,12,6,0.8533739059724342,0,32.5,0,15.720674781194488
nominal,337,feedback,58,58,96,84,0,12,12,12,3.252061619320785,0,32.5,0,16.500412323864158
nominal,338,none,75,73,71,68,2,3,5,0,0.0,0,35.5,0,8.55
nominal,338,open_loop,75,75,71,71,0,0,0,6,0.8533739059724342,0,34.5,0,3.920674781194487
nominal,338,feedback,75,75,71,71,0,0,0,38,8.236148342189844,0,3.5,0,3.8972296684379693
nominal,339,none,68,65,61,59,3,2,5,0,0.0,0,36.5,0,8.65
nominal,339,open_loop,68,68,61,60,0,1,1,6,0.8533739059724342,0,34.5,0,4.920674781194487
nominal,339,feedback,68,68,61,60,0,1,1,34,5.812183337238088,0,6.5,0,4.512436667447618
nominal,340,none,68,68,72,64,0,8,8,0,0.0,0,34.5,0,11.45
nominal,340,open_loop,68,68,72,67,0,5,5,6,0.8533739059724342,0,31.5,0,8.620674781194488
nominal,340,feedback,68,68,72,72,0,0,0,44,8.125268920827704,0,10.5,0,4.875053784165541
nominal,341,none,69,67,84,74,2,10,12,0,0.0,0,32.5,0,15.25
nominal,341,open_loop,69,69,84,77,0,7,7,6,0.8533739059724342,0,31.5,0,10.620674781194488
nominal,341,feedback,69,69,84,84,0,0,0,24,2.5601217179173026,0,21.5,0,3.8620243435834607
nominal,342,none,62,62,80,67,0,13,13,0,0.0,0,25.5,0,15.55
nominal,342,open_loop,62,62,80,70,0,10,10,6,0.8533739059724342,0,22.5,0,12.720674781194488
nominal,342,feedback,62,62,80,76,0,4,4,18,6.589725368400306,0,20.5,0,8.267945073680062
nominal,343,none,63,63,84,64,0,20,20,0,0.0,0,27.5,0,22.75
nominal,343,open_loop,63,63,84,67,0,17,17,6,0.8533739059724342,0,24.5,0,19.92067478119449
nominal,343,feedback,63,63,84,76,0,8,8,24,4.822652718300107,0,22.5,0,12.414530543660021
nominal,344,none,64,63,70,70,1,0,1,0,0.0,0,34.5,0,4.45
nominal,344,open_loop,64,64,70,70,0,0,0,6,0.8533739059724342,0,29.5,0,3.420674781194487
nominal,344,feedback,64,64,70,70,0,0,0,20,5.044411561024389,0,15.5,0,3.5588823122048776
nominal,345,none,49,49,69,59,0,10,10,0,0.0,0,25.5,0,12.55
nominal,345,open_loop,49,49,69,62,0,7,7,6,0.8533739059724342,0,22.5,0,9.720674781194486
nominal,345,feedback,49,49,69,63,0,6,6,10,2.5601217179173026,0,20.5,0,9.062024343583461
nominal,346,none,57,57,81,69,0,12,12,0,0.0,0,29.5,0,14.95
nominal,346,open_loop,57,57,81,72,0,9,9,6,0.8533739059724342,0,32.5,0,12.720674781194488
nominal,346,feedback,57,57,81,75,0,6,6,14,4.711773296937967,0,24.5,0,10.092354659387594
nominal,347,none,66,66,60,60,0,0,0,0,0.0,0,35.5,0,3.5500000000000003
nominal,347,open_loop,66,66,60,60,0,0,0,6,0.8533739059724342,0,35.5,0,4.020674781194487
nominal,347,feedback,66,66,60,60,0,0,0,34,7.963834916258753,0,7.5,0,4.0427669832517505
nominal,348,none,55,55,69,65,0,4,4,0,0.0,0,33.5,0,7.35
nominal,348,open_loop,55,55,69,65,0,4,4,6,0.8533739059724342,0,27.5,0,7.220674781194487
nominal,348,feedback,55,55,69,65,0,4,4,18,2.5601217179173026,0,16.5,0,7.062024343583461
nominal,349,none,42,42,97,67,0,30,30,0,0.0,0,44.5,0,34.45
nominal,349,open_loop,42,42,97,70,0,27,27,6,0.8533739059724342,0,41.5,0,31.620674781194488
nominal,349,feedback,42,42,97,74,0,23,23,14,3.413495623889737,0,38.5,0,28.232699124777948
nominal,350,none,62,62,71,68,0,3,3,0,0.0,0,24.5,0,5.45
nominal,350,open_loop,62,62,71,71,0,0,0,6,0.8533739059724342,0,21.5,0,2.620674781194487
nominal,350,feedback,62,62,71,71,0,0,0,26,3.3882183322863315,0,15.5,0,3.5276436664572666
nominal,351,none,57,57,90,80,0,10,10,0,0.0,0,29.5,0,12.95
nominal,351,open_loop,57,57,90,83,0,7,7,6,0.8533739059724342,0,32.5,0,10.720674781194486
nominal,351,feedback,57,57,90,83,0,7,7,6,1.5705910989793224,0,32.5,0,10.864118219795865
nominal,352,none,55,55,91,69,0,22,22,0,0.0,0,29.5,0,24.95
nominal,352,open_loop,55,55,91,72,0,19,19,6,0.8533739059724342,0,26.5,0,22.120674781194488
nominal,352,feedback,55,55,91,75,0,16,16,12,2.5601217179173026,0,26.5,0,19.762024343583462
nominal,353,none,57,57,77,75,0,2,2,0,0.0,0,24.5,0,4.45
nominal,353,open_loop,57,57,77,77,0,0,0,6,0.8533739059724342,0,26.5,0,3.120674781194487
nominal,353,feedback,57,57,77,77,0,0,0,12,0.8533739059724342,0,26.5,0,3.4206747811944873
nominal,354,none,64,64,89,76,0,13,13,0,0.0,0,29.5,0,15.95
nominal,354,open_loop,64,64,89,79,0,10,10,6,0.8533739059724342,0,26.5,0,13.120674781194488
nominal,354,feedback,64,64,89,82,0,7,7,18,2.3986877133483513,0,29.5,0,11.329737542669672
nominal,355,none,77,77,86,78,0,8,8,0,0.0,0,29.5,0,10.95
nominal,355,open_loop,77,77,86,81,0,5,5,6,0.8533739059724342,0,26.5,0,8.120674781194488
nominal,355,feedback,77,77,86,86,0,0,0,18,2.5601217179173026,0,22.5,0,3.6620243435834605
nominal,356,none,74,72,86,74,2,12,14,0,0.0,0,29.5,0,16.95
nominal,356,open_loop,74,74,86,77,0,9,9,6,0.8533739059724342,0,28.5,0,12.320674781194487
nominal,356,feedback,74,74,86,80,0,6,6,20,3.413495623889737,0,17.5,0,9.432699124777947
nominal,357,none,54,54,71,61,0,10,10,0,0.0,0,24.5,0,12.45
nominal,357,open_loop,54,54,71,64,0,7,7,6,0.8533739059724342,0,21.5,0,9.620674781194486
nominal,357,feedback,54,54,71,71,0,0,0,20,3.3882183322863315,0,23.5,0,4.027643666457267
nominal,358,none,57,57,87,80,0,7,7,0,0.0,0,38.5,0,10.85
nominal,358,open_loop,57,57,87,83,0,4,4,6,0.8533739059724342,0,35.5,0,8.020674781194487
nominal,358,feedback,57,57,87,87,0,0,0,16,2.5601217179173026,0,36.5,0,4.962024343583461
nominal,359,none,66,66,84,60,0,24,24,0,0.0,0,36.5,0,27.65
nominal,359,open_loop,66,66,84,63,0,21,21,6,0.8533739059724342,0,33.5,0,24.82067478119449
nominal,359,feedback,66,66,84,74,0,10,10,28,4.8479300099035125,0,23.5,0,14.719586001980703
nominal,360,none,62,62,88,68,0,20,20,0,0.0,0,25.5,0,22.55
nominal,360,open_loop,62,62,88,71,0,17,17,6,0.8533739059724342,0,28.5,0,20.32067478119449
nominal,360,feedback,62,62,88,81,0,7,7,26,4.822652718300108,0,25.5,0,11.814530543660023
nominal,361,none,55,55,90,81,0,9,9,0,0.0,0,32.5,0,12.25
nominal,361,open_loop,55,55,90,84,0,6,6,6,0.8533739059724342,0,35.5,0,10.020674781194487
nominal,361,feedback,55,55,90,85,0,5,5,16,2.5601217179173026,0,36.5,0,9.962024343583462
nominal,362,none,58,58,78,67,0,11,11,0,0.0,0,24.5,0,13.45
nominal,362,open_loop,58,58,78,70,0,8,8,6,0.8533739059724342,0,27.5,0,11.220674781194488
nominal,362,feedback,58,58,78,77,0,1,1,26,3.3882183322863315,0,25.5,0,5.527643666457267
nominal,363,none,65,65,78,70,0,8,8,0,0.0,0,25.5,0,10.55
nominal,363,open_loop,65,65,78,73,0,5,5,6,0.8533739059724342,0,27.5,0,8.220674781194486
nominal,363,feedback,65,65,78,76,0,2,2,12,3.2773389109241906,0,22.5,0,5.505467782184838
nominal,364,none,65,65,63,62,0,1,1,0,0.0,0,33.5,0,4.35
nominal,364,open_loop,65,65,63,63,0,0,0,6,0.8533739059724342,0,33.5,0,3.8206747811944872
nominal,364,feedback,65,65,63,63,0,0,0,27,6.529400530244976,0,19.5,5,4.605880106048995
nominal,365,none,60,60,78,72,0,6,6,0,0.0,0,23.5,0,8.35
nominal,365,open_loop,60,60,78,75,0,3,3,6,0.8533739059724342,0,21.5,0,5.620674781194486
nominal,365,feedback,60,60,78,78,0,0,0,12,4.21631494665536,0,24.5,0,3.893262989331072
nominal,366,none,81,78,78,72,3,6,9,0,0.0,0,30.5,0,12.05
nominal,366,open_loop,81,81,78,75,0,3,3,6,0.8533739059724342,0,30.5,0,6.5206747811944865
nominal,366,feedback,81,81,78,78,0,0,0,37,7.408051727820816,0,6.5,1,3.9816103455641634
nominal,367,none,75,70,89,72,5,17,22,0,0.0,0,31.5,0,25.15
nominal,367,open_loop,75,73,89,75,2,14,16,6,0.8533739059724342,0,31.5,0,19.620674781194488
nominal,367,feedback,75,75,89,86,0,3,3,25,4.266869529862171,0,30.5,5,8.153373905972435
nominal,368,none,53,53,71,68,0,3,3,0,0.0,0,28.5,0,5.85
nominal,368,open_loop,53,53,71,71,0,0,0,6,0.8533739059724342,0,25.5,0,3.0206747811944874
nominal,368,feedback,53,53,71,71,0,0,0,20,2.5601217179173026,0,24.5,0,3.962024343583461
nominal,369,none,55,55,72,64,0,8,8,0,0.0,0,26.5,0,10.65
nominal,369,open_loop,55,55,72,67,0,5,5,6,0.8533739059724342,0,23.5,0,7.820674781194487
nominal,369,feedback,55,55,72,68,0,4,4,9,2.5601217179173026,0,24.5,3,7.412024343583461
nominal,370,none,61,61,64,61,0,3,3,0,0.0,0,30.5,0,6.050000000000001
nominal,370,open_loop,61,61,64,64,0,0,0,6,0.8533739059724342,0,27.5,0,3.2206747811944867
nominal,370,feedback,61,61,64,64,0,0,0,18,4.847930009903513,0,15.5,0,3.4195860019807025
nominal,371,none,60,58,71,62,2,9,11,0,0.0,0,33.5,0,14.35
nominal,371,open_loop,60,60,71,65,0,6,6,6,0.8533739059724342,0,32.5,0,9.720674781194486
nominal,371,feedback,60,60,71,71,0,0,0,32,4.266869529862171,0,17.5,0,4.203373905972434
nominal,372,none,81,81,81,76,0,5,5,0,0.0,0,35.5,0,8.55
nominal,372,open_loop,81,81,81,79,0,2,2,6,0.8533739059724342,0,32.5,0,5.720674781194487
nominal,372,feedback,81,81,81,81,0,0,0,35,9.559703306841481,0,12.5,7,4.9119406613682965
nominal,373,none,53,53,68,68,0,0,0,0,0.0,0,21.5,0,2.15
nominal,373,open_loop,53,53,68,68,0,0,0,6,0.8533739059724342,0,21.5,0,2.620674781194487
nominal,373,feedback,53,53,68,68,0,0,0,6,0.8533739059724342,0,21.5,0,2.620674781194487
nominal,374,none,58,58,66,66,0,0,0,0,0.0,0,22.5,0,2.25
nominal,374,open_loop,58,58,66,66,0,0,0,6,0.8533739059724342,0,21.5,0,2.620674781194487
nominal,374,feedback,58,58,66,66,0,0,0,15,3.3882183322863315,0,21.5,3,3.5776436664572664
nominal,375,none,66,65,72,65,1,7,8,0,0.0,0,30.5,0,11.05
nominal,375,open_loop,66,66,72,68,0,4,4,6,0.8533739059724342,0,28.5,0,7.320674781194487
nominal,375,feedback,66,66,72,72,0,0,0,24,4.266869529862171,0,17.5,0,3.8033739059724345
nominal,376,none,66,66,86,75,0,11,11,0,0.0,0,24.5,0,13.45
nominal,376,open_loop,66,66,86,78,0,8,8,6,0.8533739059724342,0,21.5,0,10.620674781194488
nominal,376,feedback,66,66,86,84,0,2,2,28,5.650749332669136,0,24.5,0,6.980149866533828
nominal,377,none,50,50,76,72,0,4,4,0,0.0,0,28.5,0,6.85
nominal,377,open_loop,50,50,76,75,0,1,1,6,0.8533739059724342,0,31.5,0,4.620674781194487
nominal,377,feedback,50,50,76,76,0,0,0,8,1.681470520341463,0,32.5,0,3.9862941040682927
nominal,378,none,55,55,77,71,0,6,6,0,0.0,0,22.5,0,8.25
nominal,378,open_loop,55,55,77,73,0,4,4,6,0.8533739059724342,0,24.5,0,6.920674781194487
nominal,378,feedback,55,55,77,76,0,1,1,10,4.711773296937967,0,27.5,0,5.192354659387593
nominal,379,none,55,55,76,68,0,8,8,0,0.0,0,36.5,0,11.65
nominal,379,open_loop,55,55,76,71,0,5,5,6,0.8533739059724342,0,33.5,0,8.820674781194487
nominal,379,feedback,55,55,76,76,0,0,0,18,2.5601217179173026,0,27.5,0,4.162024343583461
nominal,380,none,44,44,61,55,0,6,6,0,0.0,0,18.5,0,7.85
nominal,380,open_loop,44,44,61,58,0,3,3,6,0.8533739059724342,0,20.5,0,5.5206747811944865
nominal,380,feedback,44,44,61,61,0,0,0,16,2.5601217179173026,0,23.5,0,3.6620243435834605
nominal,381,none,64,64,80,63,0,17,17,0,0.0,0,31.5,0,20.15
nominal,381,open_loop,64,64,80,66,0,14,14,6,0.8533739059724342,0,29.5,0,17.42067478119449
nominal,381,feedback,64,64,80,76,0,4,4,26,3.2773389109241906,0,19.5,0,7.9054677821848385
nominal,382,none,40,40,78,59,0,19,19,0,0.0,0,36.5,0,22.65
nominal,382,open_loop,40,40,78,62,0,16,16,6,0.8533739059724342,0,33.5,0,19.82067478119449
nominal,382,feedback,40,40,78,62,0,16,16,6,1.7067478119448685,0,33.5,0,19.991349562388976
nominal,383,none,64,64,71,62,0,9,9,0,0.0,0,32.5,0,12.25
nominal,383,open_loop,64,64,71,65,0,6,6,6,0.8533739059724342,0,30.5,0,9.520674781194487
nominal,383,feedback,64,64,71,71,0,0,0,36,6.529400530244976,0,13.5,0,4.455880106048996
nominal,384,none,76,68,72,69,8,3,11,0,0.0,0,29.5,0,13.95
nominal,384,open_loop,76,71,72,72,5,0,5,6,0.8533739059724342,0,29.5,0,8.420674781194487
nominal,384,feedback,76,76,72,72,0,0,0,36,4.266869529862171,0,4.5,0,3.1033739059724343
nominal,385,none,56,53,76,67,3,9,12,0,0.0,0,39.5,0,15.95
nominal,385,open_loop,56,56,76,70,0,6,6,6,0.8533739059724342,0,39.5,0,10.420674781194487
nominal,385,feedback,56,56,76,76,0,0,0,29,4.266869529862171,0,26.5,1,4.953373905972435
nominal,386,none,58,58,82,70,0,12,12,0,0.0,0,27.5,0,14.75
nominal,386,open_loop,58,58,82,73,0,9,9,6,0.8533739059724342,0,24.5,0,11.920674781194489
nominal,386,feedback,58,58,82,75,0,7,7,16,4.1054355252932195,0,23.5,0,10.971087105058643
nominal,387,none,75,75,75,69,0,6,6,0,0.0,0,36.5,0,9.65
nominal,387,open_loop,75,75,75,72,0,3,3,6,0.8533739059724342,0,33.5,0,6.820674781194487
nominal,387,feedback,75,75,75,75,0,0,0,19,3.3882183322863315,0,24.5,1,4.077643666457266
nominal,388,none,62,62,86,75,0,11,11,0,0.0,0,32.5,0,14.25
nominal,388,open_loop,62,62,86,78,0,8,8,6,0.8533739059724342,0,29.5,0,11.420674781194489
nominal,388,feedback,62,62,86,81,0,5,5,12,2.5601217179173026,0,26.5,0,8.76202434358346
nominal,389,none,56,56,84,69,0,15,15,0,0.0,0,28.5,0,17.85
nominal,389,open_loop,56,56,84,72,0,12,12,6,0.8533739059724342,0,25.5,0,15.020674781194488
nominal,389,feedback,56,56,84,76,0,8,8,14,2.5601217179173026,0,26.5,0,11.86202434358346
nominal,390,none,65,65,71,70,0,1,1,0,0.0,0,30.5,0,4.050000000000001
nominal,390,open_loop,65,65,71,71,0,0,0,6,0.8533739059724342,0,25.5,0,3.0206747811944874
nominal,390,feedback,65,65,71,71,0,0,0,34,7.357497144614006,0,12.5,0,4.421499428922801
nominal,391,none,58,58,80,80,0,0,0,0,0.0,0,33.5,0,3.35
nominal,391,open_loop,58,58,80,80,0,0,0,6,0.8533739059724342,0,28.5,0,3.3206747811944872
nominal,391,feedback,58,58,80,80,0,0,0,12,3.994556103931079,0,28.5,0,4.248911220786216
nominal,392,none,71,63,86,71,8,15,23,0,0.0,0,37.5,0,26.75
nominal,392,open_loop,71,66,86,74,5,12,17,6,0.8533739059724342,0,37.5,0,21.22067478119449
nominal,392,feedback,71,70,86,81,1,5,6,36,4.266869529862171,0,18.5,0,10.503373905972433
nominal,393,none,57,57,84,76,0,8,8,0,0.0,0,25.5,0,10.55
nominal,393,open_loop,57,57,84,76,0,8,8,6,0.8533739059724342,0,25.5,0,11.020674781194488
nominal,393,feedback,57,57,84,76,0,8,8,0,0.0,0,25.5,0,10.55
nominal,394,none,67,65,80,69,2,11,13,0,0.0,0,33.5,0,16.35
nominal,394,open_loop,67,67,80,72,0,8,8,6,0.8533739059724342,0,32.5,0,11.720674781194488
nominal,394,feedback,67,67,80,80,0,0,0,24,5.812183337238088,0,24.5,2,4.812436667447618
nominal,395,none,69,69,77,77,0,0,0,0,0.0,0,27.5,0,2.75
nominal,395,open_loop,69,69,77,77,0,0,0,6,0.8533739059724342,0,21.5,0,2.620674781194487
nominal,395,feedback,69,69,77,77,0,0,0,32,6.529400530244976,0,14.5,0,4.355880106048995
nominal,396,none,64,64,62,61,0,1,1,0,0.0,0,31.5,0,4.15
nominal,396,open_loop,64,64,62,62,0,0,0,6,0.8533739059724342,0,26.5,0,3.120674781194487
nominal,396,feedback,64,64,62,62,0,0,0,22,4.822652718300108,0,14.5,0,3.514530543660022
nominal,397,none,70,70,76,70,0,6,6,0,0.0,0,30.5,0,9.05
nominal,397,open_loop,70,70,76,73,0,3,3,6,0.8533739059724342,0,27.5,0,6.220674781194487
nominal,397,feedback,70,70,76,76,0,0,0,25,4.1054355252932195,0,20.5,5,4.121087105058644
nominal,398,none,63,63,77,67,0,10,10,0,0.0,0,24.5,0,12.45
nominal,398,open_loop,63,63,77,70,0,7,7,6,0.8533739059724342,0,21.5,0,9.620674781194486
nominal,398,feedback,63,63,77,77,0,0,0,26,4.21631494665536,0,25.5,4,4.693262989331073
nominal,399,none,71,71,82,74,0,8,8,0,0.0,0,19.5,0,9.95
nominal,399,open_loop,71,71,82,77,0,5,5,6,0.8533739059724342,0,16.5,0,7.120674781194487
nominal,399,feedback,71,71,82,82,0,0,0,19,4.984086722869059,0,20.5,3,3.996817344573812
nominal,400,none,50,50,63,61,0,2,2,0,0.0,0,20.5,0,4.050000000000001
nominal,400,open_loop,50,50,63,62,0,1,1,6,0.8533739059724342,0,21.5,0,3.620674781194487
nominal,400,feedback,50,50,63,63,0,0,0,4,3.252061619320785,0,19.5,0,2.8004123238641574
nominal,401,none,66,65,85,71,1,14,15,0,0.0,0,35.5,0,18.55
nominal,401,open_loop,66,66,85,74,0,11,11,6,0.8533739059724342,0,33.5,0,14.820674781194487
nominal,401,feedback,66,66,85,81,0,4,4,20,2.5601217179173026,0,26.5,0,8.162024343583461
nominal,402,none,61,58,76,65,3,11,14,0,0.0,0,36.5,0,17.65
nominal,402,open_loop,61,61,76,68,0,8,8,6,0.8533739059724342,0,36.5,0,12.120674781194488
nominal,402,feedback,61,61,76,73,0,3,3,20,4.958809431265654,0,27.5,0,7.741761886253131
nominal,403,none,63,63,75,66,0,9,9,0,0.0,0,23.5,0,11.35
nominal,403,open_loop,63,63,75,69,0,6,6,6,0.8533739059724342,0,20.5,0,8.520674781194487
nominal,403,feedback,63,63,75,71,0,4,4,16,2.5601217179173026,0,19.5,0,7.262024343583461
nominal,404,none,62,62,93,78,0,15,15,0,0.0,0,23.5,0,17.35
nominal,404,open_loop,62,62,93,81,0,12,12,6,0.8533739059724342,0,26.5,0,15.120674781194488
nominal,404,feedback,62,62,93,80,0,13,13,4,1.7067478119448685,0,25.5,0,16.091349562388974
nominal,405,none,67,67,81,67,0,14,14,0,0.0,0,30.5,0,17.05
nominal,405,open_loop,67,67,81,70,0,11,11,6,0.8533739059724342,0,27.5,0,14.220674781194488
nominal,405,feedback,67,67,81,78,0,3,3,22,3.2773389109241906,0,19.5,0,6.705467782184838
nominal,406,none,60,60,70,61,0,9,9,0,0.0,0,27.5,0,11.75
nominal,406,open_loop,60,60,70,64,0,6,6,6,0.8533739059724342,0,24.5,0,8.920674781194487
nominal,406,feedback,60,60,70,70,0,0,0,24,4.1054355252932195,0,19.5,0,3.9710871050586443
nominal,407,none,69,69,83,72,0,11,11,0,0.0,0,30.5,0,14.05
nominal,407,open_loop,69,69,83,75,0,8,8,6,0.8533739059724342,0,27.5,0,11.220674781194488
nominal,407,feedback,69,69,83,82,0,1,1,20,2.5601217179173026,0,20.5,0,4.562024343583461
nominal,408,none,56,56,68,60,0,8,8,0,0.0,0,26.5,0,10.65
nominal,408,open_loop,56,56,68,62,0,6,6,6,0.8533739059724342,0,24.5,0,8.920674781194487
nominal,408,feedback,56,56,68,63,0,5,5,17,2.5095671347104918,0,29.5,3,9.301913426942098
nominal,409,none,52,52,80,71,0,9,9,0,0.0,0,25.5,0,11.55
nominal,409,open_loop,52,52,80,73,0,7,7,6,0.8533739059724342,0,27.5,0,10.220674781194486
nominal,409,feedback,52,52,80,74,0,6,6,6,1.5705910989793224,0,28.5,0,9.464118219795864
nominal,410,none,52,52,86,75,0,11,11,0,0.0,0,29.5,0,13.95
nominal,410,open_loop,52,52,86,78,0,8,8,6,0.8533739059724342,0,32.5,0,11.720674781194488
nominal,410,feedback,52,52,86,78,0,8,8,6,1.7067478119448685,0,32.5,0,11.891349562388974
nominal,411,none,66,66,73,67,0,6,6,0,0.0,0,29.5,0,8.95
nominal,411,open_loop,66,66,73,70,0,3,3,6,0.8533739059724342,0,26.5,0,6.120674781194487
nominal,411,feedback,66,66,73,73,0,0,0,20,2.5601217179173026,0,20.5,0,3.562024343583461
nominal,412,none,51,51,74,69,0,5,5,0,0.0,0,27.5,0,7.75
nominal,412,open_loop,51,51,74,72,0,2,2,6,0.8533739059724342,0,27.5,0,5.220674781194487
nominal,412,feedback,51,51,74,74,0,0,0,12,2.5601217179173026,0,29.5,0,4.062024343583461
nominal,413,none,74,72,72,66,2,6,8,0,0.0,0,36.5,0,11.65
nominal,413,open_loop,74,74,72,69,0,3,3,6,0.8533739059724342,0,35.5,0,7.0206747811944865
nominal,413,feedback,74,74,72,72,0,0,0,46,8.125268920827704,0,4.5,0,4.375053784165541
nominal,414,none,72,72,59,59,0,0,0,0,0.0,0,39.5,0,3.95
nominal,414,open_loop,72,72,59,59,0,0,0,6,0.8533739059724342,0,33.5,0,3.8206747811944872
nominal,414,feedback,72,72,59,59,0,0,0,35,6.529400530244976,0,8.5,1,3.9058801060489956
nominal,415,none,76,76,83,80,0,3,3,0,0.0,0,26.5,0,5.65
nominal,415,open_loop,76,76,83,83,0,0,0,6,0.8533739059724342,0,28.5,0,3.3206747811944872
nominal,415,feedback,76,76,83,83,0,0,0,26,5.701303915875947,0,14.5,8,3.8902607831751896
nominal,416,none,67,67,72,67,0,5,5,0,0.0,0,30.5,0,8.05
nominal,416,open_loop,67,67,72,70,0,2,2,6,0.8533739059724342,0,27.5,0,5.220674781194487
nominal,416,feedback,67,67,72,72,0,0,0,34,5.701303915875947,0,12.5,0,4.090260783175189
nominal,417,none,38,38,70,68,0,2,2,0,0.0,0,36.5,0,5.65
nominal,417,open_loop,38,38,70,69,0,1,1,6,0.8533739059724342,0,37.5,0,5.220674781194487
nominal,417,feedback,38,38,70,69,0,1,1,6,0.8533739059724342,0,37.5,0,5.220674781194487
nominal,418,none,60,60,75,70,0,5,5,0,0.0,0,23.5,0,7.35
nominal,418,open_loop,60,60,75,73,0,2,2,6,0.8533739059724342,0,26.5,0,5.120674781194487
nominal,418,feedback,60,60,75,75,0,0,0,18,6.554677821848381,0,22.5,0,4.460935564369676
nominal,419,none,52,52,75,67,0,8,8,0,0.0,0,34.5,0,11.45
nominal,419,open_loop,52,52,75,70,0,5,5,6,0.8533739059724342,0,31.5,0,8.620674781194488
nominal,419,feedback,52,52,75,72,0,3,3,10,2.5601217179173026,0,29.5,0,6.962024343583461
nominal,420,none,56,56,81,68,0,13,13,0,0.0,0,33.5,0,16.35
nominal,420,open_loop,56,56,81,71,0,10,10,6,0.8533739059724342,0,30.5,0,13.520674781194488
nominal,420,feedback,56,56,81,76,0,5,5,16,0.8533739059724342,0,26.5,0,8.620674781194488
nominal,421,none,69,69,81,75,0,6,6,0,0.0,0,22.5,0,8.25
nominal,421,open_loop,69,69,81,76,0,5,5,6,0.8533739059724342,0,21.5,0,7.620674781194486
nominal,421,feedback,69,69,81,79,0,2,2,16,2.3986877133483513,0,18.5,0,5.12973754266967
nominal,422,none,64,64,69,69,0,0,0,0,0.0,0,25.5,0,2.5500000000000003
nominal,422,open_loop,64,64,69,69,0,0,0,6,0.8533739059724342,0,19.5,0,2.420674781194487
nominal,422,feedback,64,64,69,69,0,0,0,26,3.2773389109241906,0,11.5,0,3.1054677821848387
nominal,423,none,55,55,76,73,0,3,3,0,0.0,0,24.5,0,5.45
nominal,423,open_loop,55,55,76,76,0,0,0,6,0.8533739059724342,0,27.5,0,3.2206747811944867
nominal,423,feedback,55,55,76,76,0,0,0,8,1.7067478119448685,0,27.5,0,3.4913495623889736
nominal,424,none,85,85,86,77,0,9,9,0,0.0,0,32.5,0,12.25
nominal,424,open_loop,85,85,86,80,0,6,6,6,0.8533739059724342,0,32.5,0,9.720674781194486
nominal,424,feedback,85,85,86,81,0,5,5,22,4.8479300099035125,0,19.5,0,9.019586001980702
nominal,425,none,70,70,70,64,0,6,6,0,0.0,0,34.5,0,9.45
nominal,425,open_loop,70,70,70,67,0,3,3,6,0.8533739059724342,0,31.5,0,6.620674781194487
nominal,425,feedback,70,70,70,70,0,0,0,32,7.357497144614005,0,11.5,0,4.221499428922801
nominal,426,none,61,61,67,62,0,5,5,0,0.0,0,29.5,0,7.95
nominal,426,open_loop,61,61,67,64,0,3,3,6,0.8533739059724342,0,27.5,0,6.220674781194487
nominal,426,feedback,61,61,67,67,0,0,0,32,7.963834916258753,0,12.5,0,4.442766983251751
nominal,427,none,66,66,70,63,0,7,7,0,0.0,0,33.5,0,10.35
nominal,427,open_loop,66,66,70,66,0,4,4,6,0.8533739059724342,0,33.5,0,7.820674781194487
nominal,427,feedback,66,66,70,70,0,0,0,22,4.8479300099035125,0,21.5,0,4.219586001980703
nominal,428,none,61,61,76,64,0,12,12,0,0.0,0,27.5,0,14.75
nominal,428,open_loop,61,61,76,67,0,9,9,6,0.8533739059724342,0,24.5,0,11.920674781194489
nominal,428,feedback,61,61,76,76,0,0,0,28,9.670582728203621,0,21.5,0,5.484116545640724
nominal,429,none,60,60,85,75,0,10,10,0,0.0,0,28.5,0,12.85
nominal,429,open_loop,60,60,85,76,0,9,9,6,0.8533739059724342,0,29.5,0,12.420674781194489
nominal,429,feedback,60,60,85,76,0,9,9,18,1.681470520341463,0,22.5,0,12.486294104068293
nominal,430,none,66,66,79,74,0,5,5,0,0.0,0,27.5,0,7.75
nominal,430,open_loop,66,66,79,77,0,2,2,6,0.8533739059724342,0,24.5,0,4.920674781194487
nominal,430,feedback,66,66,79,79,0,0,0,24,4.1054355252932195,0,19.5,0,3.9710871050586443
nominal,431,none,58,58,75,73,0,2,2,0,0.0,0,21.5,0,4.15
nominal,431,open_loop,58,58,75,74,0,1,1,6,0.8533739059724342,0,22.5,0,3.7206747811944867
nominal,431,feedback,58,58,75,74,0,1,1,6,1.7067478119448685,0,22.5,0,3.8913495623889736
nominal,432,none,63,63,85,82,0,3,3,0,0.0,0,25.5,0,5.550000000000001
nominal,432,open_loop,63,63,85,85,0,0,0,6,0.8533739059724342,0,28.5,0,3.3206747811944872
nominal,432,feedback,63,63,85,82,0,3,3,0,0.0,0,25.5,0,5.550000000000001
nominal,433,none,65,65,78,69,0,9,9,0,0.0,0,26.5,0,11.65
nominal,433,open_loop,65,65,78,72,0,6,6,6,0.8533739059724342,0,24.5,0,8.920674781194487
nominal,433,feedback,65,65,78,77,0,1,1,24,6.39324381727943,0,21.5,0,5.628648763455886
nominal,434,none,57,57,89,72,0,17,17,0,0.0,0,30.5,0,20.05
nominal,434,open_loop,57,57,89,75,0,14,14,6,0.8533739059724342,0,27.5,0,17.22067478119449
nominal,434,feedback,57,57,89,79,0,10,10,10,1.7067478119448685,0,31.5,4,13.991349562388974
nominal,435,none,55,55,80,75,0,5,5,0,0.0,0,26.5,0,7.65
nominal,435,open_loop,55,55,80,78,0,2,2,6,0.8533739059724342,0,29.5,0,5.420674781194487
nominal,435,feedback,55,55,80,79,0,1,1,8,1.681470520341463,0,30.5,0,4.786294104068293
nominal,436,none,71,71,78,74,0,4,4,0,0.0,0,28.5,0,6.85
nominal,436,open_loop,71,71,78,77,0,1,1,6,0.8533739059724342,0,25.5,0,4.020674781194487
nominal,436,feedback,71,71,78,78,0,0,0,26,4.1054355252932195,0,14.5,0,3.571087105058644
nominal,437,none,61,61,85,72,0,13,13,0,0.0,0,24.5,0,15.45
nominal,437,open_loop,61,61,85,75,0,10,10,6,0.8533739059724342,0,21.5,0,12.620674781194488
nominal,437,feedback,61,61,85,82,0,3,3,28,3.3882183322863315,0,27.5,0,7.827643666457266
nominal,438,none,67,67,86,72,0,14,14,0,0.0,0,30.5,0,17.05
nominal,438,open_loop,67,67,86,75,0,11,11,6,0.8533739059724342,0,33.5,0,14.820674781194487
nominal,438,feedback,67,67,86,78,0,8,8,12,4.958809431265654,0,28.5,0,12.441761886253131
nominal,439,none,49,49,61,61,0,0,0,0,0.0,0,23.5,0,2.35
nominal,439,open_loop,49,49,61,61,0,0,0,6,0.8533739059724342,0,18.5,0,2.3206747811944872
nominal,439,feedback,49,49,61,61,0,0,0,12,3.2773389109241906,0,18.5,0,3.105467782184838
nominal,440,none,70,68,65,62,2,3,5,0,0.0,0,36.5,0,8.65
nominal,440,open_loop,70,70,65,65,0,0,0,6,0.8533739059724342,0,35.5,0,4.020674781194487
nominal,440,feedback,70,70,65,65,0,0,0,42,8.125268920827704,0,1.5,0,3.875053784165541
nominal,441,none,54,54,96,79,0,17,17,0,0.0,0,44.5,0,21.45
nominal,441,open_loop,54,54,96,82,0,14,14,6,0.8533739059724342,0,41.5,0,18.620674781194488
nominal,441,feedback,54,54,96,85,0,11,11,12,2.5601217179173026,0,38.5,0,15.96202434358346
nominal,442,none,69,66,77,65,3,12,15,0,0.0,0,31.5,0,18.15
nominal,442,open_loop,69,69,77,68,0,9,9,6,0.8533739059724342,0,31.5,0,12.620674781194488
nominal,442,feedback,69,69,77,77,0,0,0,26,4.266869529862171,0,20.5,0,4.203373905972434
nominal,443,none,58,58,74,66,0,8,8,0,0.0,0,29.5,0,10.95
nominal,443,open_loop,58,58,74,69,0,5,5,6,0.8533739059724342,0,26.5,0,8.120674781194488
nominal,443,feedback,58,58,74,74,0,0,0,20,3.413495623889737,0,22.5,0,3.9326991247779475
nominal,444,none,67,67,75,66,0,9,9,0,0.0,0,30.5,0,12.05
nominal,444,open_loop,67,67,75,69,0,6,6,6,0.8533739059724342,0,33.5,0,9.820674781194487
nominal,444,feedback,67,67,75,73,0,2,2,26,6.418521108882835,0,23.5,4,6.933704221776567
nominal,445,none,46,46,68,68,0,0,0,0,0.0,0,28.5,0,2.85
nominal,445,open_loop,46,46,68,66,0,2,2,6,0.8533739059724342,0,26.5,0,5.120674781194487
nominal,445,feedback,46,46,68,67,0,1,1,4,0.8533739059724342,0,27.5,0,4.120674781194487
nominal,446,none,57,57,77,67,0,10,10,0,0.0,0,29.5,0,12.95
nominal,446,open_loop,57,57,77,70,0,7,7,6,0.8533739059724342,0,26.5,0,10.120674781194488
nominal,446,feedback,57,57,77,75,0,2,2,16,1.681470520341463,0,24.5,0,5.586294104068292
nominal,447,none,54,54,75,70,0,5,5,0,0.0,0,27.5,0,7.75
nominal,447,open_loop,54,54,75,73,0,2,2,6,0.8533739059724342,0,25.5,0,5.0206747811944865
nominal,447,feedback,54,54,75,75,0,0,0,12,5.701303915875948,0,27.5,0,4.49026078317519
nominal,448,none,76,74,77,72,2,5,7,0,0.0,0,28.5,0,9.85
nominal,448,open_loop,76,76,77,75,0,2,2,6,0.8533739059724342,0,27.5,0,5.220674781194487
nominal,448,feedback,76,76,77,77,0,0,0,22,4.266869529862171,0,17.5,4,3.7033739059724344
nominal,449,none,62,62,86,70,0,16,16,0,0.0,0,25.5,0,18.55
nominal,449,open_loop,62,62,86,73,0,13,13,6,0.8533739059724342,0,22.5,0,15.720674781194488
nominal,449,feedback,62,62,86,80,0,6,6,20,2.5601217179173026,0,24.5,0,9.962024343583462
nominal,450,none,70,70,75,66,0,9,9,0,0.0,0,34.5,0,12.45
nominal,450,open_loop,70,70,75,69,0,6,6,6,0.8533739059724342,0,31.5,0,9.620674781194488
nominal,450,feedback,70,70,75,75,0,0,0,34,7.963834916258753,0,16.5,0,4.942766983251751
nominal,451,none,77,67,70,60,10,10,20,0,0.0,0,37.5,0,23.75
nominal,451,open_loop,77,70,70,63,7,7,14,6,0.8533739059724342,0,37.5,0,18.22067478119449
nominal,451,feedback,77,77,70,70,0,0,0,54,6.690834534813927,0,4.5,0,4.488166906962786
nominal,452,none,55,55,89,77,0,12,12,0,0.0,0,28.5,0,14.85
nominal,452,open_loop,55,55,89,79,0,10,10,6,0.8533739059724342,0,30.5,0,13.520674781194488
nominal,452,feedback,55,55,89,79,0,10,10,4,0.8533739059724342,0,30.5,0,13.420674781194487
nominal,453,none,56,56,83,72,0,11,11,0,0.0,0,22.5,0,13.25
nominal,453,open_loop,56,56,83,75,0,8,8,6,0.8533739059724342,0,25.5,0,11.020674781194488
nominal,453,feedback,56,56,83,76,0,7,7,8,0.8533739059724342,0,26.5,0,10.220674781194488
nominal,454,none,70,70,63,63,0,0,0,0,0.0,0,33.5,0,3.35
nominal,454,open_loop,70,70,63,63,0,0,0,6,0.8533739059724342,0,27.5,0,3.2206747811944867
nominal,454,feedback,70,70,63,63,0,0,0,28,6.529400530244976,0,10.5,4,3.7558801060489957
nominal,455,none,63,63,70,68,0,2,2,0,0.0,0,30.5,0,5.050000000000001
nominal,455,open_loop,63,63,70,70,0,0,0,6,0.8533739059724342,0,26.5,0,3.120674781194487
nominal,455,feedback,63,63,70,70,0,0,0,18,2.5601217179173026,0,14.5,0,2.8620243435834607
nominal,456,none,57,57,86,73,0,13,13,0,0.0,0,27.5,0,15.75
nominal,456,open_loop,57,57,86,76,0,10,10,6,0.8533739059724342,0,25.5,0,13.020674781194488
nominal,456,feedback,57,57,86,75,0,11,11,4,1.7067478119448685,0,25.5,0,14.091349562388974
nominal,457,none,67,67,87,75,0,12,12,0,0.0,0,33.5,0,15.35
nominal,457,open_loop,67,67,87,78,0,9,9,6,0.8533739059724342,0,30.5,0,12.520674781194488
nominal,457,feedback,67,67,87,83,0,4,4,16,3.413495623889737,0,25.5,0,8.032699124777947
nominal,458,none,59,59,76,72,0,4,4,0,0.0,0,22.5,0,6.25
nominal,458,open_loop,59,59,76,75,0,1,1,6,0.8533739059724342,0,22.5,0,3.7206747811944867
nominal,458,feedback,59,59,76,76,0,0,0,16,3.994556103931079,0,23.5,0,3.948911220786216
nominal,459,none,65,63,73,71,2,2,4,0,0.0,0,33.5,0,7.35
nominal,459,open_loop,65,65,73,73,0,0,0,6,0.8533739059724342,0,31.5,0,3.620674781194487
nominal,459,feedback,65,65,73,73,0,0,0,30,7.4080517278208164,0,14.5,0,4.431610345564163
nominal,460,none,72,72,80,78,0,2,2,0,0.0,0,31.5,0,5.15
nominal,460,open_loop,72,72,80,78,0,2,2,6,0.8533739059724342,0,25.5,0,5.0206747811944865
nominal,460,feedback,72,72,80,80,0,0,0,30,5.761628754031277,0,17.5,0,4.402325750806256
nominal,461,none,61,61,89,75,0,14,14,0,0.0,0,21.5,0,16.15
nominal,461,open_loop,61,61,89,78,0,11,11,6,0.8533739059724342,0,23.5,0,13.820674781194487
nominal,461,feedback,61,61,89,80,0,9,9,10,3.994556103931079,0,25.5,0,12.848911220786217
nominal,462,none,55,55,75,63,0,12,12,0,0.0,0,22.5,0,14.25
nominal,462,open_loop,55,55,75,66,0,9,9,6,0.8533739059724342,0,24.5,0,11.920674781194489
nominal,462,feedback,55,55,75,75,0,0,0,26,6.418521108882835,0,26.5,0,5.233704221776567
nominal,463,none,68,68,78,72,0,6,6,0,0.0,0,22.5,0,8.25
nominal,463,open_loop,68,68,78,75,0,3,3,6,0.8533739059724342,0,19.5,0,5.420674781194487
nominal,463,feedback,68,68,78,78,0,0,0,12,0.8533739059724342,0,17.5,0,2.520674781194487
nominal,464,none,72,72,97,82,0,15,15,0,0.0,0,23.5,0,17.35
nominal,464,open_loop,72,72,97,85,0,12,12,6,0.8533739059724342,0,26.5,0,15.120674781194488
nominal,464,feedback,72,72,97,87,0,10,10,12,3.2773389109241906,0,22.5,0,13.505467782184837
nominal,465,none,63,63,78,70,0,8,8,0,0.0,0,26.5,0,10.65
nominal,465,open_loop,63,63,78,73,0,5,5,6,0.8533739059724342,0,23.5,0,7.820674781194487
nominal,465,feedback,63,63,78,78,0,0,0,32,7.246617723251864,0,21.5,0,5.1993235446503725
nominal,466,none,48,48,83,72,0,11,11,0,0.0,0,30.5,0,14.05
nominal,466,open_loop,48,48,83,75,0,8,8,6,0.8533739059724342,0,33.5,0,11.820674781194487
nominal,466,feedback,48,48,83,72,0,11,11,0,0.0,0,30.5,0,14.05
nominal,467,none,49,49,64,64,0,0,0,0,0.0,0,21.5,0,2.15
nominal,467,open_loop,49,49,64,64,0,0,0,6,0.8533739059724342,0,21.5,0,2.620674781194487
nominal,467,feedback,49,49,64,64,0,0,0,12,3.994556103931079,0,21.5,0,3.548911220786216
nominal,468,none,78,78,72,67,0,5,5,0,0.0,0,41.5,0,9.15
nominal,468,open_loop,78,78,72,70,0,2,2,6,0.8533739059724342,0,38.5,0,6.320674781194487
nominal,468,feedback,78,78,72,72,0,0,0,38,11.215896535579539,0,12.5,4,5.393179307115908
nominal,469,none,76,76,80,71,0,9,9,0,0.0,0,31.5,0,12.15
nominal,469,open_loop,76,76,80,74,0,6,6,6,0.8533739059724342,0,28.5,0,9.320674781194487
nominal,469,feedback,76,76,80,79,0,1,1,32,7.357497144614005,0,10.5,0,5.1214994289228
nominal,470,none,46,46,64,60,0,4,4,0,0.0,0,21.5,0,6.15
nominal,470,open_loop,46,46,64,63,0,1,1,6,0.8533739059724342,0,23.5,0,3.8206747811944872
nominal,470,feedback,46,46,64,64,0,0,0,22,5.650749332669136,0,24.5,0,4.680149866533828
nominal,471,none,68,68,78,78,0,0,0,0,0.0,0,29.5,0,2.95
nominal,471,open_loop,68,68,78,75,0,3,3,6,0.8533739059724342,0,26.5,0,6.120674781194487
nominal,471,feedback,68,68,78,78,0,0,0,12,6.2823643959172895,0,17.5,0,3.606472879183458
nominal,472,none,62,62,74,60,0,14,14,0,0.0,0,32.5,0,17.25
nominal,472,open_loop,62,62,74,63,0,11,11,6,0.8533739059724342,0,29.5,0,14.420674781194489
nominal,472,feedback,62,62,74,71,0,3,3,27,5.701303915875947,0,21.5,5,7.640260783175188
nominal,473,none,64,64,77,58,0,19,19,0,0.0,0,36.5,0,22.65
nominal,473,open_loop,64,64,77,61,0,16,16,6,0.8533739059724342,0,33.5,0,19.82067478119449
nominal,473,feedback,64,64,77,73,0,4,4,30,8.074714337620893,0,22.5,0,9.364942867524178
nominal,474,none,63,63,75,69,0,6,6,0,0.0,0,29.5,0,8.95
nominal,474,open_loop,63,63,75,72,0,3,3,6,0.8533739059724342,0,32.5,0,6.720674781194487
nominal,474,feedback,63,63,75,75,0,0,0,18,4.822652718300107,0,29.5,4,4.814530543660021
nominal,475,none,62,62,79,78,0,1,1,0,0.0,0,22.5,0,3.25
nominal,475,open_loop,62,62,79,78,0,1,1,5,0.8533739059724342,1,22.5,1,3.670674781194487
nominal,475,feedback,62,62,79,78,0,1,1,8,0.8533739059724342,0,22.5,0,3.820674781194487
nominal,476,none,67,67,82,82,0,0,0,0,0.0,0,21.5,0,2.15
nominal,476,open_loop,67,67,82,82,0,0,0,6,0.8533739059724342,0,21.5,0,2.620674781194487
nominal,476,feedback,67,67,82,82,0,0,0,8,4.822652718300108,0,21.5,0,3.5145305436600216
nominal,477,none,61,57,69,65,4,4,8,0,0.0,0,37.5,0,11.75
nominal,477,open_loop,61,60,69,68,1,1,2,6,0.8533739059724342,0,37.5,0,6.220674781194487
nominal,477,feedback,61,61,69,69,0,0,0,28,2.5601217179173026,0,17.5,0,3.6620243435834605
nominal,478,none,68,68,80,67,0,13,13,0,0.0,0,31.5,0,16.15
nominal,478,open_loop,68,68,80,70,0,10,10,6,0.8533739059724342,0,28.5,0,13.320674781194487
nominal,478,feedback,68,68,80,80,0,0,0,34,6.529400530244976,0,19.5,0,4.955880106048996
nominal,479,none,51,51,62,59,0,3,3,0,0.0,0,15.5,0,4.55
nominal,479,open_loop,51,51,62,57,0,5,5,6,0.8533739059724342,0,12.5,0,6.720674781194487
nominal,479,feedback,51,51,62,59,0,3,3,0,0.0,0,15.5,0,4.55
nominal,480,none,83,81,79,67,2,12,14,0,0.0,0,44.5,0,18.45
nominal,480,open_loop,83,83,79,70,0,9,9,6,0.8533739059724342,0,43.5,0,13.820674781194487
nominal,480,feedback,83,83,79,77,0,2,2,47,10.49867934257265,0,13.5,1,7.79973586851453
nominal,481,none,53,53,85,75,0,10,10,0,0.0,0,28.5,0,12.85
nominal,481,open_loop,53,53,85,78,0,7,7,6,0.8533739059724342,0,31.5,0,10.620674781194488
nominal,481,feedback,53,53,85,85,0,0,0,24,6.39324381727943,0,38.5,0,6.328648763455886
nominal,482,none,62,62,82,77,0,5,5,0,0.0,0,22.5,0,7.25
nominal,482,open_loop,62,62,82,80,0,2,2,6,0.8533739059724342,0,24.5,0,4.920674781194487
nominal,482,feedback,62,62,82,82,0,0,0,12,2.5601217179173026,0,26.5,0,3.762024343583461
nominal,483,none,75,75,79,69,0,10,10,0,0.0,0,36.5,0,13.65
nominal,483,open_loop,75,75,79,72,0,7,7,6,0.8533739059724342,0,33.5,0,10.820674781194487
nominal,483,feedback,75,75,79,78,0,1,1,32,8.125268920827704,0,24.5,4,6.675053784165541
nominal,484,none,57,57,66,66,0,0,0,0,0.0,0,28.5,0,2.85
nominal,484,open_loop,57,57,66,66,0,0,0,6,0.8533739059724342,0,22.5,0,2.7206747811944867
nominal,484,feedback,57,57,66,66,0,0,0,18,5.701303915875947,0,18.5,0,3.8902607831751896
nominal,485,none,64,64,72,72,0,0,0,0,0.0,0,35.5,0,3.5500000000000003
nominal,485,open_loop,64,64,72,72,0,0,0,6,0.8533739059724342,0,29.5,0,3.420674781194487
nominal,485,feedback,64,64,72,72,0,0,0,14,2.5601217179173026,0,21.5,0,3.3620243435834603
nominal,486,none,59,59,99,85,0,14,14,0,0.0,0,32.5,0,17.25
nominal,486,open_loop,59,59,99,88,0,11,11,6,0.8533739059724342,0,35.5,0,15.020674781194488
nominal,486,feedback,59,59,99,85,0,14,14,8,2.3986877133483513,0,32.5,0,18.129737542669673
nominal,487,none,64,64,79,68,0,11,11,0,0.0,0,26.5,0,13.65
nominal,487,open_loop,64,64,79,71,0,8,8,6,0.8533739059724342,0,23.5,0,10.820674781194487
nominal,487,feedback,64,64,79,79,0,0,0,22,3.3882183322863315,0,21.5,0,3.9276436664572665
nominal,488,none,49,49,80,67,0,13,13,0,0.0,0,24.5,0,15.45
nominal,488,open_loop,49,49,80,69,0,11,11,6,0.8533739059724342,0,26.5,0,14.120674781194488
nominal,488,feedback,49,49,80,67,0,13,13,12,0.0,0,24.5,0,16.05
nominal,489,none,69,69,66,64,0,2,2,0,0.0,0,35.5,0,5.550000000000001
nominal,489,open_loop,69,69,66,66,0,0,0,6,0.8533739059724342,0,31.5,0,3.620674781194487
nominal,489,feedback,69,69,66,66,0,0,0,25,6.529400530244976,0,21.5,5,4.705880106048996
nominal,490,none,56,56,69,68,0,1,1,0,0.0,0,27.5,0,3.75
nominal,490,open_loop,56,56,69,69,0,0,0,6,0.8533739059724342,0,22.5,0,2.7206747811944867
nominal,490,feedback,56,56,69,69,0,0,0,4,1.7067478119448685,0,24.5,0,2.991349562388974
nominal,491,none,59,59,70,59,0,11,11,0,0.0,0,28.5,0,13.85
nominal,491,open_loop,59,59,70,62,0,8,8,6,0.8533739059724342,0,25.5,0,11.020674781194488
nominal,491,feedback,59,59,70,68,0,2,2,18,2.5601217179173026,0,19.5,0,5.36202434358346
nominal,492,none,53,53,95,78,0,17,17,0,0.0,0,31.5,0,20.15
nominal,492,open_loop,53,53,95,80,0,15,15,5,0.8533739059724342,1,33.5,1,18.770674781194487
nominal,492,feedback,53,53,95,82,0,13,13,8,0.8533739059724342,0,35.5,0,17.120674781194488
nominal,493,none,70,69,64,63,1,1,2,0,0.0,0,34.5,0,5.45
nominal,493,open_loop,70,70,64,64,0,0,0,6,0.8533739059724342,0,30.5,0,3.5206747811944874
nominal,493,feedback,70,70,64,64,0,0,0,45,8.953365535196733,0,12.5,5,5.290673107039346
nominal,494,none,63,63,78,76,0,2,2,0,0.0,0,30.5,0,5.050000000000001
nominal,494,open_loop,63,63,78,76,0,2,2,6,0.8533739059724342,0,30.5,0,5.5206747811944865
nominal,494,feedback,63,63,78,77,0,1,1,15,6.589725368400306,0,23.5,3,5.417945073680061
nominal,495,none,57,57,84,75,0,9,9,0,0.0,0,31.5,0,12.15
nominal,495,open_loop,57,57,84,77,0,7,7,4,0.8533739059724342,2,33.5,2,10.720674781194488
nominal,495,feedback,57,57,84,80,0,4,4,14,4.822652718300107,0,29.5,0,8.614530543660022
nominal,496,none,63,62,70,61,1,9,10,0,0.0,0,31.5,0,13.15
nominal,496,open_loop,63,63,70,64,0,6,6,6,0.8533739059724342,0,29.5,0,9.420674781194487
nominal,496,feedback,63,63,70,70,0,0,0,24,5.812183337238088,0,24.5,4,4.812436667447618
nominal,497,none,59,59,80,73,0,7,7,0,0.0,0,21.5,0,9.15
nominal,497,open_loop,59,59,80,76,0,4,4,6,0.8533739059724342,0,23.5,0,6.820674781194487
nominal,497,feedback,59,59,80,78,0,2,2,10,0.8533739059724342,0,25.5,0,5.220674781194488
nominal,498,none,61,61,76,69,0,7,7,0,0.0,0,39.5,0,10.95
nominal,498,open_loop,61,61,76,70,0,6,6,6,0.8533739059724342,0,40.5,0,10.520674781194487
nominal,498,feedback,61,61,76,76,0,0,0,26,4.711773296937967,0,21.5,0,4.392354659387593
nominal,499,none,69,69,83,79,0,4,4,0,0.0,0,33.5,0,7.35
nominal,499,open_loop,69,69,83,82,0,1,1,6,0.8533739059724342,0,30.5,0,4.520674781194487
nominal,499,feedback,69,69,83,83,0,0,0,20,4.266869529862171,0,20.5,0,3.9033739059724346
nominal,500,none,65,65,84,67,0,17,17,0,0.0,0,28.5,0,19.85
nominal,500,open_loop,65,65,84,70,0,14,14,6,0.8533739059724342,0,25.5,0,17.020674781194487
nominal,500,feedback,65,65,84,79,0,5,5,24,6.39324381727943,0,23.5,2,9.828648763455886
nominal,501,none,62,62,72,65,0,7,7,0,0.0,0,28.5,0,9.85
nominal,501,open_loop,62,62,72,68,0,4,4,6,0.8533739059724342,0,31.5,0,7.620674781194487
nominal,501,feedback,62,62,72,72,0,0,0,22,6.418521108882835,0,19.5,0,4.333704221776568
nominal,502,none,46,46,90,77,0,13,13,0,0.0,0,37.5,0,16.75
nominal,502,open_loop,46,46,90,78,0,12,12,5,0.8533739059724342,1,38.5,1,16.270674781194487
nominal,502,feedback,46,46,90,77,0,13,13,4,0.8533739059724342,0,37.5,0,17.120674781194488
nominal,503,none,72,71,75,64,1,11,12,0,0.0,0,37.5,0,15.75
nominal,503,open_loop,72,72,75,67,0,8,8,6,0.8533739059724342,0,35.5,0,12.020674781194488
nominal,503,feedback,72,72,75,75,0,0,0,26,6.640279951607117,0,29.5,6,5.578055990321424
nominal,504,none,67,67,72,71,0,1,1,0,0.0,0,18.5,0,2.85
nominal,504,open_loop,67,67,72,72,0,0,0,6,0.8533739059724342,0,13.5,0,1.820674781194487
nominal,504,feedback,67,67,72,72,0,0,0,12,2.5601217179173026,0,12.5,0,2.3620243435834607
nominal,505,none,72,72,65,65,0,0,0,0,0.0,0,29.5,0,2.95
nominal,505,open_loop,72,72,65,65,0,0,0,6,0.8533739059724342,0,23.5,0,2.8206747811944872
nominal,505,feedback,72,72,65,65,0,0,0,40,6.665557243210523,0,9.5,4,4.283111448642105
nominal,506,none,61,61,80,64,0,16,16,0,0.0,0,23.5,0,18.35
nominal,506,open_loop,61,61,80,67,0,13,13,6,0.8533739059724342,0,23.5,0,15.820674781194487
nominal,506,feedback,61,61,80,67,0,13,13,24,4.165760363448549,0,24.5,2,17.48315207268971
nominal,507,none,70,63,59,54,7,5,12,0,0.0,0,39.5,0,15.95
nominal,507,open_loop,70,66,59,57,4,2,6,6,0.8533739059724342,0,39.5,0,10.420674781194487
nominal,507,feedback,70,70,59,59,0,0,0,46,8.125268920827704,0,5.5,0,4.475053784165541
nominal,508,none,67,67,88,70,0,18,18,0,0.0,0,25.5,0,20.55
nominal,508,open_loop,67,67,88,73,0,15,15,6,0.8533739059724342,0,22.5,0,17.72067478119449
nominal,508,feedback,67,67,88,79,0,9,9,18,3.2773389109241906,0,23.5,0,12.905467782184838
nominal,509,none,59,59,69,58,0,11,11,0,0.0,0,29.5,0,13.95
nominal,509,open_loop,59,59,69,61,0,8,8,6,0.8533739059724342,0,26.5,0,11.120674781194488
nominal,509,feedback,59,59,69,65,0,4,4,15,4.822652718300108,0,26.5,5,8.364530543660022
nominal,510,none,59,59,87,80,0,7,7,0,0.0,0,28.5,0,9.85
nominal,510,open_loop,59,59,87,83,0,4,4,6,0.8533739059724342,0,30.5,0,7.5206747811944865
nominal,510,feedback,59,59,87,84,0,3,3,8,1.7067478119448685,0,31.5,0,6.8913495623889744
nominal,511,none,58,58,90,76,0,14,14,0,0.0,0,33.5,0,17.35
nominal,511,open_loop,58,58,90,79,0,11,11,6,0.8533739059724342,0,30.5,0,14.520674781194488
nominal,511,feedback,58,58,90,83,0,7,7,14,3.994556103931079,0,31.5,0,11.648911220786216
paired_pulse,0,none,81,65,85,70,16,15,31,0,0.0,0,32.5,0,34.25
paired_pulse,0,open_loop,81,68,85,73,13,12,25,6,0.8533739059724342,0,32.5,0,28.72067478119449
paired_pulse,0,feedback,81,81,85,85,0,0,0,53,5.9736173418070395,0,11.5,1,4.994723468361409
paired_pulse,1,none,75,67,80,61,8,19,27,0,0.0,0,36.5,0,30.65
paired_pulse,1,open_loop,75,70,80,64,5,16,21,6,0.8533739059724342,0,36.5,0,25.120674781194488
paired_pulse,1,feedback,75,75,80,80,0,0,0,38,5.0949661442312,0,25.5,0,5.468993228846241
paired_pulse,2,none,66,59,86,70,7,16,23,0,0.0,0,38.5,0,26.85
paired_pulse,2,open_loop,66,62,86,73,4,13,17,6,0.8533739059724342,0,38.5,0,21.32067478119449
paired_pulse,2,feedback,66,66,86,86,0,0,0,33,4.266869529862171,0,31.5,3,5.653373905972435
paired_pulse,3,none,75,68,96,71,7,25,32,0,0.0,0,28.5,0,34.85
paired_pulse,3,open_loop,75,71,96,74,4,22,26,6,0.8533739059724342,0,28.5,0,29.32067478119449
paired_pulse,3,feedback,75,75,96,91,0,5,5,42,4.266869529862171,0,22.5,0,10.203373905972434
paired_pulse,4,none,95,86,94,75,9,19,28,0,0.0,0,41.5,0,32.15
paired_pulse,4,open_loop,95,89,94,78,6,16,22,6,0.8533739059724342,0,41.5,0,26.620674781194488
paired_pulse,4,feedback,95,95,94,94,0,0,0,54,7.518931149182957,0,15.5,0,5.753786229836591
paired_pulse,5,none,77,76,87,67,1,20,21,0,0.0,0,35.5,0,24.55
paired_pulse,5,open_loop,77,77,87,70,0,17,17,6,0.8533739059724342,0,33.5,0,20.82067478119449
paired_pulse,5,feedback,77,77,87,87,0,0,0,52,6.529400530244976,0,16.5,0,5.5558801060489955
paired_pulse,6,none,66,66,93,79,0,14,14,0,0.0,0,28.5,0,16.85
paired_pulse,6,open_loop,66,66,93,82,0,11,11,6,0.8533739059724342,0,25.5,0,14.020674781194488
paired_pulse,6,feedback,66,66,93,87,0,6,6,16,0.8533739059724342,0,27.5,0,9.720674781194486
paired_pulse,7,none,71,59,86,66,12,20,32,0,0.0,0,36.5,0,35.65
paired_pulse,7,open_loop,71,62,86,69,9,17,26,6,0.8533739059724342,0,36.5,0,30.120674781194488
paired_pulse,7,feedback,71,71,86,86,0,0,0,42,5.9736173418070395,0,32.5,6,6.544723468361408
paired_pulse,8,none,73,67,79,65,6,14,20,0,0.0,0,30.5,0,23.05
paired_pulse,8,open_loop,73,70,79,68,3,11,14,6,0.8533739059724342,0,30.5,0,17.520674781194487
paired_pulse,8,feedback,73,73,79,77,0,2,2,30,4.958809431265654,0,18.5,0,6.341761886253131
paired_pulse,9,none,71,71,102,75,0,27,27,0,0.0,0,26.5,0,29.65
paired_pulse,9,open_loop,71,71,102,78,0,24,24,6,0.8533739059724342,0,23.5,0,26.82067478119449
paired_pulse,9,feedback,71,71,102,88,0,14,14,26,2.5601217179173026,0,28.5,0,18.66202434358346
paired_pulse,10,none,71,69,91,71,2,20,22,0,0.0,0,31.5,0,25.15
paired_pulse,10,open_loop,71,71,91,74,0,17,17,6,0.8533739059724342,0,30.5,0,20.52067478119449
paired_pulse,10,feedback,71,71,91,87,0,4,4,32,6.640279951607117,0,22.5,0,9.178055990321424
paired_pulse,11,none,58,57,81,65,1,16,17,0,0.0,0,35.5,0,20.55
paired_pulse,11,open_loop,58,58,81,68,0,13,13,6,0.8533739059724342,0,33.5,0,16.820674781194487
paired_pulse,11,feedback,58,58,81,78,0,3,3,26,2.5601217179173026,0,26.5,0,7.462024343583461
paired_pulse,12,none,69,67,91,71,2,20,22,0,0.0,0,31.5,0,25.15
paired_pulse,12,open_loop,69,69,91,74,0,17,17,6,0.8533739059724342,0,30.5,0,20.52067478119449
paired_pulse,12,feedback,69,69,91,83,0,8,8,32,2.5601217179173026,0,20.5,0,12.162024343583461
paired_pulse,13,none,75,69,87,67,6,20,26,0,0.0,0,32.5,0,29.25
paired_pulse,13,open_loop,75,72,87,70,3,17,20,6,0.8533739059724342,0,32.5,0,23.72067478119449
paired_pulse,13,feedback,75,74,87,86,1,1,2,48,4.984086722869059,0,18.5,0,7.246817344573813
paired_pulse,14,none,54,54,79,66,0,13,13,0,0.0,0,33.5,0,16.35
paired_pulse,14,open_loop,54,54,79,69,0,10,10,6,0.8533739059724342,0,30.5,0,13.520674781194488
paired_pulse,14,feedback,54,54,79,79,0,0,0,28,3.2773389109241906,0,31.5,0,5.205467782184838
paired_pulse,15,none,79,71,84,69,8,15,23,0,0.0,0,30.5,0,26.05
paired_pulse,15,open_loop,79,74,84,72,5,12,17,6,0.8533739059724342,0,30.5,0,20.52067478119449
paired_pulse,15,feedback,79,79,84,84,0,0,0,36,6.665557243210522,0,17.5,0,4.883111448642104
paired_pulse,16,none,58,58,78,61,0,17,17,0,0.0,0,26.5,0,19.65
paired_pulse,16,open_loop,58,58,78,64,0,14,14,6,0.8533739059724342,0,23.5,0,16.820674781194487
paired_pulse,16,feedback,58,58,78,74,0,4,4,26,6.39324381727943,0,25.5,0,9.128648763455887
paired_pulse,17,none,55,55,86,62,0,24,24,0,0.0,0,23.5,0,26.35
paired_pulse,17,open_loop,55,55,86,65,0,21,21,6,0.8533739059724342,0,20.5,0,23.52067478119449
paired_pulse,17,feedback,55,55,86,73,0,13,13,22,3.3882183322863315,0,24.5,0,17.227643666457265
paired_pulse,18,none,73,67,83,65,6,18,24,0,0.0,0,32.5,0,27.25
paired_pulse,18,open_loop,73,70,83,68,3,15,18,6,0.8533739059724342,0,32.5,0,21.72067478119449
paired_pulse,18,feedback,73,73,83,83,0,0,0,46,8.236148342189844,0,17.5,0,5.697229668437969
paired_pulse,19,none,70,64,84,65,6,19,25,0,0.0,0,30.5,0,28.05
paired_pulse,19,open_loop,70,67,84,68,3,16,19,6,0.8533739059724342,0,30.5,0,22.52067478119449
paired_pulse,19,feedback,70,70,84,84,0,0,0,38,4.266869529862171,0,20.5,0,4.8033739059724345
paired_pulse,20,none,72,72,89,69,0,20,20,0,0.0,0,33.5,0,23.35
paired_pulse,20,open_loop,72,72,89,72,0,17,17,6,0.8533739059724342,0,30.5,0,20.52067478119449
paired_pulse,20,feedback,72,72,89,84,0,5,5,36,5.812183337238088,0,21.5,0,10.112436667447618
paired_pulse,21,none,66,65,66,58,1,8,9,0,0.0,0,33.5,0,12.35
paired_pulse,21,open_loop,66,66,66,61,0,5,5,6,0.8533739059724342,0,31.5,0,8.620674781194488
paired_pulse,21,feedback,66,66,66,66,0,0,0,32,7.246617723251864,0,10.5,0,4.099323544650373
paired_pulse,22,none,68,65,79,64,3,15,18,0,0.0,0,29.5,0,20.95
paired_pulse,22,open_loop,68,68,79,67,0,12,12,6,0.8533739059724342,0,29.5,0,15.420674781194489
paired_pulse,22,feedback,68,68,79,79,0,0,0,36,4.266869529862171,0,24.5,0,5.103373905972434
paired_pulse,23,none,79,71,89,69,8,20,28,0,0.0,0,32.5,0,31.25
paired_pulse,23,open_loop,79,74,89,72,5,17,22,6,0.8533739059724342,0,32.5,0,25.72067478119449
paired_pulse,23,feedback,79,79,89,89,0,0,0,52,8.236148342189844,0,17.5,0,5.997229668437969
paired_pulse,24,none,71,71,81,73,0,8,8,0,0.0,0,28.5,0,10.85
paired_pulse,24,open_loop,71,71,81,76,0,5,5,6,0.8533739059724342,0,25.5,0,8.020674781194487
paired_pulse,24,feedback,71,71,81,81,0,0,0,42,8.185593758983034,0,16.5,0,5.387118751796607
paired_pulse,25,none,71,69,85,67,2,18,20,0,0.0,0,32.5,0,23.25
paired_pulse,25,open_loop,71,71,85,70,0,15,15,6,0.8533739059724342,0,31.5,0,18.620674781194488
paired_pulse,25,feedback,71,71,85,85,0,0,0,38,5.701303915875947,0,25.5,0,5.590260783175189
paired_pulse,26,none,73,73,102,81,0,21,21,0,0.0,0,27.5,0,23.75
paired_pulse,26,open_loop,73,73,102,84,0,18,18,6,0.8533739059724342,0,24.5,0,20.92067478119449
paired_pulse,26,feedback,73,73,102,93,0,9,9,24,3.2773389109241906,0,26.5,0,13.505467782184837
paired_pulse,27,none,67,67,98,75,0,23,23,0,0.0,0,29.5,0,25.95
paired_pulse,27,open_loop,67,67,98,78,0,20,20,6,0.8533739059724342,0,26.5,0,23.120674781194488
paired_pulse,27,feedback,67,67,98,83,0,15,15,16,0.8533739059724342,0,22.5,0,18.22067478119449
paired_pulse,28,none,94,93,100,75,1,25,26,0,0.0,0,48.5,0,30.85
paired_pulse,28,open_loop,94,94,100,78,0,22,22,6,0.8533739059724342,0,46.5,0,27.120674781194488
paired_pulse,28,feedback,94,94,100,88,0,12,12,40,7.357497144614005,0,38.5,8,19.321499428922802
paired_pulse,29,none,69,64,83,68,5,15,20,0,0.0,0,26.5,0,22.65
paired_pulse,29,open_loop,69,67,83,71,2,12,14,6,0.8533739059724342,0,26.5,0,17.120674781194488
paired_pulse,29,feedback,69,69,83,83,0,0,0,43,6.690834534813927,0,20.5,1,5.538166906962786
paired_pulse,30,none,75,69,78,76,6,2,8,0,0.0,0,34.5,0,11.45
paired_pulse,30,open_loop,75,72,78,78,3,0,3,6,0.8533739059724342,0,33.5,0,6.820674781194487
paired_pulse,30,feedback,75,75,78,78,0,0,0,36,4.266869529862171,0,9.5,0,3.6033739059724343
paired_pulse,31,none,82,68,74,59,14,15,29,0,0.0,0,39.5,0,32.95
paired_pulse,31,open_loop,82,71,74,62,11,12,23,6,0.8533739059724342,0,39.5,0,27.42067478119449
paired_pulse,31,feedback,82,82,74,74,0,0,0,60,9.832016732772573,0,10.5,2,6.016403346554514
paired_pulse,32,none,60,55,73,64,5,9,14,0,0.0,0,30.5,0,17.05
paired_pulse,32,open_loop,60,58,73,67,2,6,8,6,0.8533739059724342,0,30.5,0,11.520674781194488
paired_pulse,32,feedback,60,60,73,73,0,0,0,32,4.266869529862171,0,19.5,0,4.403373905972435
paired_pulse,33,none,56,56,92,82,0,10,10,0,0.0,0,41.5,0,14.15
paired_pulse,33,open_loop,56,56,92,85,0,7,7,6,0.8533739059724342,0,38.5,0,11.320674781194487
paired_pulse,33,feedback,56,56,92,89,0,3,3,18,4.1054355252932195,0,39.5,0,8.671087105058643
paired_pulse,34,none,66,58,93,65,8,28,36,0,0.0,0,36.5,0,39.65
paired_pulse,34,open_loop,66,61,93,68,5,25,30,6,0.8533739059724342,0,36.5,0,34.12067478119449
paired_pulse,34,feedback,66,64,93,85,2,8,10,40,4.266869529862171,0,27.5,0,15.603373905972434
paired_pulse,35,none,67,63,80,67,4,13,17,0,0.0,0,31.5,0,20.15
paired_pulse,35,open_loop,67,66,80,70,1,10,11,6,0.8533739059724342,0,31.5,0,14.620674781194488
paired_pulse,35,feedback,67,67,80,80,0,0,0,36,7.4080517278208164,0,19.5,0,5.231610345564164
paired_pulse,36,none,65,64,95,66,1,29,30,0,0.0,0,29.5,0,32.95
paired_pulse,36,open_loop,65,65,95,69,0,26,26,6,0.8533739059724342,0,27.5,0,29.22067478119449
paired_pulse,36,feedback,65,65,95,81,0,14,14,36,5.0949661442312,0,22.5,0,19.068993228846242
paired_pulse,37,none,60,52,87,64,8,23,31,0,0.0,0,41.5,0,35.15
paired_pulse,37,open_loop,60,55,87,67,5,20,25,6,0.8533739059724342,0,41.5,0,29.620674781194488
paired_pulse,37,feedback,60,60,87,82,0,5,5,35,5.9736173418070395,0,35.5,3,11.494723468361409
paired_pulse,38,none,58,53,97,68,5,29,34,0,0.0,0,44.5,0,38.45
paired_pulse,38,open_loop,58,56,97,71,2,26,28,6,0.8533739059724342,0,44.5,0,32.92067478119449
paired_pulse,38,feedback,58,58,97,78,0,19,19,20,3.413495623889737,0,39.5,0,24.632699124777947
paired_pulse,39,none,88,83,85,70,5,15,20,0,0.0,0,43.5,0,24.35
paired_pulse,39,open_loop,88,83,85,73,5,12,17,6,0.8533739059724342,0,40.5,0,21.52067478119449
paired_pulse,39,feedback,88,88,85,81,0,4,4,44,9.670582728203621,0,28.5,8,10.984116545640724
paired_pulse,40,none,65,65,92,80,0,12,12,0,0.0,0,24.5,0,14.45
paired_pulse,40,open_loop,65,65,92,83,0,9,9,6,0.8533739059724342,0,24.5,0,11.920674781194489
paired_pulse,40,feedback,65,65,92,90,0,2,2,20,4.21631494665536,0,31.5,0,6.993262989331072
paired_pulse,41,none,87,79,85,68,8,17,25,0,0.0,0,39.5,0,28.95
paired_pulse,41,open_loop,87,82,85,71,5,14,19,6,0.8533739059724342,0,39.5,0,23.42067478119449
paired_pulse,41,feedback,87,87,85,85,0,0,0,48,8.125268920827704,0,16.5,0,5.6750537841655415
paired_pulse,42,none,69,58,77,59,11,18,29,0,0.0,0,27.5,0,31.75
paired_pulse,42,open_loop,69,61,77,62,8,15,23,6,0.8533739059724342,0,27.5,0,26.22067478119449
paired_pulse,42,feedback,69,69,77,77,0,0,0,38,5.120243435834605,0,18.5,0,4.774048687166921
paired_pulse,43,none,73,73,90,77,0,13,13,0,0.0,0,27.5,0,15.75
paired_pulse,43,open_loop,73,73,90,80,0,10,10,6,0.8533739059724342,0,24.5,0,12.920674781194489
paired_pulse,43,feedback,73,73,90,84,0,6,6,14,1.7067478119448685,0,20.5,0,9.091349562388974
paired_pulse,44,none,68,68,80,69,0,11,11,0,0.0,0,29.5,0,13.95
paired_pulse,44,open_loop,68,68,80,72,0,8,8,6,0.8533739059724342,0,26.5,0,11.120674781194488
paired_pulse,44,feedback,68,68,80,80,0,0,0,38,4.9335321396622485,0,19.5,0,4.83670642793245
paired_pulse,45,none,66,57,90,68,9,22,31,0,0.0,0,34.5,0,34.45
paired_pulse,45,open_loop,66,60,90,71,6,19,25,6,0.8533739059724342,0,34.5,0,28.92067478119449
paired_pulse,45,feedback,66,66,90,87,0,3,3,42,7.518931149182957,0,27.5,0,9.35378622983659
paired_pulse,46,none,69,62,70,53,7,17,24,0,0.0,0,39.5,0,27.95
paired_pulse,46,open_loop,69,65,70,56,4,14,18,6,0.8533739059724342,0,39.5,0,22.42067478119449
paired_pulse,46,feedback,69,69,70,70,0,0,0,54,8.236148342189844,0,9.5,0,5.29722966843797
paired_pulse,47,none,77,72,85,69,5,16,21,0,0.0,0,33.5,0,24.35
paired_pulse,47,open_loop,77,75,85,72,2,13,15,6,0.8533739059724342,0,33.5,0,18.820674781194487
paired_pulse,47,feedback,77,77,85,85,0,0,0,45,8.953365535196733,0,25.5,5,6.590673107039347
paired_pulse,48,none,76,68,83,69,8,14,22,0,0.0,0,29.5,0,24.95
paired_pulse,48,open_loop,76,71,83,72,5,11,16,6,0.8533739059724342,0,29.5,0,19.42067478119449
paired_pulse,48,feedback,76,76,83,80,0,3,3,40,4.266869529862171,0,11.5,0,7.003373905972435
paired_pulse,49,none,70,65,84,70,5,14,19,0,0.0,0,25.5,0,21.55
paired_pulse,49,open_loop,70,68,84,73,2,11,13,6,0.8533739059724342,0,25.5,0,16.020674781194487
paired_pulse,49,feedback,70,70,84,84,0,0,0,32,4.266869529862171,0,23.5,0,4.8033739059724345
paired_pulse,50,none,71,62,65,60,9,5,14,0,0.0,0,32.5,0,17.25
paired_pulse,50,open_loop,71,65,65,63,6,2,8,6,0.8533739059724342,0,32.5,0,11.720674781194488
paired_pulse,50,feedback,71,71,65,65,0,0,0,44,5.9736173418070395,0,9.5,0,4.344723468361408
paired_pulse,51,none,63,63,73,63,0,10,10,0,0.0,0,30.5,0,13.05
paired_pulse,51,open_loop,63,63,73,66,0,7,7,6,0.8533739059724342,0,27.5,0,10.220674781194486
paired_pulse,51,feedback,63,63,73,73,0,0,0,34,9.645305436600216,0,19.5,0,5.579061087320044
paired_pulse,52,none,67,63,75,71,4,4,8,0,0.0,0,35.5,0,11.55
paired_pulse,52,open_loop,67,66,75,74,1,1,2,6,0.8533739059724342,0,35.5,0,6.0206747811944865
paired_pulse,52,feedback,67,67,75,75,0,0,0,28,4.266869529862171,0,15.5,0,3.8033739059724345
paired_pulse,53,none,74,63,94,77,11,17,28,0,0.0,0,43.5,0,32.35
paired_pulse,53,open_loop,74,66,94,80,8,14,22,6,0.8533739059724342,0,43.5,0,26.82067478119449
paired_pulse,53,feedback,74,74,94,89,0,5,5,42,7.629810570545097,0,24.5,0,11.075962114109018
paired_pulse,54,none,72,72,86,73,0,13,13,0,0.0,0,25.5,0,15.55
paired_pulse,54,open_loop,72,72,86,76,0,10,10,6,0.8533739059724342,0,22.5,0,12.720674781194488
paired_pulse,54,feedback,72,72,86,85,0,1,1,32,7.963834916258753,0,19.5,0,6.142766983251751
paired_pulse,55,none,83,78,77,62,5,15,20,0,0.0,0,46.5,0,24.65
paired_pulse,55,open_loop,83,81,77,65,2,12,14,6,0.8533739059724342,0,46.5,0,19.120674781194488
paired_pulse,55,feedback,83,83,77,77,0,0,0,59,10.549233925779461,0,12.5,5,6.309846785155893
paired_pulse,56,none,62,62,90,74,0,16,16,0,0.0,0,31.5,0,19.15
paired_pulse,56,open_loop,62,62,90,77,0,13,13,6,0.8533739059724342,0,28.5,0,16.320674781194487
paired_pulse,56,feedback,62,62,90,86,0,4,4,24,3.413495623889737,0,30.5,0,8.932699124777947
paired_pulse,57,none,66,65,86,72,1,14,15,0,0.0,0,34.5,0,18.45
paired_pulse,57,open_loop,66,66,86,75,0,11,11,6,0.8533739059724342,0,32.5,0,14.720674781194488
paired_pulse,57,feedback,66,66,86,86,0,0,0,30,5.701303915875948,0,26.5,0,5.29026078317519
paired_pulse,58,none,69,69,98,78,0,20,20,0,0.0,0,26.5,0,22.65
paired_pulse,58,open_loop,69,69,98,81,0,17,17,6,0.8533739059724342,0,23.5,0,19.82067478119449
paired_pulse,58,feedback,69,69,98,92,0,6,6,28,2.5601217179173026,0,29.5,0,10.86202434358346
paired_pulse,59,none,65,62,68,59,3,9,12,0,0.0,0,31.5,0,15.15
paired_pulse,59,open_loop,65,65,68,62,0,6,6,6,0.8533739059724342,0,31.5,0,9.620674781194488
paired_pulse,59,feedback,65,65,68,67,0,1,1,27,3.3882183322863315,0,16.5,1,4.677643666457267
paired_pulse,60,none,60,60,91,74,0,17,17,0,0.0,0,25.5,0,19.55
paired_pulse,60,open_loop,60,60,91,77,0,14,14,6,0.8533739059724342,0,28.5,0,17.320674781194487
paired_pulse,60,feedback,60,60,91,80,0,11,11,18,1.681470520341463,0,26.5,0,14.886294104068293
paired_pulse,61,none,81,76,97,74,5,23,28,0,0.0,0,32.5,0,31.25
paired_pulse,61,open_loop,81,79,97,77,2,20,22,6,0.8533739059724342,0,32.5,0,25.72067478119449
paired_pulse,61,feedback,81,81,97,88,0,9,9,28,3.413495623889737,0,23.5,0,13.432699124777947
paired_pulse,62,none,77,74,95,69,3,26,29,0,0.0,0,35.5,0,32.55
paired_pulse,62,open_loop,77,77,95,72,0,23,23,6,0.8533739059724342,0,35.5,0,27.02067478119449
paired_pulse,62,feedback,77,77,95,87,0,8,8,42,5.0949661442312,0,21.5,0,13.26899322884624
paired_pulse,63,none,53,53,80,69,0,11,11,0,0.0,0,31.5,0,14.15
paired_pulse,63,open_loop,53,53,80,72,0,8,8,6,0.8533739059724342,0,28.5,0,11.320674781194487
paired_pulse,63,feedback,53,53,80,78,0,2,2,32,2.5601217179173026,0,31.5,0,7.262024343583461
paired_pulse,64,none,77,72,91,71,5,20,25,0,0.0,0,31.5,0,28.15
paired_pulse,64,open_loop,77,75,91,74,2,17,19,6,0.8533739059724342,0,31.5,0,22.620674781194488
paired_pulse,64,feedback,77,77,91,91,0,0,0,49,8.236148342189844,0,20.5,1,6.147229668437969
paired_pulse,65,none,69,69,86,73,0,13,13,0,0.0,0,27.5,0,15.75
paired_pulse,65,open_loop,69,69,86,76,0,10,10,6,0.8533739059724342,0,24.5,0,12.920674781194489
paired_pulse,65,feedback,69,69,86,80,0,6,6,14,0.8533739059724342,0,20.5,0,8.920674781194487
paired_pulse,66,none,73,73,78,74,0,4,4,0,0.0,0,29.5,0,6.95
paired_pulse,66,open_loop,73,73,78,77,0,1,1,6,0.8533739059724342,0,26.5,0,4.120674781194487
paired_pulse,66,feedback,73,73,78,78,0,0,0,32,6.529400530244976,0,11.5,0,4.0558801060489955
paired_pulse,67,none,83,66,77,66,17,11,28,0,0.0,0,30.5,0,31.05
paired_pulse,67,open_loop,83,69,77,69,14,8,22,6,0.8533739059724342,0,30.5,0,25.52067478119449
paired_pulse,67,feedback,83,79,77,77,4,0,4,48,6.801713956176068,0,6.5,0,8.410342791235214
paired_pulse,68,none,86,81,91,70,5,21,26,0,0.0,0,41.5,0,30.15
paired_pulse,68,open_loop,86,84,91,73,2,18,20,6,0.8533739059724342,0,41.5,0,24.620674781194488
paired_pulse,68,feedback,86,86,91,89,0,2,2,44,8.099991629224299,0,21.5,0,7.969998325844861
paired_pulse,69,none,73,72,99,80,1,19,20,0,0.0,0,37.5,0,23.75
paired_pulse,69,open_loop,73,73,99,83,0,16,16,6,0.8533739059724342,0,35.5,0,20.02067478119449
paired_pulse,69,feedback,73,73,99,91,0,8,8,26,4.1054355252932195,0,24.5,0,12.571087105058645
paired_pulse,70,none,63,63,95,79,0,16,16,0,0.0,0,39.5,0,19.95
paired_pulse,70,open_loop,63,63,95,82,0,13,13,6,0.8533739059724342,0,36.5,0,17.120674781194488
paired_pulse,70,feedback,63,63,95,92,0,3,3,26,2.5601217179173026,0,35.5,0,8.36202434358346
paired_pulse,71,none,63,55,93,72,8,21,29,0,0.0,0,42.5,0,33.25
paired_pulse,71,open_loop,63,58,93,75,5,18,23,6,0.8533739059724342,0,42.5,0,27.72067478119449
paired_pulse,71,feedback,63,63,93,85,0,8,8,38,5.9736173418070395,0,28.5,0,13.944723468361408
paired_pulse,72,none,63,63,76,64,0,12,12,0,0.0,0,29.5,0,14.95
paired_pulse,72,open_loop,63,63,76,67,0,9,9,6,0.8533739059724342,0,26.5,0,12.120674781194488
paired_pulse,72,feedback,63,63,76,76,0,0,0,34,4.984086722869059,0,19.5,0,4.646817344573812
paired_pulse,73,none,58,58,79,72,0,7,7,0,0.0,0,33.5,0,10.35
paired_pulse,73,open_loop,58,58,79,75,0,4,4,6,0.8533739059724342,0,30.5,0,7.5206747811944865
paired_pulse,73,feedback,58,58,79,79,0,0,0,14,0.8533739059724342,0,27.5,0,3.620674781194487
paired_pulse,74,none,72,66,84,70,6,14,20,0,0.0,0,29.5,0,22.95
paired_pulse,74,open_loop,72,69,84,73,3,11,14,6,0.8533739059724342,0,29.5,0,17.42067478119449
paired_pulse,74,feedback,72,72,84,84,0,0,0,36,4.266869529862171,0,18.5,0,4.503373905972435
paired_pulse,75,none,74,74,91,76,0,15,15,0,0.0,0,28.5,0,17.85
paired_pulse,75,open_loop,74,74,91,79,0,12,12,6,0.8533739059724342,0,25.5,0,15.020674781194488
paired_pulse,75,feedback,74,74,91,84,0,7,7,16,3.252061619320785,0,21.5,0,10.600412323864157
paired_pulse,76,none,73,72,72,65,1,7,8,0,0.0,0,37.5,0,11.75
paired_pulse,76,open_loop,73,73,72,68,0,4,4,6,0.8533739059724342,0,35.5,0,8.020674781194487
paired_pulse,76,feedback,73,73,72,72,0,0,0,39,5.701303915875947,0,14.5,7,4.5402607831751896
paired_pulse,77,none,68,68,92,75,0,17,17,0,0.0,0,32.5,0,20.25
paired_pulse,77,open_loop,68,68,92,78,0,14,14,6,0.8533739059724342,0,29.5,0,17.42067478119449
paired_pulse,77,feedback,68,68,92,86,0,6,6,22,4.1054355252932195,0,24.5,0,10.371087105058644
paired_pulse,78,none,67,67,102,82,0,20,20,0,0.0,0,26.5,0,22.65
paired_pulse,78,open_loop,67,67,102,85,0,17,17,6,0.8533739059724342,0,24.5,0,19.92067478119449
paired_pulse,78,feedback,67,67,102,91,0,11,11,18,3.413495623889737,0,30.5,0,15.632699124777949
paired_pulse,79,none,82,82,83,72,0,11,11,0,0.0,0,40.5,0,15.05
paired_pulse,79,open_loop,82,82,83,75,0,8,8,6,0.8533739059724342,0,37.5,0,12.220674781194488
paired_pulse,79,feedback,82,82,83,81,0,2,2,30,4.958809431265654,0,27.5,0,7.241761886253131
paired_pulse,80,none,71,68,93,74,3,19,22,0,0.0,0,33.5,0,25.35
paired_pulse,80,open_loop,71,71,93,77,0,16,16,6,0.8533739059724342,0,33.5,0,19.82067478119449
paired_pulse,80,feedback,71,71,93,86,0,7,7,26,4.266869529862171,0,26.5,4,11.803373905972435
paired_pulse,81,none,63,62,76,66,1,10,11,0,0.0,0,33.5,0,14.35
paired_pulse,81,open_loop,63,63,76,69,0,7,7,6,0.8533739059724342,0,31.5,0,10.620674781194488
paired_pulse,81,feedback,63,63,76,76,0,0,0,26,2.5601217179173026,0,19.5,0,3.7620243435834606
paired_pulse,82,none,67,65,88,67,2,21,23,0,0.0,0,29.5,0,25.95
paired_pulse,82,open_loop,67,67,88,70,0,18,18,6,0.8533739059724342,0,28.5,0,21.32067478119449
paired_pulse,82,feedback,67,67,88,82,0,6,6,32,4.266869529862171,0,21.5,0,10.603373905972434
paired_pulse,83,none,62,62,79,64,0,15,15,0,0.0,0,28.5,0,17.85
paired_pulse,83,open_loop,62,62,79,67,0,12,12,6,0.8533739059724342,0,25.5,0,15.020674781194488
paired_pulse,83,feedback,62,62,79,79,0,0,0,32,3.3882183322863315,0,23.5,0,4.627643666457267
paired_pulse,84,none,74,72,93,65,2,28,30,0,0.0,0,35.5,0,33.55
paired_pulse,84,open_loop,74,74,93,68,0,25,25,6,0.8533739059724342,0,34.5,0,28.92067478119449
paired_pulse,84,feedback,74,74,93,84,0,9,9,35,9.013690373352063,0,24.5,3,15.002738074670411
paired_pulse,85,none,84,68,77,65,16,12,28,0,0.0,0,33.5,0,31.35
paired_pulse,85,open_loop,84,71,77,68,13,9,22,6,0.8533739059724342,0,33.5,0,25.82067478119449
paired_pulse,85,feedback,84,81,77,77,3,0,3,52,6.801713956176068,0,6.5,0,7.6103427912352135
paired_pulse,86,none,79,78,80,67,1,13,14,0,0.0,0,41.5,0,18.15
paired_pulse,86,open_loop,79,79,80,70,0,10,10,6,0.8533739059724342,0,39.5,0,14.420674781194489
paired_pulse,86,feedback,79,79,80,79,0,1,1,51,9.670582728203621,0,7.5,3,6.234116545640725
paired_pulse,87,none,73,68,86,66,5,20,25,0,0.0,0,28.5,0,27.85
paired_pulse,87,open_loop,73,71,86,69,2,17,19,6,0.8533739059724342,0,28.5,0,22.32067478119449
paired_pulse,87,feedback,73,73,86,84,0,2,2,42,5.0949661442312,0,20.5,0,7.16899322884624
paired_pulse,88,none,76,67,82,74,9,8,17,0,0.0,0,28.5,0,19.85
paired_pulse,88,open_loop,76,70,82,77,6,5,11,6,0.8533739059724342,0,28.5,0,14.320674781194487
paired_pulse,88,feedback,76,76,82,82,0,0,0,38,4.266869529862171,0,12.5,0,4.003373905972435
paired_pulse,89,none,70,66,67,54,4,13,17,0,0.0,0,42.5,0,21.25
paired_pulse,89,open_loop,70,69,67,57,1,10,11,6,0.8533739059724342,0,42.5,0,15.720674781194488
paired_pulse,89,feedback,70,70,67,67,0,0,0,42,8.953365535196733,0,23.5,6,6.240673107039347
paired_pulse,90,none,64,52,80,68,12,12,24,0,0.0,0,43.5,0,28.35
paired_pulse,90,open_loop,64,55,80,71,9,9,18,6,0.8533739059724342,0,43.5,0,22.82067478119449
paired_pulse,90,feedback,64,64,80,80,0,0,0,40,6.801713956176068,0,27.5,0,6.1103427912352135
paired_pulse,91,none,52,49,80,63,3,17,20,0,0.0,0,43.5,0,24.35
paired_pulse,91,open_loop,52,52,80,66,0,14,14,6,0.8533739059724342,0,43.5,0,18.820674781194487
paired_pulse,91,feedback,52,52,80,71,0,9,9,22,4.1054355252932195,0,32.5,0,14.171087105058643
paired_pulse,92,none,77,74,76,64,3,12,15,0,0.0,0,40.5,0,19.05
paired_pulse,92,open_loop,77,77,76,67,0,9,9,6,0.8533739059724342,0,40.5,0,13.520674781194487
paired_pulse,92,feedback,77,77,76,76,0,0,0,56,8.125268920827704,0,6.5,0,5.075053784165542
paired_pulse,93,none,67,67,105,84,0,21,21,0,0.0,0,26.5,0,23.65
paired_pulse,93,open_loop,67,67,105,87,0,18,18,6,0.8533739059724342,0,26.5,0,21.120674781194488
paired_pulse,93,feedback,67,67,105,95,0,10,10,22,4.1054355252932195,0,34.5,0,15.371087105058642
paired_pulse,94,none,75,75,94,73,0,21,21,0,0.0,0,32.5,0,24.25
paired_pulse,94,open_loop,75,75,94,76,0,18,18,6,0.8533739059724342,0,29.5,0,21.42067478119449
paired_pulse,94,feedback,75,75,94,83,0,11,11,26,5.812183337238088,0,22.5,6,15.71243666744762
paired_pulse,95,none,74,74,89,74,0,15,15,0,0.0,0,30.5,0,18.05
paired_pulse,95,open_loop,74,74,89,77,0,12,12,6,0.8533739059724342,0,27.5,0,15.220674781194488
paired_pulse,95,feedback,74,74,89,86,0,3,3,44,9.670582728203621,0,18.5,0,8.984116545640724
paired_pulse,96,none,66,66,91,61,0,30,30,0,0.0,0,33.5,0,33.35
paired_pulse,96,open_loop,66,66,91,64,0,27,27,6,0.8533739059724342,0,30.5,0,30.52067478119449
paired_pulse,96,feedback,66,66,91,74,0,17,17,26,3.2773389109241906,0,20.5,0,21.00546778218484
paired_pulse,97,none,66,58,76,60,8,16,24,0,0.0,0,29.5,0,26.95
paired_pulse,97,open_loop,66,61,76,63,5,13,18,6,0.8533739059724342,0,29.5,0,21.42067478119449
paired_pulse,97,feedback,66,66,76,76,0,0,0,34,5.120243435834605,0,19.5,0,4.674048687166922
paired_pulse,98,none,74,74,72,72,0,0,0,0,0.0,0,26.5,0,2.6500000000000004
paired_pulse,98,open_loop,74,74,72,72,0,0,0,6,0.8533739059724342,0,20.5,0,2.5206747811944874
paired_pulse,98,feedback,74,74,72,72,0,0,0,22,1.681470520341463,0,10.5,0,2.4862941040682927
paired_pulse,99,none,76,76,86,76,0,10,10,0,0.0,0,30.5,0,13.05
paired_pulse,99,open_loop,76,76,86,79,0,7,7,6,0.8533739059724342,0,27.5,0,10.220674781194486
paired_pulse,99,feedback,76,76,86,86,0,0,0,40,4.984086722869059,0,16.5,0,4.646817344573812
paired_pulse,100,none,90,84,82,65,6,17,23,0,0.0,0,47.5,0,27.75
paired_pulse,100,open_loop,90,87,82,68,3,14,17,6,0.8533739059724342,0,47.5,0,22.22067478119449
paired_pulse,100,feedback,90,90,82,82,0,0,0,60,10.549233925779461,0,18.5,8,6.959846785155893
paired_pulse,101,none,69,69,78,66,0,12,12,0,0.0,0,33.5,0,15.35
paired_pulse,101,open_loop,69,69,78,69,0,9,9,6,0.8533739059724342,0,30.5,0,12.520674781194488
paired_pulse,101,feedback,69,69,78,78,0,0,0,32,8.125268920827704,0,18.5,4,5.075053784165541
paired_pulse,102,none,79,76,90,76,3,14,17,0,0.0,0,28.5,0,19.85
paired_pulse,102,open_loop,79,79,90,79,0,11,11,6,0.8533739059724342,0,28.5,0,14.320674781194487
paired_pulse,102,feedback,79,79,90,87,0,3,3,30,7.518931149182956,0,14.5,0,7.453786229836592
paired_pulse,103,none,75,68,71,63,7,8,15,0,0.0,0,35.5,0,18.55
paired_pulse,103,open_loop,75,71,71,66,4,5,9,6,0.8533739059724342,0,35.5,0,13.020674781194488
paired_pulse,103,feedback,75,75,71,71,0,0,0,34,5.120243435834605,0,16.5,0,4.374048687166922
paired_pulse,104,none,70,65,102,76,5,26,31,0,0.0,0,38.5,0,34.85
paired_pulse,104,open_loop,70,68,102,79,2,23,25,6,0.8533739059724342,0,38.5,0,29.32067478119449
paired_pulse,104,feedback,70,70,102,92,0,10,10,32,4.266869529862171,0,28.5,0,15.303373905972434
paired_pulse,105,none,80,74,73,60,6,13,19,0,0.0,0,44.5,0,23.45
paired_pulse,105,open_loop,80,77,73,63,3,10,13,6,0.8533739059724342,0,44.5,0,17.92067478119449
paired_pulse,105,feedback,80,80,73,73,0,0,0,56,8.236148342189844,0,7.5,0,5.197229668437969
paired_pulse,106,none,69,69,90,73,0,17,17,0,0.0,0,26.5,0,19.65
paired_pulse,106,open_loop,69,69,90,76,0,14,14,6,0.8533739059724342,0,23.5,0,16.820674781194487
paired_pulse,106,feedback,69,69,90,88,0,2,2,32,4.984086722869059,0,25.5,0,7.146817344573812
paired_pulse,107,none,68,68,90,72,0,18,18,0,0.0,0,27.5,0,20.75
paired_pulse,107,open_loop,68,68,90,75,0,15,15,6,0.8533739059724342,0,24.5,0,17.92067478119449
paired_pulse,107,feedback,68,68,90,88,0,2,2,32,4.1054355252932195,0,26.5,0,7.071087105058645
paired_pulse,108,none,80,79,84,69,1,15,16,0,0.0,0,40.5,0,20.05
paired_pulse,108,open_loop,80,80,84,72,0,12,12,6,0.8533739059724342,0,38.5,0,16.320674781194487
paired_pulse,108,feedback,80,80,84,84,0,0,0,48,8.125268920827704,0,15.5,4,5.575053784165541
paired_pulse,109,none,75,71,84,72,4,12,16,0,0.0,0,30.5,0,19.05
paired_pulse,109,open_loop,75,74,84,75,1,9,10,6,0.8533739059724342,0,30.5,0,13.520674781194488
paired_pulse,109,feedback,75,75,84,84,0,0,0,26,4.266869529862171,0,20.5,0,4.203373905972434
paired_pulse,110,none,69,64,82,68,5,14,19,0,0.0,0,33.5,0,22.35
paired_pulse,110,open_loop,69,67,82,71,2,11,13,6,0.8533739059724342,0,33.5,0,16.820674781194487
paired_pulse,110,feedback,69,69,82,82,0,0,0,28,3.413495623889737,0,24.5,0,4.532699124777948
paired_pulse,111,none,67,66,88,65,1,23,24,0,0.0,0,29.5,0,26.95
paired_pulse,111,open_loop,67,67,88,68,0,20,20,6,0.8533739059724342,0,27.5,0,23.22067478119449
paired_pulse,111,feedback,67,67,88,83,0,5,5,36,4.266869529862171,0,23.5,0,10.003373905972435
paired_pulse,112,none,63,63,97,75,0,22,22,0,0.0,0,35.5,0,25.55
paired_pulse,112,open_loop,63,63,97,78,0,19,19,6,0.8533739059724342,0,32.5,0,22.72067478119449
paired_pulse,112,feedback,63,63,97,84,0,13,13,18,2.5601217179173026,0,27.5,0,17.16202434358346
paired_pulse,113,none,73,68,92,69,5,23,28,0,0.0,0,30.5,0,31.05
paired_pulse,113,open_loop,73,71,92,72,2,20,22,6,0.8533739059724342,0,30.5,0,25.52067478119449
paired_pulse,113,feedback,73,73,92,84,0,8,8,30,6.776436664572663,0,28.5,0,13.705287332914532
paired_pulse,114,none,80,80,95,69,0,26,26,0,0.0,0,41.5,0,30.15
paired_pulse,114,open_loop,80,80,95,72,0,23,23,6,0.8533739059724342,0,38.5,0,27.32067478119449
paired_pulse,114,feedback,80,80,95,90,0,5,5,53,9.670582728203621,0,17.5,5,11.334116545640725
paired_pulse,115,none,67,65,87,61,2,26,28,0,0.0,0,34.5,0,31.45
paired_pulse,115,open_loop,67,67,87,64,0,23,23,6,0.8533739059724342,0,33.5,0,26.82067478119449
paired_pulse,115,feedback,67,67,87,76,0,11,11,36,3.3882183322863315,0,21.5,0,15.627643666457267
paired_pulse,116,none,59,50,75,60,9,15,24,0,0.0,0,37.5,0,27.75
paired_pulse,116,open_loop,59,53,75,63,6,12,18,6,0.8533739059724342,0,37.5,0,22.22067478119449
paired_pulse,116,feedback,59,59,75,75,0,0,0,36,7.4080517278208164,0,31.5,6,6.431610345564164
paired_pulse,117,none,63,60,80,59,3,21,24,0,0.0,0,31.5,0,27.15
paired_pulse,117,open_loop,63,63,80,62,0,18,18,6,0.8533739059724342,0,31.5,0,21.620674781194488
paired_pulse,117,feedback,63,63,80,73,0,7,7,28,5.812183337238088,0,20.5,0,11.612436667447618
paired_pulse,118,none,82,81,77,70,1,7,8,0,0.0,0,39.5,0,11.95
paired_pulse,118,open_loop,82,81,77,73,1,4,5,6,0.8533739059724342,0,36.5,0,9.120674781194488
paired_pulse,118,feedback,82,82,77,77,0,0,0,52,9.559703306841481,0,7.5,0,5.261940661368296
paired_pulse,119,none,81,80,87,72,1,15,16,0,0.0,0,38.5,0,19.85
paired_pulse,119,open_loop,81,81,87,75,0,12,12,6,0.8533739059724342,0,36.5,0,16.120674781194488
paired_pulse,119,feedback,81,81,87,87,0,0,0,40,6.529400530244976,0,19.5,0,5.255880106048996
paired_pulse,120,none,57,55,73,59,2,14,16,0,0.0,0,33.5,0,19.35
paired_pulse,120,open_loop,57,57,73,62,0,11,11,6,0.8533739059724342,0,32.5,0,14.720674781194488
paired_pulse,120,feedback,57,57,73,66,0,7,7,14,1.7067478119448685,0,28.5,0,10.891349562388973
paired_pulse,121,none,78,76,80,80,2,0,2,0,0.0,0,33.5,0,5.35
paired_pulse,121,open_loop,78,78,80,80,0,0,0,6,0.8533739059724342,0,29.5,0,3.420674781194487
paired_pulse,121,feedback,78,78,80,80,0,0,0,32,6.529400530244977,0,11.5,0,4.0558801060489955
paired_pulse,122,none,67,63,85,66,4,19,23,0,0.0,0,28.5,0,25.85
paired_pulse,122,open_loop,67,66,85,69,1,16,17,6,0.8533739059724342,0,28.5,0,20.32067478119449
paired_pulse,122,feedback,67,67,85,83,0,2,2,34,4.266869529862171,0,22.5,0,6.8033739059724345
paired_pulse,123,none,64,60,79,63,4,16,20,0,0.0,0,28.5,0,22.85
paired_pulse,123,open_loop,64,63,79,66,1,13,14,6,0.8533739059724342,0,28.5,0,17.320674781194487
paired_pulse,123,feedback,64,64,79,79,0,0,0,33,7.4080517278208164,0,24.5,3,5.5816103455641635
paired_pulse,124,none,75,74,82,67,1,15,16,0,0.0,0,35.5,0,19.55
paired_pulse,124,open_loop,75,75,82,70,0,12,12,6,0.8533739059724342,0,33.5,0,15.820674781194487
paired_pulse,124,feedback,75,75,82,82,0,0,0,40,7.357497144614005,0,23.5,4,5.821499428922801
paired_pulse,125,none,76,72,83,69,4,14,18,0,0.0,0,31.5,0,21.15
paired_pulse,125,open_loop,76,75,83,72,1,11,12,6,0.8533739059724342,0,31.5,0,15.620674781194488
paired_pulse,125,feedback,76,76,83,83,0,0,0,44,4.984086722869059,0,13.5,0,4.546817344573812
paired_pulse,126,none,69,68,86,65,1,21,22,0,0.0,0,33.5,0,25.35
paired_pulse,126,open_loop,69,69,86,68,0,18,18,6,0.8533739059724342,0,31.5,0,21.620674781194488
paired_pulse,126,feedback,69,69,86,79,0,7,7,32,5.812183337238088,0,17.5,0,11.512436667447616
paired_pulse,127,none,74,74,63,63,0,0,0,0,0.0,0,37.5,0,3.75
paired_pulse,127,open_loop,74,74,63,63,0,0,0,6,0.8533739059724342,0,31.5,0,3.620674781194487
paired_pulse,127,feedback,74,74,63,63,0,0,0,44,8.185593758983034,0,7.5,0,4.587118751796607
paired_pulse,128,none,71,67,90,73,4,17,21,0,0.0,0,21.5,0,23.15
paired_pulse,128,open_loop,71,70,90,76,1,14,15,6,0.8533739059724342,0,21.5,0,17.620674781194488
paired_pulse,128,feedback,71,71,90,90,0,0,0,36,5.0949661442312,0,25.5,0,5.36899322884624
paired_pulse,129,none,74,74,113,81,0,32,32,0,0.0,0,26.5,0,34.65
paired_pulse,129,open_loop,74,74,113,84,0,29,29,6,0.8533739059724342,0,23.5,0,31.82067478119449
paired_pulse,129,feedback,74,74,113,88,0,25,25,14,1.7067478119448685,0,20.5,0,28.091349562388974
paired_pulse,130,none,65,65,90,74,0,16,16,0,0.0,0,20.5,0,18.05
paired_pulse,130,open_loop,65,65,90,77,0,13,13,6,0.8533739059724342,0,23.5,0,15.820674781194487
paired_pulse,130,feedback,65,65,90,82,0,8,8,16,0.8533739059724342,0,28.5,0,11.820674781194487
paired_pulse,131,none,67,67,89,74,0,15,15,0,0.0,0,30.5,0,18.05
paired_pulse,131,open_loop,67,67,89,77,0,12,12,6,0.8533739059724342,0,27.5,0,15.220674781194488
paired_pulse,131,feedback,67,67,89,84,0,5,5,20,3.413495623889737,0,23.5,0,9.032699124777947
paired_pulse,132,none,78,77,96,81,1,15,16,0,0.0,0,27.5,0,18.75
paired_pulse,132,open_loop,78,78,96,84,0,12,12,6,0.8533739059724342,0,25.5,0,15.020674781194488
paired_pulse,132,feedback,78,78,96,96,0,0,0,40,6.529400530244977,0,24.5,0,5.755880106048996
paired_pulse,133,none,82,73,86,77,9,9,18,0,0.0,0,33.5,0,21.35
paired_pulse,133,open_loop,82,76,86,80,6,6,12,6,0.8533739059724342,0,33.5,0,15.820674781194487
paired_pulse,133,feedback,82,82,86,86,0,0,0,45,5.812183337238088,0,11.5,1,4.562436667447618
paired_pulse,134,none,77,70,78,67,7,11,18,0,0.0,0,31.5,0,21.15
paired_pulse,134,open_loop,77,73,78,70,4,8,12,6,0.8533739059724342,0,31.5,0,15.620674781194488
paired_pulse,134,feedback,77,77,78,78,0,0,0,53,7.518931149182957,0,7.5,1,4.903786229836592
paired_pulse,135,none,66,66,100,80,0,20,20,0,0.0,0,35.5,0,23.55
paired_pulse,135,open_loop,66,66,100,83,0,17,17,6,0.8533739059724342,0,32.5,0,20.72067478119449
paired_pulse,135,feedback,66,66,100,86,0,14,14,18,4.1054355252932195,0,26.5,0,18.371087105058642
paired_pulse,136,none,60,54,66,65,6,1,7,0,0.0,0,32.5,0,10.25
paired_pulse,136,open_loop,60,57,66,66,3,0,3,6,0.8533739059724342,0,30.5,0,6.5206747811944865
paired_pulse,136,feedback,60,58,66,66,2,0,2,38,4.9335321396622485,0,14.5,0,6.336706427932451
paired_pulse,137,none,69,69,91,78,0,13,13,0,0.0,0,34.5,0,16.45
paired_pulse,137,open_loop,69,69,91,81,0,10,10,6,0.8533739059724342,0,31.5,0,13.620674781194488
paired_pulse,137,feedback,69,69,91,86,0,5,5,16,2.5601217179173026,0,26.5,0,8.962024343583462
paired_pulse,138,none,72,72,93,77,0,16,16,0,0.0,0,30.5,0,19.05
paired_pulse,138,open_loop,72,72,93,80,0,13,13,6,0.8533739059724342,0,33.5,0,16.820674781194487
paired_pulse,138,feedback,72,72,93,89,0,4,4,32,7.963834916258753,0,23.5,0,9.54276698325175
paired_pulse,139,none,77,71,82,66,6,16,22,0,0.0,0,35.5,0,25.55
paired_pulse,139,open_loop,77,74,82,69,3,13,16,6,0.8533739059724342,0,35.5,0,20.02067478119449
paired_pulse,139,feedback,77,77,82,82,0,0,0,35,7.629810570545097,0,27.5,5,6.02596211410902
paired_pulse,140,none,71,70,83,65,1,18,19,0,0.0,0,33.5,0,22.35
paired_pulse,140,open_loop,71,71,83,68,0,15,15,6,0.8533739059724342,0,31.5,0,18.620674781194488
paired_pulse,140,feedback,71,71,83,82,0,1,1,42,9.670582728203621,0,18.5,0,6.884116545640724
paired_pulse,141,none,70,70,93,74,0,19,19,0,0.0,0,26.5,0,21.65
paired_pulse,141,open_loop,70,70,93,77,0,16,16,6,0.8533739059724342,0,23.5,0,18.82067478119449
paired_pulse,141,feedback,70,70,93,88,0,5,5,28,4.984086722869059,0,24.5,0,9.846817344573813
paired_pulse,142,none,79,69,81,72,10,9,19,0,0.0,0,32.5,0,22.25
paired_pulse,142,open_loop,79,72,81,75,7,6,13,6,0.8533739059724342,0,32.5,0,16.72067478119449
paired_pulse,142,feedback,79,79,81,81,0,0,0,44,5.9736173418070395,0,8.5,0,4.244723468361409
paired_pulse,143,none,63,63,84,69,0,15,15,0,0.0,0,29.5,0,17.95
paired_pulse,143,open_loop,63,63,84,72,0,12,12,6,0.8533739059724342,0,26.5,0,15.120674781194488
paired_pulse,143,feedback,63,63,84,72,0,12,12,24,4.9335321396622485,0,18.5,0,16.03670642793245
paired_pulse,144,none,60,60,80,71,0,9,9,0,0.0,0,24.5,0,11.45
paired_pulse,144,open_loop,60,60,80,74,0,6,6,6,0.8533739059724342,0,21.5,0,8.620674781194486
paired_pulse,144,feedback,60,60,80,80,0,0,0,28,4.9335321396622485,0,26.5,0,5.03670642793245
paired_pulse,145,none,71,71,77,63,0,14,14,0,0.0,0,38.5,0,17.85
paired_pulse,145,open_loop,71,71,77,66,0,11,11,6,0.8533739059724342,0,35.5,0,15.020674781194488
paired_pulse,145,feedback,71,71,77,77,0,0,0,50,8.842486113834592,0,12.5,0,5.518497222766919
paired_pulse,146,none,59,59,84,69,0,15,15,0,0.0,0,35.5,0,18.55
paired_pulse,146,open_loop,59,59,84,72,0,12,12,6,0.8533739059724342,0,32.5,0,15.720674781194488
paired_pulse,146,feedback,59,59,84,80,0,4,4,22,2.5601217179173026,0,27.5,0,8.36202434358346
paired_pulse,147,none,73,68,88,79,5,9,14,0,0.0,0,40.5,0,18.05
paired_pulse,147,open_loop,73,71,88,82,2,6,8,6,0.8533739059724342,0,40.5,0,12.520674781194487
paired_pulse,147,feedback,73,73,88,88,0,0,0,28,4.266869529862171,0,30.5,4,5.3033739059724345
paired_pulse,148,none,53,53,91,70,0,21,21,0,0.0,0,36.5,0,24.65
paired_pulse,148,open_loop,53,53,91,73,0,18,18,6,0.8533739059724342,0,33.5,0,21.82067478119449
paired_pulse,148,feedback,53,53,91,77,0,14,14,14,0.8533739059724342,0,30.5,0,17.920674781194485
paired_pulse,149,none,62,61,76,66,1,10,11,0,0.0,0,34.5,0,14.45
paired_pulse,149,open_loop,62,62,76,69,0,7,7,6,0.8533739059724342,0,32.5,0,10.720674781194486
paired_pulse,149,feedback,62,62,76,76,0,0,0,26,4.1054355252932195,0,25.5,0,4.671087105058644
paired_pulse,150,none,74,71,83,59,3,24,27,0,0.0,0,40.5,0,31.05
paired_pulse,150,open_loop,74,74,83,62,0,21,21,6,0.8533739059724342,0,40.5,0,25.52067478119449
paired_pulse,150,feedback,74,74,83,80,0,3,3,44,9.695860019807027,0,21.5,0,9.289172003961406
paired_pulse,151,none,44,44,88,63,0,25,25,0,0.0,0,30.5,0,28.05
paired_pulse,151,open_loop,44,44,88,66,0,22,22,6,0.8533739059724342,0,28.5,0,25.32067478119449
paired_pulse,151,feedback,44,44,88,71,0,17,17,16,0.8533739059724342,0,33.5,0,21.32067478119449
paired_pulse,152,none,75,74,97,69,1,28,29,0,0.0,0,31.5,0,32.15
paired_pulse,152,open_loop,75,75,97,72,0,25,25,6,0.8533739059724342,0,29.5,0,28.42067478119449
paired_pulse,152,feedback,75,75,97,80,0,17,17,27,5.0949661442312,0,20.5,3,21.418993228846244
paired_pulse,153,none,63,63,114,88,0,26,26,0,0.0,0,31.5,0,29.15
paired_pulse,153,open_loop,63,63,114,91,0,23,23,6,0.8533739059724342,0,34.5,0,26.92067478119449
paired_pulse,153,feedback,63,63,114,94,0,20,20,12,0.8533739059724342,0,37.5,0,24.520674781194487
paired_pulse,154,none,71,70,80,70,1,10,11,0,0.0,0,30.5,0,14.05
paired_pulse,154,open_loop,71,71,80,73,0,7,7,6,0.8533739059724342,0,28.5,0,10.320674781194487
paired_pulse,154,feedback,71,71,80,80,0,0,0,32,5.812183337238088,0,15.5,0,4.312436667447618
paired_pulse,155,none,73,71,86,70,2,16,18,0,0.0,0,31.5,0,21.15
paired_pulse,155,open_loop,73,73,86,73,0,13,13,6,0.8533739059724342,0,30.5,0,16.520674781194487
paired_pulse,155,feedback,73,73,86,86,0,0,0,32,2.5601217179173026,0,22.5,0,4.36202434358346
paired_pulse,156,none,60,60,69,59,0,10,10,0,0.0,0,31.5,0,13.15
paired_pulse,156,open_loop,60,60,69,62,0,7,7,6,0.8533739059724342,0,28.5,0,10.320674781194487
paired_pulse,156,feedback,60,60,69,69,0,0,0,40,6.418521108882835,0,15.5,0,4.833704221776567
paired_pulse,157,none,87,75,83,64,12,19,31,0,0.0,0,41.5,0,35.15
paired_pulse,157,open_loop,87,78,83,67,9,16,25,6,0.8533739059724342,0,41.5,0,29.620674781194488
paired_pulse,157,feedback,87,85,83,79,2,4,6,59,9.832016732772573,0,12.5,5,12.166403346554514
paired_pulse,158,none,62,62,83,71,0,12,12,0,0.0,0,30.5,0,15.05
paired_pulse,158,open_loop,62,62,83,74,0,9,9,6,0.8533739059724342,0,27.5,0,12.220674781194488
paired_pulse,158,feedback,62,62,83,82,0,1,1,22,2.5601217179173026,0,26.5,0,5.262024343583461
paired_pulse,159,none,80,80,83,68,0,15,15,0,0.0,0,42.5,0,19.25
paired_pulse,159,open_loop,80,80,83,71,0,12,12,6,0.8533739059724342,0,39.5,0,16.42067478119449
paired_pulse,159,feedback,80,80,83,83,0,0,0,46,8.125268920827704,0,12.5,0,5.1750537841655415
paired_pulse,160,none,84,79,76,63,5,13,18,0,0.0,0,44.5,0,22.45
paired_pulse,160,open_loop,84,82,76,66,2,10,12,6,0.8533739059724342,0,44.5,0,16.92067478119449
paired_pulse,160,feedback,84,84,76,76,0,0,0,52,9.806739441169167,0,13.5,0,5.911347888233834
paired_pulse,161,none,63,63,71,59,0,12,12,0,0.0,0,32.5,0,15.25
paired_pulse,161,open_loop,63,63,71,62,0,9,9,6,0.8533739059724342,0,29.5,0,12.420674781194489
paired_pulse,161,feedback,63,63,71,71,0,0,0,38,6.529400530244976,0,19.5,0,5.155880106048995
paired_pulse,162,none,69,69,81,67,0,14,14,0,0.0,0,30.5,0,17.05
paired_pulse,162,open_loop,69,69,81,70,0,11,11,6,0.8533739059724342,0,27.5,0,14.220674781194488
paired_pulse,162,feedback,69,69,81,77,0,4,4,32,3.3882183322863315,0,15.5,0,7.8276436664572655
paired_pulse,163,none,74,68,91,74,6,17,23,0,0.0,0,29.5,0,25.95
paired_pulse,163,open_loop,74,71,91,77,3,14,17,6,0.8533739059724342,0,29.5,0,20.42067478119449
paired_pulse,163,feedback,74,74,91,91,0,0,0,38,5.9736173418070395,0,23.5,0,5.444723468361408
paired_pulse,164,none,58,58,85,67,0,18,18,0,0.0,0,28.5,0,20.85
paired_pulse,164,open_loop,58,58,85,70,0,15,15,6,0.8533739059724342,0,25.5,0,18.020674781194487
paired_pulse,164,feedback,58,58,85,80,0,5,5,26,2.5601217179173026,0,28.5,0,9.662024343583461
paired_pulse,165,none,70,70,86,80,0,6,6,0,0.0,0,37.5,0,9.75
paired_pulse,165,open_loop,70,70,86,83,0,3,3,6,0.8533739059724342,0,34.5,0,6.920674781194487
paired_pulse,165,feedback,70,70,86,86,0,0,0,26,5.812183337238088,0,22.5,0,4.7124366674476175
paired_pulse,166,none,67,67,73,70,0,3,3,0,0.0,0,26.5,0,5.65
paired_pulse,166,open_loop,67,67,73,73,0,0,0,6,0.8533739059724342,0,23.5,0,2.8206747811944872
paired_pulse,166,feedback,67,67,73,73,0,0,0,32,2.5601217179173026,0,12.5,0,3.3620243435834607
paired_pulse,167,none,67,65,84,70,2,14,16,0,0.0,0,26.5,0,18.65
paired_pulse,167,open_loop,67,67,84,73,0,11,11,6,0.8533739059724342,0,25.5,0,14.020674781194488
paired_pulse,167,feedback,67,67,84,84,0,0,0,38,4.984086722869059,0,23.5,0,5.246817344573812
paired_pulse,168,none,66,64,91,69,2,22,24,0,0.0,0,32.5,0,27.25
paired_pulse,168,open_loop,66,66,91,72,0,19,19,6,0.8533739059724342,0,31.5,0,22.620674781194488
paired_pulse,168,feedback,66,66,91,81,0,10,10,24,2.5601217179173026,0,22.5,0,13.96202434358346
paired_pulse,169,none,71,71,88,71,0,17,17,0,0.0,0,30.5,0,20.05
paired_pulse,169,open_loop,71,71,88,74,0,14,14,6,0.8533739059724342,0,27.5,0,17.22067478119449
paired_pulse,169,feedback,71,71,88,88,0,0,0,38,4.984086722869059,0,23.5,0,5.246817344573812
paired_pulse,170,none,72,72,94,67,0,27,27,0,0.0,0,33.5,0,30.35
paired_pulse,170,open_loop,72,72,94,70,0,24,24,6,0.8533739059724342,0,30.5,0,27.52067478119449
paired_pulse,170,feedback,72,72,94,83,0,11,11,32,3.3882183322863315,0,20.5,0,15.327643666457266
paired_pulse,171,none,59,59,84,68,0,16,16,0,0.0,0,28.5,0,18.85
paired_pulse,171,open_loop,59,59,84,71,0,13,13,6,0.8533739059724342,0,25.5,0,16.020674781194487
paired_pulse,171,feedback,59,59,84,76,0,8,8,16,2.5601217179173026,0,23.5,0,11.662024343583461
paired_pulse,172,none,63,63,98,71,0,27,27,0,0.0,0,25.5,0,29.55
paired_pulse,172,open_loop,63,63,98,74,0,24,24,6,0.8533739059724342,0,22.5,0,26.72067478119449
paired_pulse,172,feedback,63,63,98,79,0,19,19,16,1.7067478119448685,0,22.5,0,22.391349562388974
paired_pulse,173,none,81,73,79,60,8,19,27,0,0.0,0,43.5,0,31.35
paired_pulse,173,open_loop,81,76,79,63,5,16,21,6,0.8533739059724342,0,43.5,0,25.82067478119449
paired_pulse,173,feedback,81,81,79,79,0,0,0,58,8.236148342189844,0,12.5,0,5.79722966843797
paired_pulse,174,none,73,66,85,71,7,14,21,0,0.0,0,30.5,0,24.05
paired_pulse,174,open_loop,73,69,85,74,4,11,15,6,0.8533739059724342,0,30.5,0,18.520674781194487
paired_pulse,174,feedback,73,73,85,85,0,0,0,33,5.9736173418070395,0,21.5,3,4.994723468361408
paired_pulse,175,none,67,66,94,71,1,23,24,0,0.0,0,32.5,0,27.25
paired_pulse,175,open_loop,67,67,94,74,0,20,20,6,0.8533739059724342,0,30.5,0,23.52067478119449
paired_pulse,175,feedback,67,67,94,79,0,15,15,22,4.1054355252932195,0,19.5,0,18.871087105058646
paired_pulse,176,none,69,57,77,64,12,13,25,0,0.0,0,34.5,0,28.45
paired_pulse,176,open_loop,69,60,77,67,9,10,19,6,0.8533739059724342,0,34.5,0,22.92067478119449
paired_pulse,176,feedback,69,69,77,77,0,0,0,44,5.9736173418070395,0,15.5,0,4.944723468361408
paired_pulse,177,none,68,66,85,68,2,17,19,0,0.0,0,31.5,0,22.15
paired_pulse,177,open_loop,68,68,85,71,0,14,14,6,0.8533739059724342,0,30.5,0,17.520674781194487
paired_pulse,177,feedback,68,68,85,81,0,4,4,26,2.5601217179173026,0,20.5,0,7.86202434358346
paired_pulse,178,none,73,68,83,71,5,12,17,0,0.0,0,32.5,0,20.25
paired_pulse,178,open_loop,73,71,83,74,2,9,11,6,0.8533739059724342,0,32.5,0,14.720674781194488
paired_pulse,178,feedback,73,73,83,82,0,1,1,34,5.812183337238088,0,16.5,0,5.512436667447618
paired_pulse,179,none,67,67,85,70,0,15,15,0,0.0,0,27.5,0,17.75
paired_pulse,179,open_loop,67,67,85,73,0,12,12,6,0.8533739059724342,0,24.5,0,14.920674781194489
paired_pulse,179,feedback,67,67,85,83,0,2,2,26,6.418521108882835,0,22.5,0,6.833704221776567
paired_pulse,180,none,62,62,94,78,0,16,16,0,0.0,0,25.5,0,18.55
paired_pulse,180,open_loop,62,62,94,81,0,13,13,6,0.8533739059724342,0,25.5,0,16.020674781194487
paired_pulse,180,feedback,62,62,94,86,0,8,8,16,0.8533739059724342,0,30.5,0,12.020674781194488
paired_pulse,181,none,77,65,73,69,12,4,16,0,0.0,0,29.5,0,18.95
paired_pulse,181,open_loop,77,68,73,72,9,1,10,6,0.8533739059724342,0,29.5,0,13.420674781194489
paired_pulse,181,feedback,77,77,73,73,0,0,0,42,5.9736173418070395,0,3.5,0,3.644723468361408
paired_pulse,182,none,87,78,97,70,9,27,36,0,0.0,0,36.5,0,39.65
paired_pulse,182,open_loop,87,81,97,73,6,24,30,6,0.8533739059724342,0,36.5,0,34.12067478119449
paired_pulse,182,feedback,87,87,97,90,0,7,7,51,8.347027763551985,0,17.5,3,12.969405552710398
paired_pulse,183,none,75,75,74,67,0,7,7,0,0.0,0,36.5,0,10.65
paired_pulse,183,open_loop,75,75,74,70,0,4,4,6,0.8533739059724342,0,36.5,0,8.120674781194488
paired_pulse,183,feedback,75,75,74,74,0,0,0,44,12.700885504800127,0,14.5,2,6.1901771009600255
paired_pulse,184,none,69,69,83,69,0,14,14,0,0.0,0,30.5,0,17.05
paired_pulse,184,open_loop,69,69,83,72,0,11,11,6,0.8533739059724342,0,27.5,0,14.220674781194488
paired_pulse,184,feedback,69,69,83,79,0,4,4,34,8.074714337620893,0,17.5,0,9.064942867524179
paired_pulse,185,none,63,62,88,73,1,15,16,0,0.0,0,40.5,0,20.05
paired_pulse,185,open_loop,63,63,88,76,0,12,12,6,0.8533739059724342,0,38.5,0,16.320674781194487
paired_pulse,185,feedback,63,63,88,80,0,8,8,14,1.7067478119448685,0,34.5,0,12.491349562388972
paired_pulse,186,none,64,64,103,81,0,22,22,0,0.0,0,23.5,0,24.35
paired_pulse,186,open_loop,64,64,103,84,0,19,19,6,0.8533739059724342,0,26.5,0,22.120674781194488
paired_pulse,186,feedback,64,64,103,87,0,16,16,16,1.681470520341463,0,29.5,0,20.086294104068294
paired_pulse,187,none,65,64,82,66,1,16,17,0,0.0,0,31.5,0,20.15
paired_pulse,187,open_loop,65,65,82,69,0,13,13,6,0.8533739059724342,0,29.5,0,16.42067478119449
paired_pulse,187,feedback,65,65,82,75,0,7,7,35,7.357497144614005,0,21.5,1,12.371499428922801
paired_pulse,188,none,63,56,84,65,7,19,26,0,0.0,0,30.5,0,29.05
paired_pulse,188,open_loop,63,59,84,68,4,16,20,6,0.8533739059724342,0,30.5,0,23.52067478119449
paired_pulse,188,feedback,63,63,84,82,0,2,2,34,6.826991247779474,0,25.5,0,7.615398249555895
paired_pulse,189,none,62,62,87,68,0,19,19,0,0.0,0,25.5,0,21.55
paired_pulse,189,open_loop,62,62,87,71,0,16,16,6,0.8533739059724342,0,22.5,0,18.72067478119449
paired_pulse,189,feedback,62,62,87,76,0,11,11,16,0.8533739059724342,0,20.5,0,14.020674781194488
paired_pulse,190,none,71,71,99,82,0,17,17,0,0.0,0,30.5,0,20.05
paired_pulse,190,open_loop,71,71,99,85,0,14,14,6,0.8533739059724342,0,27.5,0,17.22067478119449
paired_pulse,190,feedback,71,71,99,95,0,4,4,26,4.266869529862171,0,30.5,0,9.203373905972434
paired_pulse,191,none,85,79,85,73,6,12,18,0,0.0,0,36.5,0,21.65
paired_pulse,191,open_loop,85,82,85,76,3,9,12,6,0.8533739059724342,0,36.5,0,16.120674781194488
paired_pulse,191,feedback,85,85,85,85,0,0,0,40,5.0949661442312,0,14.5,0,4.46899322884624
paired_pulse,192,none,70,61,75,62,9,13,22,0,0.0,0,29.5,0,24.95
paired_pulse,192,open_loop,70,64,75,65,6,10,16,6,0.8533739059724342,0,29.5,0,19.42067478119449
paired_pulse,192,feedback,70,70,75,75,0,0,0,48,8.397582346758796,0,11.5,0,5.2295164693517595
paired_pulse,193,none,68,68,98,73,0,25,25,0,0.0,0,25.5,0,27.55
paired_pulse,193,open_loop,68,68,98,76,0,22,22,6,0.8533739059724342,0,23.5,0,24.82067478119449
paired_pulse,193,feedback,68,68,98,80,0,18,18,14,4.822652718300108,0,19.5,0,21.61453054366002
paired_pulse,194,none,81,76,87,77,5,10,15,0,0.0,0,28.5,0,17.85
paired_pulse,194,open_loop,81,79,87,80,2,7,9,6,0.8533739059724342,0,28.5,0,12.320674781194487
paired_pulse,194,feedback,81,81,87,87,0,0,0,40,7.518931149182956,0,12.5,0,4.753786229836591
paired_pulse,195,none,67,67,75,72,0,3,3,0,0.0,0,25.5,0,5.550000000000001
paired_pulse,195,open_loop,67,67,75,75,0,0,0,6,0.8533739059724342,0,25.5,0,3.0206747811944874
paired_pulse,195,feedback,67,67,75,75,0,0,0,18,3.3882183322863315,0,19.5,0,3.5276436664572666
paired_pulse,196,none,71,71,74,60,0,14,14,0,0.0,0,41.5,0,18.15
paired_pulse,196,open_loop,71,71,74,63,0,11,11,6,0.8533739059724342,0,38.5,0,15.320674781194487
paired_pulse,196,feedback,71,71,74,73,0,1,1,40,9.670582728203621,0,19.5,4,6.884116545640724
paired_pulse,197,none,69,67,105,79,2,26,28,0,0.0,0,39.5,0,31.95
paired_pulse,197,open_loop,69,69,105,82,0,23,23,6,0.8533739059724342,0,38.5,0,27.32067478119449
paired_pulse,197,feedback,69,69,105,93,0,12,12,28,5.812183337238088,0,30.5,0,17.612436667447618
paired_pulse,198,none,79,79,75,65,0,10,10,0,0.0,0,44.5,0,14.45
paired_pulse,198,open_loop,79,79,75,68,0,7,7,6,0.8533739059724342,0,41.5,0,11.620674781194488
paired_pulse,198,feedback,79,79,75,75,0,0,0,44,9.670582728203621,0,18.5,8,5.984116545640724
paired_pulse,199,none,74,68,87,61,6,26,32,0,0.0,0,37.5,0,35.75
paired_pulse,199,open_loop,74,71,87,64,3,23,26,6,0.8533739059724342,0,37.5,0,30.22067478119449
paired_pulse,199,feedback,74,74,87,86,0,1,1,50,7.408051727820816,0,22.5,4,7.231610345564163
paired_pulse,200,none,69,69,92,74,0,18,18,0,0.0,0,30.5,0,21.05
paired_pulse,200,open_loop,69,69,92,77,0,15,15,6,0.8533739059724342,0,27.5,0,18.22067478119449
paired_pulse,200,feedback,69,69,92,85,0,7,7,22,3.413495623889737,0,22.5,0,11.032699124777947
paired_pulse,201,none,59,59,65,65,0,0,0,0,0.0,0,21.5,0,2.15
paired_pulse,201,open_loop,59,59,65,65,0,0,0,6,0.8533739059724342,0,15.5,0,2.020674781194487
paired_pulse,201,feedback,59,59,65,65,0,0,0,32,3.3882183322863315,0,12.5,0,3.5276436664572666
paired_pulse,202,none,81,81,85,68,0,17,17,0,0.0,0,43.5,0,21.35
paired_pulse,202,open_loop,81,81,85,71,0,14,14,6,0.8533739059724342,0,40.5,0,18.520674781194487
paired_pulse,202,feedback,81,81,85,85,0,0,0,47,9.670582728203621,0,19.5,5,6.234116545640725
paired_pulse,203,none,55,50,71,58,5,13,18,0,0.0,0,35.5,0,21.55
paired_pulse,203,open_loop,55,53,71,61,2,10,12,6,0.8533739059724342,0,35.5,0,16.020674781194487
paired_pulse,203,feedback,55,55,71,71,0,0,0,34,4.266869529862171,0,22.5,0,4.8033739059724345
paired_pulse,204,none,62,62,84,65,0,19,19,0,0.0,0,32.5,0,22.25
paired_pulse,204,open_loop,62,62,84,68,0,16,16,6,0.8533739059724342,0,29.5,0,19.42067478119449
paired_pulse,204,feedback,62,62,84,82,0,2,2,34,4.984086722869059,0,27.5,0,7.446817344573812
paired_pulse,205,none,57,57,85,65,0,20,20,0,0.0,0,22.5,0,22.25
paired_pulse,205,open_loop,57,57,85,68,0,17,17,6,0.8533739059724342,0,20.5,0,19.52067478119449
paired_pulse,205,feedback,57,57,85,71,0,14,14,12,0.8533739059724342,0,23.5,0,17.120674781194488
paired_pulse,206,none,71,67,88,68,4,20,24,0,0.0,0,30.5,0,27.05
paired_pulse,206,open_loop,71,70,88,71,1,17,18,6,0.8533739059724342,0,30.5,0,21.52067478119449
paired_pulse,206,feedback,71,71,88,86,0,2,2,36,4.266869529862171,0,21.5,0,6.803373905972434
paired_pulse,207,none,69,69,89,70,0,19,19,0,0.0,0,27.5,0,21.75
paired_pulse,207,open_loop,69,69,89,73,0,16,16,6,0.8533739059724342,0,24.5,0,18.92067478119449
paired_pulse,207,feedback,69,69,89,80,0,9,9,26,3.3882183322863315,0,18.5,0,12.827643666457266
paired_pulse,208,none,81,73,90,72,8,18,26,0,0.0,0,31.5,0,29.15
paired_pulse,208,open_loop,81,76,90,75,5,15,20,6,0.8533739059724342,0,31.5,0,23.620674781194488
paired_pulse,208,feedback,81,81,90,90,0,0,0,51,6.801713956176068,0,15.5,7,5.460342791235214
paired_pulse,209,none,79,79,104,86,0,18,18,0,0.0,0,24.5,0,20.45
paired_pulse,209,open_loop,79,79,104,89,0,15,15,6,0.8533739059724342,0,21.5,0,17.620674781194488
paired_pulse,209,feedback,79,79,104,98,0,6,6,24,4.958809431265654,0,25.5,0,10.741761886253132
paired_pulse,210,none,77,76,97,73,1,24,25,0,0.0,0,33.5,0,28.35
paired_pulse,210,open_loop,77,77,97,76,0,21,21,6,0.8533739059724342,0,31.5,0,24.620674781194488
paired_pulse,210,feedback,77,77,97,84,0,13,13,32,4.984086722869059,0,16.5,0,17.24681734457381
paired_pulse,211,none,68,65,87,68,3,19,22,0,0.0,0,28.5,0,24.85
paired_pulse,211,open_loop,68,68,87,71,0,16,16,6,0.8533739059724342,0,28.5,0,19.32067478119449
paired_pulse,211,feedback,68,68,87,85,0,2,2,34,5.812183337238088,0,23.5,0,7.2124366674476175
paired_pulse,212,none,80,69,86,62,11,24,35,0,0.0,0,37.5,0,38.75
paired_pulse,212,open_loop,80,72,86,65,8,21,29,6,0.8533739059724342,0,37.5,0,33.22067478119449
paired_pulse,212,feedback,80,79,86,85,1,1,2,58,9.806739441169167,0,17.5,0,8.611347888233833
paired_pulse,213,none,74,69,92,72,5,20,25,0,0.0,0,32.5,0,28.25
paired_pulse,213,open_loop,74,72,92,75,2,17,19,6,0.8533739059724342,0,32.5,0,22.72067478119449
paired_pulse,213,feedback,74,74,92,86,0,6,6,28,2.5601217179173026,0,23.5,0,10.26202434358346
paired_pulse,214,none,71,65,77,68,6,9,15,0,0.0,0,28.5,0,17.85
paired_pulse,214,open_loop,71,68,77,71,3,6,9,6,0.8533739059724342,0,28.5,0,12.320674781194487
paired_pulse,214,feedback,71,71,77,77,0,0,0,38,4.266869529862171,0,12.5,0,4.003373905972435
paired_pulse,215,none,88,83,90,73,5,17,22,0,0.0,0,40.5,0,26.05
paired_pulse,215,open_loop,88,86,90,76,2,14,16,6,0.8533739059724342,0,40.5,0,20.52067478119449
paired_pulse,215,feedback,88,88,90,90,0,0,0,48,8.953365535196733,0,20.5,6,6.240673107039347
paired_pulse,216,none,75,72,72,64,3,8,11,0,0.0,0,38.5,0,14.85
paired_pulse,216,open_loop,75,75,72,67,0,5,5,6,0.8533739059724342,0,38.5,0,9.320674781194487
paired_pulse,216,feedback,75,75,72,72,0,0,0,39,7.408051727820816,0,15.5,5,4.981610345564163
paired_pulse,217,none,70,70,84,76,0,8,8,0,0.0,0,23.5,0,10.35
paired_pulse,217,open_loop,70,70,84,79,0,5,5,6,0.8533739059724342,0,20.5,0,7.5206747811944865
paired_pulse,217,feedback,70,70,84,84,0,0,0,36,6.529400530244976,0,20.5,0,5.155880106048995
paired_pulse,218,none,72,72,83,67,0,16,16,0,0.0,0,31.5,0,19.15
paired_pulse,218,open_loop,72,72,83,70,0,13,13,6,0.8533739059724342,0,28.5,0,16.320674781194487
paired_pulse,218,feedback,72,72,83,83,0,0,0,36,7.989112207862158,0,18.5,0,5.247822441572431
paired_pulse,219,none,76,68,88,68,8,20,28,0,0.0,0,30.5,0,31.05
paired_pulse,219,open_loop,76,71,88,71,5,17,22,6,0.8533739059724342,0,30.5,0,25.52067478119449
paired_pulse,219,feedback,76,76,88,88,0,0,0,48,4.984086722869059,0,18.5,0,5.246817344573812
paired_pulse,220,none,61,61,89,70,0,19,19,0,0.0,0,32.5,0,22.25
paired_pulse,220,open_loop,61,61,89,73,0,16,16,6,0.8533739059724342,0,29.5,0,19.42067478119449
paired_pulse,220,feedback,61,61,89,84,0,5,5,28,2.5601217179173026,0,29.5,0,9.86202434358346
paired_pulse,221,none,59,59,86,70,0,16,16,0,0.0,0,32.5,0,19.25
paired_pulse,221,open_loop,59,59,86,73,0,13,13,6,0.8533739059724342,0,29.5,0,16.42067478119449
paired_pulse,221,feedback,59,59,86,78,0,8,8,24,1.7067478119448685,0,25.5,0,12.091349562388974
paired_pulse,222,none,64,64,96,79,0,17,17,0,0.0,0,38.5,0,20.85
paired_pulse,222,open_loop,64,64,96,82,0,14,14,6,0.8533739059724342,0,35.5,0,18.020674781194487
paired_pulse,222,feedback,64,64,96,91,0,5,5,24,2.5601217179173026,0,33.5,0,10.062024343583461
paired_pulse,223,none,62,62,86,68,0,18,18,0,0.0,0,20.5,0,20.05
paired_pulse,223,open_loop,62,62,86,71,0,15,15,6,0.8533739059724342,0,22.5,0,17.72067478119449
paired_pulse,223,feedback,62,62,86,79,0,7,7,28,4.822652718300108,0,23.5,0,11.714530543660022
paired_pulse,224,none,74,73,93,67,1,26,27,0,0.0,0,36.5,0,30.65
paired_pulse,224,open_loop,74,74,93,70,0,23,23,6,0.8533739059724342,0,34.5,0,26.92067478119449
paired_pulse,224,feedback,74,74,93,85,0,8,8,36,4.984086722869059,0,20.5,0,12.846817344573813
paired_pulse,225,none,75,75,81,62,0,19,19,0,0.0,0,43.5,0,23.35
paired_pulse,225,open_loop,75,75,81,65,0,16,16,6,0.8533739059724342,0,40.5,0,20.52067478119449
paired_pulse,225,feedback,75,75,81,81,0,0,0,52,8.125268920827704,0,15.5,0,5.77505378416554
paired_pulse,226,none,80,80,78,62,0,16,16,0,0.0,0,48.5,0,20.85
paired_pulse,226,open_loop,80,80,78,65,0,13,13,6,0.8533739059724342,0,45.5,0,18.020674781194487
paired_pulse,226,feedback,80,80,78,78,0,0,0,48,7.357497144614005,0,16.5,0,5.521499428922802
paired_pulse,227,none,68,68,77,72,0,5,5,0,0.0,0,33.5,0,8.35
paired_pulse,227,open_loop,68,68,77,75,0,2,2,6,0.8533739059724342,0,30.5,0,5.5206747811944865
paired_pulse,227,feedback,68,68,77,77,0,0,0,26,2.5601217179173026,0,15.5,0,3.3620243435834603
paired_pulse,228,none,65,65,93,76,0,17,17,0,0.0,0,24.5,0,19.45
paired_pulse,228,open_loop,65,65,93,79,0,14,14,6,0.8533739059724342,0,21.5,0,16.620674781194488
paired_pulse,228,feedback,65,65,93,86,0,7,7,20,2.5601217179173026,0,27.5,0,11.26202434358346
paired_pulse,229,none,63,61,76,69,2,7,9,0,0.0,0,37.5,0,12.75
paired_pulse,229,open_loop,63,63,76,72,0,4,4,6,0.8533739059724342,0,36.5,0,8.120674781194488
paired_pulse,229,feedback,63,63,76,76,0,0,0,30,4.266869529862171,0,19.5,0,4.3033739059724345
paired_pulse,230,none,56,56,99,74,0,25,25,0,0.0,0,31.5,0,28.15
paired_pulse,230,open_loop,56,56,99,77,0,22,22,6,0.8533739059724342,0,28.5,0,25.32067478119449
paired_pulse,230,feedback,56,56,99,87,0,12,12,26,2.5601217179173026,0,37.5,0,17.56202434358346
paired_pulse,231,none,68,68,83,65,0,18,18,0,0.0,0,33.5,0,21.35
paired_pulse,231,open_loop,68,68,83,68,0,15,15,6,0.8533739059724342,0,30.5,0,18.520674781194487
paired_pulse,231,feedback,68,68,83,79,0,4,4,49,8.236148342189844,0,24.5,3,10.547229668437968
paired_pulse,232,none,78,70,81,70,8,11,19,0,0.0,0,30.5,0,22.05
paired_pulse,232,open_loop,78,73,81,73,5,8,13,6,0.8533739059724342,0,30.5,0,16.520674781194487
paired_pulse,232,feedback,78,78,81,81,0,0,0,32,5.9736173418070395,0,23.5,6,5.144723468361407
paired_pulse,233,none,78,78,96,71,0,25,25,0,0.0,0,37.5,0,28.75
paired_pulse,233,open_loop,78,78,96,74,0,22,22,6,0.8533739059724342,0,34.5,0,25.92067478119449
paired_pulse,233,feedback,78,78,96,89,0,7,7,38,9.781462149565762,0,21.5,4,13.006292429913154
paired_pulse,234,none,68,68,79,67,0,12,12,0,0.0,0,31.5,0,15.15
paired_pulse,234,open_loop,68,68,79,70,0,9,9,6,0.8533739059724342,0,28.5,0,12.320674781194487
paired_pulse,234,feedback,68,68,79,79,0,0,0,34,4.822652718300107,0,18.5,0,4.514530543660022
paired_pulse,235,none,69,61,77,54,8,23,31,0,0.0,0,35.5,0,34.55
paired_pulse,235,open_loop,69,64,77,57,5,20,25,6,0.8533739059724342,0,35.5,0,29.02067478119449
paired_pulse,235,feedback,69,69,77,77,0,0,0,48,7.518931149182957,0,18.5,0,5.753786229836592
paired_pulse,236,none,58,58,79,72,0,7,7,0,0.0,0,37.5,0,10.75
paired_pulse,236,open_loop,58,58,79,75,0,4,4,6,0.8533739059724342,0,34.5,0,7.920674781194487
paired_pulse,236,feedback,58,58,79,77,0,2,2,10,2.5601217179173026,0,32.5,0,6.262024343583461
paired_pulse,237,none,77,68,94,73,9,21,30,0,0.0,0,26.5,0,32.65
paired_pulse,237,open_loop,77,71,94,76,6,18,24,6,0.8533739059724342,0,26.5,0,27.120674781194488
paired_pulse,237,feedback,77,77,94,88,0,6,6,38,5.120243435834605,0,17.5,0,10.674048687166922
paired_pulse,238,none,83,72,91,67,11,24,35,0,0.0,0,35.5,0,38.55
paired_pulse,238,open_loop,83,75,91,70,8,21,29,6,0.8533739059724342,0,35.5,0,33.02067478119449
paired_pulse,238,feedback,83,83,91,87,0,4,4,54,9.064244956558873,0,18.5,0,10.362848991311774
paired_pulse,239,none,78,69,93,73,9,20,29,0,0.0,0,26.5,0,31.65
paired_pulse,239,open_loop,78,72,93,76,6,17,23,6,0.8533739059724342,0,26.5,0,26.120674781194488
paired_pulse,239,feedback,78,78,93,91,0,2,2,36,4.266869529862171,0,20.5,0,6.703373905972434
paired_pulse,240,none,72,71,77,71,1,6,7,0,0.0,0,30.5,0,10.05
paired_pulse,240,open_loop,72,72,77,74,0,3,3,6,0.8533739059724342,0,28.5,0,6.320674781194487
paired_pulse,240,feedback,72,72,77,77,0,0,0,26,5.812183337238088,0,12.5,0,3.7124366674476175
paired_pulse,241,none,68,62,84,74,6,10,16,0,0.0,0,37.5,0,19.75
paired_pulse,241,open_loop,68,65,84,77,3,7,10,6,0.8533739059724342,0,37.5,0,14.220674781194488
paired_pulse,241,feedback,68,68,84,83,0,1,1,38,5.812183337238088,0,21.5,0,6.2124366674476175
paired_pulse,242,none,74,74,77,67,0,10,10,0,0.0,0,35.5,0,13.55
paired_pulse,242,open_loop,74,74,77,70,0,7,7,6,0.8533739059724342,0,32.5,0,10.720674781194486
paired_pulse,242,feedback,74,74,77,77,0,0,0,33,6.39324381727943,0,15.5,3,4.478648763455886
paired_pulse,243,none,54,46,84,64,8,20,28,0,0.0,0,47.5,0,32.75
paired_pulse,243,open_loop,54,49,84,67,5,17,22,6,0.8533739059724342,0,47.5,0,27.22067478119449
paired_pulse,243,feedback,54,54,84,78,0,6,6,34,4.266869529862171,0,35.5,0,12.103373905972434
paired_pulse,244,none,59,59,92,71,0,21,21,0,0.0,0,39.5,0,24.95
paired_pulse,244,open_loop,59,59,92,74,0,18,18,6,0.8533739059724342,0,36.5,0,22.120674781194488
paired_pulse,244,feedback,59,59,92,82,0,10,10,22,3.413495623889737,0,29.5,0,14.732699124777948
paired_pulse,245,none,79,70,88,69,9,19,28,0,0.0,0,31.5,0,31.15
paired_pulse,245,open_loop,79,73,88,72,6,16,22,6,0.8533739059724342,0,31.5,0,25.620674781194488
paired_pulse,245,feedback,79,79,88,88,0,0,0,40,6.665557243210522,0,23.5,4,5.683111448642105
paired_pulse,246,none,79,73,79,63,6,16,22,0,0.0,0,40.5,0,26.05
paired_pulse,246,open_loop,79,76,79,66,3,13,16,6,0.8533739059724342,0,40.5,0,20.52067478119449
paired_pulse,246,feedback,79,79,79,79,0,0,0,42,6.665557243210523,0,21.5,0,5.5831114486421045
paired_pulse,247,none,56,56,89,70,0,19,19,0,0.0,0,35.5,0,22.55
paired_pulse,247,open_loop,56,56,89,73,0,16,16,6,0.8533739059724342,0,32.5,0,19.72067478119449
paired_pulse,247,feedback,56,56,89,80,0,9,9,24,4.1054355252932195,0,30.5,0,14.071087105058645
paired_pulse,248,none,81,79,86,62,2,24,26,0,0.0,0,47.5,0,30.75
paired_pulse,248,open_loop,81,81,86,65,0,21,21,6,0.8533739059724342,0,46.5,0,26.120674781194488
paired_pulse,248,feedback,81,81,86,83,0,3,3,44,11.241173827182944,0,26.5,0,10.09823476543659
paired_pulse,249,none,71,66,72,56,5,16,21,0,0.0,0,40.5,0,25.05
paired_pulse,249,open_loop,71,69,72,59,2,13,15,6,0.8533739059724342,0,40.5,0,19.520674781194487
paired_pulse,249,feedback,71,71,72,72,0,0,0,54,9.670582728203621,0,12.5,0,5.884116545640724
paired_pulse,250,none,78,78,82,71,0,11,11,0,0.0,0,37.5,0,14.75
paired_pulse,250,open_loop,78,78,82,74,0,8,8,6,0.8533739059724342,0,34.5,0,11.920674781194489
paired_pulse,250,feedback,78,78,82,82,0,0,0,52,7.246617723251864,0,10.5,0,5.099323544650373
paired_pulse,251,none,73,62,87,62,11,25,36,0,0.0,0,29.5,0,38.95
paired_pulse,251,open_loop,73,65,87,65,8,22,30,6,0.8533739059724342,0,29.5,0,33.42067478119449
paired_pulse,251,feedback,73,73,87,76,0,11,11,39,5.923062758600229,0,24.5,3,16.584612551720046
paired_pulse,252,none,69,69,85,75,0,10,10,0,0.0,0,27.5,0,12.75
paired_pulse,252,open_loop,69,69,85,78,0,7,7,6,0.8533739059724342,0,24.5,0,9.920674781194487
paired_pulse,252,feedback,69,69,85,80,0,5,5,10,0.8533739059724342,0,22.5,0,7.920674781194487
paired_pulse,253,none,48,48,74,60,0,14,14,0,0.0,0,31.5,0,17.15
paired_pulse,253,open_loop,48,48,74,63,0,11,11,6,0.8533739059724342,0,28.5,0,14.320674781194487
paired_pulse,253,feedback,48,48,74,70,0,4,4,20,3.413495623889737,0,28.5,0,8.532699124777947
paired_pulse,254,none,80,75,88,58,5,30,35,0,0.0,0,47.5,0,39.75
paired_pulse,254,open_loop,80,78,88,61,2,27,29,6,0.8533739059724342,0,47.5,0,34.22067478119449
paired_pulse,254,feedback,80,80,88,85,0,3,3,63,11.37733054014849,0,21.5,5,10.5754661080297
paired_pulse,255,none,77,66,88,64,11,24,35,0,0.0,0,30.5,0,38.05
paired_pulse,255,open_loop,77,69,88,67,8,21,29,6,0.8533739059724342,0,30.5,0,32.52067478119449
paired_pulse,255,feedback,77,77,88,82,0,6,6,41,8.347027763551985,0,29.5,3,12.669405552710398
paired_pulse,256,none,72,71,78,71,1,7,8,0,0.0,0,30.5,0,11.05
paired_pulse,256,open_loop,72,72,78,74,0,4,4,6,0.8533739059724342,0,28.5,0,7.320674781194487
paired_pulse,256,feedback,72,72,78,78,0,0,0,26,3.3882183322863315,0,13.5,0,3.3276436664572664
paired_pulse,257,none,67,64,79,66,3,13,16,0,0.0,0,31.5,0,19.15
paired_pulse,257,open_loop,67,67,79,69,0,10,10,6,0.8533739059724342,0,31.5,0,13.620674781194488
paired_pulse,257,feedback,67,67,79,75,0,4,4,24,4.1054355252932195,0,22.5,0,8.271087105058644
paired_pulse,258,none,64,64,93,82,0,11,11,0,0.0,0,33.5,0,14.35
paired_pulse,258,open_loop,64,64,93,85,0,8,8,6,0.8533739059724342,0,30.5,0,11.520674781194488
paired_pulse,258,feedback,64,64,93,90,0,3,3,16,0.8533739059724342,0,32.5,0,7.220674781194487
paired_pulse,259,none,62,62,90,74,0,16,16,0,0.0,0,23.5,0,18.35
paired_pulse,259,open_loop,62,62,90,77,0,13,13,6,0.8533739059724342,0,21.5,0,15.620674781194488
paired_pulse,259,feedback,62,62,90,85,0,5,5,22,2.5601217179173026,0,29.5,0,9.56202434358346
paired_pulse,260,none,87,75,69,59,12,10,22,0,0.0,0,46.5,0,26.65
paired_pulse,260,open_loop,87,78,69,62,9,7,16,6,0.8533739059724342,0,46.5,0,21.120674781194488
paired_pulse,260,feedback,87,87,69,69,0,0,0,52,11.402607831751896,0,16.5,0,6.53052156635038
paired_pulse,261,none,61,61,100,71,0,29,29,0,0.0,0,20.5,0,31.05
paired_pulse,261,open_loop,61,61,100,74,0,26,26,6,0.8533739059724342,0,22.5,0,28.72067478119449
paired_pulse,261,feedback,61,61,100,82,0,18,18,22,4.958809431265654,0,28.5,0,22.941761886253133
paired_pulse,262,none,75,75,83,63,0,20,20,0,0.0,0,40.5,0,24.05
paired_pulse,262,open_loop,75,75,83,66,0,17,17,6,0.8533739059724342,0,37.5,0,21.22067478119449
paired_pulse,262,feedback,75,75,83,77,0,6,6,36,8.099991629224299,0,18.5,0,11.26999832584486
paired_pulse,263,none,78,73,73,63,5,10,15,0,0.0,0,40.5,0,19.05
paired_pulse,263,open_loop,78,76,73,66,2,7,9,6,0.8533739059724342,0,40.5,0,13.520674781194487
paired_pulse,263,feedback,78,78,73,73,0,0,0,45,7.408051727820816,0,13.5,3,5.0816103455641635
paired_pulse,264,none,77,75,92,74,2,18,20,0,0.0,0,31.5,0,23.15
paired_pulse,264,open_loop,77,77,92,77,0,15,15,6,0.8533739059724342,0,30.5,0,18.520674781194487
paired_pulse,264,feedback,77,77,92,87,0,5,5,32,4.984086722869059,0,21.5,0,9.746817344573811
paired_pulse,265,none,70,70,84,76,0,8,8,0,0.0,0,25.5,0,10.55
paired_pulse,265,open_loop,70,70,84,79,0,5,5,6,0.8533739059724342,0,22.5,0,7.720674781194487
paired_pulse,265,feedback,70,70,84,84,0,0,0,28,4.1054355252932195,0,20.5,0,4.271087105058644
paired_pulse,266,none,61,61,85,77,0,8,8,0,0.0,0,22.5,0,10.25
paired_pulse,266,open_loop,61,61,85,80,0,5,5,6,0.8533739059724342,0,25.5,0,8.020674781194487
paired_pulse,266,feedback,61,61,85,82,0,3,3,10,0.8533739059724342,0,27.5,0,6.420674781194487
paired_pulse,267,none,61,58,77,61,3,16,19,0,0.0,0,32.5,0,22.25
paired_pulse,267,open_loop,61,61,77,64,0,13,13,6,0.8533739059724342,0,32.5,0,16.72067478119449
paired_pulse,267,feedback,61,61,77,74,0,3,3,26,2.5601217179173026,0,22.5,0,7.06202434358346
paired_pulse,268,none,74,72,99,73,2,26,28,0,0.0,0,29.5,0,30.95
paired_pulse,268,open_loop,74,74,99,76,0,23,23,6,0.8533739059724342,0,28.5,0,26.32067478119449
paired_pulse,268,feedback,74,74,99,94,0,5,5,42,5.0949661442312,0,26.5,0,10.76899322884624
paired_pulse,269,none,81,77,83,67,4,16,20,0,0.0,0,40.5,0,24.05
paired_pulse,269,open_loop,81,80,83,70,1,13,14,6,0.8533739059724342,0,40.5,0,18.520674781194487
paired_pulse,269,feedback,81,81,83,83,0,0,0,51,8.099991629224299,0,13.5,3,5.51999832584486
paired_pulse,270,none,63,63,93,82,0,11,11,0,0.0,0,46.5,0,15.65
paired_pulse,270,open_loop,63,63,93,85,0,8,8,6,0.8533739059724342,0,43.5,0,12.820674781194487
paired_pulse,270,feedback,63,63,93,91,0,2,2,28,4.266869529862171,0,34.5,0,7.703373905972435
paired_pulse,271,none,67,64,85,68,3,17,20,0,0.0,0,31.5,0,23.15
paired_pulse,271,open_loop,67,67,85,71,0,14,14,6,0.8533739059724342,0,31.5,0,17.620674781194488
paired_pulse,271,feedback,67,67,85,83,0,2,2,30,4.266869529862171,0,22.5,0,6.603373905972434
paired_pulse,272,none,69,67,87,73,2,14,16,0,0.0,0,35.5,0,19.55
paired_pulse,272,open_loop,69,69,87,76,0,11,11,6,0.8533739059724342,0,34.5,0,14.920674781194489
paired_pulse,272,feedback,69,69,87,85,0,2,2,24,4.266869529862171,0,25.5,0,6.603373905972434
paired_pulse,273,none,70,70,86,73,0,13,13,0,0.0,0,24.5,0,15.45
paired_pulse,273,open_loop,70,70,86,76,0,10,10,6,0.8533739059724342,0,21.5,0,12.620674781194488
paired_pulse,273,feedback,70,70,86,77,0,9,9,16,1.7067478119448685,0,13.5,0,11.491349562388974
paired_pulse,274,none,69,69,97,69,0,28,28,0,0.0,0,30.5,0,31.05
paired_pulse,274,open_loop,69,69,97,72,0,25,25,6,0.8533739059724342,0,27.5,0,28.22067478119449
paired_pulse,274,feedback,69,69,97,85,0,12,12,32,4.984086722869059,0,22.5,0,16.84681734457381
paired_pulse,275,none,76,69,90,75,7,15,22,0,0.0,0,27.5,0,24.75
paired_pulse,275,open_loop,76,72,90,78,4,12,16,6,0.8533739059724342,0,27.5,0,19.22067478119449
paired_pulse,275,feedback,76,76,90,90,0,0,0,38,4.266869529862171,0,20.5,0,4.8033739059724345
paired_pulse,276,none,79,79,87,71,0,16,16,0,0.0,0,38.5,0,19.85
paired_pulse,276,open_loop,79,79,87,74,0,13,13,6,0.8533739059724342,0,35.5,0,17.020674781194487
paired_pulse,276,feedback,79,79,87,86,0,1,1,32,8.185593758983034,0,21.5,0,6.387118751796606
paired_pulse,277,none,83,74,75,72,9,3,12,0,0.0,0,32.5,0,15.25
paired_pulse,277,open_loop,83,77,75,75,6,0,6,6,0.8533739059724342,0,32.5,0,9.720674781194486
paired_pulse,277,feedback,83,83,75,75,0,0,0,44,7.518931149182956,0,2.5,0,3.9537862298365916
paired_pulse,278,none,56,52,91,71,4,20,24,0,0.0,0,44.5,0,28.45
paired_pulse,278,open_loop,56,55,91,74,1,17,18,6,0.8533739059724342,0,44.5,0,22.92067478119449
paired_pulse,278,feedback,56,56,91,86,0,5,5,30,2.5601217179173026,0,36.5,0,10.662024343583461
paired_pulse,279,none,60,58,89,72,2,17,19,0,0.0,0,39.5,0,22.95
paired_pulse,279,open_loop,60,60,89,75,0,14,14,6,0.8533739059724342,0,38.5,0,18.320674781194487
paired_pulse,279,feedback,60,60,89,81,0,8,8,24,2.5601217179173026,0,27.5,0,12.46202434358346
paired_pulse,280,none,72,72,97,75,0,22,22,0,0.0,0,23.5,0,24.35
paired_pulse,280,open_loop,72,72,97,78,0,19,19,6,0.8533739059724342,0,20.5,0,21.52067478119449
paired_pulse,280,feedback,72,72,97,85,0,12,12,20,5.650749332669136,0,20.5,0,16.180149866533828
paired_pulse,281,none,58,57,82,67,1,15,16,0,0.0,0,39.5,0,19.95
paired_pulse,281,open_loop,58,58,82,70,0,12,12,6,0.8533739059724342,0,37.5,0,16.22067478119449
paired_pulse,281,feedback,58,58,82,80,0,2,2,26,4.984086722869059,0,33.5,0,7.646817344573812
paired_pulse,282,none,75,69,90,72,6,18,24,0,0.0,0,27.5,0,26.75
paired_pulse,282,open_loop,75,72,90,75,3,15,18,6,0.8533739059724342,0,27.5,0,21.22067478119449
paired_pulse,282,feedback,75,75,90,90,0,0,0,47,5.0949661442312,0,21.5,1,5.51899322884624
paired_pulse,283,none,70,63,87,57,7,30,37,0,0.0,0,36.5,0,40.65
paired_pulse,283,open_loop,70,66,87,60,4,27,31,6,0.8533739059724342,0,36.5,0,35.12067478119449
paired_pulse,283,feedback,70,70,87,79,0,8,8,48,5.812183337238088,0,17.5,0,13.312436667447617
paired_pulse,284,none,87,81,99,76,6,23,29,0,0.0,0,35.5,0,32.55
paired_pulse,284,open_loop,87,84,99,79,3,20,23,6,0.8533739059724342,0,35.5,0,27.02067478119449
paired_pulse,284,feedback,87,87,99,91,0,8,8,43,6.690834534813927,0,17.5,1,13.238166906962785
paired_pulse,285,none,62,61,90,59,1,31,32,0,0.0,0,32.5,0,35.25
paired_pulse,285,open_loop,62,62,90,62,0,28,28,6,0.8533739059724342,0,30.5,0,31.52067478119449
paired_pulse,285,feedback,62,62,90,73,0,17,17,28,3.3882183322863315,0,20.5,0,21.127643666457267
paired_pulse,286,none,68,68,95,74,0,21,21,0,0.0,0,29.5,0,23.95
paired_pulse,286,open_loop,68,68,95,77,0,18,18,6,0.8533739059724342,0,26.5,0,21.120674781194488
paired_pulse,286,feedback,68,68,95,83,0,12,12,20,2.5601217179173026,0,21.5,0,15.662024343583461
paired_pulse,287,none,87,78,93,87,9,6,15,0,0.0,0,34.5,0,18.45
paired_pulse,287,open_loop,87,81,93,90,6,3,9,6,0.8533739059724342,0,34.5,0,12.920674781194489
paired_pulse,287,feedback,87,87,93,93,0,0,0,42,4.266869529862171,0,12.5,0,4.203373905972434
paired_pulse,288,none,71,65,96,76,6,20,26,0,0.0,0,32.5,0,29.25
paired_pulse,288,open_loop,71,68,96,79,3,17,20,6,0.8533739059724342,0,32.5,0,23.72067478119449
paired_pulse,288,feedback,71,70,96,92,1,4,5,32,3.413495623889737,0,28.5,0,10.132699124777947
paired_pulse,289,none,75,71,91,73,4,18,22,0,0.0,0,31.5,0,25.15
paired_pulse,289,open_loop,75,74,91,76,1,15,16,6,0.8533739059724342,0,31.5,0,19.620674781194488
paired_pulse,289,feedback,75,75,91,91,0,0,0,40,5.812183337238088,0,23.5,0,5.512436667447618
paired_pulse,290,none,74,69,82,65,5,17,22,0,0.0,0,34.5,0,25.45
paired_pulse,290,open_loop,74,72,82,68,2,14,16,6,0.8533739059724342,0,34.5,0,19.92067478119449
paired_pulse,290,feedback,74,74,82,82,0,0,0,43,8.236148342189844,0,19.5,5,5.747229668437969
paired_pulse,291,none,63,63,83,70,0,13,13,0,0.0,0,24.5,0,15.45
paired_pulse,291,open_loop,63,63,83,73,0,10,10,6,0.8533739059724342,0,21.5,0,12.620674781194488
paired_pulse,291,feedback,63,63,83,76,0,7,7,15,4.1054355252932195,0,24.5,3,11.021087105058644
paired_pulse,292,none,67,64,89,70,3,19,22,0,0.0,0,31.5,0,25.15
paired_pulse,292,open_loop,67,67,89,73,0,16,16,6,0.8533739059724342,0,31.5,0,19.620674781194488
paired_pulse,292,feedback,67,67,89,86,0,3,3,32,4.266869529862171,0,25.5,0,8.003373905972435
paired_pulse,293,none,73,71,101,78,2,23,25,0,0.0,0,34.5,0,28.45
paired_pulse,293,open_loop,73,73,101,81,0,20,20,6,0.8533739059724342,0,33.5,0,23.82067478119449
paired_pulse,293,feedback,73,73,101,95,0,6,6,34,4.266869529862171,0,28.5,0,11.403373905972433
paired_pulse,294,none,72,68,72,60,4,12,16,0,0.0,0,38.5,0,19.85
paired_pulse,294,open_loop,72,71,72,63,1,9,10,6,0.8533739059724342,0,38.5,0,14.320674781194487
paired_pulse,294,feedback,72,72,72,72,0,0,0,42,6.554677821848381,0,13.5,0,4.760935564369676
paired_pulse,295,none,59,59,71,62,0,9,9,0,0.0,0,25.5,0,11.55
paired_pulse,295,open_loop,59,59,71,65,0,6,6,6,0.8533739059724342,0,22.5,0,8.720674781194486
paired_pulse,295,feedback,59,59,71,69,0,2,2,15,4.1054355252932195,0,23.5,3,5.921087105058644
paired_pulse,296,none,66,64,81,63,2,18,20,0,0.0,0,31.5,0,23.15
paired_pulse,296,open_loop,66,66,81,66,0,15,15,6,0.8533739059724342,0,30.5,0,18.520674781194487
paired_pulse,296,feedback,66,66,81,78,0,3,3,26,5.812183337238088,0,26.5,4,8.112436667447618
paired_pulse,297,none,66,66,83,76,0,7,7,0,0.0,0,37.5,0,10.75
paired_pulse,297,open_loop,66,66,83,79,0,4,4,6,0.8533739059724342,0,34.5,0,7.920674781194487
paired_pulse,297,feedback,66,66,83,83,0,0,0,20,4.1054355252932195,0,24.5,0,4.271087105058644
paired_pulse,298,none,62,60,92,76,2,16,18,0,0.0,0,43.5,0,22.35
paired_pulse,298,open_loop,62,62,92,79,0,13,13,6,0.8533739059724342,0,42.5,0,17.72067478119449
paired_pulse,298,feedback,62,62,92,88,0,4,4,24,3.413495623889737,0,33.5,0,9.232699124777948
paired_pulse,299,none,86,67,85,65,19,20,39,0,0.0,0,32.5,0,42.25
paired_pulse,299,open_loop,86,70,85,68,16,17,33,6,0.8533739059724342,0,32.5,0,36.72067478119448
paired_pulse,299,feedback,86,86,85,85,0,0,0,56,9.917618862531308,0,23.5,0,7.133523772506262
paired_pulse,300,none,76,73,81,69,3,12,15,0,0.0,0,34.5,0,18.45
paired_pulse,300,open_loop,76,76,81,72,0,9,9,6,0.8533739059724342,0,34.5,0,12.920674781194489
paired_pulse,300,feedback,76,76,81,81,0,0,0,38,6.529400530244976,0,22.5,6,5.455880106048996
paired_pulse,301,none,79,73,66,66,6,0,6,0,0.0,0,37.5,0,9.75
paired_pulse,301,open_loop,79,76,66,66,3,0,3,6,0.8533739059724342,0,34.5,0,6.920674781194487
paired_pulse,301,feedback,79,79,66,66,0,0,0,42,5.0949661442312,0,7.5,0,3.8689932288462403
paired_pulse,302,none,73,73,89,78,0,11,11,0,0.0,0,25.5,0,13.55
paired_pulse,302,open_loop,73,73,89,81,0,8,8,6,0.8533739059724342,0,23.5,0,10.820674781194487
paired_pulse,302,feedback,73,73,89,89,0,0,0,26,3.2773389109241906,0,22.5,2,4.205467782184838
paired_pulse,303,none,73,63,80,65,10,15,25,0,0.0,0,31.5,0,28.15
paired_pulse,303,open_loop,73,66,80,68,7,12,19,6,0.8533739059724342,0,31.5,0,22.620674781194488
paired_pulse,303,feedback,73,73,80,80,0,0,0,38,5.9736173418070395,0,18.5,0,4.944723468361408
paired_pulse,304,none,58,58,74,71,0,3,3,0,0.0,0,20.5,0,5.050000000000001
paired_pulse,304,open_loop,58,58,74,74,0,0,0,6,0.8533739059724342,0,22.5,0,2.7206747811944867
paired_pulse,304,feedback,58,58,74,74,0,0,0,16,0.8533739059724342,0,22.5,0,3.2206747811944867
paired_pulse,305,none,90,82,93,77,8,16,24,0,0.0,0,35.5,0,27.55
paired_pulse,305,open_loop,90,85,93,80,5,13,18,6,0.8533739059724342,0,35.5,0,22.02067478119449
paired_pulse,305,feedback,90,90,93,93,0,0,0,47,4.984086722869059,0,14.5,1,4.796817344573812
paired_pulse,306,none,75,65,75,61,10,14,24,0,0.0,0,34.5,0,27.45
paired_pulse,306,open_loop,75,68,75,64,7,11,18,6,0.8533739059724342,0,34.5,0,21.92067478119449
paired_pulse,306,feedback,75,75,75,75,0,0,0,36,6.665557243210522,0,22.5,0,5.383111448642104
paired_pulse,307,none,80,75,71,56,5,15,20,0,0.0,0,49.5,0,24.95
paired_pulse,307,open_loop,80,77,71,59,3,12,15,6,0.8533739059724342,0,48.5,0,20.320674781194487
paired_pulse,307,feedback,80,80,71,71,0,0,0,58,11.983668311793238,0,15.5,4,6.846733662358647
paired_pulse,308,none,80,69,79,67,11,12,23,0,0.0,0,32.5,0,26.25
paired_pulse,308,open_loop,80,72,79,70,8,9,17,6,0.8533739059724342,0,32.5,0,20.72067478119449
paired_pulse,308,feedback,80,80,79,79,0,0,0,46,8.37230505515539,0,9.5,0,4.924461011031078
paired_pulse,309,none,85,78,100,75,7,25,32,0,0.0,0,33.5,0,35.35
paired_pulse,309,open_loop,85,81,100,78,4,22,26,6,0.8533739059724342,0,33.5,0,29.82067478119449
paired_pulse,309,feedback,85,85,100,93,0,7,7,38,5.0949661442312,0,20.5,0,11.96899322884624
paired_pulse,310,none,71,70,84,64,1,20,21,0,0.0,0,36.5,0,24.65
paired_pulse,310,open_loop,71,71,84,67,0,17,17,6,0.8533739059724342,0,34.5,0,20.92067478119449
paired_pulse,310,feedback,71,71,84,80,0,4,4,38,4.958809431265654,0,24.5,0,9.341761886253131
paired_pulse,311,none,79,77,85,72,2,13,15,0,0.0,0,33.5,0,18.35
paired_pulse,311,open_loop,79,79,85,75,0,10,10,6,0.8533739059724342,0,32.5,0,13.720674781194488
paired_pulse,311,feedback,79,79,85,85,0,0,0,38,5.0949661442312,0,13.5,0,4.26899322884624
paired_pulse,312,none,69,69,89,69,0,20,20,0,0.0,0,30.5,0,23.05
paired_pulse,312,open_loop,69,69,89,72,0,17,17,6,0.8533739059724342,0,27.5,0,20.22067478119449
paired_pulse,312,feedback,69,69,89,85,0,4,4,32,5.0949661442312,0,23.5,0,8.968993228846239
paired_pulse,313,none,66,59,88,71,7,17,24,0,0.0,0,41.5,0,28.15
paired_pulse,313,open_loop,66,62,88,74,4,14,18,6,0.8533739059724342,0,41.5,0,22.620674781194488
paired_pulse,313,feedback,66,66,88,84,0,4,4,30,4.266869529862171,0,31.5,0,9.503373905972435
paired_pulse,314,none,60,60,75,61,0,14,14,0,0.0,0,29.5,0,16.95
paired_pulse,314,open_loop,60,60,75,64,0,11,11,6,0.8533739059724342,0,26.5,0,14.120674781194488
paired_pulse,314,feedback,60,60,75,75,0,0,0,32,3.2773389109241906,0,21.5,0,4.405467782184838
paired_pulse,315,none,78,69,71,63,9,8,17,0,0.0,0,36.5,0,20.65
paired_pulse,315,open_loop,78,72,71,66,6,5,11,6,0.8533739059724342,0,36.5,0,15.120674781194488
paired_pulse,315,feedback,78,78,71,71,0,0,0,48,6.554677821848381,0,6.5,0,4.360935564369677
paired_pulse,316,none,80,74,93,74,6,19,25,0,0.0,0,30.5,0,28.05
paired_pulse,316,open_loop,80,77,93,77,3,16,19,6,0.8533739059724342,0,30.5,0,22.52067478119449
paired_pulse,316,feedback,80,80,93,85,0,8,8,32,5.120243435834605,0,15.5,0,12.174048687166922
paired_pulse,317,none,58,58,95,79,0,16,16,0,0.0,0,27.5,0,18.75
paired_pulse,317,open_loop,58,58,95,82,0,13,13,6,0.8533739059724342,0,30.5,0,16.520674781194487
paired_pulse,317,feedback,58,58,95,85,0,10,10,12,0.8533739059724342,0,33.5,0,14.120674781194486
paired_pulse,318,none,73,73,87,66,0,21,21,0,0.0,0,37.5,0,24.75
paired_pulse,318,open_loop,73,73,87,69,0,18,18,6,0.8533739059724342,0,34.5,0,21.92067478119449
paired_pulse,318,feedback,73,73,87,77,0,10,10,34,6.529400530244976,0,19.5,0,14.955880106048994
paired_pulse,319,none,70,69,99,78,1,21,22,0,0.0,0,36.5,0,25.65
paired_pulse,319,open_loop,70,70,99,81,0,18,18,6,0.8533739059724342,0,34.5,0,21.92067478119449
paired_pulse,319,feedback,70,70,99,90,0,9,9,24,3.413495623889737,0,26.5,0,13.532699124777947
paired_pulse,320,none,65,61,91,65,4,26,30,0,0.0,0,26.5,0,32.65
paired_pulse,320,open_loop,65,64,91,68,1,23,24,6,0.8533739059724342,0,26.5,0,27.120674781194488
paired_pulse,320,feedback,65,65,91,82,0,9,9,34,4.266869529862171,0,24.5,0,14.003373905972435
paired_pulse,321,none,72,70,89,71,2,18,20,0,0.0,0,29.5,0,22.95
paired_pulse,321,open_loop,72,72,89,74,0,15,15,6,0.8533739059724342,0,28.5,0,18.320674781194487
paired_pulse,321,feedback,72,72,89,85,0,4,4,28,4.958809431265654,0,20.5,0,8.441761886253131
paired_pulse,322,none,65,65,89,64,0,25,25,0,0.0,0,31.5,0,28.15
paired_pulse,322,open_loop,65,65,89,67,0,22,22,6,0.8533739059724342,0,28.5,0,25.32067478119449
paired_pulse,322,feedback,65,65,89,84,0,5,5,44,8.842486113834592,0,25.5,0,11.51849722276692
paired_pulse,323,none,65,62,79,70,3,9,12,0,0.0,0,37.5,0,15.75
paired_pulse,323,open_loop,65,65,79,73,0,6,6,6,0.8533739059724342,0,37.5,0,10.220674781194486
paired_pulse,323,feedback,65,65,79,79,0,0,0,24,2.5601217179173026,0,25.5,0,4.262024343583461
paired_pulse,324,none,74,72,77,67,2,10,12,0,0.0,0,31.5,0,15.15
paired_pulse,324,open_loop,74,74,77,70,0,7,7,6,0.8533739059724342,0,30.5,0,10.520674781194487
paired_pulse,324,feedback,74,74,77,77,0,0,0,44,6.529400530244976,0,9.5,0,4.455880106048996
paired_pulse,325,none,83,81,77,65,2,12,14,0,0.0,0,44.5,0,18.45
paired_pulse,325,open_loop,83,83,77,68,0,9,9,6,0.8533739059724342,0,43.5,0,13.820674781194487
paired_pulse,325,feedback,83,83,77,77,0,0,0,52,9.670582728203621,0,16.5,8,6.184116545640725
paired_pulse,326,none,71,68,84,72,3,12,15,0,0.0,0,31.5,0,18.15
paired_pulse,326,open_loop,71,71,84,75,0,9,9,6,0.8533739059724342,0,31.5,0,12.620674781194488
paired_pulse,326,feedback,71,71,84,84,0,0,0,32,3.3882183322863315,0,19.5,0,4.227643666457267
paired_pulse,327,none,73,70,76,62,3,14,17,0,0.0,0,38.5,0,20.85
paired_pulse,327,open_loop,73,73,76,65,0,11,11,6,0.8533739059724342,0,38.5,0,15.320674781194487
paired_pulse,327,feedback,73,73,76,76,0,0,0,44,8.236148342189844,0,16.5,0,5.49722966843797
paired_pulse,328,none,48,48,75,61,0,14,14,0,0.0,0,22.5,0,16.25
paired_pulse,328,open_loop,48,48,75,64,0,11,11,6,0.8533739059724342,0,22.5,0,13.720674781194488
paired_pulse,328,feedback,48,48,75,70,0,5,5,18,2.5601217179173026,0,28.5,0,9.26202434358346
paired_pulse,329,none,76,69,88,75,7,13,20,0,0.0,0,31.5,0,23.15
paired_pulse,329,open_loop,76,72,88,78,4,10,14,6,0.8533739059724342,0,31.5,0,17.620674781194488
paired_pulse,329,feedback,76,76,88,88,0,0,0,38,5.9736173418070395,0,18.5,0,4.944723468361408
paired_pulse,330,none,82,73,71,55,9,16,25,0,0.0,0,46.5,0,29.65
paired_pulse,330,open_loop,82,76,71,58,6,13,19,6,0.8533739059724342,0,46.5,0,24.120674781194488
paired_pulse,330,feedback,82,82,71,71,0,0,0,64,9.695860019807027,0,7.5,0,5.889172003961406
paired_pulse,331,none,75,71,90,78,4,12,16,0,0.0,0,36.5,0,19.65
paired_pulse,331,open_loop,75,74,90,81,1,9,10,6,0.8533739059724342,0,36.5,0,14.120674781194488
paired_pulse,331,feedback,75,75,90,90,0,0,0,34,4.266869529862171,0,21.5,0,4.703373905972434
paired_pulse,332,none,65,65,98,72,0,26,26,0,0.0,0,23.5,0,28.35
paired_pulse,332,open_loop,65,65,98,75,0,23,23,6,0.8533739059724342,0,20.5,0,25.52067478119449
paired_pulse,332,feedback,65,65,98,78,0,20,20,12,2.5601217179173026,0,20.5,0,23.16202434358346
paired_pulse,333,none,63,54,101,75,9,26,35,0,0.0,0,48.5,0,39.85
paired_pulse,333,open_loop,63,57,101,78,6,23,29,6,0.8533739059724342,0,48.5,0,34.32067478119449
paired_pulse,333,feedback,63,60,101,89,3,12,15,28,6.665557243210523,0,40.5,0,21.783111448642103
paired_pulse,334,none,68,63,94,71,5,23,28,0,0.0,0,33.5,0,31.35
paired_pulse,334,open_loop,68,66,94,74,2,20,22,6,0.8533739059724342,0,33.5,0,25.82067478119449
paired_pulse,334,feedback,68,68,94,85,0,9,9,30,4.21631494665536,0,23.5,0,13.693262989331071
paired_pulse,335,none,57,57,74,62,0,12,12,0,0.0,0,30.5,0,15.05
paired_pulse,335,open_loop,57,57,74,65,0,9,9,6,0.8533739059724342,0,27.5,0,12.220674781194488
paired_pulse,335,feedback,57,57,74,73,0,1,1,22,2.5601217179173026,0,22.5,0,4.86202434358346
paired_pulse,336,none,62,55,86,66,7,20,27,0,0.0,0,38.5,0,30.85
paired_pulse,336,open_loop,62,58,86,69,4,17,21,6,0.8533739059724342,0,38.5,0,25.32067478119449
paired_pulse,336,feedback,62,62,86,80,0,6,6,28,8.26142563379325,0,31.5,0,12.202285126758651
paired_pulse,337,none,66,66,104,81,0,23,23,0,0.0,0,26.5,0,25.65
paired_pulse,337,open_loop,66,66,104,84,0,20,20,6,0.8533739059724342,0,24.5,0,22.92067478119449
paired_pulse,337,feedback,66,66,104,95,0,9,9,28,3.2773389109241906,0,35.5,0,14.605467782184839
paired_pulse,338,none,83,73,79,68,10,11,21,0,0.0,0,35.5,0,24.55
paired_pulse,338,open_loop,83,76,79,71,7,8,15,6,0.8533739059724342,0,35.5,0,19.020674781194487
paired_pulse,338,feedback,83,82,79,79,1,0,1,50,6.690834534813927,0,7.5,2,5.588166906962785
paired_pulse,339,none,76,65,69,59,11,10,21,0,0.0,0,36.5,0,24.65
paired_pulse,339,open_loop,76,68,69,62,8,7,15,6,0.8533739059724342,0,36.5,0,19.120674781194488
paired_pulse,339,feedback,76,76,69,68,0,1,1,50,7.518931149182956,0,6.5,0,5.653786229836592
paired_pulse,340,none,76,69,80,64,7,16,23,0,0.0,0,35.5,0,26.55
paired_pulse,340,open_loop,76,72,80,67,4,13,17,6,0.8533739059724342,0,35.5,0,21.02067478119449
paired_pulse,340,feedback,76,76,80,77,0,3,3,55,9.832016732772573,0,8.5,3,8.566403346554514
paired_pulse,341,none,77,67,92,74,10,18,28,0,0.0,0,32.5,0,31.25
paired_pulse,341,open_loop,77,70,92,77,7,15,22,6,0.8533739059724342,0,32.5,0,25.72067478119449
paired_pulse,341,feedback,77,77,92,90,0,2,2,40,4.266869529862171,0,19.5,0,6.8033739059724345
paired_pulse,342,none,70,68,88,67,2,21,23,0,0.0,0,31.5,0,26.15
paired_pulse,342,open_loop,70,70,88,70,0,18,18,6,0.8533739059724342,0,30.5,0,21.52067478119449
paired_pulse,342,feedback,70,70,88,85,0,3,3,38,8.236148342189844,0,21.5,0,8.69722966843797
paired_pulse,343,none,71,70,92,64,1,28,29,0,0.0,0,34.5,0,32.45
paired_pulse,343,open_loop,71,71,92,67,0,25,25,6,0.8533739059724342,0,32.5,0,28.72067478119449
paired_pulse,343,feedback,71,71,92,82,0,10,10,40,6.529400530244976,0,18.5,0,15.155880106048995
paired_pulse,344,none,72,63,78,74,9,4,13,0,0.0,0,38.5,0,16.85
paired_pulse,344,open_loop,72,66,78,77,6,1,7,6,0.8533739059724342,0,38.5,0,11.320674781194487
paired_pulse,344,feedback,72,72,78,78,0,0,0,36,6.751159372969258,0,15.5,0,4.700231874593851
paired_pulse,345,none,57,55,77,59,2,18,20,0,0.0,0,31.5,0,23.15
paired_pulse,345,open_loop,57,57,77,62,0,15,15,6,0.8533739059724342,0,30.5,0,18.520674781194487
paired_pulse,345,feedback,57,57,77,70,0,7,7,23,4.266869529862171,0,24.5,3,11.453373905972434
paired_pulse,346,none,65,65,89,69,0,20,20,0,0.0,0,26.5,0,22.65
paired_pulse,346,open_loop,65,65,89,72,0,17,17,6,0.8533739059724342,0,24.5,0,19.92067478119449
paired_pulse,346,feedback,65,65,89,82,0,7,7,30,6.418521108882835,0,23.5,0,12.133704221776567
paired_pulse,347,none,74,74,68,61,0,7,7,0,0.0,0,43.5,0,11.350000000000001
paired_pulse,347,open_loop,74,74,68,64,0,4,4,6,0.8533739059724342,0,40.5,0,8.520674781194487
paired_pulse,347,feedback,74,74,68,68,0,0,0,48,7.357497144614005,0,9.5,0,4.8214994289228015
paired_pulse,348,none,63,57,77,73,6,4,10,0,0.0,0,43.5,0,14.350000000000001
paired_pulse,348,open_loop,63,60,77,73,3,4,7,6,0.8533739059724342,0,40.5,0,11.520674781194487
paired_pulse,348,feedback,63,63,77,73,0,4,4,30,2.5601217179173026,0,19.5,0,7.962024343583461
paired_pulse,349,none,50,47,105,67,3,38,41,0,0.0,0,49.5,0,45.95
paired_pulse,349,open_loop,50,50,105,70,0,35,35,6,0.8533739059724342,0,49.5,0,40.420674781194485
paired_pulse,349,feedback,50,50,105,82,0,23,23,30,3.413495623889737,0,38.5,0,29.03269912477795
paired_pulse,350,none,70,69,79,68,1,11,12,0,0.0,0,31.5,0,15.15
paired_pulse,350,open_loop,70,70,79,71,0,8,8,6,0.8533739059724342,0,29.5,0,11.420674781194489
paired_pulse,350,feedback,70,70,79,79,0,0,0,36,4.984086722869059,0,15.5,0,4.346817344573812
paired_pulse,351,none,65,65,98,80,0,18,18,0,0.0,0,24.5,0,20.45
paired_pulse,351,open_loop,65,65,98,83,0,15,15,6,0.8533739059724342,0,24.5,0,17.92067478119449
paired_pulse,351,feedback,65,65,98,92,0,6,6,24,3.2773389109241906,0,33.5,0,11.205467782184838
paired_pulse,352,none,63,61,99,69,2,30,32,0,0.0,0,35.5,0,35.55
paired_pulse,352,open_loop,63,63,99,72,0,27,27,6,0.8533739059724342,0,34.5,0,30.92067478119449
paired_pulse,352,feedback,63,63,99,83,0,16,16,28,4.266869529862171,0,26.5,0,20.90337390597243
paired_pulse,353,none,65,65,85,75,0,10,10,0,0.0,0,27.5,0,12.75
paired_pulse,353,open_loop,65,65,85,78,0,7,7,6,0.8533739059724342,0,24.5,0,9.920674781194487
paired_pulse,353,feedback,65,65,85,85,0,0,0,26,2.5601217179173026,0,26.5,0,4.462024343583461
paired_pulse,354,none,72,70,97,76,2,21,23,0,0.0,0,35.5,0,26.55
paired_pulse,354,open_loop,72,72,97,79,0,18,18,6,0.8533739059724342,0,34.5,0,21.92067478119449
paired_pulse,354,feedback,72,72,97,84,0,13,13,22,2.5601217179173026,0,23.5,0,16.96202434358346
paired_pulse,355,none,85,79,94,78,6,16,22,0,0.0,0,31.5,0,25.15
paired_pulse,355,open_loop,85,82,94,81,3,13,16,6,0.8533739059724342,0,31.5,0,19.620674781194488
paired_pulse,355,feedback,85,85,94,93,0,1,1,30,5.120243435834605,0,22.5,0,5.774048687166921
paired_pulse,356,none,82,72,94,74,10,20,30,0,0.0,0,29.5,0,32.95
paired_pulse,356,open_loop,82,75,94,77,7,17,24,6,0.8533739059724342,0,29.5,0,27.42067478119449
paired_pulse,356,feedback,82,82,94,87,0,7,7,37,4.266869529862171,0,20.5,5,11.753373905972435
paired_pulse,357,none,62,59,79,61,3,18,21,0,0.0,0,29.5,0,23.95
paired_pulse,357,open_loop,62,62,79,64,0,15,15,6,0.8533739059724342,0,29.5,0,18.42067478119449
paired_pulse,357,feedback,62,62,79,78,0,1,1,34,4.266869529862171,0,22.5,0,5.8033739059724345
paired_pulse,358,none,65,61,95,80,4,15,19,0,0.0,0,42.5,0,23.25
paired_pulse,358,open_loop,65,64,95,83,1,12,13,6,0.8533739059724342,0,42.5,0,17.72067478119449
paired_pulse,358,feedback,65,65,95,94,0,1,1,28,5.120243435834605,0,35.5,0,6.974048687166922
paired_pulse,359,none,74,66,92,60,8,32,40,0,0.0,0,36.5,0,43.65
paired_pulse,359,open_loop,74,69,92,63,5,29,34,6,0.8533739059724342,0,36.5,0,38.12067478119448
paired_pulse,359,feedback,74,74,92,82,0,10,10,46,7.408051727820816,0,26.5,6,16.431610345564167
paired_pulse,360,none,70,70,96,68,0,28,28,0,0.0,0,32.5,0,31.25
paired_pulse,360,open_loop,70,70,96,71,0,25,25,6,0.8533739059724342,0,29.5,0,28.42067478119449
paired_pulse,360,feedback,70,70,96,87,0,9,9,38,5.701303915875948,0,26.5,0,14.69026078317519
paired_pulse,361,none,63,63,98,81,0,17,17,0,0.0,0,39.5,0,20.95
paired_pulse,361,open_loop,63,63,98,84,0,14,14,6,0.8533739059724342,0,36.5,0,18.120674781194488
paired_pulse,361,feedback,63,63,98,93,0,5,5,32,4.266869529862171,0,36.5,0,11.103373905972434
paired_pulse,362,none,66,66,86,67,0,19,19,0,0.0,0,29.5,0,21.95
paired_pulse,362,open_loop,66,66,86,70,0,16,16,6,0.8533739059724342,0,26.5,0,19.120674781194488
paired_pulse,362,feedback,66,66,86,81,0,5,5,28,5.0949661442312,0,21.5,0,9.56899322884624
paired_pulse,363,none,73,73,86,70,0,16,16,0,0.0,0,33.5,0,19.35
paired_pulse,363,open_loop,73,73,86,73,0,13,13,6,0.8533739059724342,0,30.5,0,16.520674781194487
paired_pulse,363,feedback,73,73,86,84,0,2,2,28,4.984086722869059,0,22.5,0,6.646817344573813
paired_pulse,364,none,73,73,71,62,0,9,9,0,0.0,0,41.5,0,13.15
paired_pulse,364,open_loop,73,73,71,65,0,6,6,6,0.8533739059724342,0,38.5,0,10.320674781194487
paired_pulse,364,feedback,73,73,71,71,0,0,0,44,8.125268920827704,0,13.5,0,5.1750537841655415
paired_pulse,365,none,68,67,86,72,1,14,15,0,0.0,0,30.5,0,18.05
paired_pulse,365,open_loop,68,68,86,75,0,11,11,6,0.8533739059724342,0,28.5,0,14.320674781194487
paired_pulse,365,feedback,68,68,86,86,0,0,0,28,4.266869529862171,0,24.5,0,4.703373905972434
paired_pulse,366,none,89,78,86,72,11,14,25,0,0.0,0,30.5,0,28.05
paired_pulse,366,open_loop,89,81,86,75,8,11,19,6,0.8533739059724342,0,30.5,0,22.52067478119449
paired_pulse,366,feedback,89,88,86,86,1,0,1,47,7.518931149182957,0,13.5,3,6.203786229836592
paired_pulse,367,none,83,70,97,72,13,25,38,0,0.0,0,31.5,0,41.15
paired_pulse,367,open_loop,83,73,97,75,10,22,32,6,0.8533739059724342,0,31.5,0,35.62067478119448
paired_pulse,367,feedback,83,83,97,94,0,3,3,44,4.266869529862171,0,22.5,0,8.303373905972435
paired_pulse,368,none,61,59,79,68,2,11,13,0,0.0,0,34.5,0,16.45
paired_pulse,368,open_loop,61,61,79,71,0,8,8,6,0.8533739059724342,0,33.5,0,11.820674781194487
paired_pulse,368,feedback,61,61,79,79,0,0,0,36,4.266869529862171,0,24.5,0,5.103373905972434
paired_pulse,369,none,63,60,80,64,3,16,19,0,0.0,0,31.5,0,22.15
paired_pulse,369,open_loop,63,63,80,67,0,13,13,6,0.8533739059724342,0,31.5,0,16.620674781194488
paired_pulse,369,feedback,63,63,80,76,0,4,4,24,2.5601217179173026,0,22.5,0,7.962024343583461
paired_pulse,370,none,69,66,72,61,3,11,14,0,0.0,0,35.5,0,17.55
paired_pulse,370,open_loop,69,69,72,64,0,8,8,6,0.8533739059724342,0,35.5,0,12.020674781194488
paired_pulse,370,feedback,69,69,72,72,0,0,0,32,6.554677821848381,0,17.5,0,4.660935564369677
paired_pulse,371,none,68,58,79,62,10,17,27,0,0.0,0,33.5,0,30.35
paired_pulse,371,open_loop,68,61,79,65,7,14,21,6,0.8533739059724342,0,33.5,0,24.82067478119449
paired_pulse,371,feedback,68,68,79,79,0,0,0,48,5.9736173418070395,0,17.5,0,5.344723468361408
paired_pulse,372,none,89,86,89,76,3,13,16,0,0.0,0,40.5,0,20.05
paired_pulse,372,open_loop,89,89,89,79,0,10,10,6,0.8533739059724342,0,40.5,0,14.520674781194487
paired_pulse,372,feedback,89,89,89,89,0,0,0,48,9.695860019807027,0,11.5,0,5.489172003961406
paired_pulse,373,none,61,61,76,73,0,3,3,0,0.0,0,33.5,0,6.35
paired_pulse,373,open_loop,61,61,76,76,0,0,0,6,0.8533739059724342,0,30.5,0,3.5206747811944874
paired_pulse,373,feedback,61,61,76,76,0,0,0,16,0.8533739059724342,0,21.5,0,3.120674781194487
paired_pulse,374,none,66,65,74,66,1,8,9,0,0.0,0,29.5,0,11.95
paired_pulse,374,open_loop,66,66,74,69,0,5,5,6,0.8533739059724342,0,27.5,0,8.220674781194486
paired_pulse,374,feedback,66,66,74,74,0,0,0,28,5.0949661442312,0,21.5,2,4.5689932288462405
paired_pulse,375,none,74,65,80,65,9,15,24,0,0.0,0,30.5,0,27.05
paired_pulse,375,open_loop,74,68,80,68,6,12,18,6,0.8533739059724342,0,30.5,0,21.52067478119449
paired_pulse,375,feedback,74,74,80,80,0,0,0,40,5.9736173418070395,0,17.5,0,4.944723468361408
paired_pulse,376,none,74,73,94,75,1,19,20,0,0.0,0,31.5,0,23.15
paired_pulse,376,open_loop,74,74,94,78,0,16,16,6,0.8533739059724342,0,29.5,0,19.42067478119449
paired_pulse,376,feedback,74,74,94,90,0,4,4,30,5.812183337238088,0,22.5,0,8.912436667447619
paired_pulse,377,none,58,58,84,72,0,12,12,0,0.0,0,23.5,0,14.35
paired_pulse,377,open_loop,58,58,84,75,0,9,9,6,0.8533739059724342,0,23.5,0,11.820674781194487
paired_pulse,377,feedback,58,58,84,84,0,0,0,24,3.3882183322863315,0,32.5,0,5.127643666457267
paired_pulse,378,none,63,63,85,71,0,14,14,0,0.0,0,25.5,0,16.55
paired_pulse,378,open_loop,63,63,85,74,0,11,11,6,0.8533739059724342,0,22.5,0,13.720674781194488
paired_pulse,378,feedback,63,63,85,84,0,1,1,26,7.135738301889724,0,27.5,0,6.477147660377945
paired_pulse,379,none,63,56,84,68,7,16,23,0,0.0,0,37.5,0,26.75
paired_pulse,379,open_loop,63,59,84,71,4,13,17,6,0.8533739059724342,0,37.5,0,21.22067478119449
paired_pulse,379,feedback,63,63,84,84,0,0,0,32,5.120243435834605,0,28.5,0,5.4740486871669205
paired_pulse,380,none,52,52,69,55,0,14,14,0,0.0,0,26.5,0,16.65
paired_pulse,380,open_loop,52,52,69,58,0,11,11,6,0.8533739059724342,0,23.5,0,13.820674781194487
paired_pulse,380,feedback,52,52,69,69,0,0,0,30,4.266869529862171,0,23.5,0,4.703373905972434
paired_pulse,381,none,72,72,88,63,0,25,25,0,0.0,0,39.5,0,28.95
paired_pulse,381,open_loop,72,72,88,66,0,22,22,6,0.8533739059724342,0,36.5,0,26.120674781194488
paired_pulse,381,feedback,72,72,88,78,0,10,10,30,6.554677821848381,0,24.5,0,15.260935564369678
paired_pulse,382,none,48,46,86,59,2,27,29,0,0.0,0,42.5,0,33.25
paired_pulse,382,open_loop,48,48,86,62,0,24,24,6,0.8533739059724342,0,41.5,0,28.620674781194488
paired_pulse,382,feedback,48,48,86,72,0,14,14,26,4.266869529862171,0,31.5,0,19.303373905972435
paired_pulse,383,none,72,72,79,62,0,17,17,0,0.0,0,40.5,0,21.05
paired_pulse,383,open_loop,72,72,79,65,0,14,14,6,0.8533739059724342,0,37.5,0,18.22067478119449
paired_pulse,383,feedback,72,72,79,79,0,0,0,46,8.125268920827704,0,13.5,0,5.275053784165541
paired_pulse,384,none,84,68,80,69,16,11,27,0,0.0,0,29.5,0,29.95
paired_pulse,384,open_loop,84,71,80,72,13,8,21,6,0.8533739059724342,0,29.5,0,24.42067478119449
paired_pulse,384,feedback,84,84,80,80,0,0,0,52,5.9736173418070395,0,4.5,0,4.244723468361408
paired_pulse,385,none,64,53,84,67,11,17,28,0,0.0,0,39.5,0,31.95
paired_pulse,385,open_loop,64,56,84,70,8,14,22,6,0.8533739059724342,0,39.5,0,26.42067478119449
paired_pulse,385,feedback,64,64,84,83,0,1,1,42,5.9736173418070395,0,25.5,0,6.844723468361408
paired_pulse,386,none,66,63,90,70,3,20,23,0,0.0,0,32.5,0,26.25
paired_pulse,386,open_loop,66,66,90,73,0,17,17,6,0.8533739059724342,0,32.5,0,20.72067478119449
paired_pulse,386,feedback,66,66,90,85,0,5,5,36,5.812183337238088,0,25.5,0,10.512436667447618
paired_pulse,387,none,83,75,83,69,8,14,22,0,0.0,0,36.5,0,25.65
paired_pulse,387,open_loop,83,78,83,72,5,11,16,6,0.8533739059724342,0,36.5,0,20.120674781194488
paired_pulse,387,feedback,83,83,83,82,0,1,1,37,5.120243435834605,0,23.5,3,6.2240486871669205
paired_pulse,388,none,70,67,94,75,3,19,22,0,0.0,0,37.5,0,25.75
paired_pulse,388,open_loop,70,70,94,78,0,16,16,6,0.8533739059724342,0,37.5,0,20.22067478119449
paired_pulse,388,feedback,70,70,94,89,0,5,5,28,4.266869529862171,0,26.5,0,9.903373905972435
paired_pulse,389,none,64,61,92,69,3,23,26,0,0.0,0,33.5,0,29.35
paired_pulse,389,open_loop,64,64,92,72,0,20,20,6,0.8533739059724342,0,33.5,0,23.82067478119449
paired_pulse,389,feedback,64,64,92,82,0,10,10,30,4.266869529862171,0,24.5,0,14.803373905972435
paired_pulse,390,none,73,66,79,70,7,9,16,0,0.0,0,31.5,0,19.15
paired_pulse,390,open_loop,73,69,79,73,4,6,10,6,0.8533739059724342,0,31.5,0,13.620674781194488
paired_pulse,390,feedback,73,73,79,79,0,0,0,38,7.357497144614005,0,15.5,0,4.921499428922801
paired_pulse,391,none,66,66,88,80,0,8,8,0,0.0,0,41.5,0,12.15
paired_pulse,391,open_loop,66,66,88,83,0,5,5,6,0.8533739059724342,0,38.5,0,9.320674781194487
paired_pulse,391,feedback,66,66,88,88,0,0,0,32,5.701303915875948,0,28.5,0,5.590260783175189
paired_pulse,392,none,79,63,94,71,16,23,39,0,0.0,0,37.5,0,42.75
paired_pulse,392,open_loop,79,66,94,74,13,20,33,6,0.8533739059724342,0,37.5,0,37.22067478119448
paired_pulse,392,feedback,79,77,94,88,2,6,8,50,5.9736173418070395,0,18.5,0,13.544723468361408
paired_pulse,393,none,65,65,92,77,0,15,15,0,0.0,0,25.5,0,17.55
paired_pulse,393,open_loop,65,65,92,80,0,12,12,6,0.8533739059724342,0,22.5,0,14.720674781194488
paired_pulse,393,feedback,65,65,92,85,0,7,7,16,0.8533739059724342,0,26.5,0,10.620674781194488
paired_pulse,394,none,75,65,88,69,10,19,29,0,0.0,0,33.5,0,32.35
paired_pulse,394,open_loop,75,68,88,72,7,16,23,6,0.8533739059724342,0,33.5,0,26.82067478119449
paired_pulse,394,feedback,75,75,88,88,0,0,0,40,7.518931149182957,0,24.5,2,5.953786229836592
paired_pulse,395,none,77,71,85,78,6,7,13,0,0.0,0,30.5,0,16.05
paired_pulse,395,open_loop,77,74,85,81,3,4,7,6,0.8533739059724342,0,30.5,0,10.520674781194487
paired_pulse,395,feedback,77,77,85,85,0,0,0,44,7.357497144614005,0,14.5,0,5.121499428922801
paired_pulse,396,none,72,72,70,61,0,9,9,0,0.0,0,39.5,0,12.95
paired_pulse,396,open_loop,72,72,70,64,0,6,6,6,0.8533739059724342,0,36.5,0,10.120674781194488
paired_pulse,396,feedback,72,72,70,70,0,0,0,40,8.074714337620893,0,20.5,6,5.664942867524179
paired_pulse,397,none,78,75,84,70,3,14,17,0,0.0,0,35.5,0,20.55
paired_pulse,397,open_loop,78,78,84,73,0,11,11,6,0.8533739059724342,0,35.5,0,15.020674781194488
paired_pulse,397,feedback,78,78,84,84,0,0,0,43,6.529400530244976,0,13.5,1,4.8058801060489955
paired_pulse,398,none,71,68,85,67,3,18,21,0,0.0,0,29.5,0,23.95
paired_pulse,398,open_loop,71,71,85,70,0,15,15,6,0.8533739059724342,0,29.5,0,18.42067478119449
paired_pulse,398,feedback,71,71,85,85,0,0,0,40,5.812183337238088,0,25.5,4,5.7124366674476175
paired_pulse,399,none,79,75,90,74,4,16,20,0,0.0,0,23.5,0,22.35
paired_pulse,399,open_loop,79,78,90,77,1,13,14,6,0.8533739059724342,0,23.5,0,16.820674781194487
paired_pulse,399,feedback,79,79,90,90,0,0,0,41,5.0949661442312,0,20.5,3,5.118993228846241
paired_pulse,400,none,58,58,71,61,0,10,10,0,0.0,0,25.5,0,12.55
paired_pulse,400,open_loop,58,58,71,64,0,7,7,6,0.8533739059724342,0,22.5,0,9.720674781194486
paired_pulse,400,feedback,58,58,71,71,0,0,0,26,4.9335321396622485,0,22.5,0,4.53670642793245
paired_pulse,401,none,74,65,93,71,9,22,31,0,0.0,0,35.5,0,34.55
paired_pulse,401,open_loop,74,68,93,74,6,19,25,6,0.8533739059724342,0,35.5,0,29.02067478119449
paired_pulse,401,feedback,74,74,93,89,0,4,4,36,4.266869529862171,0,26.5,0,9.303373905972435
paired_pulse,402,none,69,58,84,65,11,19,30,0,0.0,0,36.5,0,33.65
paired_pulse,402,open_loop,69,61,84,68,8,16,24,6,0.8533739059724342,0,36.5,0,28.120674781194488
paired_pulse,402,feedback,69,69,84,81,0,3,3,36,6.665557243210523,0,27.5,0,8.883111448642104
paired_pulse,403,none,71,69,83,66,2,17,19,0,0.0,0,29.5,0,21.95
paired_pulse,403,open_loop,71,71,83,69,0,14,14,6,0.8533739059724342,0,28.5,0,17.320674781194487
paired_pulse,403,feedback,71,71,83,79,0,4,4,32,4.266869529862171,0,19.5,0,8.403373905972433
paired_pulse,404,none,70,70,101,78,0,23,23,0,0.0,0,22.5,0,25.25
paired_pulse,404,open_loop,70,70,101,81,0,20,20,6,0.8533739059724342,0,19.5,0,22.42067478119449
paired_pulse,404,feedback,70,70,101,88,0,13,13,20,2.5601217179173026,0,25.5,0,17.06202434358346
paired_pulse,405,none,75,73,89,67,2,22,24,0,0.0,0,36.5,0,27.65
paired_pulse,405,open_loop,75,75,89,70,0,19,19,6,0.8533739059724342,0,35.5,0,23.02067478119449
paired_pulse,405,feedback,75,75,89,84,0,5,5,34,4.984086722869059,0,21.5,0,9.846817344573813
paired_pulse,406,none,68,67,78,61,1,17,18,0,0.0,0,34.5,0,21.45
paired_pulse,406,open_loop,68,68,78,64,0,14,14,6,0.8533739059724342,0,32.5,0,17.72067478119449
paired_pulse,406,feedback,68,68,78,78,0,0,0,45,5.0949661442312,0,19.5,1,5.21899322884624
paired_pulse,407,none,77,70,91,72,7,19,26,0,0.0,0,31.5,0,29.15
paired_pulse,407,open_loop,77,73,91,75,4,16,20,6,0.8533739059724342,0,31.5,0,23.620674781194488
paired_pulse,407,feedback,77,77,91,88,0,3,3,32,2.5601217179173026,0,22.5,0,7.36202434358346
paired_pulse,408,none,64,64,76,60,0,16,16,0,0.0,0,34.5,0,19.45
paired_pulse,408,open_loop,64,64,76,63,0,13,13,6,0.8533739059724342,0,31.5,0,16.620674781194488
paired_pulse,408,feedback,64,64,76,71,0,5,5,23,1.7067478119448685,0,29.5,5,9.441349562388975
paired_pulse,409,none,60,60,88,71,0,17,17,0,0.0,0,30.5,0,20.05
paired_pulse,409,open_loop,60,60,88,74,0,14,14,6,0.8533739059724342,0,27.5,0,17.22067478119449
paired_pulse,409,feedback,60,60,88,82,0,6,6,22,4.9335321396622485,0,28.5,0,10.93670642793245
paired_pulse,410,none,60,60,94,75,0,19,19,0,0.0,0,36.5,0,22.65
paired_pulse,410,open_loop,60,60,94,78,0,16,16,6,0.8533739059724342,0,33.5,0,19.82067478119449
paired_pulse,410,feedback,60,60,94,86,0,8,8,22,3.413495623889737,0,32.5,0,13.032699124777947
paired_pulse,411,none,74,69,81,67,5,14,19,0,0.0,0,32.5,0,22.25
paired_pulse,411,open_loop,74,72,81,70,2,11,13,6,0.8533739059724342,0,32.5,0,16.72067478119449
paired_pulse,411,feedback,74,74,81,81,0,0,0,32,2.5601217179173026,0,20.5,0,4.162024343583461
paired_pulse,412,none,59,58,82,69,1,13,14,0,0.0,0,34.5,0,17.45
paired_pulse,412,open_loop,59,59,82,72,0,10,10,6,0.8533739059724342,0,32.5,0,13.720674781194488
paired_pulse,412,feedback,59,59,82,82,0,0,0,28,4.266869529862171,0,29.5,0,5.203373905972434
paired_pulse,413,none,82,72,80,66,10,14,24,0,0.0,0,36.5,0,27.65
paired_pulse,413,open_loop,82,75,80,69,7,11,18,6,0.8533739059724342,0,36.5,0,22.120674781194488
paired_pulse,413,feedback,82,82,80,80,0,0,0,56,8.26142563379325,0,5.5,0,5.00228512675865
paired_pulse,414,none,80,74,67,61,6,6,12,0,0.0,0,43.5,0,16.35
paired_pulse,414,open_loop,80,77,67,64,3,3,6,6,0.8533739059724342,0,43.5,0,10.820674781194487
paired_pulse,414,feedback,80,80,67,67,0,0,0,48,6.554677821848381,0,7.5,0,4.460935564369676
paired_pulse,415,none,84,83,91,80,1,11,12,0,0.0,0,33.5,0,15.35
paired_pulse,415,open_loop,84,84,91,83,0,8,8,6,0.8533739059724342,0,31.5,0,11.620674781194488
paired_pulse,415,feedback,84,84,91,91,0,0,0,42,7.408051727820816,0,14.5,8,5.031610345564164
paired_pulse,416,none,75,68,80,67,7,13,20,0,0.0,0,31.5,0,23.15
paired_pulse,416,open_loop,75,71,80,70,4,10,14,6,0.8533739059724342,0,31.5,0,17.620674781194488
paired_pulse,416,feedback,75,75,80,80,0,0,0,50,7.408051727820816,0,12.5,0,5.231610345564163
paired_pulse,417,none,46,46,78,68,0,10,10,0,0.0,0,35.5,0,13.55
paired_pulse,417,open_loop,46,46,78,71,0,7,7,6,0.8533739059724342,0,32.5,0,10.720674781194486
paired_pulse,417,feedback,46,46,78,76,0,2,2,16,2.5601217179173026,0,36.5,0,6.962024343583461
paired_pulse,418,none,68,68,83,70,0,13,13,0,0.0,0,28.5,0,15.85
paired_pulse,418,open_loop,68,68,83,73,0,10,10,6,0.8533739059724342,0,25.5,0,13.020674781194488
paired_pulse,418,feedback,68,68,83,83,0,0,0,37,6.751159372969258,0,21.5,3,5.3502318745938515
paired_pulse,419,none,60,57,83,67,3,16,19,0,0.0,0,39.5,0,22.95
paired_pulse,419,open_loop,60,60,83,70,0,13,13,6,0.8533739059724342,0,39.5,0,17.42067478119449
paired_pulse,419,feedback,60,60,83,80,0,3,3,26,4.266869529862171,0,29.5,0,8.103373905972434
paired_pulse,420,none,64,59,89,68,5,21,26,0,0.0,0,36.5,0,29.65
paired_pulse,420,open_loop,64,62,89,71,2,18,20,6,0.8533739059724342,0,36.5,0,24.120674781194488
paired_pulse,420,feedback,64,64,89,82,0,7,7,28,3.413495623889737,0,27.5,0,11.832699124777948
paired_pulse,421,none,77,76,89,75,1,14,15,0,0.0,0,29.5,0,17.95
paired_pulse,421,open_loop,77,77,89,78,0,11,11,6,0.8533739059724342,0,27.5,0,14.220674781194488
paired_pulse,421,feedback,77,77,89,85,0,4,4,20,2.5601217179173026,0,20.5,0,7.562024343583461
paired_pulse,422,none,72,69,77,69,3,8,11,0,0.0,0,30.5,0,14.05
paired_pulse,422,open_loop,72,72,77,72,0,5,5,6,0.8533739059724342,0,30.5,0,8.520674781194487
paired_pulse,422,feedback,72,72,77,77,0,0,0,35,5.044411561024389,0,11.5,1,3.908882312204878
paired_pulse,423,none,63,63,84,73,0,11,11,0,0.0,0,29.5,0,13.95
paired_pulse,423,open_loop,63,63,84,76,0,8,8,6,0.8533739059724342,0,26.5,0,11.120674781194488
paired_pulse,423,feedback,63,63,84,83,0,1,1,32,2.5601217179173026,0,26.5,0,5.762024343583461
paired_pulse,424,none,93,92,94,77,1,17,18,0,0.0,0,39.5,0,21.95
paired_pulse,424,open_loop,93,93,94,80,0,14,14,6,0.8533739059724342,0,37.5,0,18.22067478119449
paired_pulse,424,feedback,93,93,94,89,0,5,5,38,6.554677821848381,0,19.5,0,10.160935564369677
paired_pulse,425,none,78,72,78,64,6,14,20,0,0.0,0,36.5,0,23.65
paired_pulse,425,open_loop,78,75,78,67,3,11,14,6,0.8533739059724342,0,36.5,0,18.120674781194488
paired_pulse,425,feedback,78,78,78,78,0,0,0,48,7.408051727820816,0,11.5,2,5.031610345564164
paired_pulse,426,none,69,66,75,62,3,13,16,0,0.0,0,34.5,0,19.45
paired_pulse,426,open_loop,69,69,75,65,0,10,10,6,0.8533739059724342,0,34.5,0,13.920674781194489
paired_pulse,426,feedback,69,69,75,75,0,0,0,48,9.670582728203621,0,12.5,0,5.5841165456407245
paired_pulse,427,none,74,74,78,63,0,15,15,0,0.0,0,41.5,0,19.15
paired_pulse,427,open_loop,74,74,78,66,0,12,12,6,0.8533739059724342,0,38.5,0,16.320674781194487
paired_pulse,427,feedback,74,74,78,78,0,0,0,47,6.529400530244976,0,21.5,3,5.8058801060489955
paired_pulse,428,none,69,67,84,64,2,20,22,0,0.0,0,33.5,0,25.35
paired_pulse,428,open_loop,69,69,84,67,0,17,17,6,0.8533739059724342,0,32.5,0,20.72067478119449
paired_pulse,428,feedback,69,69,84,84,0,0,0,48,8.236148342189844,0,22.5,0,6.29722966843797
paired_pulse,429,none,68,68,93,75,0,18,18,0,0.0,0,23.5,0,20.35
paired_pulse,429,open_loop,68,68,93,78,0,15,15,6,0.8533739059724342,0,23.5,0,17.820674781194487
paired_pulse,429,feedback,68,68,93,84,0,9,9,26,3.3882183322863315,0,22.5,0,13.227643666457267
paired_pulse,430,none,74,71,87,74,3,13,16,0,0.0,0,32.5,0,19.25
paired_pulse,430,open_loop,74,74,87,77,0,10,10,6,0.8533739059724342,0,32.5,0,13.720674781194488
paired_pulse,430,feedback,74,74,87,87,0,0,0,40,5.812183337238088,0,19.5,0,5.112436667447618
paired_pulse,431,none,66,66,83,73,0,10,10,0,0.0,0,24.5,0,12.45
paired_pulse,431,open_loop,66,66,83,76,0,7,7,6,0.8533739059724342,0,21.5,0,9.620674781194486
paired_pulse,431,feedback,66,66,83,82,0,1,1,22,3.413495623889737,0,22.5,0,5.032699124777947
paired_pulse,432,none,71,71,93,82,0,11,11,0,0.0,0,30.5,0,14.05
paired_pulse,432,open_loop,71,71,93,85,0,8,8,6,0.8533739059724342,0,27.5,0,11.220674781194488
paired_pulse,432,feedback,71,71,93,90,0,3,3,16,0.8533739059724342,0,25.5,0,6.5206747811944865
paired_pulse,433,none,73,73,86,69,0,17,17,0,0.0,0,34.5,0,20.45
paired_pulse,433,open_loop,73,73,86,72,0,14,14,6,0.8533739059724342,0,31.5,0,17.620674781194488
paired_pulse,433,feedback,73,73,86,85,0,1,1,40,8.099991629224299,0,21.5,0,6.76999832584486
paired_pulse,434,none,65,64,97,72,1,25,26,0,0.0,0,37.5,0,29.75
paired_pulse,434,open_loop,65,65,97,75,0,22,22,6,0.8533739059724342,0,35.5,0,26.02067478119449
paired_pulse,434,feedback,65,65,97,87,0,10,10,30,2.5601217179173026,0,28.5,0,14.86202434358346
paired_pulse,435,none,63,62,88,75,1,13,14,0,0.0,0,32.5,0,17.25
paired_pulse,435,open_loop,63,63,88,78,0,10,10,6,0.8533739059724342,0,30.5,0,13.520674781194488
paired_pulse,435,feedback,63,63,88,87,0,1,1,24,2.5601217179173026,0,30.5,0,5.762024343583461
paired_pulse,436,none,79,72,86,74,7,12,19,0,0.0,0,29.5,0,21.95
paired_pulse,436,open_loop,79,75,86,77,4,9,13,6,0.8533739059724342,0,29.5,0,16.42067478119449
paired_pulse,436,feedback,79,79,86,86,0,0,0,40,4.984086722869059,0,16.5,0,4.646817344573812
paired_pulse,437,none,69,69,93,72,0,21,21,0,0.0,0,32.5,0,24.25
paired_pulse,437,open_loop,69,69,93,75,0,18,18,6,0.8533739059724342,0,29.5,0,21.42067478119449
paired_pulse,437,feedback,69,69,93,86,0,7,7,28,5.0949661442312,0,26.5,0,12.06899322884624
paired_pulse,438,none,75,75,94,72,0,22,22,0,0.0,0,33.5,0,25.35
paired_pulse,438,open_loop,75,75,94,75,0,19,19,6,0.8533739059724342,0,30.5,0,22.52067478119449
paired_pulse,438,feedback,75,75,94,86,0,8,8,28,6.554677821848381,0,28.5,0,13.560935564369677
paired_pulse,439,none,57,57,69,64,0,5,5,0,0.0,0,34.5,0,8.45
paired_pulse,439,open_loop,57,57,69,67,0,2,2,6,0.8533739059724342,0,31.5,0,5.620674781194487
paired_pulse,439,feedback,57,57,69,69,0,0,0,24,2.5601217179173026,0,18.5,0,3.562024343583461
paired_pulse,440,none,78,68,73,62,10,11,21,0,0.0,0,36.5,0,24.65
paired_pulse,440,open_loop,78,71,73,65,7,8,15,6,0.8533739059724342,0,36.5,0,19.120674781194488
paired_pulse,440,feedback,78,78,73,73,0,0,0,58,7.408051727820816,0,1.5,0,4.531610345564164
paired_pulse,441,none,62,58,104,79,4,25,29,0,0.0,0,48.5,0,33.85
paired_pulse,441,open_loop,62,61,104,82,1,22,23,6,0.8533739059724342,0,48.5,0,28.32067478119449
paired_pulse,441,feedback,62,62,104,92,0,12,12,30,2.5601217179173026,0,36.5,0,17.66202434358346
paired_pulse,442,none,77,66,85,65,11,20,31,0,0.0,0,31.5,0,34.15
paired_pulse,442,open_loop,77,69,85,68,8,17,25,6,0.8533739059724342,0,31.5,0,28.620674781194488
paired_pulse,442,feedback,77,77,85,85,0,0,0,44,4.266869529862171,0,18.5,0,4.903373905972435
paired_pulse,443,none,66,62,82,66,4,16,20,0,0.0,0,33.5,0,23.35
paired_pulse,443,open_loop,66,65,82,69,1,13,14,6,0.8533739059724342,0,33.5,0,17.820674781194487
paired_pulse,443,feedback,66,64,82,82,2,0,2,34,4.266869529862171,0,24.5,0,7.003373905972435
paired_pulse,444,none,75,75,83,66,0,17,17,0,0.0,0,37.5,0,20.75
paired_pulse,444,open_loop,75,75,83,69,0,14,14,6,0.8533739059724342,0,34.5,0,17.92067478119449
paired_pulse,444,feedback,75,75,83,81,0,2,2,42,8.125268920827704,0,23.5,4,8.07505378416554
paired_pulse,445,none,54,54,76,69,0,7,7,0,0.0,0,24.5,0,9.45
paired_pulse,445,open_loop,54,54,76,72,0,4,4,6,0.8533739059724342,0,24.5,0,6.920674781194487
paired_pulse,445,feedback,54,54,76,76,0,0,0,16,2.5601217179173026,0,28.5,0,4.162024343583461
paired_pulse,446,none,65,61,85,67,4,18,22,0,0.0,0,33.5,0,25.35
paired_pulse,446,open_loop,65,64,85,70,1,15,16,6,0.8533739059724342,0,33.5,0,19.82067478119449
paired_pulse,446,feedback,65,65,85,83,0,2,2,32,2.5601217179173026,0,24.5,0,6.56202434358346
paired_pulse,447,none,62,62,83,70,0,13,13,0,0.0,0,35.5,0,16.55
paired_pulse,447,open_loop,62,62,83,73,0,10,10,6,0.8533739059724342,0,32.5,0,13.720674781194488
paired_pulse,447,feedback,62,62,83,83,0,0,0,32,5.701303915875948,0,27.5,0,5.49026078317519
paired_pulse,448,none,84,74,85,72,10,13,23,0,0.0,0,28.5,0,25.85
paired_pulse,448,open_loop,84,77,85,75,7,10,17,6,0.8533739059724342,0,28.5,0,20.32067478119449
paired_pulse,448,feedback,84,84,85,85,0,0,0,41,5.9736173418070395,0,11.5,1,4.394723468361408
paired_pulse,449,none,70,66,94,70,4,24,28,0,0.0,0,29.5,0,30.95
paired_pulse,449,open_loop,70,69,94,73,1,21,22,6,0.8533739059724342,0,29.5,0,25.42067478119449
paired_pulse,449,feedback,70,70,94,87,0,7,7,34,4.266869529862171,0,23.5,0,11.903373905972433
paired_pulse,450,none,78,77,83,66,1,17,18,0,0.0,0,41.5,0,22.15
paired_pulse,450,open_loop,78,78,83,69,0,14,14,6,0.8533739059724342,0,39.5,0,18.42067478119449
paired_pulse,450,feedback,78,78,83,83,0,0,0,51,9.670582728203621,0,18.5,3,6.334116545640725
paired_pulse,451,none,85,67,78,60,18,18,36,0,0.0,0,37.5,0,39.75
paired_pulse,451,open_loop,85,70,78,63,15,15,30,6,0.8533739059724342,0,37.5,0,34.22067478119449
paired_pulse,451,feedback,85,82,78,78,3,0,3,54,8.37230505515539,0,16.5,0,9.024461011031079
paired_pulse,452,none,63,63,97,77,0,20,20,0,0.0,0,29.5,0,22.95
paired_pulse,452,open_loop,63,63,97,80,0,17,17,6,0.8533739059724342,0,26.5,0,20.120674781194488
paired_pulse,452,feedback,63,63,97,87,0,10,10,20,2.5601217179173026,0,30.5,0,14.562024343583461
paired_pulse,453,none,64,64,91,72,0,19,19,0,0.0,0,29.5,0,21.95
paired_pulse,453,open_loop,64,64,91,75,0,16,16,6,0.8533739059724342,0,26.5,0,19.120674781194488
paired_pulse,453,feedback,64,64,91,85,0,6,6,26,2.5601217179173026,0,27.5,0,10.56202434358346
paired_pulse,454,none,78,76,71,65,2,6,8,0,0.0,0,41.5,0,12.15
paired_pulse,454,open_loop,78,78,71,68,0,3,3,6,0.8533739059724342,0,40.5,0,7.5206747811944865
paired_pulse,454,feedback,78,78,71,71,0,0,0,43,8.236148342189844,0,11.5,5,4.947229668437969
paired_pulse,455,none,71,65,78,68,6,10,16,0,0.0,0,32.5,0,19.25
paired_pulse,455,open_loop,71,68,78,71,3,7,10,6,0.8533739059724342,0,32.5,0,13.720674781194488
paired_pulse,455,feedback,71,71,78,78,0,0,0,32,2.5601217179173026,0,16.5,0,3.7620243435834606
paired_pulse,456,none,65,65,94,73,0,21,21,0,0.0,0,35.5,0,24.55
paired_pulse,456,open_loop,65,65,94,76,0,18,18,6,0.8533739059724342,0,32.5,0,21.72067478119449
paired_pulse,456,feedback,65,65,94,83,0,11,11,20,2.5601217179173026,0,25.5,0,15.062024343583461
paired_pulse,457,none,75,69,95,75,6,20,26,0,0.0,0,35.5,0,29.55
paired_pulse,457,open_loop,75,72,95,78,3,17,20,6,0.8533739059724342,0,35.5,0,24.02067478119449
paired_pulse,457,feedback,75,75,95,87,0,8,8,32,5.120243435834605,0,21.5,0,12.774048687166921
paired_pulse,458,none,67,67,84,72,0,12,12,0,0.0,0,30.5,0,15.05
paired_pulse,458,open_loop,67,67,84,75,0,9,9,6,0.8533739059724342,0,27.5,0,12.220674781194488
paired_pulse,458,feedback,67,67,84,84,0,0,0,32,5.701303915875948,0,23.5,0,5.090260783175189
paired_pulse,459,none,73,63,81,71,10,10,20,0,0.0,0,33.5,0,23.35
paired_pulse,459,open_loop,73,66,81,74,7,7,14,6,0.8533739059724342,0,33.5,0,17.820674781194487
paired_pulse,459,feedback,73,73,81,81,0,0,0,46,7.4080517278208164,0,14.5,0,5.231610345564164
paired_pulse,460,none,80,74,88,78,6,10,16,0,0.0,0,33.5,0,19.35
paired_pulse,460,open_loop,80,77,88,81,3,7,10,6,0.8533739059724342,0,33.5,0,13.820674781194487
paired_pulse,460,feedback,80,80,88,88,0,0,0,32,6.615002660003712,0,20.5,0,4.973000532000743
paired_pulse,461,none,69,69,97,75,0,22,22,0,0.0,0,29.5,0,24.95
paired_pulse,461,open_loop,69,69,97,78,0,19,19,6,0.8533739059724342,0,26.5,0,22.120674781194488
paired_pulse,461,feedback,69,69,97,88,0,9,9,26,5.701303915875948,0,25.5,0,13.990260783175192
paired_pulse,462,none,63,63,83,63,0,20,20,0,0.0,0,30.5,0,23.05
paired_pulse,462,open_loop,63,63,83,66,0,17,17,6,0.8533739059724342,0,27.5,0,20.22067478119449
paired_pulse,462,feedback,63,63,83,81,0,2,2,38,8.125268920827704,0,24.5,0,7.975053784165541
paired_pulse,463,none,76,74,86,72,2,14,16,0,0.0,0,28.5,0,18.85
paired_pulse,463,open_loop,76,76,86,75,0,11,11,6,0.8533739059724342,0,27.5,0,14.220674781194488
paired_pulse,463,feedback,76,76,86,81,0,5,5,26,2.5601217179173026,0,13.5,0,8.162024343583461
paired_pulse,464,none,80,80,105,82,0,23,23,0,0.0,0,26.5,0,25.65
paired_pulse,464,open_loop,80,80,105,85,0,20,20,6,0.8533739059724342,0,23.5,0,22.82067478119449
paired_pulse,464,feedback,80,80,105,93,0,12,12,30,4.984086722869059,0,19.5,0,16.446817344573812
paired_pulse,465,none,71,67,86,70,4,16,20,0,0.0,0,30.5,0,23.05
paired_pulse,465,open_loop,71,70,86,73,1,13,14,6,0.8533739059724342,0,30.5,0,17.520674781194487
paired_pulse,465,feedback,71,71,86,86,0,0,0,46,5.812183337238088,0,21.5,0,5.612436667447618
paired_pulse,466,none,56,56,91,72,0,19,19,0,0.0,0,37.5,0,22.75
paired_pulse,466,open_loop,56,56,91,75,0,16,16,6,0.8533739059724342,0,34.5,0,19.92067478119449
paired_pulse,466,feedback,56,56,91,80,0,11,11,16,0.8533739059724342,0,30.5,0,15.020674781194488
paired_pulse,467,none,57,57,72,67,0,5,5,0,0.0,0,31.5,0,8.15
paired_pulse,467,open_loop,57,57,72,70,0,2,2,6,0.8533739059724342,0,28.5,0,5.320674781194487
paired_pulse,467,feedback,57,57,72,72,0,0,0,32,5.701303915875948,0,21.5,0,4.89026078317519
paired_pulse,468,none,86,81,80,67,5,13,18,0,0.0,0,44.5,0,22.45
paired_pulse,468,open_loop,86,84,80,70,2,10,12,6,0.8533739059724342,0,44.5,0,16.92067478119449
paired_pulse,468,feedback,86,86,80,80,0,0,0,53,9.781462149565762,0,12.5,3,5.856292429913153
paired_pulse,469,none,84,80,88,71,4,17,21,0,0.0,0,35.5,0,24.55
paired_pulse,469,open_loop,84,83,88,74,1,14,15,6,0.8533739059724342,0,35.5,0,19.020674781194487
paired_pulse,469,feedback,84,84,88,87,0,1,1,48,8.953365535196733,0,10.5,0,6.240673107039346
paired_pulse,470,none,54,54,72,60,0,12,12,0,0.0,0,29.5,0,14.95
paired_pulse,470,open_loop,54,54,72,63,0,9,9,6,0.8533739059724342,0,26.5,0,12.120674781194488
paired_pulse,470,feedback,54,54,72,72,0,0,0,30,5.812183337238088,0,24.5,0,5.112436667447618
paired_pulse,471,none,76,76,86,79,0,7,7,0,0.0,0,23.5,0,9.35
paired_pulse,471,open_loop,76,76,86,82,0,4,4,6,0.8533739059724342,0,25.5,0,7.0206747811944865
paired_pulse,471,feedback,76,76,86,86,0,0,0,30,6.39324381727943,0,17.5,0,4.528648763455886
paired_pulse,472,none,70,66,82,60,4,22,26,0,0.0,0,36.5,0,29.65
paired_pulse,472,open_loop,70,69,82,63,1,19,20,6,0.8533739059724342,0,36.5,0,24.120674781194488
paired_pulse,472,feedback,70,70,82,81,0,1,1,42,4.984086722869059,0,24.5,0,6.546817344573812
paired_pulse,473,none,72,67,85,58,5,27,32,0,0.0,0,39.5,0,35.95
paired_pulse,473,open_loop,72,70,85,61,2,24,26,6,0.8533739059724342,0,39.5,0,30.42067478119449
paired_pulse,473,feedback,72,72,85,81,0,4,4,46,8.125268920827704,0,22.5,0,10.175053784165542
paired_pulse,474,none,71,71,83,69,0,14,14,0,0.0,0,32.5,0,17.25
paired_pulse,474,open_loop,71,71,83,72,0,11,11,6,0.8533739059724342,0,29.5,0,14.420674781194489
paired_pulse,474,feedback,71,71,83,82,0,1,1,26,3.3882183322863315,0,24.5,0,5.427643666457266
paired_pulse,475,none,70,70,87,78,0,9,9,0,0.0,0,27.5,0,11.75
paired_pulse,475,open_loop,70,70,87,81,0,6,6,6,0.8533739059724342,0,24.5,0,8.920674781194487
paired_pulse,475,feedback,70,70,87,86,0,1,1,18,2.5601217179173026,0,22.5,0,4.662024343583461
paired_pulse,476,none,75,75,90,83,0,7,7,0,0.0,0,25.5,0,9.55
paired_pulse,476,open_loop,75,75,90,86,0,4,4,6,0.8533739059724342,0,22.5,0,6.720674781194487
paired_pulse,476,feedback,75,75,90,90,0,0,0,22,6.418521108882835,0,21.5,0,4.533704221776567
paired_pulse,477,none,69,57,77,65,12,12,24,0,0.0,0,37.5,0,27.75
paired_pulse,477,open_loop,69,60,77,68,9,9,18,6,0.8533739059724342,0,37.5,0,22.22067478119449
paired_pulse,477,feedback,69,69,77,77,0,0,0,44,4.266869529862171,0,17.5,0,4.8033739059724345
paired_pulse,478,none,76,72,88,67,4,21,25,0,0.0,0,35.5,0,28.55
paired_pulse,478,open_loop,76,75,88,70,1,18,19,6,0.8533739059724342,0,35.5,0,23.02067478119449
paired_pulse,478,feedback,76,76,88,88,0,0,0,54,7.408051727820816,0,18.5,0,6.031610345564163
paired_pulse,479,none,59,59,70,67,0,3,3,0,0.0,0,31.5,0,6.15
paired_pulse,479,open_loop,59,59,70,67,0,3,3,6,0.8533739059724342,0,25.5,0,6.0206747811944865
paired_pulse,479,feedback,59,59,70,67,0,3,3,16,0.8533739059724342,0,15.5,0,5.5206747811944865
paired_pulse,480,none,91,81,87,67,10,20,30,0,0.0,0,44.5,0,34.45
paired_pulse,480,open_loop,91,84,87,70,7,17,24,6,0.8533739059724342,0,44.5,0,28.92067478119449
paired_pulse,480,feedback,91,91,87,86,0,1,1,60,11.37733054014849,0,21.5,8,8.425466108029699
paired_pulse,481,none,61,61,93,75,0,18,18,0,0.0,0,25.5,0,20.55
paired_pulse,481,open_loop,61,61,93,78,0,15,15,6,0.8533739059724342,0,23.5,0,17.820674781194487
paired_pulse,481,feedback,61,61,93,92,0,1,1,38,5.701303915875948,0,37.5,0,7.79026078317519
paired_pulse,482,none,70,70,90,77,0,13,13,0,0.0,0,30.5,0,16.05
paired_pulse,482,open_loop,70,70,90,80,0,10,10,6,0.8533739059724342,0,27.5,0,13.220674781194488
paired_pulse,482,feedback,70,70,90,90,0,0,0,28,4.266869529862171,0,26.5,0,4.903373905972435
paired_pulse,483,none,83,81,87,69,2,18,20,0,0.0,0,42.5,0,24.25
paired_pulse,483,open_loop,83,83,87,72,0,15,15,6,0.8533739059724342,0,41.5,0,19.620674781194488
paired_pulse,483,feedback,83,83,87,86,0,1,1,48,6.529400530244976,0,20.5,0,6.755880106048997
paired_pulse,484,none,65,62,74,67,3,7,10,0,0.0,0,34.5,0,13.45
paired_pulse,484,open_loop,65,65,74,70,0,4,4,6,0.8533739059724342,0,34.5,0,7.920674781194487
paired_pulse,484,feedback,65,65,74,74,0,0,0,31,5.812183337238088,0,16.5,3,4.362436667447618
paired_pulse,485,none,72,65,80,72,7,8,15,0,0.0,0,36.5,0,18.65
paired_pulse,485,open_loop,72,68,80,75,4,5,9,6,0.8533739059724342,0,36.5,0,13.120674781194488
paired_pulse,485,feedback,72,72,80,80,0,0,0,30,4.266869529862171,0,21.5,0,4.503373905972435
paired_pulse,486,none,67,67,107,85,0,22,22,0,0.0,0,37.5,0,25.75
paired_pulse,486,open_loop,67,67,107,88,0,19,19,6,0.8533739059724342,0,34.5,0,22.92067478119449
paired_pulse,486,feedback,67,67,107,93,0,14,14,24,5.812183337238088,0,32.5,0,19.612436667447618
paired_pulse,487,none,72,71,87,68,1,19,20,0,0.0,0,33.5,0,23.35
paired_pulse,487,open_loop,72,72,87,71,0,16,16,6,0.8533739059724342,0,31.5,0,19.620674781194488
paired_pulse,487,feedback,72,72,87,84,0,3,3,36,5.812183337238088,0,18.5,0,7.812436667447617
paired_pulse,488,none,57,57,88,67,0,21,21,0,0.0,0,21.5,0,23.15
paired_pulse,488,open_loop,57,57,88,70,0,18,18,6,0.8533739059724342,0,19.5,0,20.42067478119449
paired_pulse,488,feedback,57,57,88,75,0,13,13,22,0.8533739059724342,0,24.5,0,16.720674781194486
paired_pulse,489,none,77,73,74,64,4,10,14,0,0.0,0,39.5,0,17.95
paired_pulse,489,open_loop,77,76,74,67,1,7,8,6,0.8533739059724342,0,39.5,0,12.420674781194489
paired_pulse,489,feedback,77,77,74,74,0,0,0,32,6.554677821848381,0,21.5,0,5.060935564369677
paired_pulse,490,none,64,63,77,68,1,9,10,0,0.0,0,34.5,0,13.45
paired_pulse,490,open_loop,64,64,77,71,0,6,6,6,0.8533739059724342,0,32.5,0,9.720674781194486
paired_pulse,490,feedback,64,64,77,77,0,0,0,20,3.413495623889737,0,24.5,0,4.132699124777948
paired_pulse,491,none,67,60,78,59,7,19,26,0,0.0,0,29.5,0,28.95
paired_pulse,491,open_loop,67,63,78,62,4,16,20,6,0.8533739059724342,0,29.5,0,23.42067478119449
paired_pulse,491,feedback,67,67,78,76,0,2,2,34,4.266869529862171,0,19.5,0,6.503373905972435
paired_pulse,492,none,61,61,103,78,0,25,25,0,0.0,0,36.5,0,28.65
paired_pulse,492,open_loop,61,61,103,81,0,22,22,6,0.8533739059724342,0,33.5,0,25.82067478119449
paired_pulse,492,feedback,61,61,103,90,0,13,13,24,2.5601217179173026,0,35.5,0,18.26202434358346
paired_pulse,493,none,78,69,72,63,9,9,18,0,0.0,0,34.5,0,21.45
paired_pulse,493,open_loop,78,72,72,66,6,6,12,6,0.8533739059724342,0,34.5,0,15.920674781194489
paired_pulse,493,feedback,78,78,72,72,0,0,0,55,9.064244956558873,0,7.5,3,5.312848991311775
paired_pulse,494,none,71,71,86,76,0,10,10,0,0.0,0,25.5,0,12.55
paired_pulse,494,open_loop,71,71,86,79,0,7,7,6,0.8533739059724342,0,25.5,0,10.020674781194487
paired_pulse,494,feedback,71,71,86,86,0,0,0,31,8.185593758983034,0,21.5,1,5.337118751796607
paired_pulse,495,none,65,65,92,77,0,15,15,0,0.0,0,25.5,0,17.55
paired_pulse,495,open_loop,65,65,92,80,0,12,12,6,0.8533739059724342,0,28.5,0,15.320674781194487
paired_pulse,495,feedback,65,65,92,85,0,7,7,24,4.9335321396622485,0,26.5,0,11.83670642793245
paired_pulse,496,none,71,62,78,61,9,17,26,0,0.0,0,31.5,0,29.15
paired_pulse,496,open_loop,71,65,78,64,6,14,20,6,0.8533739059724342,0,31.5,0,23.620674781194488
paired_pulse,496,feedback,71,71,78,78,0,0,0,36,4.266869529862171,0,21.5,0,4.803373905972434
paired_pulse,497,none,67,67,88,73,0,15,15,0,0.0,0,29.5,0,17.95
paired_pulse,497,open_loop,67,67,88,76,0,12,12,6,0.8533739059724342,0,26.5,0,15.120674781194488
paired_pulse,497,feedback,67,67,88,85,0,3,3,24,2.5601217179173026,0,24.5,0,7.162024343583461
paired_pulse,498,none,69,69,84,69,0,15,15,0,0.0,0,31.5,0,18.15
paired_pulse,498,open_loop,69,69,84,72,0,12,12,6,0.8533739059724342,0,34.5,0,15.920674781194489
paired_pulse,498,feedback,69,69,84,84,0,0,0,40,6.418521108882835,0,22.5,0,5.533704221776567
paired_pulse,499,none,77,70,91,79,7,12,19,0,0.0,0,34.5,0,22.45
paired_pulse,499,open_loop,77,73,91,82,4,9,13,6,0.8533739059724342,0,34.5,0,16.92067478119449
paired_pulse,499,feedback,77,77,91,91,0,0,0,36,5.9736173418070395,0,20.5,0,5.044723468361408
paired_pulse,500,none,73,71,92,67,2,25,27,0,0.0,0,34.5,0,30.45
paired_pulse,500,open_loop,73,73,92,70,0,22,22,6,0.8533739059724342,0,33.5,0,25.82067478119449
paired_pulse,500,feedback,73,73,92,86,0,6,6,40,5.812183337238088,0,20.5,2,11.21243666744762
paired_pulse,501,none,70,70,80,65,0,15,15,0,0.0,0,35.5,0,18.55
paired_pulse,501,open_loop,70,70,80,68,0,12,12,6,0.8533739059724342,0,32.5,0,15.720674781194488
paired_pulse,501,feedback,70,70,80,79,0,1,1,28,6.50412323864157,0,22.5,0,5.950824647728314
paired_pulse,502,none,54,54,98,78,0,20,20,0,0.0,0,43.5,0,24.35
paired_pulse,502,open_loop,54,54,98,81,0,17,17,6,0.8533739059724342,0,40.5,0,21.52067478119449
paired_pulse,502,feedback,54,54,98,84,0,14,14,12,2.5601217179173026,0,37.5,0,18.86202434358346
paired_pulse,503,none,80,71,83,64,9,19,28,0,0.0,0,37.5,0,31.75
paired_pulse,503,open_loop,80,74,83,67,6,16,22,6,0.8533739059724342,0,37.5,0,26.22067478119449
paired_pulse,503,feedback,80,80,83,83,0,0,0,49,6.801713956176068,0,20.5,1,5.8603427912352135
paired_pulse,504,none,75,75,80,71,0,9,9,0,0.0,0,26.5,0,11.65
paired_pulse,504,open_loop,75,75,80,74,0,6,6,6,0.8533739059724342,0,23.5,0,8.820674781194487
paired_pulse,504,feedback,75,75,80,80,0,0,0,20,3.413495623889737,0,15.5,0,3.2326991247779473
paired_pulse,505,none,80,76,73,68,4,5,9,0,0.0,0,36.5,0,12.65
paired_pulse,505,open_loop,80,79,73,71,1,2,3,6,0.8533739059724342,0,36.5,0,7.120674781194487
paired_pulse,505,feedback,80,80,73,73,0,0,0,54,8.347027763551985,0,9.5,4,5.319405552710397
paired_pulse,506,none,69,69,88,64,0,24,24,0,0.0,0,31.5,0,27.15
paired_pulse,506,open_loop,69,69,88,67,0,21,21,6,0.8533739059724342,0,28.5,0,24.32067478119449
paired_pulse,506,feedback,69,69,88,79,0,9,9,30,4.984086722869059,0,17.5,0,13.246817344573811
paired_pulse,507,none,78,63,67,54,15,13,28,0,0.0,0,39.5,0,31.95
paired_pulse,507,open_loop,78,66,67,57,12,10,22,6,0.8533739059724342,0,39.5,0,26.42067478119449
paired_pulse,507,feedback,78,77,67,67,1,0,1,58,9.832016732772573,0,12.5,4,7.116403346554515
paired_pulse,508,none,75,71,96,70,4,26,30,0,0.0,0,29.5,0,32.95
paired_pulse,508,open_loop,75,74,96,73,1,23,24,6,0.8533739059724342,0,29.5,0,27.42067478119449
paired_pulse,508,feedback,75,75,96,87,0,9,9,34,4.266869529862171,0,19.5,0,13.503373905972435
paired_pulse,509,none,67,67,77,58,0,19,19,0,0.0,0,37.5,0,22.75
paired_pulse,509,open_loop,67,67,77,61,0,16,16,6,0.8533739059724342,0,34.5,0,19.92067478119449
paired_pulse,509,feedback,67,67,77,73,0,4,4,31,6.529400530244976,0,26.5,5,9.505880106048995
paired_pulse,510,none,67,67,95,80,0,15,15,0,0.0,0,36.5,0,18.65
paired_pulse,510,open_loop,67,67,95,83,0,12,12,6,0.8533739059724342,0,33.5,0,15.820674781194487
paired_pulse,510,feedback,67,67,95,95,0,0,0,32,2.5601217179173026,0,34.5,0,5.562024343583461
paired_pulse,511,none,66,64,98,76,2,22,24,0,0.0,0,39.5,0,27.95
paired_pulse,511,open_loop,66,66,98,79,0,19,19,6,0.8533739059724342,0,38.5,0,23.32067478119449
paired_pulse,511,feedback,66,66,98,90,0,8,8,28,6.554677821848382,0,30.5,0,13.760935564369678
