run,time_s,soc,current_a,terminal_voltage_v,rc_overpotential_v,cell_temperature_c,jig_temperature_c
fresh_nominal,0.0,0.2,10.0,3.3703956197050617,0.0,25.0,25.0
fresh_nominal,1.0,0.2005555555555556,10.0,3.375036640588574,0.004081056093301928,25.008434651380377,25.000005771539882
fresh_nominal,2.0,0.20111111111111113,10.0,3.3795111573098136,0.007995559007359335,25.017065334876268,25.000023250382526
fresh_nominal,3.0,0.20166666666666666,10.0,3.3838259709677243,0.011750309298991282,25.02588243469181,25.00005267295264
fresh_nominal,4.0,0.20222222222222222,10.0,3.387987602467704,0.015351827325538329,25.034876738344156,25.00009426210421
fresh_nominal,5.0,0.20277777777777778,10.0,3.3920023043909193,0.018806365114110307,25.044039419578382,25.0001482276962
fresh_nominal,6.0,0.20333333333333337,10.0,3.3958760763485434,0.02211992171576561,25.053362016238236,25.00021476735205
fresh_nominal,7.0,0.20388888888888893,10.0,3.3996146721527296,0.025298250376415348,25.062836419911807,25.000294066824893
fresh_nominal,8.0,0.2044444444444445,10.0,3.40322361090376,0.02834686962390776,25.072454859942535,25.000386300551373
fresh_nominal,9.0,0.20500000000000007,10.0,3.406708186550575,0.031271072828493014,25.082209889639763,25.000491632130156
fresh_nominal,10.0,0.20555555555555566,10.0,3.4100734773081456,0.03407593762012628,25.092094372695062,25.0006102147938
fresh_nominal,11.0,0.2061111111111112,10.0,3.4133243541694247,0.03676633440035405,25.102101470905016,25.000742191834963
fresh_nominal,12.0,0.20666666666666675,10.0,3.416465489175294,0.039346934612190715,25.112224632243397,25.000887697020286
fresh_nominal,13.0,0.2072222222222223,10.0,3.4195013635501494,0.04182221887563536,25.1224575791271,25.00104685499762
fresh_nominal,14.0,0.20777777777777787,10.0,3.4224362758952283,0.04419648518093136,25.132794296598753,25.001219781706123
fresh_nominal,15.0,0.20833333333333343,10.0,3.4252743493878612,0.04647385608774492,25.14322902194437,25.001406584735925
fresh_nominal,16.0,0.20888888888888898,10.0,3.428019539760993,0.04865828670461847,25.15375623318421,25.00160736372761
fresh_nominal,17.0,0.20944444444444454,10.0,3.430675640222762,0.0507535696084737,25.164370641978262,25.001822210617895
fresh_nominal,18.0,0.2100000000000001,10.0,3.433246290061611,0.05276334344965772,25.175067181215258,25.002051210070157
fresh_nominal,19.0,0.21055555555555566,10.0,3.4357349791475635,0.0546910974531344,25.185840998521524,25.002294439699185
fresh_nominal,20.0,0.21111111111111122,10.0,3.4381450550642354,0.05654017855043458,25.196687445975535,25.002551970427465
fresh_nominal,21.0,0.21166666666666678,10.0,3.440479729208357,0.05831379747909438,25.20760207131117,25.002823866790166
fresh_nominal,22.0,0.21222222222222234,10.0,3.4427420818773165,0.06001503387012878,25.218580610581924,25.003110187188668
fresh_nominal,23.0,0.2127777777777779,10.0,3.444935067735172,0.061646841713965346,25.229618980277994,25.003410984163704
fresh_nominal,24.0,0.21333333333333346,10.0,3.4470615212788482,0.06321205482656198,25.240713269443876,25.00372630466813
fresh_nominal,25.0,0.21388888888888902,10.0,3.4491241607466065,0.06471339075780377,25.25185973404265,25.00405619026175
fresh_nominal,26.0,0.21444444444444458,10.0,3.4511255936183685,0.0661534562917443,25.263054789024356,25.004400677385764
fresh_nominal,27.0,0.21500000000000014,10.0,3.4530683205552415,0.0675347513860549,25.27429500264562,25.004759797559068
fresh_nominal,28.0,0.2155555555555557,10.0,3.4549547412346575,0.06885967500708137,25.28557708805521,25.00513357766943
fresh_nominal,29.0,0.21611111111111125,10.0,3.456787157471963,0.07013052825135249,25.296897898793546,25.005522040128763
fresh_nominal,30.0,0.2166666666666668,10.0,3.4585677764935148,0.07134951761859785,25.308254424074065,25.005925203035765
fresh_nominal,31.0,0.21722222222222237,10.0,3.460298715467636,0.07251875954261701,25.31964378225023,25.00634308040161
fresh_nominal,32.0,0.21777777777777793,10.0,3.461982005187866,0.07364028407444882,25.331063215504923,25.006775682333355
fresh_nominal,33.0,0.21833333333333346,10.0,3.4636195935354603,0.07471603834478857,25.342510084858677,25.007223015206026
fresh_nominal,34.0,0.21888888888888902,10.0,3.465213349033616,0.07574789011812395,25.353981865045323,25.00768508183949
fresh_nominal,35.0,0.21944444444444458,10.0,3.466765064307866,0.07673763125304699,25.36547613952316,25.00816188167051
fresh_nominal,36.0,0.22000000000000014,10.0,3.4682764585244916,0.07768698014058166,25.376990596960766,25.008653410873308
fresh_nominal,37.0,0.2205555555555557,10.0,3.469749181200353,0.07859758551392187,25.388523025743677,25.009159662549408
fresh_nominal,38.0,0.22111111111111126,10.0,3.4711848145434354,0.07947102878889442,25.400071310601085,25.009680626843416
fresh_nominal,39.0,0.22166666666666682,10.0,3.4725848757481543,0.08030882635917197,25.41163342929863,25.01021629105617
fresh_nominal,40.0,0.22222222222222238,10.0,3.4739508204321794,0.08111243303300816,25.42320744768279,25.010766639815984
fresh_nominal,41.0,0.22277777777777794,10.0,3.475284045069739,0.08188324446645087,25.434791516173444,25.011331655199346
fresh_nominal,42.0,0.2233333333333335,10.0,3.476585888465067,0.08262259863669812,25.44638386764328,25.0119113168022
fresh_nominal,43.0,0.22388888888888905,10.0,3.4778576349627017,0.08333177905230392,25.457982812788654,25.01250560190004
fresh_nominal,44.0,0.2244444444444446,10.0,3.479100517514639,0.08401201782023779,25.469586735706347,25.01311448560119
fresh_nominal,45.0,0.22500000000000017,10.0,3.4803157181996736,0.08466449616512998,25.481194093150865,25.01373794086933
fresh_nominal,46.0,0.22555555555555573,10.0,3.4815043704937914,0.08529034669957278,25.492803411261793,25.014375938636157
fresh_nominal,47.0,0.2261111111111113,10.0,3.4826675617055645,0.08589065585941484,25.504413282051807,25.015028447922937
fresh_nominal,48.0,0.22666666666666685,10.0,3.483806334875842,0.08646646580335754,25.516022360671297,25.015695435933164
fresh_nominal,49.0,0.2272222222222224,10.0,3.4849216911227088,0.0870187767578143,25.527629362028122,25.016376868168912
fresh_nominal,50.0,0.22777777777777797,10.0,3.4860145897702397,0.0875485471455668,25.539233060604175,25.017072708436107
fresh_nominal,51.0,0.2283333333333335,10.0,3.4870859516138544,0.08805669685101869,25.550832285749003,25.017782919006216
fresh_nominal,52.0,0.22888888888888906,10.0,3.4881366608922386,0.08854410919201583,25.56242591883957,25.018507460712822
fresh_nominal,53.0,0.22944444444444462,10.0,3.4891675648501383,0.08901163048254151,25.574012893911625,25.019246292929452
fresh_nominal,54.0,0.23000000000000018,10.0,3.4901794759374862,0.08946007223173554,25.58559219449166,25.019999373677543
fresh_nominal,55.0,0.23055555555555574,10.0,3.491173173546758,0.08989021288115047,25.5971628510949,25.020766659711448
fresh_nominal,56.0,0.2311111111111113,10.0,3.4921494052621016,0.09030279905377302,25.608723939425133,25.02154810658016
fresh_nominal,57.0,0.23166666666666685,10.0,3.4931088886673325,0.09069854736191783,25.620274577770086,25.0223436687162
fresh_nominal,58.0,0.2322222222222224,10.0,3.494052311421969,0.09107814448314995,25.631813926896378,25.023153299436956
fresh_nominal,59.0,0.23277777777777797,10.0,3.4949803337342775,0.09144224963322865,25.643341186483546,25.023976951068015
fresh_nominal,60.0,0.23333333333333353,10.0,3.4958935896011782,0.09179149580589913,25.654855593337615,25.024814575004232
fresh_nominal,61.0,0.2338888888888891,10.0,3.4967926863588152,0.0921264893233564,25.66635642204589,25.025666121683706
fresh_nominal,62.0,0.23444444444444465,10.0,3.4976782066968104,0.09244781185038566,25.67784298207244,25.02653154068829
fresh_nominal,63.0,0.2350000000000002,10.0,3.498550709299527,0.09275602103551714,25.689314616835773,25.027410780774385
fresh_nominal,64.0,0.23555555555555577,10.0,3.4994107301988024,0.09305165186364328,25.70077070176181,25.028303789938384
fresh_nominal,65.0,0.23611111111111133,10.0,3.5002587839111006,0.09333521779305773,25.71221064264616,25.029210515472485
fresh_nominal,66.0,0.23666666666666689,10.0,3.501095363685762,0.09360721100359083,25.723633875298763,25.03013090397561
fresh_nominal,67.0,0.23722222222222245,10.0,3.5019209427452482,0.09386810363673978,25.735039863758047,25.031064901413945
fresh_nominal,68.0,0.237777777777778,10.0,3.5027359753621448,0.09411834887254895,25.746428098741234,25.032012453172907
fresh_nominal,69.0,0.23833333333333356,10.0,3.5035408975374134,0.0943583816077516,25.757798096668854,25.032973504089643
fresh_nominal,70.0,0.23888888888888912,10.0,3.5043361271277225,0.0945886185829762,25.769149399483354,25.033947998458228
fresh_nominal,71.0,0.23944444444444468,10.0,3.5051220648047843,0.09480945934196205,25.7804815732689,25.0349358800759
fresh_nominal,72.0,0.24000000000000024,10.0,3.5058990953441693,0.09502128752025689,25.79179420639601,25.035937092305648
fresh_nominal,73.0,0.2405555555555558,10.0,3.506667587927705,0.09522447114749033,25.80308690908814,25.036951578089983
fresh_nominal,74.0,0.24111111111111136,10.0,3.507427896383356,0.0954193628871295,25.814359313077954,25.03797927996176
fresh_nominal,75.0,0.24166666666666692,10.0,3.508180360012829,0.09560630086396396,25.825611070416965,25.039020140083878
fresh_nominal,76.0,0.24222222222222248,10.0,3.5089253046633337,0.09578560973573173,25.836841851933354,25.040074100301005
fresh_nominal,77.0,0.24277777777777804,10.0,3.509663043074455,0.09595760103987497,25.848051346734312,25.041141102155574
fresh_nominal,78.0,0.2433333333333336,10.0,3.5103938750120998,0.09612257332735201,25.859239262015244,25.042221086893257
fresh_nominal,79.0,0.24388888888888913,10.0,3.5111180879469956,0.09628081284100859,25.870405322084384,25.043313995495232
fresh_nominal,80.0,0.24444444444444471,10.0,3.5118359579899843,0.09643259445074198,25.881549267017427,25.044419768723124
fresh_nominal,81.0,0.24500000000000025,10.0,3.5125477501174123,0.09657818187875877,25.892670852335172,25.045538347128836
fresh_nominal,82.0,0.2455555555555558,10.0,3.5132537183926615,0.0967178279209711,25.90376984868642,25.046669671064436
fresh_nominal,83.0,0.24611111111111136,10.0,3.5139541064335065,0.0968517749142255,25.914846041177118,25.047813680703836
fresh_nominal,84.0,0.2466666666666669,10.0,3.5146491481769475,0.09698025550099515,25.925899228270552,25.048970316079384
fresh_nominal,85.0,0.24722222222222245,10.0,3.515339067962953,0.09710349271298996,25.936929221669438,25.05013951708452
fresh_nominal,86.0,0.247777777777778,10.0,3.516024081159764,0.09722170059632124,25.947935845416755,25.05132122350372
fresh_nominal,87.0,0.24833333333333357,10.0,3.5167043942164784,0.09733508426394874,25.958918935822783,25.05251537501359
fresh_nominal,88.0,0.24888888888888913,10.0,3.517380205485995,0.09744384071848507,25.96987834028151,25.05372191122236
fresh_nominal,89.0,0.2494444444444447,10.0,3.5180517050430904,0.09754815867013053,25.98081391753573,25.05494077165936
fresh_nominal,90.0,0.2500000000000003,10.0,3.518719075520455,0.09764821937256875,25.991725536474238,25.05617189581531
fresh_nominal,91.0,0.2505555555555558,10.0,3.519382492026305,0.09774419654043383,26.002613076253436,25.05741522313674
fresh_nominal,92.0,0.2511111111111114,10.0,3.52004212260341,0.09783625680819283,26.01347642563835,25.05867069304744
fresh_nominal,93.0,0.251666666666667,10.0,3.5206981285997694,0.09792456010067789,26.02431548247092,25.059938244965448
fresh_nominal,94.0,0.2522222222222225,10.0,3.521350664695249,0.09800925965957694,26.03513015363445,25.061217818302932
fresh_nominal,95.0,0.2527777777777781,10.0,3.521999879515163,0.09809050265686416,26.045920354171614,25.06250935249536
fresh_nominal,96.0,0.25333333333333363,10.0,3.522645915484529,0.09816843004890694,26.056686007497415,25.063812786992795
fresh_nominal,97.0,0.2538888888888892,10.0,3.5232889094992115,0.09824317724745996,26.067427044434346,25.065128061291873
fresh_nominal,98.0,0.2544444444444448,10.0,3.523928992738381,0.09831487393197072,26.078143403485516,25.066455114925056
fresh_nominal,99.0,0.25500000000000034,10.0,3.5245662912862645,0.09838364467117926,26.088835029941027,25.06779388749014
fresh_nominal,100.0,0.2555555555555559,10.0,3.5252009260465234,0.09844960883733633,26.099501876004137,25.069144318644604
fresh_nominal,101.0,0.25611111111111146,10.0,3.525833013100011,0.0985128809638121,26.110143900278267,25.070506348121995
fresh_nominal,102.0,0.25666666666666704,10.0,3.5264626639058734,0.09857357094603485,26.12076106747982,25.071879915740517
fresh_nominal,103.0,0.2572222222222226,10.0,3.527089985370672,0.09863178411045777,26.131353348341225,25.073264961405062
fresh_nominal,104.0,0.25777777777777816,10.0,3.527715080240142,0.09868762160615702,26.141920719048976,25.074661425125303
fresh_nominal,105.0,0.25833333333333375,10.0,3.5283380470056276,0.09874118031110693,26.152463161381142,25.07606924700966
fresh_nominal,106.0,0.25888888888888933,10.0,3.528958980374348,0.09879255330228236,26.16298066203227,25.077488367287252
fresh_nominal,107.0,0.25944444444444487,10.0,3.5295779711180035,0.09884182970410277,26.173473212834214,25.078918726299015
fresh_nominal,108.0,0.2600000000000004,10.0,3.530195106523344,0.09888909513883781,26.18394081010947,25.080360264518703
fresh_nominal,109.0,0.260555555555556,10.0,3.5308104703106937,0.0989344316449624,26.194383454791193,25.081812922547453
fresh_nominal,110.0,0.26111111111111157,10.0,3.5314241429034823,0.09897791794652283,26.204801152037465,25.083276641125817
fresh_nominal,111.0,0.2616666666666671,10.0,3.5320362015415623,0.09901962956628535,26.2151939110706,25.08475136113801
fresh_nominal,112.0,0.2622222222222227,10.0,3.532646720353976,0.09905963889833516,26.225561745074902,25.086237023614157
fresh_nominal,113.0,0.2627777777777783,10.0,3.533255770605609,0.09909801545455417,26.235904670843897,25.087733569741168
fresh_nominal,114.0,0.2633333333333338,10.0,3.533863420653931,0.09913482582119579,26.246222708845256,25.08924094085927
fresh_nominal,115.0,0.2638888888888894,10.0,3.5344697362567734,0.0991701339664824,26.256515882779958,25.090759078475884
fresh_nominal,116.0,0.2644444444444449,10.0,3.535074780476667,0.09920400114477339,26.266784219722656,25.09228792425959
fresh_nominal,117.0,0.2650000000000005,10.0,3.535678613990439,0.09923648620598216,26.27702774967832,25.093827420054055
fresh_nominal,118.0,0.2655555555555561,10.0,3.5362812950235174,0.09926764552970818,26.287246505679374,25.095377507873526
fresh_nominal,119.0,0.26611111111111163,10.0,3.536882879553415,0.09929753322853375,26.29744052349517,25.096938129911546
fresh_nominal,120.0,0.2666666666666672,10.0,3.5374834213669972,0.09932620120511972,26.307609841552058,25.098509228542433
fresh_nominal,121.0,0.26722222222222275,10.0,3.538082972126657,0.09935369921819423,26.31775450084062,25.100090746323303
fresh_nominal,122.0,0.26777777777777834,10.0,3.5386815815285217,0.0993800750405796,26.327874544690324,25.10168262600054
fresh_nominal,123.0,0.2683333333333339,10.0,3.5392792972814218,0.099405374437975,26.33797001880238,25.103284810507464
fresh_nominal,124.0,0.26888888888888945,10.0,3.5398761653116213,0.09942964137350302,26.348040970957424,25.104897242973117
fresh_nominal,125.0,0.26944444444444504,10.0,3.540472229702676,0.09945291794737918,26.358087451104605,25.106519866718067
fresh_nominal,126.0,0.2700000000000006,10.0,3.5410675329056427,0.09947524460693712,26.368109511061473,25.1081526252634
fresh_nominal,127.0,0.27055555555555616,10.0,3.5416621156905013,0.09949666009785597,26.378107204586364,25.109795462327135
fresh_nominal,128.0,0.27111111111111175,10.0,3.542256017297459,0.09951720161527909,26.388080587163085,25.111448321830306
fresh_nominal,129.0,0.2716666666666673,10.0,3.5428492754614975,0.09953690482816678,26.398029715968065,25.113111147896987
fresh_nominal,130.0,0.27222222222222286,10.0,3.543441926470891,0.09955580393762106,26.4079546497886,25.11478388485585
fresh_nominal,131.0,0.27277777777777845,10.0,3.5440340052664343,0.09957393177592047,26.417855448882467,25.116466477243794
fresh_nominal,132.0,0.273333333333334,10.0,3.5446255454336155,0.09959131979849864,26.42773217499166,25.118158869804322
fresh_nominal,133.0,0.27388888888888957,10.0,3.5452165793390904,0.09960799822021625,26.437584891148482,25.11986100749296
fresh_nominal,134.0,0.2744444444444451,10.0,3.545807138092029,0.09962399597651653,26.447413661733542,25.121572835474165
fresh_nominal,135.0,0.2750000000000007,10.0,3.5463972516879934,0.09963934086709754,26.457218552271225,25.12329429912706
fresh_nominal,136.0,0.2755555555555563,10.0,3.546986948972274,0.09965405951905132,26.46699962948484,25.12502534404251
fresh_nominal,137.0,0.2761111111111118,10.0,3.5475762577523873,0.09966817749915846,26.476756961137212,25.12676591602729
fresh_nominal,138.0,0.2766666666666674,10.0,3.5481652048043344,0.09968171931994202,26.486490616024117,25.128515961103233
fresh_nominal,139.0,0.2772222222222229,10.0,3.548753815922386,0.09969470848925199,26.49620066390502,25.130275425508444
fresh_nominal,140.0,0.2777777777777785,10.0,3.549342115980047,0.09970716757101972,26.5058871754179,25.13204425569902
fresh_nominal,141.0,0.27833333333333404,10.0,3.549930128930178,0.0997191181851744,26.51555022208133,25.133822398347913
fresh_nominal,142.0,0.27888888888888963,10.0,3.5505178778950626,0.09973058109750406,26.52518987616752,25.13560980034802
fresh_nominal,143.0,0.2794444444444452,10.0,3.551105385142341,0.09974157619537427,26.53480621073913,25.137406408809934
fresh_nominal,144.0,0.28000000000000075,10.0,3.551692672183219,0.09975212258573425,26.544399299510594,25.1392121710654
fresh_nominal,145.0,0.28055555555555634,10.0,3.5522797597449056,0.09976223856733554,26.55396921689002,25.14102703466492
fresh_nominal,146.0,0.28111111111111187,10.0,3.5528666678542766,0.09977194171418773,26.56351603786136,25.142850947380484
fresh_nominal,147.0,0.28166666666666745,10.0,3.5534534158343187,0.09978124887178509,26.573039837991825,25.144683857204353
fresh_nominal,148.0,0.28222222222222304,10.0,3.5540400223453865,0.09979017619814982,26.582540693374966,25.146525712349806
fresh_nominal,149.0,0.28277777777777857,10.0,3.5546265054164206,0.0997987391948351,26.592018680588165,25.148376461251523
fresh_nominal,150.0,0.2833333333333341,10.0,3.555212882441031,0.0998069527027857,26.601473876700542,25.150236052564274
fresh_nominal,151.0,0.2838888888888897,10.0,3.555799170254219,0.09981483097884833,26.610906359165142,25.152104435165345
fresh_nominal,152.0,0.2844444444444452,10.0,3.5563853851308185,0.0998223876939878,26.620316205823478,25.153981558153376
fresh_nominal,153.0,0.2850000000000008,10.0,3.556971542820799,0.09982963596837205,26.62970349485717,25.15586737084889
fresh_nominal,154.0,0.28555555555555634,10.0,3.5575576585667097,0.09983658838859197,26.639068304765114,25.15776182279403
fresh_nominal,155.0,0.28611111111111187,10.0,3.558143747151794,0.09984325705555401,26.648410714296904,25.159664863753598
fresh_nominal,156.0,0.28666666666666746,10.0,3.5587298229145357,0.0998496535988038,26.65773080243411,25.16157644371467
fresh_nominal,157.0,0.287222222222223,10.0,3.5593158997799437,0.09985578920758267,26.667028648347767,25.16349651288692
fresh_nominal,158.0,0.2877777777777785,10.0,3.559901990912765,0.09986167428381784,26.676304331897704,25.165425021685895
fresh_nominal,159.0,0.2883333333333341,10.0,3.560488109435663,0.0998673191600691,26.685557932605327,25.167361920764375
fresh_nominal,160.0,0.28888888888888964,10.0,3.561074267997151,0.09987273366723974,26.694789530275244,25.169307160991757
fresh_nominal,161.0,0.2894444444444452,10.0,3.5616604788780246,0.09987792724077552,26.70399920484492,25.171260693457818
fresh_nominal,162.0,0.29000000000000076,10.0,3.5622467538780564,0.09988290880713178,26.713187036548934,25.173222469466747
fresh_nominal,163.0,0.2905555555555563,10.0,3.5628331046037096,0.09988768707125556,26.722353105509658,25.17519244054864
fresh_nominal,164.0,0.2911111111111119,10.0,3.5634195423242034,0.09989227037241886,26.731497491945305,25.177170558452158
fresh_nominal,165.0,0.2916666666666674,10.0,3.564006078012552,0.09989666672502476,26.74062027611344,25.1791567751453
fresh_nominal,166.0,0.29222222222222294,10.0,3.5645927221206275,0.09990088359343735,26.749721538634816,25.181151042804665
fresh_nominal,167.0,0.2927777777777785,10.0,3.5651794850448733,0.09990492835746219,26.75880135982961,25.183153313834488
fresh_nominal,168.0,0.29333333333333406,10.0,3.565766376890763,0.09990880807656809,26.767859820056454,25.185163540855505
fresh_nominal,169.0,0.29388888888888964,10.0,3.5663534075017167,0.09991252951856644,26.77689699967324,25.187181676705098
fresh_nominal,170.0,0.2944444444444452,10.0,3.5669405863486427,0.09991609904892079,26.78591297919674,25.189207674431845
fresh_nominal,171.0,0.2950000000000007,10.0,3.567527922793781,0.09991952289434955,26.794907838928452,25.191241487305334
fresh_nominal,172.0,0.2955555555555563,10.0,3.5681154259807655,0.09992280703265065,26.80388165911353,25.19328306881065
fresh_nominal,173.0,0.2961111111111118,10.0,3.5687031048407873,0.09992595719862868,26.8128345199341,25.195332372647652
fresh_nominal,174.0,0.29666666666666736,10.0,3.5692909679780978,0.09992897876935321,26.821766501674606,25.197389352725313
fresh_nominal,175.0,0.29722222222222294,10.0,3.569879023916554,0.0999318770104724,26.830677684372503,25.199453963170747
fresh_nominal,176.0,0.2977777777777785,10.0,3.570467281011933,0.09993465698827973,26.839568147945357,25.201526158324643
fresh_nominal,177.0,0.29833333333333406,10.0,3.5710557474397895,0.09993732355733574,26.848437972210313,25.20360589273983
fresh_nominal,178.0,0.2988888888888896,10.0,3.5716444311119084,0.09993988127667704,26.857287237004968,25.20569312117697
fresh_nominal,179.0,0.2994444444444451,10.0,3.5722333398637756,0.09994233459704384,26.866116021922785,25.207787798611008
fresh_nominal,180.0,0.3000000000000007,10.0,3.5728224814046814,0.09994468781074585,26.874924406386135,25.209889880228197
fresh_nominal,181.0,0.30055555555555624,10.0,3.573411863294754,0.09994694502844952,26.8837124696811,25.211999321424244
fresh_nominal,182.0,0.3011111111111118,10.0,3.5740014928775383,0.09994911011151693,26.89248029105525,25.21411607780081
fresh_nominal,183.0,0.30166666666666736,10.0,3.5745913774288405,0.09995118682060153,26.9012279495083,25.216240105170186
fresh_nominal,184.0,0.3022222222222229,10.0,3.575181524132383,0.0999531787910683,26.909955523828778,25.21837135955342
fresh_nominal,185.0,0.3027777777777785,10.0,3.5757719400478374,0.09995508950077708,26.918663092641506,25.220509797178117
fresh_nominal,186.0,0.303333333333334,10.0,3.5763626320658393,0.0999569222248559,26.92735073447317,25.222655374475995
fresh_nominal,187.0,0.30388888888888954,10.0,3.5769536070136976,0.09995868014116548,26.93601852760479,25.224808048085674
fresh_nominal,188.0,0.30444444444444513,10.0,3.577544871652305,0.09996036632696938,26.944666550078068,25.22696777485159
fresh_nominal,189.0,0.30500000000000066,10.0,3.5781364326425695,0.09996198372511636,26.953294879744966,25.229134511821925
fresh_nominal,190.0,0.3055555555555562,10.0,3.5787282965134652,0.09996353511185258,26.961903594314652,25.231308216246656
fresh_nominal,191.0,0.3061111111111118,10.0,3.5793204697384025,0.09996502317294609,26.970492771247777,25.23348884557915
fresh_nominal,192.0,0.3066666666666673,10.0,3.5799129587455747,0.09996645051379018,26.97906248774393,25.23567635747555
fresh_nominal,193.0,0.3072222222222229,10.0,3.5805057698838256,0.09996781962502736,26.987612820791707,25.237870709792787
fresh_nominal,194.0,0.3077777777777784,10.0,3.5810989093998673,0.09996913285952595,26.996143847202607,25.240071860587015
fresh_nominal,195.0,0.30833333333333396,10.0,3.581692383493747,0.09997039248760159,27.00465564353509,25.242279768114376
fresh_nominal,196.0,0.30888888888888955,10.0,3.582286198337927,0.0999716007158611,27.0131482860697,25.244494390830656
fresh_nominal,197.0,0.3094444444444451,10.0,3.582880360043225,0.09997275965289258,27.021621850858885,25.246715687389383
fresh_nominal,198.0,0.3100000000000006,10.0,3.583474874641942,0.09997387129216019,27.030076413752454,25.248943616640517
fresh_nominal,199.0,0.3105555555555562,10.0,3.5840697481286514,0.09997493755254744,27.038512050342437,25.25117813763068
fresh_nominal,200.0,0.3111111111111117,10.0,3.584664986485415,0.09997596030333597,27.04692883592969,25.25341920960294
fresh_nominal,201.0,0.3116666666666673,10.0,3.585260595647374,0.09997694132955721,27.055326845573983,25.25566679199499
fresh_nominal,202.0,0.31222222222222284,10.0,3.585856581491403,0.09997788232040887,27.063706154111646,25.25792084443808
fresh_nominal,203.0,0.3127777777777784,10.0,3.586452949864877,0.09997878489777949,27.072066836117365,25.260181326756804
fresh_nominal,204.0,0.31333333333333396,10.0,3.587049706614494,0.09997965064484336,27.08040896586588,25.262448198968922
fresh_nominal,205.0,0.3138888888888895,10.0,3.5876468575528877,0.09998048107243213,27.088732617380455,25.264721421283713
fresh_nominal,206.0,0.314444444444445,10.0,3.588244408451874,0.09998127761204548,27.09703786444395,25.267000954101018
fresh_nominal,207.0,0.3150000000000006,10.0,3.5888423650615593,0.09998204163473148,27.105324780574236,25.2692867580108
fresh_nominal,208.0,0.31555555555555614,10.0,3.58944073314043,0.09998277448094083,27.113593438984328,25.271578793792827
fresh_nominal,209.0,0.31611111111111173,10.0,3.590039518424316,0.09998347742926042,27.12184391262727,25.273877022415245
fresh_nominal,210.0,0.31666666666666726,10.0,3.590638726622988,0.09998415169278242,27.130076274202498,25.276181405033764
fresh_nominal,211.0,0.3172222222222228,10.0,3.5912383634320104,0.09998479843072862,27.138290596141363,25.278491902990993
fresh_nominal,212.0,0.3177777777777784,10.0,3.591838434562432,0.09998541877791634,27.14648695056811,25.28080847781597
fresh_nominal,213.0,0.3183333333333339,10.0,3.5924389457127184,0.09998601381646555,27.1546654093403,25.283131091223016
fresh_nominal,214.0,0.3188888888888895,10.0,3.593039902567443,0.0999865845742683,27.16282604405223,25.285459705110895
fresh_nominal,215.0,0.31944444444444503,10.0,3.5936413108039695,0.09998713203145017,27.170968926027612,25.287794281562128
fresh_nominal,216.0,0.32000000000000056,10.0,3.5942431761211955,0.09998765714889596,27.179094126282163,25.290134782842312
fresh_nominal,217.0,0.32055555555555615,10.0,3.5948455042140894,0.09998816084256991,27.187201715560054,25.29248117139918
fresh_nominal,218.0,0.3211111111111117,10.0,3.595448300773774,0.09998864398338561,27.19529176433545,25.294833409861834
fresh_nominal,219.0,0.3216666666666672,10.0,3.5960515714905004,0.09998910739996507,27.203364342810247,25.29719146103994
fresh_nominal,220.0,0.3222222222222228,10.0,3.596655322081272,0.09998955190605854,27.21141952087841,25.299555287922967
fresh_nominal,221.0,0.32277777777777833,10.0,3.5972595582665368,0.09998997827702509,27.219457368159258,25.30192485367937
fresh_nominal,222.0,0.3233333333333339,10.0,3.5978642857713248,0.09999038725076917,27.227477953997468,25.304300121655846
fresh_nominal,223.0,0.32388888888888945,10.0,3.598469510325527,0.0999907795278144,27.235481347464457,25.30668105537656
fresh_nominal,224.0,0.324444444444445,10.0,3.5990752376900836,0.09999115579729681,27.243467617324985,25.30906761854219
fresh_nominal,225.0,0.32500000000000057,10.0,3.5996814736357297,0.09999151671551189,27.251436832067277,25.311459775029267
fresh_nominal,226.0,0.3255555555555561,10.0,3.6002882239449328,0.09999186290766127,27.259389059902034,25.313857488889454
fresh_nominal,227.0,0.3261111111111117,10.0,3.6008954944102864,0.09999219496605596,27.26732436876614,25.31626072434884
fresh_nominal,228.0,0.3266666666666672,10.0,3.601503290858782,0.0999925134742029,27.27524282629229,25.3186694458067
fresh_nominal,229.0,0.32722222222222275,10.0,3.6021116191327622,0.09999281898757414,27.28314449983573,25.321083617835125
fresh_nominal,230.0,0.32777777777777833,10.0,3.602720485092348,0.0999931120358568,27.291029456472643,25.323503205178227
fresh_nominal,231.0,0.32833333333333387,10.0,3.603329894612609,0.09999339311994869,27.29889776300538,25.325928172751468
fresh_nominal,232.0,0.3288888888888894,10.0,3.6039398536056337,0.09999366273385497,27.30674948593535,25.32835848564032
fresh_nominal,233.0,0.329444444444445,10.0,3.604550368003719,0.0999939213477095,27.31458469148646,25.330794109099966
fresh_nominal,234.0,0.3300000000000005,10.0,3.605161443762008,0.09999416941025531,27.32240344560319,25.33323500855455
fresh_nominal,235.0,0.3305555555555561,10.0,3.6057730868549185,0.09999440734510752,27.33020581395669,25.335681149596553
fresh_nominal,236.0,0.33111111111111163,10.0,3.6063853032960447,0.09999463557050473,27.337991861920898,25.338132497985292
fresh_nominal,237.0,0.33166666666666716,10.0,3.606998099123373,0.09999485448437383,27.34576165459294,25.340589019646757
fresh_nominal,238.0,0.33222222222222275,10.0,3.607611480401975,0.09999506446687673,27.353515256791166,25.343050680672835
fresh_nominal,239.0,0.3327777777777783,10.0,3.6082254532199833,0.09999526587624975,27.36125273306163,25.3455174473208
fresh_nominal,240.0,0.33333333333333387,10.0,3.6088400237065463,0.09999545906661857,27.368974147657177,25.347989286011597
fresh_nominal,241.0,0.3338888888888894,10.0,3.6094551980187632,0.09999564437480762,27.37667956455519,25.350466163329866
fresh_nominal,242.0,0.334444444444445,10.0,3.610070982343366,0.09999582212189585,27.38436904745686,25.35294804602321
fresh_nominal,243.0,0.3350000000000005,10.0,3.6106873828899535,0.09999599260633106,27.392042659796815,25.355434901002003
fresh_nominal,244.0,0.3355555555555561,10.0,3.6113044059145762,0.09999615612740428,27.399700464715973,25.357926695336847
fresh_nominal,245.0,0.33611111111111164,10.0,3.6119220577020896,0.09999631296749259,27.407342525084314,25.360423396259282
fresh_nominal,246.0,0.3366666666666672,10.0,3.6125403445717277,0.09999646339753522,27.414968903495538,25.362924971160634
fresh_nominal,247.0,0.33722222222222276,10.0,3.6131592728778257,0.09999660767765912,27.422579662267573,25.36543138759126
fresh_nominal,248.0,0.33777777777777834,10.0,3.6137788490105325,0.09999674605780423,27.430174863443103,25.367942613259807
fresh_nominal,249.0,0.3383333333333339,10.0,3.6143990793965206,0.09999687877834876,27.43775456879012,25.37045861603244
fresh_nominal,250.0,0.33888888888888946,10.0,3.615019970498911,0.09999700606996412,27.445318839803065,25.3729793639323
fresh_nominal,251.0,0.339444444444445,10.0,3.6156415288155443,0.0999971281518143,27.45286773770561,25.375504825139355
fresh_nominal,252.0,0.3400000000000006,10.0,3.6162637608881614,0.09999724524067789,27.4604013234435,25.378034967987507
fresh_nominal,253.0,0.3405555555555561,10.0,3.6168866732953666,0.09999735754385843,27.467919657692036,25.380569760965752
fresh_nominal,254.0,0.3411111111111117,10.0,3.6175102726555317,0.09999746526203854,27.47542280085456,25.383109172716928
fresh_nominal,255.0,0.34166666666666723,10.0,3.6181345656274395,0.09999756858989174,27.482910813063015,25.385653172036903
fresh_nominal,256.0,0.3422222222222228,10.0,3.61875955891093,0.09999766771669394,27.490383754178477,25.388201727873852
fresh_nominal,257.0,0.34277777777777835,10.0,3.6193852592475286,0.09999776282693489,27.497841683791684,25.39075480932752
fresh_nominal,258.0,0.34333333333333393,10.0,3.6200116734052097,0.09999785408506241,27.505284661242015,25.393312385650088
fresh_nominal,259.0,0.34388888888888947,10.0,3.620638808082142,0.0999979415392294,27.512712745730735,25.395874426255507
fresh_nominal,260.0,0.34444444444444505,10.0,3.6212666702061482,0.09999802542075241,27.520125995973867,25.39844090068769
fresh_nominal,261.0,0.3450000000000006,10.0,3.6218952666680435,0.09999810587746873,27.527524470513637,25.401011778647536
fresh_nominal,262.0,0.34555555555555617,10.0,3.6225246043999135,0.09999818305203506,27.534908227628602,25.403587029984102
fresh_nominal,263.0,0.3461111111111117,10.0,3.6231546903754768,0.09999825708232112,27.542277325334478,25.40616662469387
fresh_nominal,264.0,0.3466666666666673,10.0,3.623785531610437,0.09999832810180352,27.549631821384903,25.408750532920042
fresh_nominal,265.0,0.3472222222222228,10.0,3.6244171351628185,0.09999839623995921,27.55697177327223,25.41133872495178
fresh_nominal,266.0,0.3477777777777784,10.0,3.6250495081290417,0.09999846161839565,27.564297238232506,25.41393117122437
fresh_nominal,267.0,0.348333333333334,10.0,3.6256826575781615,0.09999852428516731,27.571608273311146,25.41652784233197
fresh_nominal,268.0,0.3488888888888895,10.0,3.6263165907328263,0.09999858439581681,27.578904935186323,25.419128708990023
fresh_nominal,269.0,0.34944444444444506,10.0,3.626951314812622,0.09999864205681397,27.586187280323895,25.421733742066557
fresh_nominal,270.0,0.35000000000000064,10.0,3.627586837079538,0.09999869737112696,27.593455364933813,25.424342912572236
fresh_nominal,271.0,0.3505555555555562,10.0,3.6282231648381598,0.09999875043853144,27.600709244971,25.426956191659652
fresh_nominal,272.0,0.35111111111111176,10.0,3.6288603054358437,0.09999880135591968,27.60794897613624,25.42957355062261
fresh_nominal,273.0,0.3516666666666673,10.0,3.6294982662628925,0.09999885021760971,27.615174613877013,25.43219496089541
fresh_nominal,274.0,0.3522222222222229,10.0,3.6301370547526273,0.09999889711557838,27.622386213388456,25.43482039405219
fresh_nominal,275.0,0.35277777777777847,10.0,3.6307766782924737,0.09999894205070584,27.629583829692333,25.437449821829496
fresh_nominal,276.0,0.353333333333334,10.0,3.6314171444455465,0.09999898515454603,27.63676751744372,25.440083216067595
fresh_nominal,277.0,0.35388888888888953,10.0,3.632058460763874,0.0999990265027396,27.64393733109572,25.442720548758725
fresh_nominal,278.0,0.3544444444444451,10.0,3.6327006348415853,0.09999906616840547,27.651093324853836,25.445361792032443
fresh_nominal,279.0,0.35500000000000065,10.0,3.633343674314916,0.09999910422236771,27.658235552676892,25.448006918154984
fresh_nominal,280.0,0.35555555555555624,10.0,3.633987586862201,0.09999914073338224,27.665364068277977,25.450655899528527
fresh_nominal,281.0,0.35611111111111177,10.0,3.6346323802038603,0.09999917576836372,27.67247892512539,25.453308708690546
fresh_nominal,282.0,0.35666666666666735,10.0,3.6352780621023566,0.09999920939261225,27.679580176443583,25.455965318313087
fresh_nominal,283.0,0.35722222222222294,10.0,3.635924640306989,0.09999924161487807,27.68666787524762,25.458625701224737
fresh_nominal,284.0,0.35777777777777847,10.0,3.636572122685837,0.09999927251959949,27.693742074263913,25.461289830355764
fresh_nominal,285.0,0.358333333333334,10.0,3.637220517122492,0.09999930216393976,27.70080282599387,25.463957678779742
fresh_nominal,286.0,0.3588888888888896,10.0,3.6378698315383295,0.09999933060038249,27.707850182701225,25.466629219703723
fresh_nominal,287.0,0.3594444444444451,10.0,3.638520073895318,0.09999935787987792,27.714884196411234,25.469304426466326
fresh_nominal,288.0,0.3600000000000007,10.0,3.6391712521958346,0.09999938405201451,27.72190491891164,25.471983272537088
fresh_nominal,289.0,0.36055555555555624,10.0,3.639823374482467,0.09999940916519044,27.728912401753636,25.47466573151576
fresh_nominal,290.0,0.3611111111111118,10.0,3.6404764488377968,0.09999943326678525,27.73590669625288,25.4773517771317
fresh_nominal,291.0,0.3616666666666674,10.0,3.641130483343346,0.0999994563625143,27.742887853508538,25.480041383263593
fresh_nominal,292.0,0.36222222222222294,10.0,3.641785486172731,0.09999947850999769,27.74985592436285,25.48273452389204
fresh_nominal,293.0,0.3627777777777785,10.0,3.6424414655256925,0.0999994997532399,27.756810959431252,25.485431173131794
fresh_nominal,294.0,0.36333333333333406,10.0,3.6430984296353537,0.0999995201303405,27.763753009099982,25.488131305227284
fresh_nominal,295.0,0.3638888888888896,10.0,3.643756386772637,0.09999953967838983,27.770682123524992,25.49083489454962
fresh_nominal,296.0,0.3644444444444452,10.0,3.644415345245897,0.09999955843359597,27.777598352632932,25.493541915595948
fresh_nominal,297.0,0.3650000000000007,10.0,3.645075313400532,0.09999957643141161,27.784501746122153,25.496252342988775
fresh_nominal,298.0,0.3655555555555563,10.0,3.6457362996185756,0.09999959370666102,27.791392353463674,25.498966151475337
fresh_nominal,299.0,0.3661111111111119,10.0,3.646398312284961,0.09999961026035512,27.798270223913306,25.50168331594572
fresh_nominal,300.0,0.3666666666666674,10.0,3.647061359859234,0.0999996261319797,27.805135406488606,25.5044038113916
fresh_nominal,301.0,0.367222222222223,10.0,3.6477254508315813,0.0999996413561186,27.81198794998437,25.507127612930063
fresh_nominal,302.0,0.36777777777777854,10.0,3.6483905937199554,0.09999965596019143,27.81882790297443,25.509854695804314
fresh_nominal,303.0,0.36833333333333407,10.0,3.649056797075853,0.09999966997086554,27.825655313810522,25.512585035379523
fresh_nominal,304.0,0.36888888888888965,10.0,3.6497240694837414,0.09999968341414289,27.832470230623336,25.515318607142152
fresh_nominal,305.0,0.3694444444444452,10.0,3.6503924195604673,0.09999969631544679,27.8392727013235,25.518055386699384
fresh_nominal,306.0,0.3700000000000008,10.0,3.6510618559546453,0.09999970869970905,27.846062773602604,25.520795349778464
fresh_nominal,307.0,0.37055555555555636,10.0,3.651732387324256,0.09999972056968871,27.852840494932988,25.523538472243
fresh_nominal,308.0,0.3711111111111119,10.0,3.652404022380015,0.09999973195008967,27.85960591257121,25.526284730058155
fresh_nominal,309.0,0.3716666666666675,10.0,3.6530767698640343,0.09999974286699002,27.86635907355792,25.529034099306045
fresh_nominal,310.0,0.372222222222223,10.0,3.6537506385409975,0.09999975333980363,27.87310002471839,25.53178655619145
fresh_nominal,311.0,0.37277777777777854,10.0,3.654425637203399,0.09999976338734028,27.87982881266386,25.53454207703654
fresh_nominal,312.0,0.3733333333333341,10.0,3.655101774670769,0.09999977302786381,27.88654548379258,25.53730063828029
fresh_nominal,313.0,0.37388888888888966,10.0,3.655779059788866,0.09999978227914987,27.89325008429078,25.540062216477843
fresh_nominal,314.0,0.37444444444444525,10.0,3.6564575014288483,0.09999979115854386,27.899942660133686,25.542826788299976
fresh_nominal,315.0,0.37500000000000083,10.0,3.6571371084754825,0.09999979967208211,27.90662325707456,25.545594330547207
fresh_nominal,316.0,0.37555555555555636,10.0,3.6578178898465126,0.0999998078347977,27.913291920667895,25.548364820121893
fresh_nominal,317.0,0.37611111111111195,10.0,3.6584998544860388,0.09999981566506044,27.919948696264136,25.55113823403532
fresh_nominal,318.0,0.3766666666666675,10.0,3.6591830113555686,0.09999982317661579,27.92659362900192,25.553914549417975
fresh_nominal,319.0,0.377222222222223,10.0,3.6598673694371784,0.09999983038276312,27.93322676381359,25.556693743513357
fresh_nominal,320.0,0.3777777777777786,10.0,3.6605529377325148,0.09999983729639737,27.93984814542619,25.55947579367738
fresh_nominal,321.0,0.37833333333333413,10.0,3.6612397252617725,0.0999998439300508,27.946457818362468,25.562260677377846
fresh_nominal,322.0,0.3788888888888897,10.0,3.6619277410626387,0.09999985029593447,27.95305582694184,25.56504837219382
fresh_nominal,323.0,0.3794444444444453,10.0,3.6626169941834865,0.09999985640025126,27.959642215266268,25.5678388558277
fresh_nominal,324.0,0.38000000000000084,10.0,3.663307493691679,0.09999986225265034,27.966217027246127,25.570632106083895
fresh_nominal,325.0,0.3805555555555564,10.0,3.663999248672407,0.09999986786624038,27.972780306601067,25.57342810086832
fresh_nominal,326.0,0.38111111111111196,10.0,3.6646922682208203,0.09999987325092584,27.979332096843347,25.57622681820257
fresh_nominal,327.0,0.38166666666666754,10.0,3.665386561443706,0.0999998784163188,27.9858724412864,25.579028236217056
fresh_nominal,328.0,0.3822222222222231,10.0,3.66608213745826,0.09999988337177101,27.99240138304575,25.5818323331504
fresh_nominal,329.0,0.3827777777777786,10.0,3.6667790053908274,0.09999988812640614,27.998918965040044,25.584639087348922
fresh_nominal,330.0,0.3833333333333342,10.0,3.6674771743756156,0.09999989268915171,28.005425229991978,25.587448477266058
fresh_nominal,331.0,0.3838888888888898,10.0,3.6681766535489437,0.09999989706433875,28.011920220415885,25.590260481472516
fresh_nominal,332.0,0.3844444444444453,10.0,3.6688774520540335,0.09999990125786981,28.01840397863725,25.59307507864088
fresh_nominal,333.0,0.3850000000000009,10.0,3.6695795790424586,0.0999999052800801,28.024876546802158,25.5958922475383
fresh_nominal,334.0,0.38555555555555643,10.0,3.6702830436651466,0.09999990913817429,28.031337966855393,25.598711967044178
fresh_nominal,335.0,0.386111111111112,10.0,3.670987855073844,0.09999991283916361,28.037788280550142,25.601534216142674
fresh_nominal,336.0,0.38666666666666755,10.0,3.671694022419641,0.09999991638988938,28.04422752944894,25.60435897392211
fresh_nominal,337.0,0.3872222222222231,10.0,3.672401554851463,0.09999991979704656,28.0506557549246,25.607186219574483
fresh_nominal,338.0,0.38777777777777866,10.0,3.6731104615145354,0.0999999230672076,28.05707299816116,25.610015932394894
fresh_nominal,339.0,0.38833333333333425,10.0,3.6738207515453047,0.09999992620333782,28.06347930014335,25.612848091790003
fresh_nominal,340.0,0.3888888888888898,10.0,3.6745324340735355,0.09999992920851732,28.069874701669576,25.615682677268037
fresh_nominal,341.0,0.38944444444444537,10.0,3.675245518225796,0.09999993209108134,28.076259243369748,25.618519668425158
fresh_nominal,342.0,0.3900000000000009,10.0,3.675960013115355,0.0999999348562038,28.082632965678464,25.621359044966518
fresh_nominal,343.0,0.3905555555555565,10.0,3.676675927843473,0.09999993750891002,28.08899590884577,25.62420078669808
fresh_nominal,344.0,0.391111111111112,10.0,3.67739327149767,0.09999994005409264,28.095348112938094,25.627044873526103
fresh_nominal,345.0,0.39166666666666755,10.0,3.6781120531499556,0.09999994249652745,28.101689617839146,25.629891285456615
fresh_nominal,346.0,0.39222222222222314,10.0,3.678832281855029,0.09999994484088941,28.10802046325081,25.63274000259492
fresh_nominal,347.0,0.3927777777777787,10.0,3.679553966646414,0.09999994708973321,28.114340688683505,25.635591005152442
fresh_nominal,348.0,0.39333333333333426,10.0,3.680277116535849,0.09999994924476754,28.12065033346358,25.638444273441625
fresh_nominal,349.0,0.39388888888888984,10.0,3.6810017405165674,0.09999995131204376,28.126949436761276,25.641299787856727
fresh_nominal,350.0,0.3944444444444454,10.0,3.681727847554608,0.09999995329521491,28.133238037556385,25.644157528897747
fresh_nominal,351.0,0.39500000000000096,10.0,3.6824554465891133,0.09999995519781425,28.13951617465093,25.64701747716173
fresh_nominal,352.0,0.3955555555555565,10.0,3.6831845465303354,0.0999999570232658,28.145783886670095,25.649879613342257
fresh_nominal,353.0,0.3961111111111121,10.0,3.683915156257596,0.0999999587748951,28.152041212063086,25.65274391822896
fresh_nominal,354.0,0.3966666666666676,10.0,3.684647284617225,0.09999996045593951,28.158288189104027,25.655610372707017
fresh_nominal,355.0,0.3972222222222232,10.0,3.6853809404192415,0.09999996206834108,28.164524855877705,25.658478957765922
fresh_nominal,356.0,0.39777777777777873,10.0,3.6861161324352434,0.09999996361277576,28.17075125028064,25.661349654498874
fresh_nominal,357.0,0.39833333333333426,10.0,3.6868528694011617,0.09999996509358378,28.176967410083257,25.66422244406479
fresh_nominal,358.0,0.39888888888888985,10.0,3.6875911600094824,0.09999996651319742,28.183173372861262,25.667097307730334
fresh_nominal,359.0,0.3994444444444454,10.0,3.6883310129088063,0.09999996787394282,28.189369176018822,25.66997422685579
fresh_nominal,360.0,0.40000000000000097,10.0,3.689072436701587,0.09999996917804665,28.195554856789414,25.672853182894553
fresh_nominal,361.0,0.4005555555555565,10.0,3.6898154399418295,0.09999997042764303,28.20173045223666,25.675734157392718
fresh_nominal,362.0,0.4011111111111121,10.0,3.690560031132764,0.09999997162478011,28.207895999255165,25.678617131988563
fresh_nominal,363.0,0.4016666666666676,10.0,3.6913062187244825,0.0999999727714269,28.21405153457135,25.681502088412117
fresh_nominal,364.0,0.40222222222222315,10.0,3.6920540111115434,0.09999997386948001,28.22019709474432,25.684389008484683
fresh_nominal,365.0,0.40277777777777873,10.0,3.692803416630549,0.09999997492077031,28.226332716166652,25.68727787411835
fresh_nominal,366.0,0.40333333333333427,10.0,3.6935544435576864,0.09999997592706977,28.232458435065276,25.690168667315554
fresh_nominal,367.0,0.40388888888888985,10.0,3.694307100106241,0.09999997689009812,28.238574287502306,25.6930613701686
fresh_nominal,368.0,0.4044444444444454,10.0,3.6950613944240756,0.09999997781152963,28.244680309375852,25.695955964859188
fresh_nominal,369.0,0.40500000000000097,10.0,3.695817334591081,0.09999997869299986,28.250776536420915,25.698852433657958
fresh_nominal,370.0,0.4055555555555565,10.0,3.6965749286165983,0.09999997953611235,28.256863004210153,25.701750758924014
fresh_nominal,371.0,0.4061111111111121,10.0,3.6973341844368353,0.09999998034247526,28.262939748148384,25.70465092310796
fresh_nominal,372.0,0.4066666666666676,10.0,3.698095109912278,0.09999998111375832,28.269006803462613,25.707552908757364
fresh_nominal,373.0,0.4072222222222232,10.0,3.698857712824745,0.09999998185142285,28.275064205262236,25.710456698483714
fresh_nominal,374.0,0.40777777777777874,10.0,3.6996220008749794,0.09999998255702056,28.28111198847721,25.713362274996335
fresh_nominal,375.0,0.40833333333333427,10.0,3.70038798167983,0.09999998323210572,28.28715018787924,25.716269621090785
fresh_nominal,376.0,0.40888888888888986,10.0,3.7011556627694953,0.09999998387824187,28.293178838082554,25.719178719648355
fresh_nominal,377.0,0.4094444444444454,10.0,3.7019250515847406,0.09999998449700857,28.29919797354479,25.72208955363565
fresh_nominal,378.0,0.410000000000001,10.0,3.702696155474088,0.09999998509000824,28.305207628567754,25.72500210610412
fresh_nominal,379.0,0.4105555555555565,10.0,3.703468981690981,0.09999998565887284,28.311207837298355,25.72791636018955
fresh_nominal,380.0,0.4111111111111121,10.0,3.7042435373909233,0.09999998620527079,28.31719863372934,25.730832299111658
fresh_nominal,381.0,0.4116666666666676,10.0,3.7050198296285903,0.09999998673091356,28.323180051700188,25.733749906173593
fresh_nominal,382.0,0.41222222222222316,10.0,3.705797865354915,0.09999998723756261,28.329152124897906,25.736669164761484
fresh_nominal,383.0,0.41277777777777874,10.0,3.706577651414154,0.09999998772703599,28.335114886857884,25.739590058343982
fresh_nominal,384.0,0.4133333333333343,10.0,3.707359194540926,0.09999998820121526,28.34106837096472,25.742512570471785
fresh_nominal,385.0,0.41388888888888986,10.0,3.7081425013572287,0.09999998866205224,28.347012610453035,25.74543668477717
fresh_nominal,386.0,0.4144444444444454,10.0,3.7089275783694347,0.09999998911157566,28.35294763840835,25.748362384973557
fresh_nominal,387.0,0.415000000000001,10.0,3.709714431962361,0.09999998954899432,28.358873487722352,25.75128965488228
fresh_nominal,388.0,0.4155555555555565,10.0,3.7105030683657523,0.09999998994023422,28.364790190616233,25.754218478718364
fresh_nominal,389.0,0.4161111111111121,10.0,3.7112934937484443,0.09999999031517696,28.370697780165365,25.75714884017674
fresh_nominal,390.0,0.41666666666666763,10.0,3.7120857141222126,0.09999999067459832,28.37659628884153,25.760080723305972
fresh_nominal,391.0,0.4172222222222232,10.0,3.7128797353677534,0.09999999101925945,28.382485748969568,25.763014112234625
fresh_nominal,392.0,0.41777777777777875,10.0,3.713675563231556,0.0999999913499095,28.38836619272817,25.76594899117081
fresh_nominal,393.0,0.4183333333333343,10.0,3.714473203322764,0.09999999166728793,28.394237652150583,25.768885344401784
fresh_nominal,394.0,0.41888888888888987,10.0,3.715272661110017,0.09999999197212724,28.400100159125447,25.771823156293518
fresh_nominal,395.0,0.4194444444444454,10.0,3.7160739419182827,0.09999999226515535,28.40595374539752,25.774762411290265
fresh_nominal,396.0,0.420000000000001,10.0,3.7168770509256714,0.09999999254709817,28.41179844256845,25.777703093914166
fresh_nominal,397.0,0.4205555555555565,10.0,3.7176819931602414,0.09999999281868216,28.41763428209754,25.780645188764783
fresh_nominal,398.0,0.4211111111111121,10.0,3.7184887734967886,0.09999999308063674,28.42346129530251,25.7835886805187
fresh_nominal,399.0,0.42166666666666763,10.0,3.7192973966536362,0.09999999333369694,28.42927951336028,25.786533553929118
fresh_nominal,400.0,0.42222222222222316,10.0,3.720107867189403,0.09999999357860583,28.435088967307713,25.78947979382539
fresh_nominal,401.0,0.42277777777777875,10.0,3.7209201894997754,0.09999999381611703,28.440889688042393,25.792427385112628
fresh_nominal,402.0,0.4233333333333343,10.0,3.721734367814264,0.0999999940469973,28.446681706323396,25.795376312771264
fresh_nominal,403.0,0.42388888888888987,10.0,3.7225504061927124,0.09999999427177825,28.45246505276139,25.798326561862687
fresh_nominal,404.0,0.42444444444444546,10.0,3.7233683085097544,0.09999999447846673,28.45823975729823,25.80127811782556
fresh_nominal,405.0,0.425000000000001,10.0,3.7241880784864456,0.09999999467742705,28.46400585068668,25.804230965633387
fresh_nominal,406.0,0.4255555555555565,10.0,3.7250097196546705,0.09999999486904558,28.469763363119963,25.807185090574706
fresh_nominal,407.0,0.4261111111111121,10.0,3.7258332353638637,0.09999999505370204,28.475512324655273,25.810140478012077
fresh_nominal,408.0,0.42666666666666764,10.0,3.726658628777758,0.09999999523177103,28.481252765214432,25.813097113381627
fresh_nominal,409.0,0.4272222222222232,10.0,3.7274859028711353,0.09999999540362378,28.48698471458468,25.816054982192675
fresh_nominal,410.0,0.42777777777777876,10.0,3.728315060426587,0.09999999556962931,28.492708202419333,25.819014070027336
fresh_nominal,411.0,0.42833333333333434,10.0,3.729146104031275,0.09999999573015626,28.49842325823858,25.821974362540104
fresh_nominal,412.0,0.4288888888888899,10.0,3.729979036073704,0.09999999588557432,28.504129911430155,25.824935845457457
fresh_nominal,413.0,0.4294444444444454,10.0,3.730813858740501,0.09999999603625574,28.509828191250055,25.827898504577487
fresh_nominal,414.0,0.430000000000001,10.0,3.731650574013205,0.09999999618257685,28.5155181268233,25.830862325769445
fresh_nominal,415.0,0.4305555555555565,10.0,3.7324891836650744,0.09999999632491965,28.52119974714463,25.83382729497339
fresh_nominal,416.0,0.4311111111111121,10.0,3.733329689257898,0.09999999646367326,28.526873081079245,25.836793398199763
fresh_nominal,417.0,0.43166666666666764,10.0,3.7341720921388353,0.09999999659923556,28.532538157363508,25.839760621529003
fresh_nominal,418.0,0.43222222222222323,10.0,3.7350163934372627,0.09999999673201461,28.53819500460569,25.842728951111134
fresh_nominal,419.0,0.43277777777777876,10.0,3.735862594061643,0.0999999968624302,28.543843651286682,25.845698373165362
fresh_nominal,420.0,0.43333333333333435,10.0,3.736710694686785,0.09999999698128272,28.5494841250485,25.848668874379833
fresh_nominal,421.0,0.4338888888888899,10.0,3.7375606957767347,0.09999999709573389,28.555116454615852,25.851640440832057
fresh_nominal,422.0,0.43444444444444547,10.0,3.738412597558647,0.09999999720623975,28.56074066809122,25.85461305894676
fresh_nominal,423.0,0.435000000000001,10.0,3.7392664000261204,0.09999999731292798,28.566356793427005,25.857586715230656
fresh_nominal,424.0,0.4355555555555566,10.0,3.7401221029365166,0.09999999741592237,28.57196485845014,25.860561396258603
fresh_nominal,425.0,0.4361111111111121,10.0,3.740979705807979,0.09999999751534366,28.577564890862725,25.86353708867325
fresh_nominal,426.0,0.43666666666666765,10.0,3.741839207916488,0.09999999761131047,28.583156918242743,25.86651377918467
fresh_nominal,427.0,0.43722222222222323,10.0,3.7427006082929464,0.0999999977039401,28.58874096804471,25.869491454569967
fresh_nominal,428.0,0.43777777777777876,10.0,3.7435639057203014,0.09999999779334946,28.59431706760035,25.872470101672917
fresh_nominal,429.0,0.43833333333333435,10.0,3.7444290987307065,0.0999999978796559,28.5998852441193,25.875449707403604
fresh_nominal,430.0,0.4388888888888899,10.0,3.745296185602719,0.09999999796297805,28.60544552468974,25.87843025873804
fresh_nominal,431.0,0.43944444444444547,10.0,3.746165164358544,0.09999999804343679,28.61099793627908,25.88141174271776
fresh_nominal,432.0,0.440000000000001,10.0,3.7470360327613146,0.09999999812115594,28.616542505734675,25.884394146449527
fresh_nominal,433.0,0.44055555555555653,10.0,3.7479087883124267,0.0999999981962633,28.622079259784435,25.887377457104876
fresh_nominal,434.0,0.4411111111111121,10.0,3.748783428248913,0.09999999826889147,28.627608225037548,25.890361661919812
fresh_nominal,435.0,0.44166666666666765,10.0,3.7496599495408716,0.0999999983391786,28.63312942798513,25.89334674819437
fresh_nominal,436.0,0.44222222222222324,10.0,3.750538348886769,0.0999999984050956,28.638642894363066,25.896332703645832
fresh_nominal,437.0,0.44277777777777877,10.0,3.7514186227166695,0.0999999984681438,28.644148650824256,25.899319515481853
fresh_nominal,438.0,0.44333333333333436,10.0,3.752300767185075,0.09999999852860439,28.64964672354515,25.902307171172772
fresh_nominal,439.0,0.4438888888888899,10.0,3.753184778169583,0.09999999858656126,28.655137138526243,25.905295658285105
fresh_nominal,440.0,0.4444444444444455,10.0,3.7540706512688002,0.09999999864210271,28.660619921651705,25.90828496444847
fresh_nominal,441.0,0.445000000000001,10.0,3.754958381800105,0.09999999869532199,28.666095098689986,25.911275077355263
fresh_nominal,442.0,0.4455555555555566,10.0,3.7558479647974754,0.09999999874631815,28.671562695294433,25.914265984760323
fresh_nominal,443.0,0.4461111111111121,10.0,3.756739395009388,0.09999999879519672,28.677022737003938,25.91725767448055
fresh_nominal,444.0,0.44666666666666766,10.0,3.7576326668967774,0.09999999884207034,28.682475249243563,25.920250134394585
fresh_nominal,445.0,0.44722222222222324,10.0,3.75852777463107,0.09999999888705956,28.687920257325136,25.923243352442473
fresh_nominal,446.0,0.4477777777777788,10.0,3.759424712092287,0.09999999893029345,28.693357786447933,25.926237316625297
fresh_nominal,447.0,0.44833333333333436,10.0,3.7603234728672255,0.09999999897191038,28.698787861699255,25.929232015004832
fresh_nominal,448.0,0.4488888888888899,10.0,3.7612240502477077,0.09999999901205874,28.704210508055073,25.93222743570321
fresh_nominal,449.0,0.4494444444444455,10.0,3.7621264372289156,0.09999999905089756,28.70962575038068,25.935223566902582
fresh_nominal,450.0,0.450000000000001,10.0,3.7630306265077986,0.0999999990885973,28.71503361343127,25.938220396844734
fresh_nominal,451.0,0.4505555555555566,10.0,3.7639366104815672,0.09999999912534045,28.720434121852605,25.94121791383079
fresh_nominal,452.0,0.45111111111111213,10.0,3.764844381242825,0.0999999991578775,28.725827299627785,25.944216106528952
fresh_nominal,453.0,0.4516666666666677,10.0,3.765753930586957,0.09999999918825675,28.731213171481304,25.94721496319339
fresh_nominal,454.0,0.45222222222222325,10.0,3.7666652500041664,0.09999999921711407,28.736591761800696,25.95021447226418
fresh_nominal,455.0,0.45277777777777883,10.0,3.767578330679183,0.09999999924454198,28.741963094776818,25.95321462228923
fresh_nominal,456.0,0.45333333333333437,10.0,3.768493163490736,0.09999999927063909,28.747327194492687,25.956215401874918
fresh_nominal,457.0,0.4538888888888899,10.0,3.7694097390105776,0.09999999929551044,28.75268408492404,25.959216799685716
fresh_nominal,458.0,0.4544444444444455,10.0,3.7703280475025975,0.09999999931926795,28.758033789939933,25.962218804443918
fresh_nominal,459.0,0.455000000000001,10.0,3.771248078922032,0.09999999934203088,28.763376333303317,25.965221404929284
fresh_nominal,460.0,0.4555555555555566,10.0,3.772169822914774,0.09999999936392616,28.768711738671605,25.968224589978735
fresh_nominal,461.0,0.45611111111111213,10.0,3.7730932688167815,0.09999999938508902,28.774040029597288,25.971228348486033
fresh_nominal,462.0,0.4566666666666677,10.0,3.774018405653586,0.0999999994056632,28.779361229528504,25.97423266940145
fresh_nominal,463.0,0.45722222222222325,10.0,3.774945222139906,0.09999999942580154,28.784675361809605,25.97723754173145
fresh_nominal,464.0,0.4577777777777788,10.0,3.775873706679362,0.09999999944566626,28.789982449681766,25.980242954538376
fresh_nominal,465.0,0.45833333333333437,10.0,3.7768038473642997,0.0999999994654296,28.79528251628354,25.98324889694011
fresh_nominal,466.0,0.4588888888888899,10.0,3.7777356319757156,0.09999999948527404,28.80057558465147,25.986255358109773
fresh_nominal,467.0,0.4594444444444455,10.0,3.7786690479832985,0.09999999950539284,28.805861677720653,25.98926232727538
fresh_nominal,468.0,0.460000000000001,10.0,3.7796040825414874,0.099999999521904,28.81114081782935,25.99226979399623
fresh_nominal,469.0,0.4605555555555566,10.0,3.780540722499682,0.09999999953679946,28.816413027927066,25.995277747488956
fresh_nominal,470.0,0.46111111111111214,10.0,3.7814789543957605,0.099999999551098,28.82167833074405,25.998286177090844
fresh_nominal,471.0,0.4616666666666677,10.0,3.782418764456577,0.09999999956485436,28.826936748792885,26.00129507225892
fresh_nominal,472.0,0.46222222222222326,10.0,3.783360138599522,0.09999999957812385,28.832188304486166,26.00430442250435
fresh_nominal,473.0,0.46277777777777884,10.0,3.784303062433238,0.0999999995909625,28.837433020137,26.007314217392114
fresh_nominal,474.0,0.4633333333333344,10.0,3.7852475212584493,0.0999999996034271,28.842670917959556,26.01032444654075
fresh_nominal,475.0,0.46388888888888996,10.0,3.7861935000689093,0.09999999961557532,28.8479020200696,26.013335099622033
fresh_nominal,476.0,0.4644444444444455,10.0,3.787140983552466,0.0999999996274657,28.853126348485056,26.016346166360673
fresh_nominal,477.0,0.465000000000001,10.0,3.788089956092253,0.09999999963915783,28.858343925126526,26.01935763653403
fresh_nominal,478.0,0.4655555555555566,10.0,3.7890404017679886,0.09999999965071234,28.86355477181781,26.02236949997181
fresh_nominal,479.0,0.46611111111111214,10.0,3.789992304357405,0.09999999966219107,28.86875891028652,26.02538174655577
fresh_nominal,480.0,0.46666666666666773,10.0,3.7909456473377947,0.09999999967365711,28.873956362164524,26.02839436621942
fresh_nominal,481.0,0.46722222222222326,10.0,3.791900413887681,0.0999999996851748,28.879147148988565,26.031407348947727
fresh_nominal,482.0,0.46777777777777885,10.0,3.7928565868886044,0.09999999969680992,28.884331292200766,26.0344206847768
fresh_nominal,483.0,0.4683333333333344,10.0,3.7938141489270394,0.09999999970862972,28.889508813149167,26.03743436379362
fresh_nominal,484.0,0.46888888888888997,10.0,3.7947730822949923,0.09999999971926471,28.89467973265705,26.04044837637472
fresh_nominal,485.0,0.4694444444444455,10.0,3.7957333689954917,0.09999999972924462,28.899844072023637,26.043462712631566
fresh_nominal,486.0,0.4700000000000011,10.0,3.796694990742917,0.09999999973904265,28.905001852438232,26.046477362735303
fresh_nominal,487.0,0.4705555555555566,10.0,3.797657928964989,0.0999999997486619,28.910153094856742,26.049492316985155
fresh_nominal,488.0,0.47111111111111215,10.0,3.798622164805761,0.0999999997581025,28.915297820142253,26.052507565730494
fresh_nominal,489.0,0.47166666666666773,10.0,3.7995876791282726,0.09999999976736179,28.920436049065593,26.055523099370568
fresh_nominal,490.0,0.47222222222222326,10.0,3.8005544525173205,0.09999999977643413,28.9255678023058,26.058538908354233
fresh_nominal,491.0,0.47277777777777885,10.0,3.8015224652823503,0.09999999978531085,28.930693100450622,26.061554983179672
fresh_nominal,492.0,0.4733333333333344,10.0,3.8024916974604754,0.09999999979398023,28.93581196399703,26.06457131439411
fresh_nominal,493.0,0.47388888888888997,10.0,3.8034621288196133,0.09999999980242745,28.940924413351713,26.067587892593565
fresh_nominal,494.0,0.4744444444444455,10.0,3.8044337388617433,0.09999999981063452,28.946030468831566,26.070604708422554
fresh_nominal,495.0,0.4750000000000011,10.0,3.8054065068262855,0.09999999981858021,28.95113015066421,26.073621752573796
fresh_nominal,496.0,0.4755555555555566,10.0,3.806380411693596,0.09999999982623994,28.95622347898847,26.07663901578799
fresh_nominal,497.0,0.47611111111111215,10.0,3.807355432188585,0.09999999983358593,28.9613104738549,26.0796564888535
fresh_nominal,498.0,0.47666666666666774,10.0,3.8083315467844474,0.09999999984058681,28.966391155226262,26.082674162606097
fresh_nominal,499.0,0.47722222222222327,10.0,3.8093087337065157,0.09999999984720793,28.971465542978024,26.085692027928662
fresh_nominal,500.0,0.4777777777777789,10.0,3.810286970936945,0.09999999985413523,28.97653365653923,26.088710075948814
fresh_nominal,501.0,0.47833333333333444,10.0,3.8112662362172154,0.09999999986119351,28.98159551567853,26.09172829760642
fresh_nominal,502.0,0.47888888888889,10.0,3.812246507053034,0.09999999986806284,28.986651140148844,26.094746683849106
fresh_nominal,503.0,0.47944444444444556,10.0,3.8132277607191,0.09999999987473307,28.99170054946217,26.097765225756167
fresh_nominal,504.0,0.4800000000000011,10.0,3.8142099742632025,0.09999999988119283,28.996743763044435,26.10078391445332
fresh_nominal,505.0,0.4805555555555567,10.0,3.815193124510744,0.09999999988742965,29.00178080023596,26.103802741112506
fresh_nominal,506.0,0.4811111111111122,10.0,3.8161771880693713,0.09999999989342989,29.00681168029192,26.106821696951613
fresh_nominal,507.0,0.4816666666666678,10.0,3.817162141333706,0.0999999998991789,29.011836422382807,26.109840773234225
fresh_nominal,508.0,0.48222222222222333,10.0,3.818147960490184,0.09999999990466087,29.016855045594895,26.112859961269347
fresh_nominal,509.0,0.48277777777777886,10.0,3.8191346215219952,0.09999999990985896,29.02186756893069,26.11587925241118
fresh_nominal,510.0,0.48333333333333445,10.0,3.82012210021412,0.09999999991475526,29.02687401130943,26.11889863805884
fresh_nominal,511.0,0.48388888888889,10.0,3.8211103721584676,0.09999999991933087,29.0318743915675,26.12191810965614
fresh_nominal,512.0,0.48444444444444557,10.0,3.8220994127591035,0.09999999992356585,29.036868728458906,26.124937658691277
fresh_nominal,513.0,0.4850000000000011,10.0,3.823089197237576,0.09999999992743926,29.041857040655792,26.127957276696637
fresh_nominal,514.0,0.4855555555555567,10.0,3.824079700638331,0.09999999993092917,29.046839346748833,26.130976955248517
fresh_nominal,515.0,0.4861111111111122,10.0,3.825070897834215,0.09999999993401276,29.051815665247712,26.13399668596683
fresh_nominal,516.0,0.4866666666666678,10.0,3.826062763532612,0.09999999993721367,29.056786014285244,26.137016460678037
fresh_nominal,517.0,0.4872222222222234,10.0,3.8270552722800066,0.09999999994049438,29.061750412217492,26.14003627108477
fresh_nominal,518.0,0.4877777777777789,10.0,3.828048398468041,0.09999999994355656,29.066708877461622,26.143056108855184
fresh_nominal,519.0,0.4883333333333345,10.0,3.829042116339909,0.099999999946406,29.071661428190527,26.146075965790917
fresh_nominal,520.0,0.48888888888889004,10.0,3.830036399995962,0.09999999994904983,29.076608082497287,26.14909583373662
fresh_nominal,521.0,0.4894444444444456,10.0,3.831031223399688,0.09999999995149651,29.081548858395564,26.152115704579728
fresh_nominal,522.0,0.49000000000000116,10.0,3.8320265603837615,0.09999999995375594,29.086483773820063,26.155135570250252
fresh_nominal,523.0,0.4905555555555567,10.0,3.8330223846561617,0.09999999995583961,29.09141284662693,26.158155422720476
fresh_nominal,524.0,0.4911111111111123,10.0,3.83401866980635,0.0999999999577605,29.09633609459422,26.161175254004796
fresh_nominal,525.0,0.4916666666666678,10.0,3.835015389311514,0.09999999995953336,29.101253535422288,26.164195056159404
fresh_nominal,526.0,0.4922222222222234,10.0,3.8360125165428673,0.09999999996117463,29.106165186734227,26.167214821282137
fresh_nominal,527.0,0.4927777777777789,10.0,3.837010024772001,0.09999999996270269,29.11107106607633,26.170234541512166
fresh_nominal,528.0,0.4933333333333345,10.0,3.8380078871772922,0.09999999996413778,29.115971190918476,26.173254209029807
fresh_nominal,529.0,0.49388888888889004,10.0,3.839006076850356,0.09999999996550211,29.120865578654563,26.176273816056277
fresh_nominal,530.0,0.4944444444444456,10.0,3.840004566802545,0.09999999996682009,29.125754246602995,26.179293354853428
fresh_nominal,531.0,0.49500000000000116,10.0,3.8410033299714894,0.09999999996811812,29.13063721200702,26.18231281772355
fresh_nominal,532.0,0.49555555555555675,10.0,3.842002339227342,0.09999999996908683,29.13551449178845,26.185332197145506
fresh_nominal,533.0,0.49611111111111234,10.0,3.843001567380004,0.09999999996969935,29.140386102999404,26.188351485525043
fresh_nominal,534.0,0.49666666666666787,10.0,3.8440009871857694,0.09999999997020632,29.14525206281888,26.1913706751967
fresh_nominal,535.0,0.49722222222222345,10.0,3.8450005713534856,0.09999999997062158,29.15011238817784,26.19438975863102
fresh_nominal,536.0,0.497777777777779,10.0,3.8460002925514853,0.09999999997095992,29.154967095933216,26.19740872833836
fresh_nominal,537.0,0.4983333333333345,10.0,3.8470001234143134,0.0999999999712374,29.159816202868278,26.20042757686872
fresh_nominal,538.0,0.4988888888888901,10.0,3.8480000365494567,0.09999999997147109,29.164659725693078,26.20344629681148
fresh_nominal,539.0,0.49944444444444563,10.0,3.849000004544099,0.09999999997167938,29.169497681044806,26.206464880795192
fresh_nominal,540.0,0.5000000000000012,10.0,3.8499999999718844,0.09999999997188182,29.174330085488204,26.20948332148738
fresh_nominal,541.0,0.5005555555555568,10.0,3.8509999953996843,0.09999999997209925,29.179156955515968,26.21250161159429
fresh_nominal,542.0,0.5011111111111123,10.0,3.8519999633943725,0.09999999997235379,29.183978307549136,26.21551974386072
fresh_nominal,543.0,0.5016666666666678,10.0,3.852999876529597,0.09999999997266891,29.18879415793751,26.218537711069732
fresh_nominal,544.0,0.5022222222222235,10.0,3.853999707392548,0.0999999999730695,29.193604522960026,26.22155550604248
fresh_nominal,545.0,0.502777777777779,10.0,3.8549994285907228,0.09999999997358183,29.198409418825165,26.224573121638
fresh_nominal,546.0,0.5033333333333345,10.0,3.8559990127586747,0.09999999997423362,29.203208861671335,26.22759055075294
fresh_nominal,547.0,0.50388888888889,10.0,3.8569984325647537,0.09999999997505407,29.208002867567316,26.230607786321386
fresh_nominal,548.0,0.5044444444444457,10.0,3.8579976607174,0.099999999975651,29.212791452306885,26.233624821428442
fresh_nominal,549.0,0.5050000000000012,10.0,3.8589966699725156,0.09999999997588283,29.21757463173612,26.23664164912915
fresh_nominal,550.0,0.5055555555555568,10.0,3.8599954331404103,0.09999999997613031,29.22235242188585,26.23965826237526
fresh_nominal,551.0,0.5061111111111123,10.0,3.860993923091549,0.09999999997639784,29.227124838535087,26.242674654256703
fresh_nominal,552.0,0.5066666666666678,10.0,3.8619921127635393,0.09999999997668958,29.231891897394124,26.245690817900332
fresh_nominal,553.0,0.5072222222222235,10.0,3.862989975167715,0.09999999997700917,29.236653614104977,26.248706746469658
fresh_nominal,554.0,0.507777777777779,10.0,3.8639874833956718,0.0999999999773598,29.241410004241715,26.251722433164677
fresh_nominal,555.0,0.5083333333333345,10.0,3.8649846106257675,0.09999999997774424,29.246161083310824,26.254737871221668
fresh_nominal,556.0,0.5088888888888901,10.0,3.8659813301295793,0.09999999997816475,29.250906866751578,26.257753053912978
fresh_nominal,557.0,0.5094444444444456,10.0,3.866977615278305,0.099999999978623,29.255647369936458,26.26076797454683
fresh_nominal,558.0,0.5100000000000012,10.0,3.867973439549119,0.09999999997912025,29.26038260817143,26.263782626467126
fresh_nominal,559.0,0.5105555555555568,10.0,3.8689687765314704,0.09999999997965713,29.265112596696387,26.26679700305321
fresh_nominal,560.0,0.5111111111111123,10.0,3.869963599933326,0.09999999998023364,29.2698373506855,26.269811097719707
fresh_nominal,561.0,0.5116666666666678,10.0,3.8709578835873506,0.09999999998084926,29.27455688524757,26.272824903916298
fresh_nominal,562.0,0.5122222222222235,10.0,3.871951601457023,0.09999999998150279,29.27927121542642,26.275838415127517
fresh_nominal,563.0,0.512777777777779,10.0,3.8729447276426843,0.09999999998219239,29.283980356201226,26.278851624872544
fresh_nominal,564.0,0.5133333333333345,10.0,3.8739372363875213,0.09999999998291526,29.288684322318915,26.281864526797726
fresh_nominal,565.0,0.5138888888888901,10.0,3.87492910208347,0.09999999998366799,29.293383128510442,26.284877114557194
fresh_nominal,566.0,0.5144444444444456,10.0,3.875920299277049,0.0999999999844469,29.29807678973891,26.28788938167603
fresh_nominal,567.0,0.5150000000000012,10.0,3.876910802675115,0.09999999998524729,29.302765320714705,26.290901321817756
fresh_nominal,568.0,0.5155555555555568,10.0,3.8779005871505303,0.09999999998606372,29.307448736084478,26.293912928680022
fresh_nominal,569.0,0.5161111111111123,10.0,3.8788896277477574,0.0999999999868899,29.312127050431506,26.296924195994478
fresh_nominal,570.0,0.5166666666666678,10.0,3.879877899688358,0.09999999998771868,29.31680027827605,26.299935117526545
fresh_nominal,571.0,0.5172222222222234,10.0,3.88086537837641,0.0999999999885422,29.321468434075665,26.302945687075233
fresh_nominal,572.0,0.517777777777779,10.0,3.881852039403833,0.09999999998935166,29.32613153222557,26.305955898472952
fresh_nominal,573.0,0.5183333333333345,10.0,3.8828378585556145,0.0999999999901374,29.330789587058966,26.308965745585333
fresh_nominal,574.0,0.5188888888888901,10.0,3.883822811814951,0.0999999999908888,29.335442612847395,26.311975222311048
fresh_nominal,575.0,0.5194444444444456,10.0,3.884806875368284,0.09999999999159438,29.340090623801068,26.314984322581594
fresh_nominal,576.0,0.5200000000000012,10.0,3.8857900256102367,0.09999999999224168,29.34473363406923,26.317993040361124
fresh_nominal,577.0,0.5205555555555568,10.0,3.8867722391484545,0.09999999999281725,29.349371657740473,26.321001369646265
fresh_nominal,578.0,0.5211111111111123,10.0,3.8877534928083395,0.09999999999330668,29.354004708843092,26.324009304465907
fresh_nominal,579.0,0.5216666666666678,10.0,3.888733763637677,0.09999999999369447,29.358632801345436,26.327016838881047
fresh_nominal,580.0,0.5222222222222234,10.0,3.8897130289113293,0.09999999999413535,29.36325594902283,26.330023967058015
fresh_nominal,581.0,0.522777777777779,10.0,3.8906912661354984,0.09999999999480198,29.367874165576477,26.333030683203052
fresh_nominal,582.0,0.5233333333333345,10.0,3.8916684530515906,0.09999999999544658,29.372487464975457,26.336036981373972
fresh_nominal,583.0,0.5238888888888901,10.0,3.892644567641071,0.09999999999606586,29.377095860938823,26.339042855765317
fresh_nominal,584.0,0.5244444444444456,10.0,3.8936195881293045,0.09999999999665665,29.381699367126494,26.342048300603278
fresh_nominal,585.0,0.5250000000000011,10.0,3.8945934929895145,0.09999999999721561,29.386297997139618,26.34505331014549
fresh_nominal,586.0,0.5255555555555568,10.0,3.895566260946635,0.09999999999773947,29.39089176452085,26.348057878680862
fresh_nominal,587.0,0.5261111111111123,10.0,3.896537870981043,0.09999999999822494,29.39548068275469,26.351062000529414
fresh_nominal,588.0,0.5266666666666678,10.0,3.8975083023321777,0.09999999999866879,29.400064765267782,26.354065670042086
fresh_nominal,589.0,0.5272222222222234,10.0,3.8984775345020326,0.09999999999906772,29.40464402542924,26.35706888160058
fresh_nominal,590.0,0.527777777777779,10.0,3.8994455472585363,0.09999999999941855,29.40921847655098,26.360071629617167
fresh_nominal,591.0,0.5283333333333345,10.0,3.9004123206388113,0.09999999999971809,29.413788131888,26.36307390853454
fresh_nominal,592.0,0.5288888888888901,10.0,3.901377834952309,0.09999999999996324,29.418353004638757,26.366075712825612
fresh_nominal,593.0,0.5294444444444456,10.0,3.902342070783828,0.10000000000015086,29.422913107945394,26.369077036993353
fresh_nominal,594.0,0.5300000000000011,10.0,3.903305008996407,0.10000000000027802,29.427468454894147,26.372077875570632
fresh_nominal,595.0,0.5305555555555568,10.0,3.9042666307340985,0.10000000000034176,29.432019058515603,26.375078223119996
fresh_nominal,596.0,0.5311111111111123,10.0,3.9052269174246566,0.10000000000037997,29.436564931681747,26.37807807429051
fresh_nominal,597.0,0.5316666666666678,10.0,3.906185850782051,0.10000000000045713,29.441106087142344,26.381077423797652
fresh_nominal,598.0,0.5322222222222234,10.0,3.9071434128087095,0.10000000000049981,29.445642537942522,26.384076266193087
fresh_nominal,599.0,0.5327777777777789,10.0,3.9080995857980083,0.10000000000051017,29.450174296881702,26.387074596162996
fresh_nominal,600.0,0.5333333333333345,10.0,3.909054352336357,0.10000000000049078,29.454701376704456,26.390072408422842
fresh_nominal,601.0,0.5338888888888901,10.0,3.910007695305235,0.10000000000044465,29.459223790100808,26.3930696977172
fresh_nominal,602.0,0.5344444444444456,10.0,3.910959597883103,0.10000000000037529,29.463741549706537,26.396066458819597
fresh_nominal,603.0,0.5350000000000011,10.0,3.911910043547195,0.10000000000028668,29.468254668103448,26.399062686532357
fresh_nominal,604.0,0.5355555555555567,10.0,3.9128590160751866,0.10000000000018336,29.47276315781968,26.40205837568643
fresh_nominal,605.0,0.5361111111111123,10.0,3.9138064995467405,0.10000000000007028,29.477267031330012,26.405053521141237
fresh_nominal,606.0,0.5366666666666678,10.0,3.9147524783449343,0.09999999999995313,29.481766301056126,26.40804811778452
fresh_nominal,607.0,0.5372222222222234,10.0,3.9156969371575654,0.09999999999983797,29.486260979366925,26.411042160532144
fresh_nominal,608.0,0.5377777777777789,10.0,3.9166398609783366,0.09999999999973155,29.49075107857881,26.41403564432798
fresh_nominal,609.0,0.5383333333333346,10.0,3.9175812351079227,0.09999999999964124,29.495236610956002,26.41702856414372
fresh_nominal,610.0,0.5388888888888901,10.0,3.9185210451549164,0.09999999999957492,29.4997175887108,26.42002091497871
fresh_nominal,611.0,0.5394444444444456,10.0,3.9194592770366627,0.09999999999954122,29.504194024003894,26.423012691859793
fresh_nominal,612.0,0.5400000000000011,10.0,3.920395916979909,0.09999999999948896,29.508665928866797,26.42600388988416
fresh_nominal,613.0,0.5405555555555567,10.0,3.9213309515213792,0.09999999999928118,29.51313331516881,26.428994504237565
fresh_nominal,614.0,0.5411111111111123,10.0,3.922264367508631,0.09999999999906842,29.517596195097653,26.43198452992894
fresh_nominal,615.0,0.5416666666666679,10.0,3.923196152099987,0.09999999999885352,29.522054580599598,26.434973962099555
fresh_nominal,616.0,0.5422222222222234,10.0,3.924126292764947,0.09999999999863948,29.526508483570023,26.437962795917773
fresh_nominal,617.0,0.5427777777777789,10.0,3.9250547772843287,0.0999999999984295,29.530957915853687,26.440951026578926
fresh_nominal,618.0,0.5433333333333344,10.0,3.9259815937503078,0.0999999999982269,29.53540288924502,26.44393864930513
fresh_nominal,619.0,0.5438888888888901,10.0,3.926906730566347,0.09999999999803516,29.53984341548838,26.44692565934518
fresh_nominal,620.0,0.5444444444444456,10.0,3.9278301764470145,0.09999999999785794,29.544279506278343,26.449912051974334
fresh_nominal,621.0,0.5450000000000012,10.0,3.9287519204177017,0.09999999999769911,29.548711173259957,26.452897822494222
fresh_nominal,622.0,0.5455555555555567,10.0,3.929671951814237,0.09999999999756262,29.55313842802903,26.455882966232696
fresh_nominal,623.0,0.5461111111111123,10.0,3.9305902602823894,0.09999999999745267,29.557561282132376,26.458867478543628
fresh_nominal,624.0,0.5466666666666679,10.0,3.9315068357772804,0.09999999999737359,29.561979747068133,26.461851354806807
fresh_nominal,625.0,0.5472222222222234,10.0,3.932421668562693,0.09999999999732989,29.56639383428597,26.464834590427788
fresh_nominal,626.0,0.5477777777777789,10.0,3.9333347492102777,0.0999999999973263,29.570803555187428,26.467817180837724
fresh_nominal,627.0,0.5483333333333344,10.0,3.9342460685986707,0.09999999999736763,29.575208921126155,26.470799121493197
fresh_nominal,628.0,0.5488888888888901,10.0,3.935155617912482,0.0999999999974262,29.57960994332116,26.473780407924153
fresh_nominal,629.0,0.5494444444444456,10.0,3.9360633886411645,0.09999999999738755,29.584006632713834,26.47676103581274
fresh_nominal,630.0,0.5500000000000012,10.0,3.936969372578165,0.09999999999736262,29.588399000795594,26.47974100053663
fresh_nominal,631.0,0.5505555555555568,10.0,3.937873561819337,0.09999999999735108,29.592787058715526,26.482720297661423
fresh_nominal,632.0,0.5511111111111123,10.0,3.938775948761707,0.09999999999735239,29.597170817575144,26.485698922778013
fresh_nominal,633.0,0.5516666666666679,10.0,3.9396765261020543,0.09999999999736578,29.6015502884286,26.488676871502456
fresh_nominal,634.0,0.5522222222222234,10.0,3.9405752868354003,0.09999999999739029,29.60592548228295,26.491654139475816
fresh_nominal,635.0,0.5527777777777789,10.0,3.941472224253418,0.09999999999742464,29.610296410098375,26.494630722364093
fresh_nominal,636.0,0.5533333333333346,10.0,3.942367331942764,0.09999999999746735,29.614663082788436,26.497606615858015
fresh_nominal,637.0,0.5538888888888901,10.0,3.943260603783329,0.09999999999751666,29.619025511220315,26.500581815672955
fresh_nominal,638.0,0.5544444444444456,10.0,3.9441520339464162,0.09999999999757055,29.623383706215037,26.50355631754879
fresh_nominal,639.0,0.5550000000000012,10.0,3.9450416168928473,0.09999999999762671,29.62773767854774,26.50653011724974
fresh_nominal,640.0,0.5555555555555568,10.0,3.9459293473709884,0.09999999999768251,29.632087438947895,26.509503210564276
fresh_nominal,641.0,0.5561111111111123,10.0,3.946815220414717,0.09999999999773507,29.636432998099558,26.512475593304966
fresh_nominal,642.0,0.5566666666666679,10.0,3.9476992313413146,0.09999999999778114,29.640774366641605,26.515447261308346
fresh_nominal,643.0,0.5572222222222234,10.0,3.948581375749295,0.09999999999781717,29.645111555167976,26.51841821043479
fresh_nominal,644.0,0.5577777777777789,10.0,3.94946164951617,0.0999999999978393,29.64944457422791,26.521388436568362
fresh_nominal,645.0,0.5583333333333346,10.0,3.9503400487961544,0.09999999999784334,29.653773434326204,26.524357935616703
fresh_nominal,646.0,0.5588888888888901,10.0,3.951216570017807,0.09999999999782465,29.658098145923432,26.527326703510905
fresh_nominal,647.0,0.5594444444444456,10.0,3.9520912098816185,0.09999999999777834,29.66241871943621,26.53029473620534
fresh_nominal,648.0,0.5600000000000012,10.0,3.9529639653575437,0.09999999999769905,29.666735165237398,26.533262029677584
fresh_nominal,649.0,0.5605555555555567,10.0,3.9538348336824773,0.09999999999758113,29.671047493656392,26.53622857992821
fresh_nominal,650.0,0.5611111111111123,10.0,3.954703812357681,0.0999999999974185,29.675355714979332,26.53919438298074
fresh_nominal,651.0,0.5616666666666679,10.0,3.955570899146158,0.09999999999720462,29.679659839449336,26.542159434881448
fresh_nominal,652.0,0.5622222222222234,10.0,3.9564360920699846,0.09999999999693265,29.683959877266776,26.545123731699256
fresh_nominal,653.0,0.5627777777777789,10.0,3.9572993894075927,0.09999999999659522,29.6882558385895,26.548087269525606
fresh_nominal,654.0,0.5633333333333346,10.0,3.9581607896910107,0.0999999999961846,29.692547733533054,26.551050044474295
fresh_nominal,655.0,0.5638888888888901,10.0,3.9590202917030606,0.09999999999569256,29.69683557217097,26.554012052681376
fresh_nominal,656.0,0.5644444444444456,10.0,3.9598778944745203,0.09999999999511049,29.70111936453494,26.556973290305027
fresh_nominal,657.0,0.5650000000000012,10.0,3.9607335972812407,0.09999999999442928,29.705399120615134,26.559933753525385
fresh_nominal,658.0,0.5655555555555567,10.0,3.9615873996412354,0.09999999999363932,29.70967485036038,26.562893438544442
fresh_nominal,659.0,0.5661111111111123,10.0,3.9624393013117327,0.09999999999273053,29.713946563678434,26.565852341585916
fresh_nominal,660.0,0.5666666666666678,10.0,3.9632893022862743,0.09999999999177334,29.71821427042968,26.568810458898636
fresh_nominal,661.0,0.5672222222222234,10.0,3.964137402792374,0.09999999999158316,29.722477980373554,26.5717677867856
fresh_nominal,662.0,0.5677777777777789,10.0,3.9649836032861545,0.09999999999139886,29.72673770335669,26.574724321501982
fresh_nominal,663.0,0.5683333333333345,10.0,3.965827904451625,0.09999999999122179,29.730993449123858,26.577680059357622
fresh_nominal,664.0,0.56888888888889,10.0,3.966670307196832,0.09999999999105333,29.735245227379917,26.58063499668341
fresh_nominal,665.0,0.5694444444444456,10.0,3.967510812650744,0.09999999999089498,29.73949304779003,26.583589129831214
fresh_nominal,666.0,0.5700000000000012,10.0,3.968349422160123,0.09999999999074838,29.743736919979934,26.586542455173703
fresh_nominal,667.0,0.5705555555555567,10.0,3.969186137286373,0.09999999999061525,29.747976853536155,26.589494969104233
fresh_nominal,668.0,0.5711111111111122,10.0,3.9700209598023704,0.09999999999049747,29.75221285800625,26.592446668036708
fresh_nominal,669.0,0.5716666666666678,10.0,3.970853891689281,0.09999999999039699,29.756444942899066,26.595397548405455
fresh_nominal,670.0,0.5722222222222234,10.0,3.9716849351333616,0.09999999999031599,29.760673117684945,26.598347606665097
fresh_nominal,671.0,0.5727777777777789,10.0,3.9725140925227485,0.09999999999025666,29.76489739179603,26.6012968392904
fresh_nominal,672.0,0.5733333333333345,10.0,3.973341366444238,0.09999999999022138,29.76911777462641,26.604245242776162
fresh_nominal,673.0,0.57388888888889,10.0,3.9741667596800543,0.09999999999021267,29.77333427553245,26.607192813637074
fresh_nominal,674.0,0.5744444444444456,10.0,3.9749902752046116,0.0999999999902332,29.77754690383297,26.61013954840758
fresh_nominal,675.0,0.5750000000000012,10.0,3.97581191618127,0.09999999999028575,29.781755668809513,26.613085443641765
fresh_nominal,676.0,0.5755555555555567,10.0,3.976631685959089,0.09999999999037332,29.785960579706607,26.616030495913197
fresh_nominal,677.0,0.5761111111111122,10.0,3.9774495880695686,0.09999999999049898,29.790161645731928,26.61897470181482
fresh_nominal,678.0,0.5766666666666678,10.0,3.9782656262234024,0.09999999999066599,29.794358876056634,26.62191805795881
fresh_nominal,679.0,0.5772222222222234,10.0,3.979079804307223,0.09999999999087776,29.798552279815542,26.624860560976416
fresh_nominal,680.0,0.577777777777779,10.0,3.9798921263803435,0.09999999999113794,29.802741866107382,26.627802207517906
fresh_nominal,681.0,0.5783333333333345,10.0,3.9807025966715144,0.09999999999145022,29.806927643995067,26.630742994252344
fresh_nominal,682.0,0.57888888888889,10.0,3.98151121957567,0.09999999999181858,29.811109622505874,26.633682917867514
fresh_nominal,683.0,0.5794444444444455,10.0,3.982317999650691,0.09999999999224705,29.815287810631755,26.63662197506977
fresh_nominal,684.0,0.5800000000000012,10.0,3.98312294161417,0.09999999999273992,29.819462217329505,26.63956016258392
fresh_nominal,685.0,0.5805555555555567,10.0,3.9839260503401777,0.09999999999330172,29.82363285152107,26.642497477153054
fresh_nominal,686.0,0.5811111111111122,10.0,3.9847273308560505,0.09999999999393705,29.827799722093737,26.645433915538458
fresh_nominal,687.0,0.5816666666666678,10.0,3.985526788339178,0.09999999999465072,29.83196283790039,26.64836947451947
fresh_nominal,688.0,0.5822222222222234,10.0,3.9863244281138046,0.09999999999544779,29.836122207759775,26.65130415089332
fresh_nominal,689.0,0.582777777777779,10.0,3.9871202556477265,0.09999999999621785,29.840277838961537,26.65423794229745
fresh_nominal,690.0,0.5833333333333345,10.0,3.9879142765489055,0.09999999999651703,29.84442973416599,26.65717084891462
fresh_nominal,691.0,0.58388888888889,10.0,3.988706496563557,0.09999999999682105,29.848577907913164,26.66010286439226
fresh_nominal,692.0,0.5844444444444455,10.0,3.9894969215716145,0.0999999999971292,29.852722368708214,26.66303398569654
fresh_nominal,693.0,0.5850000000000012,10.0,3.990285557584077,0.09999999999744077,29.856863125013376,26.665964209816334
fresh_nominal,694.0,0.5855555555555567,10.0,3.9910724107398994,0.099999999997755,29.861000185247963,26.668893533763256
fresh_nominal,695.0,0.5861111111111122,10.0,3.991857487302898,0.09999999999807112,29.865133557788408,26.671821954571634
fresh_nominal,696.0,0.5866666666666678,10.0,3.992640793658681,0.09999999999838832,29.8692632509682,26.674749469298515
fresh_nominal,697.0,0.5872222222222234,10.0,3.993422336311564,0.09999999999867899,29.873389280251814,26.67767607108579
fresh_nominal,698.0,0.587777777777779,10.0,3.9942021218816097,0.0999999999989586,29.877511649505756,26.680601759440872
fresh_nominal,699.0,0.5883333333333345,10.0,3.9949801571015526,0.09999999999922635,29.881630366921975,26.68352653149601
fresh_nominal,700.0,0.58888888888889,10.0,3.9957564488138306,0.09999999999948031,29.885745440922026,26.686450384256602
fresh_nominal,701.0,0.5894444444444457,10.0,3.9965310039676134,0.09999999999971858,29.889856879893113,26.689373314746057
fresh_nominal,702.0,0.5900000000000012,10.0,3.9973038296158627,0.09999999999993914,29.893964692188085,26.692295320005822
fresh_nominal,703.0,0.5905555555555567,10.0,3.9980749329124112,0.10000000000013995,29.898068886125422,26.69521639709536
fresh_nominal,704.0,0.5911111111111123,10.0,3.9988443211090683,0.10000000000031888,29.902169469989264,26.698136543092176
fresh_nominal,705.0,0.5916666666666678,10.0,3.999612001552752,0.10000000000047372,29.906266452029378,26.701055755091783
fresh_nominal,706.0,0.5922222222222234,10.0,4.000377981682647,0.10000000000060226,29.91035984046119,26.70397403020774
fresh_nominal,707.0,0.592777777777779,10.0,4.001142269027383,0.10000000000070221,29.914449643465765,26.706891365571604
fresh_nominal,708.0,0.5933333333333345,10.0,4.001904871202255,0.1000000000007712,29.918535869189803,26.709807758332996
fresh_nominal,709.0,0.59388888888889,10.0,4.0026657959064496,0.10000000000080679,29.92261852574566,26.71272320565954
fresh_nominal,710.0,0.5944444444444457,10.0,4.003425050920324,0.10000000000080655,29.926697621211318,26.71563770473689
fresh_nominal,711.0,0.5950000000000011,10.0,4.004182644102718,0.10000000000079631,29.93077316242372,26.718551253431645
fresh_nominal,712.0,0.5955555555555567,10.0,4.004938583388242,0.10000000000078448,29.93484515692783,26.72146384922058
fresh_nominal,713.0,0.5961111111111123,10.0,4.0056928767846065,0.1000000000007459,29.938913613652502,26.72437548881939
fresh_nominal,714.0,0.5966666666666678,10.0,4.0064455323700665,0.10000000000067974,29.942978540458295,26.7272861695298
fresh_nominal,715.0,0.5972222222222234,10.0,4.007196558290847,0.10000000000062204,29.947039943910276,26.730195889364484
fresh_nominal,716.0,0.5977777777777791,10.0,4.007945962758507,0.10000000000056697,29.95109783196805,26.733104645569036
fresh_nominal,717.0,0.5983333301676527,9.999332684250371,4.008683716408121,0.09999997635392173,29.95515208498556,26.7360124358609
fresh_nominal,718.0,0.5988887248110406,9.994882528301378,4.009361747149692,0.0999987888758599,29.959196511157085,26.738919253741003
fresh_nominal,719.0,0.5994438727556587,9.990445184331934,4.010036280596085,0.09999583774036831,29.963227500857222,26.741825084221016
fresh_nominal,720.0,0.5999987744578436,9.98602070911219,4.010707404017801,0.09999119820766418,29.967245018053752,26.744729911062432
fresh_nominal,721.0,0.6005534307333947,9.981609138455733,4.0113752041994175,0.09998494486295852,29.971249045777135,26.747633718004373
fresh_nominal,722.0,0.6011078423198651,9.977210507716444,4.012039764628648,0.09997714908789511,29.975239567486934,26.750536488798634
fresh_nominal,723.0,0.6016620099098996,9.972824849534295,4.012701165227573,0.09996787878262633,29.979216569114147,26.75343820721585
fresh_nominal,724.0,0.6022159342173461,9.968452191248087,4.013359483111107,0.09995719907721817,29.983180041400054,26.756338857049677
fresh_nominal,725.0,0.6027696159600923,9.96409255739499,4.01401479363491,0.09994517336735077,29.98712997762117,26.75923842210968
fresh_nominal,726.0,0.6033230558619099,9.95974596719486,4.0146671687338324,0.09993186169036884,29.99106637586117,26.76213688624527
fresh_nominal,727.0,0.6038762546473799,9.955412437415818,4.015316678690824,0.09991732246017063,29.994989236406656,26.765034233327594
fresh_nominal,728.0,0.6044292130429801,9.951091981025371,4.015963391245544,0.09990161159678138,29.998898562962392,26.767930447267748
fresh_nominal,729.0,0.6049819317760048,9.946784606127546,4.016607370796587,0.09988478174807065,30.002794363604732,26.77082551203712
fresh_nominal,730.0,0.6055344115737049,9.94249031845662,4.017248680093848,0.09986688394790712,30.006676648518017,26.773719411647466
fresh_nominal,731.0,0.6060866531633471,9.938209120675852,4.017887379749477,0.09984796713956305,30.010545430623424,26.77661213016156
fresh_nominal,732.0,0.6066386572726552,9.933941011219492,4.018523527440469,0.09982807739707027,30.014400726618703,26.779503651713412
fresh_nominal,733.0,0.607190424628417,9.929685987692476,4.019157180207944,0.09980726017724162,30.018242553901075,26.782393960474373
fresh_nominal,734.0,0.6077419559573267,9.925444044648035,4.01978839294653,0.09978555884316018,30.02207093257095,26.785283040679825
fresh_nominal,735.0,0.6082932519860874,9.921215173010117,4.020417217988762,0.09976301425895022,30.025885885946995,26.788170876648415
fresh_nominal,736.0,0.6088443134403211,9.916999362902201,4.021043707032683,0.09973966667812971,30.02968743800897,26.79105745274309
fresh_nominal,737.0,0.6093951410453248,9.912796601439076,4.021667909632528,0.09971555426818922,30.03347561538627,26.793942753403922
fresh_nominal,738.0,0.609945735525757,9.908606872838563,4.022289873244065,0.09969071315635168,30.037250447251658,26.79682676315982
fresh_nominal,739.0,0.6104960976050484,9.904430160435208,4.02290964461314,0.09966517879032592,30.041011963502793,26.79970946659277
fresh_nominal,740.0,0.6110462280058694,9.900266444903073,4.023527268547784,0.09963898473807783,30.044760196360286,26.802590848371196
fresh_nominal,741.0,0.6115961274497536,9.89611570463345,4.0241427881498915,0.09961216291589277,30.048495180023053,26.80547089325532
fresh_nominal,742.0,0.61214579665684,9.891977917119037,4.024756245781877,0.0995847445361224,30.052216949419513,26.808349586066846
fresh_nominal,743.0,0.6126952363460949,9.887853057586987,4.025367682109299,0.09955675917151564,30.055925541434892,26.811226911720787
fresh_nominal,744.0,0.6132444472350248,9.883741099419295,4.0259771363711705,0.0995282350210277,30.05962099452954,26.814102855226235
fresh_nominal,745.0,0.6137934300395673,9.879642015111381,4.026584647056555,0.09949919957358229,30.063303347874815,26.81697740166159
fresh_nominal,746.0,0.6143421854741508,9.875555775237222,4.027190251168507,0.09946967888882069,30.06697264228085,26.81985053620402
fresh_nominal,747.0,0.6148907142514975,9.871482348852764,4.027793984491671,0.09943969786022132,30.070628919831286,26.82272224412647
fresh_nominal,748.0,0.6154390170825798,9.867421704170004,4.028395882071807,0.09940928068585962,30.074272223276125,26.82559251077822
fresh_nominal,749.0,0.6159870946765786,9.863373807778109,4.02899597765213,0.09937845031772663,30.077902596728947,26.828461321611574
fresh_nominal,750.0,0.6165349477407486,9.85933862503065,4.029594303936154,0.0993472287201533,30.081520085317216,26.831328662176148
fresh_nominal,751.0,0.617082576980297,9.855316120583845,4.030190892960636,0.09931563723599997,30.085124734698187,26.834194518107434
fresh_nominal,752.0,0.6176299830985801,9.851306257783795,4.030785775677839,0.09928369617900437,30.08871659160681,26.837058875136798
fresh_nominal,753.0,0.6181771667969018,9.847308998901893,4.031378982102034,0.09925142497811282,30.09229570364299,26.839921719093702
fresh_nominal,754.0,0.6187241287743631,9.843324304995695,4.031970541192692,0.09921884206401906,30.09586211939459,26.842783035917563
fresh_nominal,755.0,0.6192708697282985,9.839352136120205,4.032560481055729,0.0991859650677208,30.09941588824667,26.845642811629464
fresh_nominal,756.0,0.619817390353131,9.835392452215508,4.033148829451006,0.09915281131714665,30.102957059586462,26.84850103235985
fresh_nominal,757.0,0.6203636913415421,9.831445211781768,4.033735612973256,0.09911939703745751,30.10648568398788,26.851357684333532
fresh_nominal,758.0,0.6209097733838637,9.827510372611188,4.034320857508371,0.09908573779805797,30.11000181255543,26.85421275387618
fresh_nominal,759.0,0.6214556371674078,9.82358789257591,4.034904588721369,0.099051848990474,30.113505496219815,26.857066227421942
fresh_nominal,760.0,0.6220012833779551,9.819677727894174,4.035486830983045,0.09901774478003818,30.116996787286325,26.859918091495675
fresh_nominal,761.0,0.6225467126981701,9.815779834916837,4.0360676084700335,0.09898343918196538,30.12047573783818,26.862768332733854
fresh_nominal,762.0,0.6230919258085966,9.811894169038005,4.03664694449638,0.09894894540883646,30.123942400708998,26.865616937870264
fresh_nominal,763.0,0.6236369233873286,9.808020685050002,4.037224861731124,0.09891427608405738,30.127396829165058,26.868463893740895
fresh_nominal,764.0,0.6241817061096805,9.804159337499888,4.037801382417193,0.09887944345655869,30.130839076586987,26.871309187288638
fresh_nominal,765.0,0.6247262746488175,9.8003100800021,4.038376527946869,0.09884445898652497,30.13426919708224,26.8741528055544
fresh_nominal,766.0,0.6252706296749676,9.79647286616115,4.038950319437708,0.0988093339091359,30.1376872446622,26.876994735686143
fresh_nominal,767.0,0.6258147718560099,9.792647648848261,4.039522777276907,0.09877407878973805,30.141093273886668,26.879834964933213
fresh_nominal,768.0,0.6263587018572332,9.78883438051394,4.040093921318677,0.0987387037174665,30.14448733958492,26.882673480648215
fresh_nominal,769.0,0.626902420340973,9.785033013667908,4.040663771187393,0.09870321860225095,30.147869496428594,26.885510270289497
fresh_nominal,770.0,0.6274459279671586,9.781243500148301,4.041232345814077,0.09866763272218844,30.15123979958212,26.88834532141756
fresh_nominal,771.0,0.6279892253929851,9.777465791573986,4.041799663724431,0.09863195500576012,30.15459830430002,26.891178621696753
fresh_nominal,772.0,0.6285323132729116,9.773699839337292,4.0423657430318,0.09859619402543916,30.157945065933557,26.89401015889567
fresh_nominal,773.0,0.6290751922586774,9.769945594591148,4.042930601429856,0.09856035799107034,30.161280139942228,26.896839920886674
fresh_nominal,774.0,0.6296178629993765,9.766203008174942,4.043494256148041,0.09852445470682183,30.16460358195976,26.89966789564467
fresh_nominal,775.0,0.6301603261412765,9.762472030820557,4.044056724077144,0.09848849169436813,30.167915447611197,26.902494071249375
fresh_nominal,776.0,0.6307025823279725,9.758752613004093,4.044618021680951,0.09845247610701663,30.171215792644805,26.905318435882627
fresh_nominal,777.0,0.6312446322002879,9.755044705049976,4.0451781650587515,0.09841641479120451,30.174504672839834,26.908140977829824
fresh_nominal,778.0,0.6317864763962772,9.751348257143913,4.045737169954475,0.09838031429583212,30.17778214399529,26.91096168547946
fresh_nominal,779.0,0.6323281155512341,9.747663219349219,4.046295051768884,0.09834418088458785,30.18104826191575,26.913780547322226
fresh_nominal,780.0,0.632869550297666,9.743989541617522,4.0468518255638966,0.09830802054049823,30.1843030824022,26.916597551951885
fresh_nominal,781.0,0.6334107812653209,9.740327173801088,4.047407506073996,0.09827183897746104,30.18754666124146,26.919412688063712
fresh_nominal,782.0,0.6339518090811471,9.7366760656894,4.0479621077273675,0.09823564166120106,30.190779054174143,26.92222594445521
fresh_nominal,783.0,0.6344926343692909,9.733036167025753,4.048515644657005,0.09819943382042896,30.19400031688039,26.92503731002573
fresh_nominal,784.0,0.6350332577510966,9.729407427522755,4.049068130711185,0.09816322045736353,30.197210504966595,26.927846773776118
fresh_nominal,785.0,0.6355736798450948,9.725789796883955,4.049619579467259,0.0981270063614774,30.200409673946726,26.930654324808497
fresh_nominal,786.0,0.6361139012671325,9.722183224656423,4.050170004141423,0.0980907960215672,30.203597879373145,26.933459952324664
fresh_nominal,787.0,0.6366539226301452,9.718587660519814,4.050719417767443,0.09805459380063689,30.206775176581452,26.936263645628138
fresh_nominal,788.0,0.637193744544251,9.715003054179121,4.051267833131129,0.09801840387207607,30.209941620785926,26.93906539412288
fresh_nominal,789.0,0.6377333676167672,9.711429355359169,4.051815262767541,0.09798223021712468,30.21309726708492,26.941865187312835
fresh_nominal,790.0,0.6382727924521853,9.707866513841974,4.052361718984566,0.09794607664809013,30.216242170428437,26.944663014801865
fresh_nominal,791.0,0.6388120196525429,9.704314479201072,4.052907213715577,0.0979099466647116,30.21937638585311,26.947458866284553
fresh_nominal,792.0,0.639351049816753,9.700773201318386,4.053451758810737,0.09787384373864541,30.2224999680265,26.950252731561786
fresh_nominal,793.0,0.6398898835409368,9.697242630147798,4.053995365905904,0.09783777118565079,30.225612971456556,26.953044600532515
fresh_nominal,794.0,0.6404285214184626,9.693722715697257,4.054538046414188,0.09780173215748025,30.228715450507952,26.955834463192375
fresh_nominal,795.0,0.6409669640398965,9.690213408080611,4.055079811556469,0.09776572967177462,30.231807459357032,26.958622309634563
fresh_nominal,796.0,0.6415052119933887,9.686714657159879,4.055620672150436,0.09772976640610193,30.234889052307455,26.96140813004266
fresh_nominal,797.0,0.6420432658639629,9.683226413236882,4.056160639021991,0.09769384509988432,30.237960283181437,26.96419191470275
fresh_nominal,798.0,0.6425811262338804,9.679748626719022,4.056699722807961,0.0976579683617537,30.241021205615056,26.966973653996654
fresh_nominal,799.0,0.6431187936826853,9.676281248088468,4.057237933939017,0.09762213865292159,30.244071873085975,26.969753338400796
fresh_nominal,800.0,0.6436562687871519,9.672824227965348,4.0577752826782385,0.09758635832488531,30.24711233885848,26.972530958486736
fresh_nominal,801.0,0.644193552121625,9.669377516820477,4.05831177895432,0.09755062945656592,30.25014265623667,26.975306504914286
fresh_nominal,802.0,0.6447306442574007,9.665941065533943,4.058847432689676,0.09751495417475732,30.25316287807384,26.978079968443023
fresh_nominal,803.0,0.6452675457630457,9.66251482512612,4.0593822536441655,0.09747933450150802,30.256173057009907,26.980851339925856
fresh_nominal,804.0,0.6458042572044427,9.659098746730432,4.059916251400446,0.0974437723398071,30.259173245495933,26.983620610307696
fresh_nominal,805.0,0.646340779144747,9.655692781645419,4.06044943539565,0.0974082695045075,30.262163495749117,26.98638777062604
fresh_nominal,806.0,0.6468771121446434,9.652296881107805,4.060981814787793,0.09737282759178724,30.26514385995257,26.989152812006076
fresh_nominal,807.0,0.6474132567618864,9.648910996732633,4.061513398718463,0.0973374482357311,30.26811438986964,26.991915725668285
fresh_nominal,808.0,0.6479492135515396,9.645535080304596,4.062044196189997,0.09730213298828173,30.271075137027886,26.99467650292396
fresh_nominal,809.0,0.6484849830660144,9.642169083753794,4.062574216052243,0.09726688330626015,30.274026152741026,26.99743513517413
fresh_nominal,810.0,0.6490205658550404,9.638812959197846,4.0631034670287915,0.09723170057691055,30.27696748807271,27.00019161390973
fresh_nominal,811.0,0.6495559624658946,9.63546665873018,4.0636319575908075,0.09719658599455373,30.279899194022686,27.002945930707703
fresh_nominal,812.0,0.6500911734429993,9.632130134825994,4.064159696202456,0.09716154080028482,30.28282132117168,27.00569807723676
fresh_nominal,813.0,0.6506261993281326,9.628803340151249,4.064686691207051,0.09712656617063584,30.285733919849644,27.008448045253797
fresh_nominal,814.0,0.6511610406604673,9.625486227536195,4.065212950812374,0.09709166320312373,30.28863704015959,27.011195826602908
fresh_nominal,815.0,0.6516956979765465,9.622178750014271,4.065738483115206,0.09705683294010324,30.291530731944263,27.01394141321537
fresh_nominal,816.0,0.6522301718104955,9.618880860619058,4.066263295979683,0.09702207624978872,30.29441504496438,27.01668479710628
fresh_nominal,817.0,0.652764462693658,9.615592512768416,4.066787397270993,0.09698739405446163,30.29729002856327,27.019425970379285
fresh_nominal,818.0,0.6532985711547855,9.612313660084755,4.067310794747657,0.09695278722508177,30.300155731824912,27.0221649252235
fresh_nominal,819.0,0.6538324977200807,9.609044256365825,4.067833496045152,0.09691825656513492,30.303012203600133,27.024901653912554
fresh_nominal,820.0,0.6543662429131735,9.605784255621291,4.068355508699181,0.09688380283322216,30.305859492475367,27.02763614880448
fresh_nominal,821.0,0.6548998072552854,9.602533611912687,4.068876840048829,0.09684942664825402,30.308697646913046,27.030368402339402
fresh_nominal,822.0,0.6554331912649607,9.599292279654101,4.069397497422019,0.09681512867052151,30.311526714989693,27.033098407042292
fresh_nominal,823.0,0.6559663954582087,9.59606021347315,4.069917488051459,0.09678090951938416,30.314346744518076,27.035826155520823
fresh_nominal,824.0,0.6564994203485428,9.592837368185672,4.0704368190603475,0.09674676975911392,30.317157783070027,27.03855164046458
fresh_nominal,825.0,0.657032266446965,9.58962369882467,4.07095549748131,0.09671270991722294,30.31995987795183,27.04127485464476
fresh_nominal,826.0,0.6575649342620704,9.586419160531598,4.0714735301891,0.09667873041846874,30.322753076299666,27.043995790913126
fresh_nominal,827.0,0.6580974242998895,9.58322370876012,4.071990924030141,0.09664483171131065,30.32553742490263,27.046714442202433
fresh_nominal,828.0,0.6586297370639784,9.580037299183546,4.072507685765377,0.09661101421182974,30.328312970284184,27.04943080152541
fresh_nominal,829.0,0.6591618730554478,9.576859887676317,4.073023822059763,0.09657727829324811,30.331079758718925,27.052144861974167
fresh_nominal,830.0,0.6596938327729581,9.57369143033413,4.073539339496174,0.09654362429931022,30.333837836215768,27.05485661671968
fresh_nominal,831.0,0.6602256167127889,9.570531883394318,4.074054244524684,0.09651005249445695,30.336587248587858,27.057566059011535
fresh_nominal,832.0,0.6607572253687467,9.56738120338436,4.074568543560482,0.09647656315937252,30.339328041323984,27.060273182176932
fresh_nominal,833.0,0.6612886592322246,9.564239347055494,4.075082242941756,0.09644315654956621,30.342060259647067,27.062977979620374
fresh_nominal,834.0,0.6618199187922249,9.561106271367965,4.075595348921277,0.09640983288690794,30.344783948527642,27.065680444823148
fresh_nominal,835.0,0.6623510045353614,9.557981933506063,4.0761078676773606,0.09637659237010919,30.347499152671443,27.068380571342743
fresh_nominal,836.0,0.6628819169459145,9.554866290807972,4.076619805268617,0.096343435130217,30.35020591658098,27.071078352812872
fresh_nominal,837.0,0.6634126565057645,9.551759300894966,4.07713116772066,0.0963103613152021,30.352904284443934,27.073773782941974
fresh_nominal,838.0,0.6639432236944407,9.548660921614113,4.077641960989344,0.09627737105374563,30.355594300183615,27.07646685551307
fresh_nominal,839.0,0.66447361898914,9.545571111024083,4.078152190952548,0.09624446444694823,30.358276007471932,27.0791575643834
fresh_nominal,840.0,0.6650038428647338,9.542489827408156,4.078661863420004,0.09621164157769087,30.360949449718724,27.081845903483774
fresh_nominal,841.0,0.6655338957938102,9.539417029212798,4.079170984093108,0.09617890247105268,30.363614670125678,27.084531866818782
fresh_nominal,842.0,0.6660637782466297,9.536352675159351,4.0796795586413435,0.09614624716884149,30.366271711590052,27.08721544846493
fresh_nominal,843.0,0.6665934906911632,9.53329672419485,4.0801875926703595,0.09611367569808323,30.368920616747992,27.0898966425707
fresh_nominal,844.0,0.6671230335931108,9.530249135478439,4.080695091714024,0.09608118806298992,30.371561427986933,27.092575443356193
fresh_nominal,845.0,0.6676524074159084,9.52720986839261,4.081202061243201,0.09604878425327451,30.374194187436476,27.095251845112482
fresh_nominal,846.0,0.6681816126207549,9.524178882496404,4.081708506634074,0.09601646421287095,30.376818937009528,27.097925842202176
fresh_nominal,847.0,0.6687106496665984,9.521156137609301,4.082214433228362,0.09598422789861503,30.379435718330214,27.100597429056915
fresh_nominal,848.0,0.6692395190101593,9.51814159377467,4.082719846308752,0.09595207525592057,30.38204457276621,27.103266600177765
fresh_nominal,849.0,0.6697682211059464,9.515135211248472,4.083224751092264,0.09592000621200328,30.38464554143907,27.105933350134904
fresh_nominal,850.0,0.6702967564062667,9.512136950507697,4.083729152737385,0.09588802068258506,30.38723866521755,27.108597673566923
fresh_nominal,851.0,0.670825125361236,9.509146772217925,4.084233056320723,0.09585611854873771,30.389823984746247,27.11125956518173
fresh_nominal,852.0,0.6713533284187935,9.506164637290599,4.0847364668816395,0.09582429970033743,30.392401540396623,27.113919019753514
fresh_nominal,853.0,0.6718813660247137,9.503190506858132,4.085239389404615,0.09579256401850383,30.394971372289156,27.116576032123348
fresh_nominal,854.0,0.6724092386226174,9.500224342265536,4.0857418288141485,0.09576091137031018,30.397533520301153,27.119230597199007
fresh_nominal,855.0,0.6729369466539847,9.497266105076035,4.0862437899802915,0.09572934161392073,30.400088024062452,27.121882709954193
fresh_nominal,856.0,0.6734644905581553,9.494315757047051,4.086745277700297,0.09569785458030444,30.40263492297673,27.12453236542962
fresh_nominal,857.0,0.6739918707723616,9.491373260171764,4.087246296733815,0.09566645010746574,30.405174256186204,27.12717955872974
fresh_nominal,858.0,0.6745190877317313,9.48843857666102,4.0877468517894044,0.09563512802692584,30.407706062587774,27.1298242850234
fresh_nominal,859.0,0.6750461418692977,9.485511668936589,4.088246947520324,0.09560388815930082,30.410230380839444,27.132466539543774
fresh_nominal,860.0,0.6755730336160132,9.482592499635196,4.088746588529071,0.09557273031845753,30.41274724935738,27.135106317587574
fresh_nominal,861.0,0.6760997634007446,9.47968103158859,4.089245779351613,0.09554165429575193,30.415256706333615,27.137743614516175
fresh_nominal,862.0,0.676626331650315,9.476777227857108,4.089744524487524,0.09551065988930883,30.41775878970768,27.140378425752257
fresh_nominal,863.0,0.6771527387895031,9.473881051714999,4.0902428283887104,0.09547974689265892,30.420253537179796,27.143010746780547
fresh_nominal,864.0,0.6776789852410512,9.47099246664442,4.090740695455565,0.09544891509067495,30.422740986216578,27.14564057314773
fresh_nominal,865.0,0.6782050714256794,9.468111436338502,4.091238130040943,0.0954181642631751,30.42522117404891,27.1482679004617
fresh_nominal,866.0,0.6787309977620781,9.465237924685551,4.091735136436833,0.09538749417153584,30.42769413768611,27.150892724392726
fresh_nominal,867.0,0.6792567646669551,9.462371895794867,4.092231718899791,0.09535690458337692,30.430159913894155,27.153515040670058
fresh_nominal,868.0,0.6797823725550332,9.459513313985392,4.092727881641666,0.09532639526315782,30.43261853920605,27.156134845082644
fresh_nominal,869.0,0.6803078218390558,9.456662143780381,4.093223628826175,0.09529596596851309,30.435070049926864,27.15875213347914
fresh_nominal,870.0,0.6808331129298029,9.453818349909728,4.093718964572338,0.09526561645333449,30.43751448213228,27.16136690176712
fresh_nominal,871.0,0.6813582462360772,9.450981897298782,4.094213892944023,0.09523534645718587,30.43995187167867,27.163979145914336
fresh_nominal,872.0,0.6818832221647606,9.448152751085603,4.094708417970008,0.09520515572474546,30.4423822541888,27.166588861945247
fresh_nominal,873.0,0.6824080411208076,9.445330876612974,4.095202543636937,0.0951750439985751,30.44480566505916,27.16919604594174
fresh_nominal,874.0,0.6829327035072491,9.44251623942444,4.095696273886523,0.09514501101607103,30.4472221394639,27.17180069404322
fresh_nominal,875.0,0.6834572097252107,9.439708805265466,4.096189612618366,0.09511505651194839,30.449631712354254,27.17440280244581
fresh_nominal,876.0,0.683981560173892,9.436908540076507,4.096682563682006,0.09508518021010441,30.452034418465047,27.17700236740363
fresh_nominal,877.0,0.6845057552506312,9.434115410002727,4.097175130892355,0.09505538183853272,30.45443029230678,27.179599385225334
fresh_nominal,878.0,0.6850297953508965,9.431329381388991,4.097667318024518,0.09502566112392712,30.456819368170397,27.182193852274825
fresh_nominal,879.0,0.685553680868287,9.428550420777052,4.0981591288116075,0.09499601778922649,30.45920168013022,27.184785764971362
fresh_nominal,880.0,0.6860774121945512,9.425778494905828,4.098650566947024,0.0949664515555741,30.461577262044127,27.187375119788808
fresh_nominal,881.0,0.6866009897195661,9.423013570707015,4.099141636078132,0.09493696213577377,30.463946147557795,27.18996191325691
fresh_nominal,882.0,0.6871244138314023,9.42025561531018,4.099632339818649,0.09490754924623203,30.466308370100773,27.19254614195782
fresh_nominal,883.0,0.6876476849163167,9.417504596039606,4.100122681744684,0.09487821260274708,30.46866396288968,27.195127802526862
fresh_nominal,884.0,0.6881708033587502,9.414760480412085,4.100612665392925,0.09484895191843763,30.471012958930494,27.197706891652622
fresh_nominal,885.0,0.6886937695413473,9.412023236136758,4.101102294262569,0.0948197669053468,30.47335539101917,27.200283406076228
fresh_nominal,886.0,0.6892165838449138,9.409292831112095,4.10159157180725,0.09479065726616447,30.47569129174466,27.202857342593642
fresh_nominal,887.0,0.6897392466485179,9.406569233428407,4.102080501450176,0.09476162270891916,30.47802069348719,27.20542869805052
fresh_nominal,888.0,0.6902617583294679,9.403852411365623,4.10256908657916,0.0947326629417688,30.48034362842059,27.207997469343567
fresh_nominal,889.0,0.6907841192633037,9.401142333391563,4.103057330544053,0.09470377767017465,30.482660128514226,27.210563653421044
fresh_nominal,890.0,0.6913063298238201,9.398438968161411,4.103545236658972,0.09467496659881193,30.484970225533868,27.21312724728185
fresh_nominal,891.0,0.6918283903830753,9.395742284516697,4.104032808202743,0.09464622943172954,30.487273951042955,27.215688247975073
fresh_nominal,892.0,0.6923503013114035,9.393052251484313,4.104520048419357,0.09461756587250995,30.489571336403884,27.21824665259958
fresh_nominal,893.0,0.692872062977425,9.390368838275558,4.105006960518416,0.09458897562442879,30.491862412779245,27.220802458303616
fresh_nominal,894.0,0.6933936757480575,9.387692014285063,4.1054935476755805,0.09456045839061479,30.494147211133114,27.22335566228437
fresh_nominal,895.0,0.6939151399885255,9.385021749089852,4.1059798130330165,0.09453201387420941,30.496425762232292,27.22590626178759
fresh_nominal,896.0,0.6944364560623296,9.382358012454151,4.106465759698535,0.09450364177718422,30.498698096642606,27.228454254108964
fresh_nominal,897.0,0.6949576243313456,9.379700774316321,4.106951390748731,0.09447534180327236,30.500964244740448,27.230999636589974
fresh_nominal,898.0,0.6954786451557894,9.377050004794054,4.107436709228026,0.09444711365669468,30.503224236708718,27.233542406619392
fresh_nominal,899.0,0.6959995188942156,9.374405674184995,4.107921718148761,0.0944189570419534,30.505478102536735,27.236082561633395
fresh_nominal,900.0,0.6965202459035402,9.37176775296423,4.108406420491954,0.09439087166432311,30.507725872022718,27.23862009911469
fresh_nominal,901.0,0.6970408265390496,9.369136211783271,4.108890819207734,0.09436285723000837,30.509967574775068,27.241155016592103
fresh_nominal,902.0,0.6975612611544124,9.366511021469025,4.109374917215781,0.09433491344630086,30.5122032402136,27.243687311640183
fresh_nominal,903.0,0.6980815501016898,9.363892153022803,4.109858717405752,0.09430704002173712,30.514432897570817,27.246216981878767
fresh_nominal,904.0,0.698601693731346,9.361279577619234,4.110342222637716,0.09427923666625572,30.516656575893137,27.248744024972588
fresh_nominal,905.0,0.6991216923922603,9.358673266605265,4.110825435742586,0.09425150309135484,30.518874304042182,27.25126843863086
fresh_nominal,906.0,0.6996415464310615,9.356073191508015,4.1113083594402315,0.09422383892851896,30.521086110688408,27.253790220640564
fresh_nominal,907.0,0.7001612561935795,9.353479324014724,4.1117909965156585,0.09419624390388885,30.523292024328594,27.25630936879408
fresh_nominal,908.0,0.7006808220240869,9.350891635981798,4.112273349725463,0.09416871774510627,30.52549207327844,27.25882588092729
fresh_nominal,909.0,0.7012002442651217,9.348310099436302,4.11275542177548,0.09414126015886475,30.52768628567169,27.261339754928432
fresh_nominal,910.0,0.7017195232576778,9.345734686572502,4.11323721534305,0.09411387085274753,30.529874689463437,27.26385098872878
fresh_nominal,911.0,0.7022386593412148,9.3431653697508,4.113718733077352,0.09408654953531123,30.532057312431334,27.26635958030228
fresh_nominal,912.0,0.7027576528536683,9.34060212149672,4.114199977599763,0.09405929591616936,30.534234182176863,27.268865527665117
fresh_nominal,913.0,0.7032765041314597,9.338044914499763,4.114680951504188,0.09403210970607634,30.536405326126598,27.27136882887541
fresh_nominal,914.0,0.7037952135095068,9.335493721612416,4.11516165735741,0.09400499061701094,30.53857077153342,27.27386948203276
fresh_nominal,915.0,0.7043137813212336,9.332948515849015,4.115642097699425,0.09397793836226004,30.5407305454778,27.276367485277927
fresh_nominal,916.0,0.7048322078979391,9.330409270448747,4.116122275008267,0.09395095262070327,30.542884674814733,27.278862836821606
fresh_nominal,917.0,0.7053504935701864,9.32787595873689,4.11660219177671,0.09392403311387337,30.545033186291743,27.281355534881296
fresh_nominal,918.0,0.7058686386670802,9.325348554196934,4.117081850472017,0.09389717956512722,30.547176106488052,27.283845577714263
fresh_nominal,919.0,0.7063866435160834,9.322827030488611,4.11756125352561,0.09387039168899047,30.549313461799585,27.286332963625956
fresh_nominal,920.0,0.7069045084432073,9.320311361429049,4.118040403343296,0.09384366920120411,30.551445278455297,27.28881769096146
fresh_nominal,921.0,0.7074222337730204,9.31780152099168,4.118519302305568,0.09381701181878449,30.553571582518416,27.291299758105158
fresh_nominal,922.0,0.7079398198286581,9.315297483305212,4.118997952767909,0.0937904192600837,30.555692399887615,27.29377916348038
fresh_nominal,923.0,0.7084572669318323,9.312799222652563,4.119476357061097,0.09376389124484957,30.557807756298267,27.296255905549003
fresh_nominal,924.0,0.7089745754028419,9.310306713469776,4.119954517491503,0.09373742749428611,30.559917677323618,27.298729982811153
fresh_nominal,925.0,0.7094917455605813,9.30781993034496,4.120432436341395,0.0937110277311135,30.56202218837605,27.30120139380478
fresh_nominal,926.0,0.7100087777216731,9.305338848121181,4.120910115832429,0.09368469164218463,30.564121314620305,27.30367013714458
fresh_nominal,927.0,0.7105256722023598,9.302863441672518,4.1213875582048765,0.09365841895884798,30.566215081163314,27.306136211437465
fresh_nominal,928.0,0.711042429317535,9.300393686018905,4.121864765676834,0.09363220941521141,30.56830351295726,27.308599615326003
fresh_nominal,929.0,0.7115590493804602,9.297929556359486,4.12234174043234,0.09360606273580985,30.57038663477167,27.311060347501055
fresh_nominal,930.0,0.7120755327030307,9.29547102804148,4.122818484632307,0.09357997864649947,30.57246447122007,27.313518406690036
fresh_nominal,931.0,0.7125918795957835,9.2930180765591,4.123295000414796,0.09355395687449644,30.574537046761176,27.315973791656614
fresh_nominal,932.0,0.7131080903679071,9.290570677552573,4.123771289895277,0.09352799714841498,30.576604385700016,27.31842650120034
fresh_nominal,933.0,0.7136241653272501,9.288128806807075,4.1242473551669,0.09350209919830597,30.578666512189116,27.32087653415633
fresh_nominal,934.0,0.7141401047803314,9.285692440251683,4.124723198300748,0.09347626275569534,30.58072345022967,27.323323889394917
fresh_nominal,935.0,0.7146559090323482,9.283261553958354,4.125198821346108,0.09345048755362238,30.58277522367267,27.325768565821313
fresh_nominal,936.0,0.715171578386314,9.280836124263454,4.125674226310032,0.09342477330505969,30.58482185611666,27.328210562412984
fresh_nominal,937.0,0.7156871131449237,9.278416127505801,4.126149415201652,0.09339911974898205,30.586863371129102,27.33064987813901
fresh_nominal,938.0,0.7162025136096251,9.276001540157372,4.126624390010162,0.09337352662713443,30.588899792136274,27.33308651200038
fresh_nominal,939.0,0.7167177800803085,9.273592338867225,4.127099152697506,0.09334799367616459,30.590931142386506,27.335520463043423
fresh_nominal,940.0,0.7172329128555768,9.271188500423625,4.127573705204827,0.09332252063413649,30.5929574449824,27.337951730348124
fresh_nominal,941.0,0.7177479122327557,9.268790001753127,4.128048049452707,0.09329710724055591,30.594978722881876,27.34038031302789
fresh_nominal,942.0,0.7182627785079,9.266396819919546,4.1285221873413995,0.09327175323639629,30.596994998899316,27.342806210229178
fresh_nominal,943.0,0.7187775119758046,9.264008932122948,4.128996120751065,0.09324645836412435,30.599006295706644,27.345229421131208
fresh_nominal,944.0,0.7192921129300117,9.261626315698699,4.129469851542008,0.09322122236772565,30.601012635834422,27.34764994494564
fresh_nominal,945.0,0.7198065816628196,9.2592489481164,4.129943381554903,0.09319604499273056,30.603014041672967,27.350067780916245
fresh_nominal,946.0,0.7203209184644656,9.256876807097422,4.130416712594054,0.09317092596834972,30.60501053537372,27.35248292835378
fresh_nominal,947.0,0.7208351236248801,9.25450987036352,4.130889846463496,0.09314586504531071,30.6070021390611,27.35489538656133
fresh_nominal,948.0,0.7213491974328419,9.252148115758448,4.131362784949638,0.09312086197735256,30.60898887473034,27.357305154870435
fresh_nominal,949.0,0.7218631401756518,9.249791521294481,4.131835529814673,0.09309591651407635,30.61097076420858,27.35971223265486
fresh_nominal,950.0,0.7223769521394003,9.24744006511474,4.132308082802076,0.09307102840651436,30.612947829186847,27.362116619319394
fresh_nominal,951.0,0.7228906336089741,9.245093725492199,4.132780445636801,0.09304619740714527,30.614920091221126,27.36451831429955
fresh_nominal,952.0,0.7234041848680647,9.242752480828736,4.133252620025494,0.09302142326990899,30.616887571733372,27.366917317061283
fresh_nominal,953.0,0.723917606199177,9.240416309654174,4.133724607656704,0.09299670575022194,30.618850292012596,27.36931362710068
fresh_nominal,954.0,0.7244308978836368,9.238085190625338,4.134196410201085,0.09297204460499198,30.620808273215857,27.37170724394368
fresh_nominal,955.0,0.7249440602015997,9.235759102525055,4.1346680293116,0.09294743959263348,30.622761536369342,27.37409816714575
fresh_nominal,956.0,0.7254570934312509,9.233438024377561,4.135139466608368,0.09292289045681447,30.624710102271752,27.37648639632562
fresh_nominal,957.0,0.7259699978505079,9.23112193520359,4.1356107237110775,0.09289839696059422,30.62665399170014,27.378871931093666
fresh_nominal,958.0,0.7264827737362254,9.22881081413501,4.136081802223916,0.0928739588702598,30.62859322531385,27.381254771085448
fresh_nominal,959.0,0.7269954213638504,9.226504640464679,4.136552703729045,0.09284957594823022,30.630527823612898,27.38363491597623
fresh_nominal,960.0,0.7275079410076895,9.224203393608237,4.137023429791727,0.0928252479582841,30.632457806970283,27.38601236546983
fresh_nominal,961.0,0.7280203329409153,9.221907053103186,4.137493981960501,0.09280097466556482,30.634383195632985,27.388387119298336
fresh_nominal,962.0,0.7285325974355761,9.219615598607998,4.137964361767378,0.09277675583658601,30.63630400972291,27.39075917722182
fresh_nominal,963.0,0.7290447347626021,9.21732900990116,4.138434570728009,0.09275259123923663,30.63822026923793,27.39312853902808
fresh_nominal,964.0,0.7295567451918135,9.21504726688028,4.138904610341876,0.09272848064278633,30.64013199405283,27.39549520453236
fresh_nominal,965.0,0.730068628991928,9.212770349561193,4.139374482092466,0.09270442381789076,30.64203920392028,27.397859173577064
fresh_nominal,966.0,0.7305803864297936,9.210498238195559,4.139844187438436,0.0926804205266086,30.64394191837257,27.40022044606358
fresh_nominal,967.0,0.7310920177720095,9.208230913023295,4.140313727832551,0.09265647054319479,30.645840156929193,27.40257902188523
fresh_nominal,968.0,0.7316035232841961,9.205968354384419,4.140783104713262,0.09263257364459306,30.647733939003302,27.404934900957556
fresh_nominal,969.0,0.7321149032306343,9.203710542774367,4.1412523195006194,0.09260872960570854,30.649623283855632,27.407288083233254
fresh_nominal,970.0,0.7326261578745307,9.201457458803782,4.141721373599422,0.0925849382027209,30.651508210628375,27.409638568691246
fresh_nominal,971.0,0.7331372874780244,9.199209083197667,4.142190268399388,0.09256119921308346,30.65338873834607,27.411986357336442
fresh_nominal,972.0,0.7336482923021951,9.196965396794509,4.142659005275309,0.09253751241552247,30.655264885916562,27.41433144919951
fresh_nominal,973.0,0.7341591726070681,9.19472638054543,4.143127585587213,0.09251387759003624,30.65713667213191,27.41667384433656
fresh_nominal,974.0,0.7346699286516247,9.192492015513263,4.143596010680527,0.09249029451789445,30.659004115669315,27.419013542828967
fresh_nominal,975.0,0.7351805606938068,9.19026228287175,4.144064281886233,0.09246676298163733,30.660867235092045,27.421350544783067
fresh_nominal,976.0,0.7356910689898035,9.188037164022328,4.144532400518632,0.09244328276166257,30.662726048752027,27.423684850359134
fresh_nominal,977.0,0.7362014537955481,9.185816640350321,4.145000367880436,0.09241985364326967,30.66458057499378,27.426016459710794
fresh_nominal,978.0,0.7367117153660696,9.183600693331055,4.145468185260746,0.09239647541355579,30.66643083206588,27.428345373011336
fresh_nominal,979.0,0.7372218539551302,9.181389304589086,4.145935853933982,0.09237314785967042,30.668276838071687,27.430671590468407
fresh_nominal,980.0,0.7377318698154794,9.179182455857164,4.146403375160853,0.09234987076998206,30.670118611003822,27.432995112313776
fresh_nominal,981.0,0.7382417631988618,9.176980128975316,4.146870750188499,0.09232664393407526,30.671956168745098,27.43531593880307
fresh_nominal,982.0,0.7387515343560221,9.174782305890112,4.147337980250642,0.09230346714274786,30.67378952906935,27.437634070215545
fresh_nominal,983.0,0.7392611835367136,9.172588968653784,4.147805066567729,0.09228034018800793,30.67561870964231,27.43994950685387
fresh_nominal,984.0,0.7397707109897043,9.170400099423468,4.148272010347076,0.09225726286307108,30.67744372802246,27.442262249043868
fresh_nominal,985.0,0.7402801169627831,9.168215680460316,4.148738812783003,0.0922342349623574,30.679264601661888,27.444572297134275
fresh_nominal,986.0,0.7407894017021028,9.166035694239053,4.1492054750568865,0.09221125628041858,30.681081347815255,27.446879651523055
fresh_nominal,987.0,0.7412985654535479,9.163860123221275,4.149671998337497,0.09218832661412622,30.682893983728864,27.44918431260283
fresh_nominal,988.0,0.7418076084621653,9.16168894995008,4.150138383781039,0.09216544576174272,30.68470252656194,27.451486280783598
fresh_nominal,989.0,0.7423165309718062,9.159522157109807,4.150604632531254,0.09214261352233012,30.686506993337023,27.45378555650708
fresh_nominal,990.0,0.7428253332253679,9.157359727486314,4.151070745719567,0.09211982969612573,30.68830740097326,27.456082140237115
fresh_nominal,991.0,0.7433340154648,9.155201643966137,4.151536724465241,0.0920970940845382,30.690103766287262,27.458376032459437
fresh_nominal,992.0,0.7438425779311109,9.153047889535769,4.152002569875493,0.09207440649014416,30.69189610599385,27.460667233681452
fresh_nominal,993.0,0.7443510208643739,9.15089844728088,4.152468283045634,0.09205176671668469,30.693684436706924,27.462955744432033
fresh_nominal,994.0,0.7448593445037338,9.148753300385533,4.152933865059191,0.09202917456906157,30.695468774940217,27.465241565261273
fresh_nominal,995.0,0.745367549087413,9.146612432131434,4.153399316988042,0.09200662985333401,30.697249137108123,27.467524696740277
fresh_nominal,996.0,0.7458756348517566,9.144475826054638,4.15386463989152,0.09198413237431974,30.69902553939556,27.469805139499115
fresh_nominal,997.0,0.746383602033191,9.1423434656251,4.15432983481861,0.09196168194045484,30.700797998024637,27.47208289414911
fresh_nominal,998.0,0.7468914508674408,9.140215334375046,4.154794902807229,0.09193927836182347,30.70256652914797,27.47435796131392
fresh_nominal,999.0,0.7473991815889695,9.13809141599091,4.155259844883757,0.09191692144874529,30.70433114877242,27.476630341651845
fresh_nominal,1000.0,0.7479067944313367,9.135971694255145,4.155724662063527,0.09189461101264529,30.706091872807672,27.47890003584161
fresh_nominal,1001.0,0.748414289627203,9.133856153045485,4.156189355350944,0.09187234686604889,30.70784871706696,27.481167044582197
fresh_nominal,1002.0,0.748921667408337,9.13174477633432,4.156653925739604,0.09185012882257682,30.709601697267765,27.483431368592676
fresh_nominal,1003.0,0.7494289280056203,9.129637548187969,4.157118374212409,0.09182795669694,30.711350829032565,27.485693008611968
fresh_nominal,1004.0,0.7499360716490534,9.127534452765977,4.15758270174169,0.09180583030493457,30.71309612788955,27.487951965398675
fresh_nominal,1005.0,0.7504430985677613,9.125435474320469,4.158046909289311,0.09178374946343677,30.714837609273346,27.490208239730876
fresh_nominal,1006.0,0.7509500089899995,9.123340597195417,4.158510997806789,0.09176171399039801,30.716575288525725,27.49246183240592
fresh_nominal,1007.0,0.7514568031431604,9.121249805825963,4.158974968235405,0.09173972370483965,30.718309180896355,27.494712744240257
fresh_nominal,1008.0,0.7519634812537771,9.119163084737718,4.159438821506315,0.09171777842684806,30.720039301543494,27.496960976069207
fresh_nominal,1009.0,0.7524700435475312,9.117080418546049,4.159902558540657,0.0916958779775695,30.72176566553474,27.499206528746797
fresh_nominal,1010.0,0.752976490249258,9.115001791955413,4.160366180249664,0.09167402217920519,30.723488287847708,27.501449403145546
fresh_nominal,1011.0,0.7534828215829511,9.11292718975861,4.160829687534767,0.09165221085500605,30.725207183370827,27.50368960015626
fresh_nominal,1012.0,0.75398903777177,9.110856596836095,4.161293081287705,0.09163044382926787,30.72692236690401,27.505927120687872
fresh_nominal,1013.0,0.7544951390380444,9.10878999815531,4.161756362390629,0.09160872092732607,30.728633853159355,27.5081619656672
fresh_nominal,1014.0,0.7550011256032811,9.10672737876988,4.162219531716202,0.09158704197555077,30.730341656761958,27.510394136038784
fresh_nominal,1015.0,0.7555069976881684,9.104668723819016,4.162682590127707,0.0915654068013417,30.732045792250535,27.512623632764683
fresh_nominal,1016.0,0.7560127555071877,9.102614019310021,4.163145538498727,0.09154381524645154,30.733746273430032,27.514850456992537
fresh_nominal,1017.0,0.7565183992784628,9.100563250704123,4.163608377674083,0.09152226713898765,30.735443114542434,27.517074609755014
fresh_nominal,1018.0,0.7570239292211842,9.098516403267784,4.164071108484368,0.09150076230519381,30.737136329975776,27.519296092040314
fresh_nominal,1019.0,0.7575293455516742,9.09647346264963,4.16453373175909,0.09147930057784073,30.738825933786863,27.521514904917343
fresh_nominal,1020.0,0.7580346484853394,9.094434414599492,4.164996248319154,0.0914578817908256,30.74051193993402,27.52373104947581
fresh_nominal,1021.0,0.7585398382539452,9.092399242355812,4.165458658933869,0.09143650575767402,30.742194364436703,27.52594452624521
fresh_nominal,1022.0,0.7590449150731692,9.090367931551834,4.165920964401984,0.09141517231192274,30.74387322131882,27.528155336286193
fresh_nominal,1023.0,0.7595498791512892,9.088340468903551,4.166383165530161,0.09139388129630652,30.745548523694996,27.530363480898387
fresh_nominal,1024.0,0.7600547307022333,9.086316840235725,4.166845263100498,0.0913726325465155,30.747220285402214,27.532568961181358
fresh_nominal,1025.0,0.7605594699391333,9.084297031456929,4.167307257886731,0.09135142589921905,30.748888520193766,27.534771778251507
fresh_nominal,1026.0,0.7610640970743245,9.082281028559741,4.1677691506543235,0.09133026119206589,30.750553241739265,27.53697193324202
fresh_nominal,1027.0,0.7615686123193458,9.080268817620883,4.16823094216058,0.091309138263684,30.752214463624632,27.539169427302948
fresh_nominal,1028.0,0.7620730158849395,9.078260384801357,4.16869263315474,0.09128805695368077,30.753872199352106,27.541364261601128
fresh_nominal,1029.0,0.7625773079810515,9.076255716346616,4.169154224378083,0.09126701710264279,30.755526462340242,27.543556437320227
fresh_nominal,1030.0,0.7630814888168312,9.074254798586724,4.169615716564025,0.09124601855213603,30.7571772659239,27.545745955660724
fresh_nominal,1031.0,0.7635855296980326,9.067131096167877,4.17,0.09122487790568627,30.758823594455155,27.547932717752353
fresh_nominal,1032.0,0.7640883629107534,9.035014296924906,4.17,0.0911956591866799,30.76042653752169,27.55011690282275
fresh_nominal,1033.0,0.7645894370470212,9.003804110301063,4.17,0.09115470900726261,30.76196586432007,27.55229833727349
fresh_nominal,1034.0,0.7650888010641217,8.973441025369524,4.17,0.09110286868012948,30.763443138299692,27.554476940362107
fresh_nominal,1035.0,0.7655865005223244,8.943869882504744,4.17,0.09104091775559364,30.76485982834044,27.556652634243065
fresh_nominal,1036.0,0.7660825779929437,8.9150393327697,4.17,0.09096958171234437,30.76621732124063,27.558825343215624
fresh_nominal,1037.0,0.766577073255932,8.886901587356562,4.17,0.09088953551161547,30.76751692722758,27.560994993610365
fresh_nominal,1038.0,0.7670700235227558,8.859412133556301,4.17,0.09080140762805408,30.768759886106235,27.563161513670547
fresh_nominal,1039.0,0.7675614636313408,8.832529484421093,4.17,0.09070578360385846,30.76994737258098,27.565324833452742
fresh_nominal,1040.0,0.7680514262110602,8.8062149673278,4.17,0.09060320905008022,30.771080500777476,27.567484884730202
fresh_nominal,1041.0,0.7685399418178595,8.780432551579176,4.17,0.09049419209289938,30.772160327966393,27.569641600918793
fresh_nominal,1042.0,0.7690270390699991,8.755148675063973,4.17,0.09037920583359081,30.773187858282398,27.571794917003405
fresh_nominal,1043.0,0.7695127447783933,8.730332077701647,4.17,0.09025869071239626,30.774164046295823,27.57394476946235
fresh_nominal,1044.0,0.7699970840759929,8.705953635878558,4.17,0.09013305685867794,30.775089800514113,27.576091096198116
fresh_nominal,1045.0,0.7704800805479994,8.681986195963946,4.17,0.09000268645420088,30.77596598693158,27.57823383646378
fresh_nominal,1046.0,0.7709617562923277,8.658404497415116,4.17,0.08986793482348074,30.776793430669038,27.580372930824144
fresh_nominal,1047.0,0.7714421320846837,8.635184961409749,4.17,0.08972913343525372,30.777572920461544,27.58250832106748
fresh_nominal,1048.0,0.7719212274320674,8.612305622187968,4.17,0.08958659087659751,30.778305210066307,27.584639950179522
fresh_nominal,1049.0,0.772399060701591,8.589745962920626,4.17,0.08944059518290352,30.778991021797232,27.586767762264074
fresh_nominal,1050.0,0.7728756490987084,8.56748694402292,4.17,0.08929141343394104,30.779631045879384,27.58889170254893
fresh_nominal,1051.0,0.773351008861552,8.545510754010856,4.17,0.08913929529279278,30.780225945730503,27.59101171728671
fresh_nominal,1052.0,0.7738251552061429,8.523800879758818,4.17,0.08898447200639575,30.78077635636387,27.593127753780742
fresh_nominal,1053.0,0.774298102494615,8.502341891687529,4.17,0.08882715945617434,30.781282889023156,27.595239760289044
fresh_nominal,1054.0,0.7747698642388603,8.481119438524821,4.17,0.088667558231955,30.78174613117557,27.597347686025135
fresh_nominal,1055.0,0.775240453197915,8.460120123636406,4.17,0.08850585538741644,30.78216664919712,27.599451481097528
fresh_nominal,1056.0,0.7757098814230148,8.439331447474236,4.17,0.08834222525687127,30.782544989587542,27.601551096481764
fresh_nominal,1057.0,0.7761781603018778,8.418741750267463,4.17,0.08817683026924854,30.782881680060118,27.60364648400084
fresh_nominal,1058.0,0.7766453005901591,8.39834017199858,4.17,0.08800982151583893,30.783177230385878,27.60573759630376
fresh_nominal,1059.0,0.777111312465334,8.378116584094938,4.17,0.08784133971965025,30.78343213387477,27.60782438682989
fresh_nominal,1060.0,0.7775762055423754,8.358061569109706,4.17,0.08767151552364938,30.783646867737122,27.60990680980011
fresh_nominal,1061.0,0.7780399889338783,8.338166344044751,4.17,0.08750047057941863,30.783821894704108,27.611984820181593
fresh_nominal,1062.0,0.7785026712724813,8.318422731792742,4.17,0.0873283179522371,30.783957663606554,27.614058373672272
fresh_nominal,1063.0,0.7789642607694873,8.298823085708673,4.17,0.08715516319262337,30.78405461091978,27.616127426670303
fresh_nominal,1064.0,0.7794247652380117,8.279360260537972,4.17,0.08698110474847243,30.784113161381818,27.618191936255975
fresh_nominal,1065.0,0.7798841920646562,8.260027648957273,4.17,0.08680623344511151,30.78413372722133,27.620251860201787
fresh_nominal,1066.0,0.7803425483127845,8.240819049075888,4.17,0.08663063436780498,30.78411671090263,27.62230715691835
fresh_nominal,1067.0,0.7807998407277704,8.221728657215698,4.17,0.08645438696432414,30.784062505238854,27.624357785451547
fresh_nominal,1068.0,0.7812560757500938,8.20275105212161,4.17,0.08627756526812706,30.783971493747014,27.62640370546753
fresh_nominal,1069.0,0.7817112594851673,8.183881233890713,4.17,0.08610023734454518,30.7838440498393,27.628444877263373
fresh_nominal,1070.0,0.7821653977962095,8.165114504368704,4.17,0.08592246699051545,30.7836805392706,27.630481261720767
fresh_nominal,1071.0,0.7826184962746819,8.146446505186764,4.17,0.08574431319357914,30.783481319343817,27.632512820316993
fresh_nominal,1072.0,0.7830705602819867,8.127873164867085,4.17,0.08556583088278451,30.783246740017344,27.634539515098226
fresh_nominal,1073.0,0.7835215949791664,8.109390660649053,4.17,0.08538707147095285,30.78297714468327,27.63656130866244
fresh_nominal,1074.0,0.7839716053102976,8.090995439671893,4.17,0.08520808255342142,30.78267286971594,27.638578164165057
fresh_nominal,1075.0,0.7844205960131526,8.072684205263286,4.17,0.08502890810264112,30.78233424475199,27.640590045310997
fresh_nominal,1076.0,0.7848685716746344,8.054453846521703,4.17,0.08484958946812204,30.78196159415204,27.64259691632091
fresh_nominal,1077.0,0.7853155367284748,8.03630144125992,4.17,0.0846701653343575,30.781555236934814,27.644598741929514
fresh_nominal,1078.0,0.7857614954234575,8.018224296130951,4.17,0.084490671150788,30.781115485940937,27.646595487401225
fresh_nominal,1079.0,0.7862064518470773,8.000219916639436,4.17,0.08431113955746766,30.78064264845519,27.648587118513838
fresh_nominal,1080.0,0.7866504099968042,7.982285916758634,4.17,0.08413160166856978,30.78013702805647,27.650573601515667
fresh_nominal,1081.0,0.787093373749193,7.964420058024789,4.17,0.08395208651696781,30.779598923814138,27.652554903140288
fresh_nominal,1082.0,0.7875353468093987,7.946620313340371,4.17,0.08377262014796881,30.77902862900028,27.65453099063294
fresh_nominal,1083.0,0.7879763327873878,7.928884770430517,4.17,0.08359322699025615,30.77842643305078,27.656501831704347
fresh_nominal,1084.0,0.7884163352048508,7.911211623009516,4.17,0.08341392998121937,30.777792621738378,27.65846739452448
fresh_nominal,1085.0,0.7888553574733039,7.893599198436315,4.17,0.08323475017404391,30.777127476623363,27.660427647732213
fresh_nominal,1086.0,0.7892934029130574,7.876045933724785,4.17,0.0830557070782128,30.776431275544947,27.662382560421502
fresh_nominal,1087.0,0.7897304747668432,7.858550358138583,4.17,0.08287681890664357,30.775704292967305,27.664332102131564
fresh_nominal,1088.0,0.7901665762077899,7.841111083176695,4.17,0.08269810271767844,30.774946800175474,27.666276242839295
fresh_nominal,1089.0,0.7906017103358494,7.8237268069665005,4.17,0.08251957435263362,30.774159065212196,27.66821495295867
fresh_nominal,1090.0,0.7910358801612087,7.80639633533617,4.17,0.08234124813629291,30.77334135247724,27.670148203347075
fresh_nominal,1091.0,0.7914690886463385,7.789118528485612,4.17,0.08216313763423547,30.7724939237566,27.67207596527916
fresh_nominal,1092.0,0.7919013387018996,7.771892306230551,4.17,0.08198525557815883,30.771617038107777,27.673998210446225
fresh_nominal,1093.0,0.7923326331662468,7.754716673833756,4.17,0.0818076134989498,30.770710951427098,27.675914910965208
fresh_nominal,1094.0,0.7927629748044924,7.737590723176725,4.17,0.08163022170990397,30.769775916443468,27.67782603937663
fresh_nominal,1095.0,0.7931923663564722,7.720513572140772,4.17,0.08145309016745894,30.76881218379522,27.67973156861413
fresh_nominal,1096.0,0.7936208105315555,7.7034843711599486,4.17,0.08127622837801379,30.76782000192131,27.681631472004653
fresh_nominal,1097.0,0.7940483099578585,7.686502367261273,4.17,0.08109964448843321,30.76679961601917,27.683525723296043
fresh_nominal,1098.0,0.7944748672098909,7.6695668691411,4.17,0.0809233457818718,30.76575126865808,27.685414296638175
fresh_nominal,1099.0,0.7949004848753755,7.652677163009743,4.17,0.08074733987256694,30.764675201099987,27.68729716653907
fresh_nominal,1100.0,0.7953251655115825,7.635832567563385,4.17,0.08057163392520353,30.763571652460246,27.68917430788909
fresh_nominal,1101.0,0.7957489115818452,7.619032513894542,4.17,0.08039623352016861,30.762440858529512,27.69104569599816
fresh_nominal,1102.0,0.7961717255386833,7.602276440807357,4.17,0.08022114413985001,30.761283053382005,27.69291130654131
fresh_nominal,1103.0,0.796593609818767,7.585563801229706,4.17,0.08004637107742943,30.76009846924999,27.694771115559327
fresh_nominal,1104.0,0.7970145668127036,7.568894100147663,4.17,0.07987191889822523,30.75888733602178,27.696625099474996
fresh_nominal,1105.0,0.7974345988846094,7.552266869960923,4.17,0.07969779178951113,30.757649881628545,27.698473235078048
fresh_nominal,1106.0,0.7978537083763846,7.535681665147476,4.17,0.079523993636131,30.756386332109006,27.700315499520148
fresh_nominal,1107.0,0.7982718976204418,7.519138046339758,4.17,0.0793505282464198,30.755096911803815,27.702151870303858
fresh_nominal,1108.0,0.7986891689219819,7.502635602442934,4.17,0.07917739903820183,30.753781843153757,27.703982325291754
fresh_nominal,1109.0,0.7991055245454664,7.486173967603903,4.17,0.07900460879779189,30.752441346516274,27.705806842713002
fresh_nominal,1110.0,0.7995209667521604,7.469752774227655,4.17,0.07883216034680077,30.751075640687258,27.707625401135406
fresh_nominal,1111.0,0.79993549779681,7.453371657267957,4.17,0.07866005648103806,30.74968494279181,27.70943797946403
fresh_nominal,1111.1558003864864,0.8,7.450823058985616,4.17,0.0786332738202769,30.749466035266074,27.709719840091
high_resistance_stale,0.0,0.2,10.0,3.490395619705062,0.0,25.0,25.0
high_resistance_stale,1.0,0.20055555555555554,10.0,3.4983014822381815,0.007345897742909034,25.01518237705187,25.000010388655845
high_resistance_stale,2.0,0.20111111111111113,10.0,3.505907601226208,0.014392002923753753,25.030717607435626,25.000041850570366
high_resistance_stale,3.0,0.2016666666666667,10.0,3.513226215426607,0.021150553757874366,25.046588386658293,25.000094811211696
high_resistance_stale,4.0,0.20222222222222225,10.0,3.5202690616689387,0.027633286526772608,25.062778132769395,25.000169671700572
high_resistance_stale,5.0,0.20277777777777783,10.0,3.527047394593102,0.033851455316292724,25.079270957882883,25.000266809803275
high_resistance_stale,6.0,0.20333333333333342,10.0,3.5335720116841363,0.039815857051358275,25.09605163208457,25.000386581176045
high_resistance_stale,7.0,0.20388888888888895,10.0,3.5398532700864034,0.045536848310089265,25.11310555917421,25.0005293202103
high_resistance_stale,8.0,0.2044444444444445,10.0,3.54590110376475,0.051024362484897584,25.13041875190943,25.00069534089383
high_resistance_stale,9.0,0.20500000000000007,10.0,3.5517250416796315,0.05628792795754942,25.14797780579074,25.000884937720866
high_resistance_stale,10.0,0.20555555555555563,10.0,3.5573342246208752,0.06133668493285598,25.165769874783738,25.00109838653362
high_resistance_stale,11.0,0.20611111111111116,10.0,3.5627374200218656,0.06617940025279478,25.1837826499525,25.00133594526366
high_resistance_stale,12.0,0.20666666666666672,10.0,3.5679430363117732,0.07082448174866986,25.202004338756016,25.00159785465193
high_resistance_stale,13.0,0.20722222222222228,10.0,3.5729591384777297,0.07527999380321562,25.220423642600117,25.00188433902907
high_resistance_stale,14.0,0.20777777777777784,10.0,3.577793463946964,0.07955367323266704,25.239029733933183,25.002195607108735
high_resistance_stale,15.0,0.2083333333333334,10.0,3.5824534358866034,0.08365294258648712,25.25781223706959,25.00253185265001
high_resistance_stale,16.0,0.20888888888888893,10.0,3.5869461733472487,0.08758492029087389,25.276761213560427,25.00289325496458
high_resistance_stale,17.0,0.2094444444444445,10.0,3.59127850202195,0.09135643140766295,25.295867146669377,25.003279979458693
high_resistance_stale,18.0,0.21000000000000005,10.0,3.5954569689240996,0.09497402231214598,25.315120920198826,25.003692178369832
high_resistance_stale,19.0,0.2105555555555556,10.0,3.5994878578461384,0.0984439761517094,25.334513796202202,25.00412999153563
high_resistance_stale,20.0,0.21111111111111117,10.0,3.6033771975253446,0.10177232101154371,25.354037403221138,25.00459354679451
high_resistance_stale,21.0,0.2116666666666667,10.0,3.607130768206942,0.10496483647767911,25.37368372681695,25.005082960315498
high_resistance_stale,22.0,0.21222222222222226,10.0,3.61075411080263,0.10802706279544283,25.39344509634384,25.005598337066157
high_resistance_stale,23.0,0.21277777777777782,10.0,3.614252542079117,0.11096431605791023,25.41331416304143,25.00613977157318
high_resistance_stale,24.0,0.21333333333333337,10.0,3.617631166061714,0.11378169960942772,25.433283883607285,25.00670734848217
high_resistance_stale,25.0,0.21388888888888893,10.0,3.620894876341353,0.1164841063525499,25.453347516892013,25.007301142660694
high_resistance_stale,26.0,0.21444444444444447,10.0,3.624048363161024,0.11907622583439964,25.47349861366412,25.00792121956088
high_resistance_stale,27.0,0.21500000000000002,10.0,3.6270961258346484,0.12156255666546212,25.49373099867725,25.008567635852394
high_resistance_stale,28.0,0.21555555555555558,10.0,3.6300424842257986,0.12394741799822255,25.514038754120786,25.009240439993384
high_resistance_stale,29.0,0.21611111111111111,10.0,3.632891582872408,0.12623495365179793,25.534416213707175,25.00993967241693
high_resistance_stale,30.0,0.21666666666666667,10.0,3.6356473938878024,0.12842913501288555,25.554857958485755,25.010665365677372
high_resistance_stale,31.0,0.2172222222222222,10.0,3.638313726385346,0.13053377046032694,25.575358803227733,25.011417544933963
high_resistance_stale,32.0,0.21777777777777776,10.0,3.6408942350344438,0.13255251392102696,25.595913784094243,25.0121962283744
high_resistance_stale,33.0,0.2183333333333333,10.0,3.643392426435477,0.1344888712448053,25.616518149454826,25.013001427526763
high_resistance_stale,34.0,0.21888888888888886,10.0,3.6458116639837614,0.13634620506826903,25.637167352878947,25.01383314749919
high_resistance_stale,35.0,0.2194444444444444,10.0,3.6481551733057045,0.13812774025088595,25.657857045294936,25.01469138725219
high_resistance_stale,36.0,0.21999999999999995,10.0,3.650426048311919,0.13983656992800925,25.678583066260472,25.015576139901125
high_resistance_stale,37.0,0.2205555555555555,10.0,3.6526272568946734,0.14147566120824287,25.69934143575019,25.016487392998567
high_resistance_stale,38.0,0.22111111111111106,10.0,3.6547616456386294,0.14304785988408913,25.720128347367332,25.017425128766817
high_resistance_stale,39.0,0.22166666666666662,10.0,3.656831944975218,0.14455589558623594,25.74094016091468,25.01838932435307
high_resistance_stale,40.0,0.22222222222222218,10.0,3.658840775059409,0.1460023876602381,25.76177339391798,25.019379952123828
high_resistance_stale,41.0,0.2227777777777777,10.0,3.6607906485290145,0.1473898479257271,25.782624717655835,25.020396979797702
high_resistance_stale,42.0,0.22333333333333327,10.0,3.6626839747686146,0.14872068494024637,25.803490951012073,25.021440370657665
high_resistance_stale,43.0,0.22388888888888883,10.0,3.6645230659035475,0.14999720999315033,25.824369051833884,25.02251008384916
high_resistance_stale,44.0,0.2244444444444444,10.0,3.6663101394688704,0.15122163977446887,25.84525611308819,25.02360607451059
high_resistance_stale,45.0,0.22499999999999992,10.0,3.6680473217846243,0.15239609975008064,25.866149357998623,25.0247282939394
high_resistance_stale,46.0,0.22555555555555548,10.0,3.6697366530947555,0.15352262930053726,25.8870461326368,25.0258766898476
high_resistance_stale,47.0,0.22611111111111104,10.0,3.6713800905949374,0.15460318474878804,25.907943901560774,25.027051206510293
high_resistance_stale,48.0,0.2266666666666666,10.0,3.6729795110249195,0.1556396419524356,25.928840244081176,25.028251784892642
high_resistance_stale,49.0,0.22722222222222213,10.0,3.6745367151021497,0.15663380073725555,25.949732847870603,25.029478362869646
high_resistance_stale,50.0,0.2277777777777777,10.0,3.6760534301414745,0.15758738751680157,25.970619505190218,25.030730875354468
high_resistance_stale,51.0,0.22833333333333325,10.0,3.6775313125979396,0.1585020578351041,25.991498109227564,25.032009254422878
high_resistance_stale,52.0,0.2288888888888888,10.0,3.678971951723982,0.1593794000237599,26.01236664882618,25.033313429493884
high_resistance_stale,53.0,0.22944444444444437,10.0,3.6803768718617573,0.16022093749416072,26.033223205184388,25.034643327441763
high_resistance_stale,54.0,0.2299999999999999,10.0,3.6817475350454805,0.1610281313397297,26.05406594810714,25.035998872723468
high_resistance_stale,55.0,0.23055555555555546,10.0,3.683085343869829,0.16180238320422158,26.074893131873676,25.037379987519607
high_resistance_stale,56.0,0.23111111111111102,10.0,3.6843916436267987,0.16254503741847054,26.09570309216056,25.038786591838708
high_resistance_stale,57.0,0.23166666666666658,10.0,3.6856677248452536,0.16325738353983896,26.116494242384,25.040218603641513
high_resistance_stale,58.0,0.2322222222222221,10.0,3.6869148253825688,0.1639406584437501,26.13726507068813,25.041675938942944
high_resistance_stale,59.0,0.23277777777777767,10.0,3.688134132594109,0.16459604849306034,26.15801413682093,25.04315851191801
high_resistance_stale,60.0,0.23333333333333323,10.0,3.6893267855847482,0.16522469178946905,26.178740068892058,25.044666235011668
high_resistance_stale,61.0,0.23388888888888879,10.0,3.690493876855855,0.16582767982039645,26.199441561002505,25.046199019018502
high_resistance_stale,62.0,0.23444444444444432,10.0,3.6916364544060793,0.1664060595596552,26.220117370219732,25.047756773185153
high_resistance_stale,63.0,0.23499999999999988,10.0,3.6927555236381133,0.16696083537410406,26.240766313832637,25.04933940530292
high_resistance_stale,64.0,0.23555555555555543,10.0,3.6938520488016566,0.167492970466498,26.261387267275712,25.0509468217772
high_resistance_stale,65.0,0.236111111111111,10.0,3.6949269549684765,0.16800338885043364,26.281979161285356,25.052578927723584
high_resistance_stale,66.0,0.23666666666666655,10.0,3.6959811295016243,0.16849297681945372,26.302540979786123,25.0542356270386
high_resistance_stale,67.0,0.2372222222222221,10.0,3.697015423515101,0.16896258440659292,26.323071757790647,25.055916822469936
high_resistance_stale,68.0,0.23777777777777764,10.0,3.6980306535786123,0.16941302708901695,26.343570578946004,25.05762241569903
high_resistance_stale,69.0,0.2383333333333332,10.0,3.699027602909183,0.16984508697952178,26.364036573820268,25.059352307397837
high_resistance_stale,70.0,0.23888888888888876,10.0,3.7000070227921094,0.17025951424736296,26.384468917858303,25.06110639729724
high_resistance_stale,71.0,0.23944444444444432,10.0,3.7009696340173095,0.1706570285544873,26.404866829315296,25.062884584256047
high_resistance_stale,72.0,0.23999999999999988,10.0,3.7019161279032557,0.17103832007934391,26.42522956778514,25.06468676630952
high_resistance_stale,73.0,0.24055555555555544,10.0,3.7028471676818326,0.17140405090161845,26.44555643220831,25.06651284073583
high_resistance_stale,74.0,0.241111111111111,10.0,3.7037633895694437,0.1717548560732183,26.465846759332173,25.068362704106903
high_resistance_stale,75.0,0.24166666666666653,10.0,3.704665403825276,0.17209134467641107,26.486099922189908,25.070236252338578
high_resistance_stale,76.0,0.2422222222222221,10.0,3.705553795951803,0.17241410102420118,26.506315328374164,25.072133380747893
high_resistance_stale,77.0,0.24277777777777765,10.0,3.7064291275567345,0.17272368552215517,26.5264924187992,25.074053984093446
high_resistance_stale,78.0,0.2433333333333332,10.0,3.7072919373734607,0.17302063568871326,26.54663066623416,25.07599795662367
high_resistance_stale,79.0,0.24388888888888877,10.0,3.7081427422955264,0.17330546718954007,26.56672957381639,25.07796519212582
high_resistance_stale,80.0,0.24444444444444433,10.0,3.708982038095453,0.17357867455621068,26.58678867401978,25.079955583959187
high_resistance_stale,81.0,0.24499999999999988,10.0,3.709810300426862,0.1738407321882087,26.60680752721466,25.081969025102456
high_resistance_stale,82.0,0.24555555555555542,10.0,3.710627985596034,0.17409209512434398,26.62678572056014,25.084005408189544
high_resistance_stale,83.0,0.24611111111111098,10.0,3.7114355313084952,0.17433319978921463,26.646722866932485,25.086064625544225
high_resistance_stale,84.0,0.24666666666666653,10.0,3.712233357536043,0.17456446486009095,26.666618603679844,25.088146569220743
high_resistance_stale,85.0,0.2472222222222221,10.0,3.7130218671376105,0.1747862918876476,26.68647259173185,25.090251131032126
high_resistance_stale,86.0,0.24777777777777765,10.0,3.7138014465828175,0.17499906601937462,26.70628451456126,25.092378202583653
high_resistance_stale,87.0,0.2483333333333332,10.0,3.714572466697807,0.17520315674527803,26.726054077113417,25.094527675307415
high_resistance_stale,88.0,0.24888888888888877,10.0,3.7153352831820796,0.1753989184145702,26.74578100506588,25.096699440485487
high_resistance_stale,89.0,0.2494444444444443,10.0,3.7160902373202767,0.1755866909473172,26.76546504380705,25.098893389282775
high_resistance_stale,90.0,0.24999999999999986,10.0,3.716837656542289,0.17576680039440284,26.785105957633366,25.101109412772328
high_resistance_stale,91.0,0.2505555555555554,10.0,3.717577854953914,0.1759395594680432,26.804703528989112,25.103347401959205
high_resistance_stale,92.0,0.25111111111111095,10.0,3.7183111339580224,0.17610526816280533,26.824257557575596,25.105607247808816
high_resistance_stale,93.0,0.25166666666666654,10.0,3.719037782702026,0.17626421420293506,26.843767859710848,25.10788884126661
high_resistance_stale,94.0,0.25222222222222207,10.0,3.719758078594335,0.1764166735586636,26.863234267589817,25.110192073281276
high_resistance_stale,95.0,0.25277777777777766,10.0,3.720472287839259,0.17656291098096052,26.88265662851799,25.112516834828735
high_resistance_stale,96.0,0.2533333333333332,10.0,3.7211806658084114,0.17670318037278937,26.902034804380712,25.114863016928137
high_resistance_stale,97.0,0.2538888888888888,10.0,3.72188345754794,0.17683772529618869,26.921368670916713,25.117230510664513
high_resistance_stale,98.0,0.2544444444444443,10.0,3.7225808981846074,0.17696677937819788,26.94065811713743,25.119619207206423
high_resistance_stale,99.0,0.25499999999999984,10.0,3.723273213301812,0.17709056668672693,26.95990304478967,25.122028997822177
high_resistance_stale,100.0,0.2555555555555554,10.0,3.7239606193858314,0.17720930217664504,26.979103367717034,25.12445977389946
high_resistance_stale,101.0,0.25611111111111096,10.0,3.724643324148367,0.177323192012169,26.99825901139969,25.126911426958845
high_resistance_stale,102.0,0.25666666666666654,10.0,3.7253215268942435,0.1774324339344059,27.01736991242901,25.129383848669594
high_resistance_stale,103.0,0.2572222222222221,10.0,3.725995418905725,0.17753721764551136,27.036436017958295,25.131876930866213
high_resistance_stale,104.0,0.25777777777777766,10.0,3.726665183709572,0.17763772507558787,27.05545728532245,25.13439056555925
high_resistance_stale,105.0,0.2583333333333332,10.0,3.7273309974086466,0.17773413071412641,27.074433681564706,25.136924644949268
high_resistance_stale,106.0,0.2588888888888887,10.0,3.7279930289830254,0.17782660191095992,27.09336518300723,25.13947906143934
high_resistance_stale,107.0,0.2594444444444443,10.0,3.728651440633504,0.17791529921960417,27.112251774760654,25.14205370764959
high_resistance_stale,108.0,0.25999999999999984,10.0,3.729306388018262,0.17800037663375678,27.131093450387574,25.1446484764265
high_resistance_stale,109.0,0.26055555555555543,10.0,3.7299580205872416,0.1780819819215104,27.149890211425245,25.14726326085703
high_resistance_stale,110.0,0.26111111111111096,10.0,3.7306064819371865,0.17816025698022758,27.168642066878515,25.14989795428375
high_resistance_stale,111.0,0.26166666666666655,10.0,3.7312519095976597,0.1782353376223835,27.187349033532715,25.152552450291886
high_resistance_stale,112.0,0.2622222222222221,10.0,3.731894435787018,0.1783073543313777,27.206011134868824,25.155226642744264
high_resistance_stale,113.0,0.26277777777777767,10.0,3.7325341876667464,0.17837643251569207,27.224628400701526,25.157920425791456
high_resistance_stale,114.0,0.26333333333333325,10.0,3.7331712865270834,0.17844269169434832,27.243200868357114,25.160633693829308
high_resistance_stale,115.0,0.2638888888888888,10.0,3.7338058493545847,0.1785062470642938,27.261728580419376,25.163366341573795
high_resistance_stale,116.0,0.26444444444444437,10.0,3.7344379884460825,0.1785672091141892,27.280211585290317,25.166118264039632
high_resistance_stale,117.0,0.2649999999999999,10.0,3.735067810999762,0.1786256832153059,27.298649937783487,25.168889356518033
high_resistance_stale,118.0,0.2655555555555555,10.0,3.7356954204268984,0.17868177093308973,27.3170436972391,25.17167951463857
high_resistance_stale,119.0,0.266111111111111,10.0,3.736320915873827,0.1787355695489463,27.335392928216795,25.174488634343554
high_resistance_stale,120.0,0.2666666666666666,10.0,3.7369443924838466,0.17878717232196914,27.35369770012243,25.177316611898803
high_resistance_stale,121.0,0.26722222222222214,10.0,3.737565941774079,0.17883666886561655,27.371958086670404,25.180163343909395
high_resistance_stale,122.0,0.2677777777777777,10.0,3.7381856516616647,0.1788841451737231,27.390174165849757,25.18302872731894
high_resistance_stale,123.0,0.26833333333333326,10.0,3.7388036064952503,0.17892968365180462,27.408346019883176,25.185912659408924
high_resistance_stale,124.0,0.26888888888888884,10.0,3.7394198876575,0.1789733637193825,27.426473734363814,25.188815037825698
high_resistance_stale,125.0,0.2694444444444444,10.0,3.740034573164136,0.17901526140884003,27.4445573988371,25.19173576055868
high_resistance_stale,126.0,0.26999999999999996,10.0,3.74064773754707,0.17905544924836508,27.462597106973572,25.194674725932277
high_resistance_stale,127.0,0.2705555555555555,10.0,3.741259453089491,0.17909399749684635,27.480592954794005,25.19763183266424
high_resistance_stale,128.0,0.2711111111111111,10.0,3.7418697887334043,0.17913097305122472,27.49854504224752,25.200606979809784
high_resistance_stale,129.0,0.2716666666666666,10.0,3.7424788103733917,0.1791664397400616,27.51645347279279,25.203600066773742
high_resistance_stale,130.0,0.2722222222222222,10.0,3.7430865817265824,0.17920045919331293,27.534318352149466,25.206610993350832
high_resistance_stale,131.0,0.27277777777777773,10.0,3.7436931637801494,0.17923309028963624,27.552139789097566,25.20963965969674
high_resistance_stale,132.0,0.2733333333333333,10.0,3.74429861507415,0.17926438943903344,27.569917895074916,25.212685966339485
high_resistance_stale,133.0,0.27388888888888885,10.0,3.744902991809237,0.17929441069036423,27.58765278402682,25.215749814182185
high_resistance_stale,134.0,0.27444444444444444,10.0,3.7455063484590014,0.17932320634349003,27.60534457152655,25.218831104531787
high_resistance_stale,135.0,0.27499999999999997,10.0,3.7461087373671003,0.17935082654620538,27.622993375361467,25.221929739076288
high_resistance_stale,136.0,0.27555555555555555,10.0,3.746710208938175,0.17937731948495345,27.640599315262147,25.22504561989197
high_resistance_stale,137.0,0.2761111111111111,10.0,3.7473108114301414,0.17940273117691286,27.6581625132059,25.22817864943097
high_resistance_stale,138.0,0.2766666666666666,10.0,3.7479105908370176,0.1794271053526255,27.675683093590223,25.23132873051314
high_resistance_stale,139.0,0.2772222222222222,10.0,3.7485095922527254,0.17945048481959225,27.6931611812715,25.234495766391237
high_resistance_stale,140.0,0.27777777777777773,10.0,3.749107858789079,0.17947291038005217,27.710596903128717,25.237679660695274
high_resistance_stale,141.0,0.27833333333333327,10.0,3.7497054313978766,0.17949442065287385,27.727990388322386,25.240880317422427
high_resistance_stale,142.0,0.27888888888888885,10.0,3.750302350081689,0.17951505328413073,27.745341766557644,25.24409764099261
high_resistance_stale,143.0,0.2794444444444444,10.0,3.750898653119628,0.17953484417266205,27.76265116920151,25.2473315362096
high_resistance_stale,144.0,0.2799999999999999,10.0,3.7514943769998697,0.17955382740238598,27.77991872938323,25.250581908256095
high_resistance_stale,145.0,0.2805555555555555,10.0,3.752089557140924,0.17957203596335497,27.797144580962808,25.253848662725126
high_resistance_stale,146.0,0.28111111111111103,10.0,3.7526842275289365,0.1795895013888487,27.81432885905538,25.257131705601363
high_resistance_stale,147.0,0.28166666666666657,10.0,3.753278421050878,0.17960625408834502,27.83147169955539,25.260430943275367
high_resistance_stale,148.0,0.28222222222222215,10.0,3.7538721692364705,0.1796223230892346,27.848573239513787,25.26374628252805
high_resistance_stale,149.0,0.2827777777777777,10.0,3.7544655025198472,0.17963773629826238,27.86563361676433,25.26707763054192
high_resistance_stale,150.0,0.2833333333333332,10.0,3.7550584501073305,0.179652520369086,27.882652970117608,25.270424894892777
high_resistance_stale,151.0,0.2838888888888888,10.0,3.755651040333662,0.17966670105829216,27.89963143885378,25.27378798356413
high_resistance_stale,152.0,0.28444444444444433,10.0,3.7562433004730735,0.17968030303624344,27.916569162997597,25.277166804936478
high_resistance_stale,153.0,0.28499999999999986,10.0,3.7568352566529697,0.17969334980054355,27.933466283446446,25.280561267781206
high_resistance_stale,154.0,0.28555555555555545,10.0,3.757426934307391,0.17970586412927422,27.950322941322803,25.283971281279893
high_resistance_stale,155.0,0.286111111111111,10.0,3.758018357899759,0.17971786780351987,27.967139278376504,25.287396755009254
high_resistance_stale,156.0,0.2866666666666665,10.0,3.758609550863611,0.17972938154787998,27.983915437073705,25.290837598936434
high_resistance_stale,157.0,0.2872222222222221,10.0,3.7592005360192475,0.1797404254468871,28.000651560002545,25.294293723436414
high_resistance_stale,158.0,0.28777777777777763,10.0,3.759791335325492,0.1797510186965458,28.017347790233377,25.297765039278485
high_resistance_stale,159.0,0.28833333333333316,10.0,3.7603819699013683,0.17976117962577515,28.034004271291227,25.301251457625522
high_resistance_stale,160.0,0.28888888888888875,10.0,3.760972460244535,0.17977092591462468,28.050621146846836,25.30475289004166
high_resistance_stale,161.0,0.2894444444444443,10.0,3.761562826123375,0.17978027448612693,28.06719856087477,25.308269248485768
high_resistance_stale,162.0,0.2899999999999998,10.0,3.762153086602152,0.17978924153122888,28.08373665762077,25.311800445310805
high_resistance_stale,163.0,0.2905555555555554,10.0,3.762743260171754,0.1797978426393012,28.100235581419152,25.315346393267287
high_resistance_stale,164.0,0.29111111111111093,10.0,3.7633333646960923,0.17980609274430864,28.116695476772566,25.318907005499447
high_resistance_stale,165.0,0.29166666666666646,10.0,3.7639234174199303,0.17981400613240398,28.133116488344374,25.32248219554369
high_resistance_stale,166.0,0.29222222222222205,10.0,3.764513435101908,0.17982159657471886,28.14949876077261,25.32607187733232
high_resistance_stale,167.0,0.2927777777777776,10.0,3.7651034339451597,0.17982887725774965,28.165842438772447,25.329675965188837
high_resistance_stale,168.0,0.2933333333333331,10.0,3.765693429592409,0.1798358607782145,28.182147667146957,25.333294373825865
high_resistance_stale,169.0,0.2938888888888887,10.0,3.766283437287796,0.1798425593046463,28.19841459055947,25.33692701835028
high_resistance_stale,170.0,0.29444444444444423,10.0,3.7668734717769503,0.1798489844772293,28.214643353680017,25.34057381425704
high_resistance_stale,171.0,0.29499999999999976,10.0,3.7674635473092595,0.1798551474098293,28.230834101185724,25.344234677427508
high_resistance_stale,172.0,0.29555555555555535,10.0,3.7680536777909017,0.1798610588427882,28.246986977545806,25.347909524134142
high_resistance_stale,173.0,0.2961111111111109,10.0,3.76864387668822,0.1798667290460622,28.26310212716313,25.35159827103455
high_resistance_stale,174.0,0.2966666666666664,10.0,3.7692341570403567,0.17987216783161328,28.27917969435978,25.355300835170315
high_resistance_stale,175.0,0.297222222222222,10.0,3.769824531576865,0.1798773846707844,28.295219823212886,25.35901713396995
high_resistance_stale,176.0,0.29777777777777753,10.0,3.770415012646678,0.17988238862302605,28.311222657659386,25.36274708524432
high_resistance_stale,177.0,0.29833333333333306,10.0,3.7710056122346263,0.179887188352174,28.327188341475892,25.366490607185597
high_resistance_stale,178.0,0.29888888888888865,10.0,3.7715963420468563,0.1798917922116256,28.34311701816088,25.370247618368687
high_resistance_stale,179.0,0.2994444444444442,10.0,3.7721872134612706,0.17989620819453941,28.359008831008442,25.37401803774778
high_resistance_stale,180.0,0.2999999999999997,10.0,3.7727782375422585,0.17990044394832408,28.37486392309075,25.377801784655105
high_resistance_stale,181.0,0.3005555555555553,10.0,3.7733694251117997,0.17990450684549658,28.390682437160773,25.381598778801877
high_resistance_stale,182.0,0.30111111111111083,10.0,3.773960786705981,0.17990840393996035,28.406464515717197,25.38540894027498
high_resistance_stale,183.0,0.30166666666666636,10.0,3.774552332588252,0.17991214198001432,28.422210300989107,25.3892321895358
high_resistance_stale,184.0,0.30222222222222195,10.0,3.7751440728161296,0.17991572747481632,28.437919934844835,25.393068447420912
high_resistance_stale,185.0,0.3027777777777775,10.0,3.7757360171966052,0.1799191666495459,28.45359355885854,25.39691763513878
high_resistance_stale,186.0,0.303333333333333,10.0,3.7763281753001654,0.1799224654591828,28.46923131429371,25.400779674268616
high_resistance_stale,187.0,0.3038888888888886,10.0,3.776920556521888,0.1799256296493575,28.48483334202006,25.40465448676082
high_resistance_stale,188.0,0.30444444444444413,10.0,3.777513170038627,0.17992866471329227,28.500399782577464,25.408541994933856
high_resistance_stale,189.0,0.30499999999999966,10.0,3.778106024824353,0.17993157590690068,28.51593077615758,25.412442121473063
high_resistance_stale,190.0,0.30555555555555525,10.0,3.7786991297014936,0.17993436829988194,28.531426462534718,25.416354789430798
high_resistance_stale,191.0,0.3061111111111108,10.0,3.779292493304609,0.1799370467391542,28.54688698112034,25.420279922223536
high_resistance_stale,192.0,0.3066666666666663,10.0,3.779886124095944,0.17993961586416068,28.562312470944452,25.42421744363077
high_resistance_stale,193.0,0.3072222222222219,10.0,3.7804800304064976,0.17994208014770058,28.57770307060108,25.42816727779466
high_resistance_stale,194.0,0.30777777777777743,10.0,3.7810742204067793,0.1799444438664385,28.593058918292616,25.43212934921753
high_resistance_stale,195.0,0.30833333333333296,10.0,3.781668702121677,0.179946711115533,28.608380151812163,25.43610358276072
high_resistance_stale,196.0,0.30888888888888855,10.0,3.782263483463951,0.17994888584188629,28.6236669084998,25.44008990364389
high_resistance_stale,197.0,0.3094444444444441,10.0,3.782858572203235,0.17995097181290423,28.638919325289162,25.444088237442674
high_resistance_stale,198.0,0.3099999999999996,10.0,3.7834539759801276,0.17995297263034724,28.65413753869086,25.448098510087448
high_resistance_stale,199.0,0.31055555555555514,10.0,3.784049702345,0.17995489176889698,28.66932168474152,25.452120647862703
high_resistance_stale,200.0,0.3111111111111107,10.0,3.784645758736808,0.17995673255473016,28.684471899036513,25.456154577404966
high_resistance_stale,201.0,0.31166666666666626,10.0,3.785242152498115,0.17995849818029944,28.699588316712134,25.460200225701648
high_resistance_stale,202.0,0.31222222222222185,10.0,3.785838890882457,0.17996019171146335,28.714671072438485,25.46425752008957
high_resistance_stale,203.0,0.3127777777777774,10.0,3.7864359810563744,0.1799618160892776,28.729720300419636,25.468326388253633
high_resistance_stale,204.0,0.3133333333333329,10.0,3.787033430112222,0.17996337414257238,28.744736134379075,25.472406758225404
high_resistance_stale,205.0,0.3138888888888885,10.0,3.787631245079392,0.17996486859893734,28.75971870754732,25.476498558381778
high_resistance_stale,206.0,0.314444444444444,10.0,3.7882294329243114,0.17996630208448405,28.774668152664844,25.480601717443555
high_resistance_stale,207.0,0.3149999999999996,10.0,3.7888280005602093,0.17996767713338288,28.789584601971665,25.48471616447405
high_resistance_stale,208.0,0.31555555555555515,10.0,3.789426954794506,0.1799689961350176,28.804468187283526,25.488841828876506
high_resistance_stale,209.0,0.3161111111111107,10.0,3.7900263021509715,0.17997026115591686,28.819319040241922,25.492978640388888
high_resistance_stale,210.0,0.31666666666666626,10.0,3.790626049469525,0.17997147453932014,28.8341372914843,25.497126529094647
high_resistance_stale,211.0,0.3172222222222218,10.0,3.79122620340261,0.17997263840132946,28.848923071346494,25.501285425410867
high_resistance_stale,212.0,0.3177777777777774,10.0,3.7918267705619098,0.17997375477739522,28.86367650966209,25.50545526008973
high_resistance_stale,213.0,0.3183333333333329,10.0,3.7924277575235936,0.17997482562734174,28.87839773575821,25.509635964217114
high_resistance_stale,214.0,0.31888888888888844,10.0,3.793029170723617,0.179975852730443,28.89308687860116,25.513827469210455
high_resistance_stale,215.0,0.31944444444444403,10.0,3.7936310166789378,0.1799768379064195,28.9077440664979,25.51802970681866
high_resistance_stale,216.0,0.31999999999999956,10.0,3.79423330186562,0.17997778289332161,28.922369427265124,25.522242609119907
high_resistance_stale,217.0,0.32055555555555515,10.0,3.794836032724853,0.1799786893533348,28.936963088223955,25.526466108520225
high_resistance_stale,218.0,0.3211111111111107,10.0,3.7954392156805783,0.17997955889019035,28.951525176178897,25.530700137752106
high_resistance_stale,219.0,0.3216666666666662,10.0,3.7960428570451565,0.17998039295462204,28.966055817548998,25.53494462987269
high_resistance_stale,220.0,0.3222222222222218,10.0,3.7966469630933366,0.17998119291812398,28.980555138270187,25.539199518262595
high_resistance_stale,221.0,0.32277777777777733,10.0,3.7972515402332863,0.17998196024377572,28.995023263565685,25.543464736625264
high_resistance_stale,222.0,0.32333333333333286,10.0,3.797856594792137,0.17998269627158245,29.00946031824043,25.54774021898451
high_resistance_stale,223.0,0.32388888888888845,10.0,3.7984621330897577,0.17998340229204626,29.023866426583755,25.55202589968345
high_resistance_stale,224.0,0.324444444444444,10.0,3.7990681614304544,0.17998407953766843,29.03824171238305,25.556321713383216
high_resistance_stale,225.0,0.3249999999999995,10.0,3.799674686011771,0.1799847290915541,29.05258629904714,25.56062759506311
high_resistance_stale,226.0,0.3255555555555551,10.0,3.800281713177692,0.17998535214042197,29.066900309274278,25.564943480015057
high_resistance_stale,227.0,0.32611111111111063,10.0,3.800889249217221,0.17998594977299184,29.0811838653212,25.569269303845534
high_resistance_stale,228.0,0.3266666666666662,10.0,3.8014973004231725,0.17998652303859414,29.095437088928147,25.573605002473236
high_resistance_stale,229.0,0.32722222222222175,10.0,3.802105873095246,0.17998707295005845,29.109660101317512,25.57795051212765
high_resistance_stale,230.0,0.3277777777777773,10.0,3.8027149734467236,0.1799876003902342,29.123853023319477,25.58230576934944
high_resistance_stale,231.0,0.32833333333333287,10.0,3.803324607777017,0.1799881062843578,29.13801597514749,25.586670710985846
high_resistance_stale,232.0,0.3288888888888884,10.0,3.8039347824083176,0.17998859153653962,29.152149076484374,25.591045274190456
high_resistance_stale,233.0,0.329444444444444,10.0,3.804545503653878,0.17998905699786924,29.16625244652684,25.5954293964225
high_resistance_stale,234.0,0.3299999999999995,10.0,3.805156777841342,0.17998950348959059,29.18032620395745,25.599823015444994
high_resistance_stale,235.0,0.33055555555555505,10.0,3.8057686112793117,0.17998993176950168,29.194370466990602,25.60422606932445
high_resistance_stale,236.0,0.33111111111111063,10.0,3.8063810102596647,0.17999034253412588,29.20838535337214,25.608638496429467
high_resistance_stale,237.0,0.33166666666666617,10.0,3.806993981176474,0.17999073653747594,29.222370980227904,25.613060235425714
high_resistance_stale,238.0,0.33222222222222175,10.0,3.8076075304053747,0.17999111447027774,29.236327464222665,25.617491225278336
high_resistance_stale,239.0,0.3327777777777773,10.0,3.808221664342511,0.17999147699877818,29.25025492151228,25.621931405249384
high_resistance_stale,240.0,0.3333333333333328,10.0,3.8088363894044037,0.1799918247644774,29.264153467746436,25.626380714896502
high_resistance_stale,241.0,0.3338888888888884,10.0,3.809451711940452,0.17999215829649792,29.278023218182366,25.630839094075572
high_resistance_stale,242.0,0.33444444444444393,10.0,3.8100676384406458,0.17999247821917666,29.291864287423486,25.63530648293007
high_resistance_stale,243.0,0.3349999999999995,10.0,3.8106841753755107,0.179992785091889,29.305676789625313,25.639782821896922
high_resistance_stale,244.0,0.33555555555555505,10.0,3.811301329240775,0.17999307945360382,29.31946083844122,25.644268051703193
high_resistance_stale,245.0,0.3361111111111106,10.0,3.811919106558917,0.17999336182432102,29.33321654702303,25.648762113364715
high_resistance_stale,246.0,0.33666666666666617,10.0,3.8125375138393673,0.17999363266517626,29.346944028071814,25.653264948187783
high_resistance_stale,247.0,0.3372222222222217,10.0,3.8131565576416033,0.1799938924414386,29.36064339376363,25.657776497763173
high_resistance_stale,248.0,0.33777777777777723,10.0,3.8137762445730794,0.17999414162035213,29.37431475575443,25.66229670396502
high_resistance_stale,249.0,0.3383333333333328,10.0,3.814396581256389,0.17999438063821782,29.38795822522244,25.666825508952023
high_resistance_stale,250.0,0.33888888888888835,10.0,3.8150175743445938,0.17999460991564814,29.401573912851887,25.67136285516499
high_resistance_stale,251.0,0.33944444444444394,10.0,3.8156392305100675,0.17999482984633908,29.415161928848153,25.67590868532692
high_resistance_stale,252.0,0.33999999999999947,10.0,3.816261556431685,0.17999504078420336,29.42872238295483,25.680462942443135
high_resistance_stale,253.0,0.34055555555555506,10.0,3.8168845588672404,0.17999524311573328,29.442255384372732,25.685025569792028
high_resistance_stale,254.0,0.3411111111111106,10.0,3.8175082445880113,0.17999543719451908,29.45576104183742,25.689596510931104
high_resistance_stale,255.0,0.3416666666666662,10.0,3.818132620398871,0.1799956233613239,29.469239463598395,25.69417570969352
high_resistance_stale,256.0,0.3422222222222217,10.0,3.8187576931392444,0.17999580194501025,29.482690757420208,25.69876311018675
high_resistance_stale,257.0,0.34277777777777724,10.0,3.819383469645452,0.1799959732248597,29.49611503062566,25.70335865679688
high_resistance_stale,258.0,0.3433333333333328,10.0,3.820009956833697,0.17999613751355087,29.509512390007725,25.707962294175292
high_resistance_stale,259.0,0.34388888888888836,10.0,3.8206371616426873,0.17999629509977522,29.522882941894178,25.712573967245845
high_resistance_stale,260.0,0.34444444444444394,10.0,3.8212650910454258,0.17999644626003064,29.536226792136876,25.717193621201933
high_resistance_stale,261.0,0.3449999999999995,10.0,3.82189375205171,0.17999659126113715,29.54954404611127,25.72182120150495
high_resistance_stale,262.0,0.34555555555555506,10.0,3.822523151691073,0.1799967303431958,29.562834808736156,25.726456653886046
high_resistance_stale,263.0,0.3461111111111106,10.0,3.8231532970336604,0.17999686374050544,29.576099184454176,25.731099924341315
high_resistance_stale,264.0,0.3466666666666661,10.0,3.823784195203529,0.17999699169489677,29.589337277220114,25.735750959128314
high_resistance_stale,265.0,0.3472222222222217,10.0,3.824415853353524,0.1799971144306658,29.602549190529036,25.740409704769196
high_resistance_stale,266.0,0.34777777777777724,10.0,3.825048278674815,0.17999723216417032,29.615735027408462,25.745076108047915
high_resistance_stale,267.0,0.34833333333333283,10.0,3.825681478392729,0.17999734509973617,29.62889489042444,25.749750116009917
high_resistance_stale,268.0,0.34888888888888836,10.0,3.8263154597519433,0.17999745341493553,29.642028881697804,25.754431675964142
high_resistance_stale,269.0,0.34944444444444395,10.0,3.8269502300662634,0.1799975573104568,29.655137102858212,25.759120735471186
high_resistance_stale,270.0,0.3499999999999995,10.0,3.827585796676514,0.17999765696810352,29.668219655086748,25.763817242351134
high_resistance_stale,271.0,0.35055555555555507,10.0,3.8282221669627434,0.179997752563117,29.681276639106134,25.768521144679774
high_resistance_stale,272.0,0.3511111111111106,10.0,3.828859348344573,0.17999784426465026,29.694308155182323,25.773232390787342
high_resistance_stale,273.0,0.35166666666666613,10.0,3.8294973482628656,0.17999793221758464,29.70731430314198,25.777950929262484
high_resistance_stale,274.0,0.3522222222222217,10.0,3.8301361742164666,0.17999801657941877,29.7202951823433,25.782676708940794
high_resistance_stale,275.0,0.35277777777777725,10.0,3.8307758337415865,0.17999809749981974,29.733250891695366,25.78740967890942
high_resistance_stale,276.0,0.35333333333333283,10.0,3.831416334411669,0.17999817512067004,29.74618152966011,25.792149788505927
high_resistance_stale,277.0,0.35388888888888836,10.0,3.83205768383994,0.1799982495788069,29.759087194252075,25.79689698731642
high_resistance_stale,278.0,0.35444444444444395,10.0,3.8326998896725137,0.17999832099933544,29.771967983044892,25.8016512251769
high_resistance_stale,279.0,0.3549999999999995,10.0,3.833342959593078,0.17999838950053193,29.784823993169933,25.806412452170417
high_resistance_stale,280.0,0.35555555555555507,10.0,3.8339869013357926,0.17999845520697527,29.79765532130946,25.811180618621012
high_resistance_stale,281.0,0.3561111111111106,10.0,3.8346317226691173,0.17999851823362278,29.810462063709316,25.815955675098618
high_resistance_stale,282.0,0.35666666666666613,10.0,3.8352774314010314,0.17999857869128855,29.823244316177227,25.820737572415883
high_resistance_stale,283.0,0.3572222222222217,10.0,3.835924035377885,0.17999863668577545,29.83600217408514,25.82552626162757
high_resistance_stale,284.0,0.35777777777777725,10.0,3.8365715424740907,0.17999869230785437,29.8487357323761,25.8303216940342
high_resistance_stale,285.0,0.35833333333333284,10.0,3.837219960618862,0.17999874566031135,29.861445085552802,25.835123821168203
high_resistance_stale,286.0,0.35888888888888837,10.0,3.8378692977743203,0.17999879683637465,29.874130327690214,25.83993259480307
high_resistance_stale,287.0,0.35944444444444396,10.0,3.8385195619413284,0.17999884592588997,29.88679155243439,25.84474796694938
high_resistance_stale,288.0,0.3599999999999995,10.0,3.8391707611593824,0.17999889301556393,29.89942885300432,25.8495698898536
high_resistance_stale,289.0,0.3605555555555551,10.0,3.839822903499026,0.17999893818175144,29.91204232217548,25.854398316012535
high_resistance_stale,290.0,0.3611111111111106,10.0,3.8404759970700666,0.1799989814990569,29.92463205227417,25.859233198170042
high_resistance_stale,291.0,0.3616666666666662,10.0,3.8411300500222554,0.1799990230414245,29.93719813523986,25.86407448928194
high_resistance_stale,292.0,0.3622222222222217,10.0,3.841785070574436,0.17999906291170395,29.9497406639575,25.868922141764344
high_resistance_stale,293.0,0.3627776320542925,9.99152233314634,3.8422100482353145,0.17999715165608773,29.96224915755627,25.873776123907568
high_resistance_stale,294.0,0.36333233581075464,9.977823788516174,3.842484942410998,0.1799859710734033,29.97468329296912,25.878636310776255
high_resistance_stale,295.0,0.36388628039911325,9.964193035547208,3.8427521736578574,0.1799652061411949,29.98703896137966,25.883502598986155
high_resistance_stale,296.0,0.36443946961832563,9.950630275761174,3.8430122003146825,0.17993530112690753,29.99931623250478,25.88837486622495
high_resistance_stale,297.0,0.3649919072463781,9.937135683290064,3.8432654585796255,0.17989667891882216,30.01151520054015,25.893252991568943
high_resistance_stale,298.0,0.36554359707130396,9.92370940552071,3.843512367124415,0.1798497455864536,30.023635983399085,25.898136854468383
high_resistance_stale,299.0,0.36609454289111387,9.910351563696818,3.8437533275664486,0.17979489083671316,30.03567872199691,25.90302633474924
high_resistance_stale,300.0,0.36664474851182544,9.897062252569448,3.843988724041324,0.17973248759847335,30.047643580398407,25.907921312694338
high_resistance_stale,301.0,0.36719421774298283,9.883841544670021,3.844218925684852,0.17966289439483576,30.059530741811585,25.91282166909791
high_resistance_stale,302.0,0.36774295439748034,9.870689489662764,3.8444442862045545,0.17958645493263742,30.07134040903005,25.91772728529792
high_resistance_stale,303.0,0.3682909622902313,9.857606115811985,3.8446651448039395,0.17950349898902446,30.083072802977554,25.922638043190247
high_resistance_stale,304.0,0.36883824523700354,9.844591430960328,3.8448818267619407,0.1794143429662082,30.094728161702843,25.927553825253415
high_resistance_stale,305.0,0.3693848070535835,9.831645423279443,3.8450946439039306,0.17931929034357125,30.106306739586746,25.932474514564795
high_resistance_stale,306.0,0.3699306515544525,9.818768062268877,3.8453038951783953,0.17921863222932943,30.117808806334942,25.93739999482707
high_resistance_stale,307.0,0.3704757825522415,9.805959299209675,3.845509866959509,0.17911264765189644,30.1292346464656,25.94233015037875
high_resistance_stale,308.0,0.371020203856271,9.793219068739512,3.8457128339737525,0.17900160444613286,30.14058455780349,25.947264866217854
high_resistance_stale,309.0,0.3715639192717179,9.780547289262014,3.845913059525219,0.17888575946901925,30.151858851023157,25.95220402802264
high_resistance_stale,310.0,0.3721069325988424,9.767943863495814,3.84611079584908,0.1787653589396596,30.163057849072473,25.957147522162074
high_resistance_stale,311.0,0.37264924763212315,9.755408679066761,3.8463062844615385,0.17864063877473788,30.174181886563133,25.96209523571206
high_resistance_stale,312.0,0.37319086815892877,9.742941610166577,3.846499757102447,0.17851182548841765,30.185231308222033,25.967047056481036
high_resistance_stale,313.0,0.37373179796009964,9.730542516976461,3.8466914355433657,0.1783791360157294,30.196206469332427,25.972002872986288
high_resistance_stale,314.0,0.3742720408072961,9.718211247590238,3.8468815325190366,0.1782427785958319,30.207107733964115,25.976962574518897
high_resistance_stale,315.0,0.37481160046416334,9.705947637362499,3.847070251543933,0.1781029526052405,30.217935475489877,25.981926051105035
high_resistance_stale,316.0,0.37535048068476073,9.693751510212241,3.8472577875980907,0.17795984921089097,30.228690075375358,25.986893193539295
high_resistance_stale,317.0,0.3758886852126497,9.681622679428425,3.847444327580482,0.177813651803405,30.239371922417142,25.991863893401028
high_resistance_stale,318.0,0.3764262177815523,9.669560947131444,3.847630050118548,0.17766453582089278,30.24998141316866,25.996838043032003
high_resistance_stale,319.0,0.3769630821130686,9.65756610634693,3.8478151266338116,0.17751266976193222,30.260518950069955,26.001815535586083
high_resistance_stale,320.0,0.3774992819177214,9.645637940006322,3.847999720909978,0.1773582147799331,30.270984942286844,26.006796264997437
high_resistance_stale,321.0,0.3780348208933263,9.633776222529283,3.8481839899256487,0.17720132547571216,30.281379804283155,26.011780126014482
high_resistance_stale,322.0,0.37856970272492857,9.621980719869596,3.848368083927589,0.17704214997019357,30.29170395574808,26.016767014195082
high_resistance_stale,323.0,0.3791039310847167,9.61025118959258,3.8485521465195256,0.176880829991826,30.301957821497016,26.021756825902358
high_resistance_stale,324.0,0.37963750963052995,9.598587382313797,3.848736315413965,0.17671750159202307,30.312141830185745,26.02674945833545
high_resistance_stale,325.0,0.3801704420069758,9.5869890407111,3.8489207220026027,0.17655229474149048,30.322256415149333,26.03174480949583
high_resistance_stale,326.0,0.3807027318434224,9.575455901363044,3.849105492292618,0.17638533422002134,30.332302012775074,26.036742778230206
high_resistance_stale,327.0,0.3812343827547549,9.563987694139815,3.849290746659112,0.17621673938509255,30.342279063015557,26.041743264206303
high_resistance_stale,328.0,0.3817653983408438,9.552584142731611,3.8494766001458802,0.1760466244597012,30.352188008910574,26.046746167919764
high_resistance_stale,329.0,0.38229578218560184,9.54124496553913,3.8496631629388833,0.17587509898364911,30.36202929579883,26.051751390710745
high_resistance_stale,330.0,0.38282553785773793,9.529969875059438,3.849850540106869,0.1757022675704929,30.371803371839075,26.05675883474074
high_resistance_stale,331.0,0.3833546689092912,9.518758579272806,3.850038832319261,0.17552823059052983,30.38151068679638,26.061768403020878
high_resistance_stale,332.0,0.38388317887628304,9.507610781102056,3.8502281356151244,0.17535308395425656,30.39115169250327,26.06677999939154
high_resistance_stale,333.0,0.38441107127804897,9.496526179086612,3.850418541770387,0.17517691946295805,30.40072684226921,26.071793528532172
high_resistance_stale,334.0,0.384938349616869,9.485504467788385,3.8506101385308416,0.17499982503195133,30.410236590525752,26.076808895964295
high_resistance_stale,335.0,0.3854650173783183,9.474545337529266,3.8508030095138195,0.17482188459965878,30.419681393050112,26.081826008038245
high_resistance_stale,336.0,0.38599107803021737,9.463648475423827,3.8509972347493795,0.17464317864299414,30.429061706073103,26.086844771951434
high_resistance_stale,337.0,0.38651653502329586,9.452813564848,3.851192890446948,0.17446378395828352,30.43837798673753,26.09186509572834
high_resistance_stale,338.0,0.38704139179037744,9.442040286249213,3.8513900494245705,0.17428377407045778,30.447630692402132,26.096886888233282
high_resistance_stale,339.0,0.387565651746444,9.43132831716719,3.851588781146192,0.1741032192704856,30.456820280627287,26.101910059163878
high_resistance_stale,340.0,0.38808931828871246,9.42067733224561,3.851789151754059,0.17392218664815667,30.465947209168807,26.106934519044334
high_resistance_stale,341.0,0.3886123947959098,9.410087003963113,3.851991224456912,0.17374074046229,30.475011935356566,26.11196017923585
high_resistance_stale,342.0,0.38913488462889656,9.399557002154703,3.852195059314992,0.17355894193867533,30.484014916511114,26.116986951918577
high_resistance_stale,343.0,0.3896567911297937,9.389086994883696,3.8524007136996463,0.17337684970809736,30.492956609204814,26.122014750104793
high_resistance_stale,344.0,0.39017811762237237,9.378676648173204,3.8526082421800134,0.17319451970061253,30.501837469500483,26.127043487625997
high_resistance_stale,345.0,0.3906988674118729,9.368325626255663,3.8528176966696064,0.17301200528648208,30.510657952747337,26.132073079131747
high_resistance_stale,346.0,0.39121904378462785,9.358033592002247,3.8530291266627854,0.17282935750239928,30.519418513225343,26.137103440092428
high_resistance_stale,347.0,0.39173865000848457,9.34780020662737,3.8532425791047284,0.17264662492976587,30.52811960440806,26.14213448678605
high_resistance_stale,348.0,0.39225768933215543,9.337625130366908,3.853458098753322,0.17246385403999676,30.536761678397294,26.14716613630626
high_resistance_stale,349.0,0.3927761649856154,9.327508022209201,3.8536757280605434,0.17228108908353956,30.54534518616468,26.15219830654989
high_resistance_stale,350.0,0.39329408017984413,9.31744854021964,3.8538955073547503,0.17209837226463812,30.55387057728904,26.15723091621713
high_resistance_stale,351.0,0.393811438106699,9.307446341747294,3.8541174749621567,0.17191574385830408,30.562338299795222,26.162263884809338
high_resistance_stale,352.0,0.3943282419391752,9.297501083285093,3.8543416671515174,0.17173324215935737,30.570748800286935,26.16729713261949
high_resistance_stale,353.0,0.3948444948309469,9.287612420976247,3.854568118408609,0.17155090374476062,30.579102523533077,26.172330580735938
high_resistance_stale,354.0,0.3953601999167566,9.277780010359024,3.854796861319662,0.17136876336436904,30.587399912699208,26.177364151030844
high_resistance_stale,355.0,0.3958753603120978,9.268003506747707,3.8550279267819727,0.17118685414261683,30.595641409041463,26.182397766161127
high_resistance_stale,356.0,0.39638997911330176,9.258282565251639,3.855261344026975,0.17100520760191515,30.60382745190716,26.18743134956241
high_resistance_stale,357.0,0.39690405939764234,9.248616840775396,3.8554971406334633,0.1708238536766904,30.61195847875117,26.19246482544268
high_resistance_stale,358.0,0.39741760422305694,9.239005988370117,3.8557353427227876,0.17064282090043362,30.620034924857322,26.197498118782374
high_resistance_stale,359.0,0.397930616628509,9.22944966300171,3.855975974849788,0.17046213630338597,30.628057223550805,26.202531155323946
high_resistance_stale,360.0,0.3984430996336352,9.219947519969303,3.8562190602336743,0.17028182563357463,30.636025805864175,26.20756386157294
high_resistance_stale,361.0,0.39895505623899774,9.21049921477501,3.8564646207006508,0.17010191330361085,30.64394110066495,26.21259616478954
high_resistance_stale,362.0,0.3994664894260667,9.201104403238661,3.856712676755283,0.16992242245997466,30.651803534577372,26.2176279929843
high_resistance_stale,363.0,0.39997740215709987,9.191762741706455,3.856963247701078,0.16974337509913207,30.65961353182623,26.22265927491543
high_resistance_stale,364.0,0.4004877973754132,9.182473886904203,3.857216351572652,0.1695647920043139,30.667371514378292,26.22768994008039
high_resistance_stale,365.0,0.4009976780051362,9.173237496260509,3.8574720053176805,0.16938669292008193,30.67507790169092,26.23271991871475
high_resistance_stale,366.0,0.40150704695146266,9.164053227778126,3.85773022473734,0.16920909649693577,30.68273311083861,26.237749141784317
high_resistance_stale,367.0,0.40201590710059726,9.154920740182925,3.85799102457548,0.16903202037756385,30.690337556407663,26.24277754098126
high_resistance_stale,368.0,0.4025242613197571,9.14583969302347,3.8582544185809304,0.16885548125749333,30.697891650432563,26.247805048719545
high_resistance_stale,369.0,0.40303211245735826,9.136809746600719,3.8585204194778924,0.16867949485817058,30.70539580247373,26.252831598128207
high_resistance_stale,370.0,0.4035394633428669,9.127830562205741,3.85878903910351,0.16850407605936332,30.712850419439217,26.257857123048403
high_resistance_stale,371.0,0.404046316787042,9.118901801998234,3.8590602883492733,0.16832923884456494,30.72025590570515,26.26288155802624
high_resistance_stale,372.0,0.4045526755818556,9.110023129180671,3.8593341772645107,0.16815499640095136,30.727612662990598,26.267904838308922
high_resistance_stale,373.0,0.4050585425005928,9.101194208008556,3.859610715069334,0.16798136113297163,30.734921090368704,26.272926899839185
high_resistance_stale,374.0,0.4055639202979667,9.092414703784932,3.8598899101589343,0.16780834466770583,30.742181584290705,26.277947679249586
high_resistance_stale,375.0,0.40606881171005194,9.083684283024372,3.860171770201977,0.16763595794998765,30.749394538469815,26.28296711385833
high_resistance_stale,376.0,0.4065732194545139,9.075002613341724,3.860456302084972,0.16746421119054286,30.75656034399277,26.28798514166285
high_resistance_stale,377.0,0.40707714623051355,9.066369363643242,3.860743512026823,0.16729311397658314,30.763679389181423,26.29300170133563
high_resistance_stale,378.0,0.40758059471888214,9.057784204065484,3.8610334055505846,0.16712267524605526,30.77075205966281,26.298016732218294
high_resistance_stale,379.0,0.40808356758217845,9.049246806023714,3.861325987517382,0.16695290332125653,30.77777873834862,26.303030174316476
high_resistance_stale,380.0,0.40858606746469744,9.040756842307145,3.8616212621872066,0.16678380596813794,30.784759805376204,26.30804196829488
high_resistance_stale,381.0,0.40908809699265314,9.0323139870077,3.8619192331836616,0.16661539036380507,30.791695638186592,26.313052055471594
high_resistance_stale,382.0,0.4095896587741354,9.02391791566571,3.86221990358474,0.1664476631845156,30.79858661142397,26.3180603778132
high_resistance_stale,383.0,0.410090755399301,9.015568305188173,3.8625232758802506,0.16628063056613945,30.805433097022114,26.323066877929428
high_resistance_stale,384.0,0.41059138944040874,9.007264833919873,3.8628293520196486,0.16611429815112008,30.81223546416502,26.32807149906792
high_resistance_stale,385.0,0.41109156345186215,8.999007181706524,3.8631381334550987,0.1659486711308607,30.818994079254292,26.333074185108977
high_resistance_stale,386.0,0.4115912799703266,8.99079502988518,3.8634496211413745,0.16578375424682518,30.825709305935998,26.33807488056034
high_resistance_stale,387.0,0.412090541514795,8.982628061324277,3.8637638155653056,0.16561955181990776,30.832381505086804,26.34307353055196
high_resistance_stale,388.0,0.41258935058666707,8.974505960451765,3.8640807167645934,0.16545606776947533,30.839011034809804,26.348070080831235
high_resistance_stale,389.0,0.41308770966982433,8.966428413285794,3.864400324357576,0.16529330564330152,30.84559825042824,26.353064477757
high_resistance_stale,390.0,0.4135856212307079,8.958395107462888,3.864722637562849,0.1651312686374141,30.852143504481138,26.358056668294694
high_resistance_stale,391.0,0.41408308771839664,8.950405732266786,3.8650476552218285,0.16496995961887193,30.85864714671845,26.363046600011153
high_resistance_stale,392.0,0.41458011156496616,8.942459978372003,3.865375375649228,0.1648093809837511,30.865109524327952,26.36803422107054
high_resistance_stale,393.0,0.4150766951855022,8.934557537935977,3.865705796695055,0.16464953471773405,30.871530981877793,26.373019480228866
high_resistance_stale,394.0,0.4155728409775783,8.926698105234456,3.8660389161350586,0.16449042277123296,30.877911860818344,26.378002326826188
high_resistance_stale,395.0,0.4160685513219837,8.918881376032077,3.866374731294966,0.16433204670068977,30.88425250001219,26.382982710784162
high_resistance_stale,396.0,0.41656382858273727,8.911107047666867,3.8667132391027086,0.1641744077195858,30.890553235682813,26.387960582601803
high_resistance_stale,397.0,0.41705867510725986,8.903374818974777,3.8670544360452497,0.1640175066581506,30.896814401492993,26.39293589335157
high_resistance_stale,398.0,0.4175530932259823,8.895684390825423,3.86739831851949,0.1638613443014493,30.903036328128405,26.397908594667083
high_resistance_stale,399.0,0.41804708525286666,8.888035465671013,3.8677448825465355,0.16370592111616905,30.909219343680647,26.402878638744394
high_resistance_stale,400.0,0.4185406534854113,8.880427747644593,3.8680941238369035,0.16355123731424293,30.91536377358473,26.40784597833668
high_resistance_stale,401.0,0.41903380020482695,8.872860942462898,3.8684460377241146,0.16339729278988643,30.92146994071438,26.41281056675309
high_resistance_stale,402.0,0.41952652767586646,8.865334757777388,3.8688006194258096,0.16324408737255613,30.927538165115642,26.417772357841564
high_resistance_stale,403.0,0.42001883814713037,8.857848902909224,3.8691578638547157,0.1630916206456953,30.93356876423772,26.422731305993675
high_resistance_stale,404.0,0.4205107338511186,8.850403088910387,3.8695177656674034,0.1629398919948323,30.93956205290025,26.427687366137956
high_resistance_stale,405.0,0.42100221700443247,8.842997028420156,3.869880319159777,0.16278890050770614,30.945518343425103,26.432640493741438
high_resistance_stale,406.0,0.4214932898076055,8.835630436042377,3.8702455185592393,0.16263864525754243,30.951437945349163,26.437590644788965
high_resistance_stale,407.0,0.42198395444539766,8.828303028071934,3.8706133578211532,0.16248912510751995,30.957321165660726,26.44253777579028
high_resistance_stale,408.0,0.4224742130868441,8.821014522566617,3.8709838306888757,0.1623403387698327,30.963168308757673,26.447481843772326
high_resistance_stale,409.0,0.4229640678855231,8.813764639117949,3.871356930530017,0.16219228464877433,30.968979676647002,26.45242280628305
high_resistance_stale,410.0,0.4234535209792868,8.806553099351046,3.8717326507112344,0.16204496120345538,30.97475556855957,26.457360621368245
high_resistance_stale,411.0,0.4239425744906243,8.799379626567335,3.872110984339878,0.1618983666995824,30.980496281252353,26.462295247580098
high_resistance_stale,412.0,0.4244312305266894,8.792243945839974,3.87249192434036,0.1617524992842192,30.986202108947285,26.46722664396903
high_resistance_stale,413.0,0.42491949117952554,8.78514578381492,3.8728754633053137,0.1616073568429864,30.991873343505407,26.47215477008852
high_resistance_stale,414.0,0.4254073585259186,8.778084869098288,3.8732615938030355,0.1614629372982526,30.997510274132168,26.477079585971946
high_resistance_stale,415.0,0.42589483462765343,8.771060932006096,3.8736503081887497,0.16131923842776175,31.003113187592565,26.482001052139903
high_resistance_stale,416.0,0.4263819215315839,8.764073704609213,3.8740415986459995,0.1611762579056809,31.00868236818988,26.486919129593392
high_resistance_stale,417.0,0.4268686212697498,8.757122920644049,3.874435457107155,0.16103399322630796,31.014218097851394,26.491833779817654
high_resistance_stale,418.0,0.42735493585943307,8.750208315675787,3.874831875414668,0.16089244186178997,31.01972065601265,26.496744964762577
high_resistance_stale,419.0,0.4278408673032753,8.7433296270204,3.875230845253733,0.16075160119765744,31.025190319693973,26.501652646845166
high_resistance_stale,420.0,0.4283264175893781,8.736486593732819,3.875632358148129,0.16061146852976504,31.030627363523944,26.50655678894593
high_resistance_stale,421.0,0.42881158869137376,8.729678956575881,3.876036405422443,0.16047204102816803,31.03603205977801,26.511457354410915
high_resistance_stale,422.0,0.429296382568556,8.72290645807603,3.876442978283607,0.16033331581787091,31.041404678347973,26.516354307036437
high_resistance_stale,423.0,0.42978080116597317,8.716168842511827,3.876852067813765,0.16019528997275345,31.04674548676482,26.521247611066357
high_resistance_stale,424.0,0.4302648464145113,8.709465855889704,3.8772636649467076,0.1600579604934246,31.052054750231427,26.526137231191598
high_resistance_stale,425.0,0.43074852023097043,8.702797245921976,3.8776777604434867,0.15992132428417674,31.057332731653315,26.531023132550285
high_resistance_stale,426.0,0.43123182451818964,8.696162762052552,3.8780943449394107,0.1597853781999608,31.062579691631388,26.53590528071693
high_resistance_stale,427.0,0.43171476116515817,8.6895621554684,3.8785134089703988,0.15965011907310173,31.06779588846597,26.540783641694684
high_resistance_stale,428.0,0.43219733204708294,8.682995179065196,3.878934942932665,0.1595155436746346,31.072981578196845,26.545658181917794
high_resistance_stale,429.0,0.4326795390254704,8.676461587431255,3.8793589370692994,0.1593816487020059,31.078137014628634,26.550528868249962
high_resistance_stale,430.0,0.4331613839482359,8.669961136853964,3.879785381490296,0.15924843079956014,31.083262449338267,26.55539566797759
high_resistance_stale,431.0,0.43364286864983814,8.66349358534975,3.8802142662276387,0.15911588661339326,31.088358131663806,26.560258548797645
high_resistance_stale,432.0,0.4341239949513307,8.657058692618312,3.880645581178974,0.1589840127369469,31.09342430875281,26.565117478822586
high_resistance_stale,433.0,0.43460476466044473,8.650656220038877,3.881079316107888,0.1588528057120051,31.098461225577395,26.56997242657725
high_resistance_stale,434.0,0.43508517957167747,8.644285930661388,3.8815154606409408,0.15872226202656903,31.103469124953165,26.574823360995804
high_resistance_stale,435.0,0.43556524146647174,8.637947589233205,3.8819540043370306,0.15859237818393265,31.10844824753001,26.579670251405513
high_resistance_stale,436.0,0.43604495211323185,8.631640962161825,3.882394936627506,0.1584631506444763,31.113398831833184,26.584513067534072
high_resistance_stale,437.0,0.4365243132674152,8.625365817515828,3.882838246825197,0.15833457583520938,31.11832111427407,26.589351779505055
high_resistance_stale,438.0,0.43700332667158504,8.619121925016225,3.8832839241088526,0.1582066501350183,31.123215329168392,26.59418635783821
high_resistance_stale,439.0,0.43748199405565635,8.612909056035933,3.883731957590769,0.15807936994257157,31.128081708747917,26.599016773429756
high_resistance_stale,440.0,0.43796031713686223,8.606726983587109,3.8841823362640446,0.15795273162458745,31.132920483181525,26.603842997561674
high_resistance_stale,441.0,0.43843829761986325,8.600575482316987,3.884635049014015,0.15782673152781515,31.13773188058945,26.608665001895893
high_resistance_stale,442.0,0.43891593719675853,8.594454328507865,3.8850900845966128,0.15770136595795844,31.1425161270542,26.61348275847759
high_resistance_stale,443.0,0.439393237547393,8.5883633000498,3.8855474317020766,0.15757663124420554,31.147273446652626,26.618296239712585
high_resistance_stale,444.0,0.43987020033928187,8.582302176448186,3.8860070789083614,0.15745252369309037,31.15200406146058,26.623105418378174
high_resistance_stale,445.0,0.4403468272277378,8.576270738812944,3.8864690146933243,0.1573290396012916,31.156708191571855,26.62791026761633
high_resistance_stale,446.0,0.4408231198558447,8.570268769865482,3.8869332274078756,0.1572061752291355,31.16138605510311,26.632710760939457
high_resistance_stale,447.0,0.44129907985480926,8.564296053897388,3.8873997053405436,0.1570839268661972,31.166037868236256,26.637506872205556
high_resistance_stale,448.0,0.4417747088438582,8.558352376786848,3.887868436672038,0.15696229078603516,31.170663845215767,26.642298575630296
high_resistance_stale,449.0,0.4422500084303781,8.552437525983917,3.888339409488683,0.15684126326023165,31.175264198370094,26.647085845779323
high_resistance_stale,450.0,0.4427249802098578,8.546551290523967,3.8888126117528747,0.1567208405289873,31.179839138111053,26.651868657575907
high_resistance_stale,451.0,0.4431996257662723,8.540693460975326,3.889288031365884,0.15660101886511266,31.184388872984243,26.656646986274943
high_resistance_stale,452.0,0.4436739466719633,8.534863829461722,3.8897656561253693,0.15648179453148175,31.18891360966118,26.661420807475313
high_resistance_stale,453.0,0.4441479444877776,8.529062189645865,3.890245473737106,0.15636316379332435,31.193413552961513,26.666190097112512
high_resistance_stale,454.0,0.4446216207630242,8.523288336745535,3.8907274717942983,0.15624512289747844,31.197888905849886,26.670954831464528
high_resistance_stale,455.0,0.4450949770358003,8.517542067479779,3.8912116378180377,0.15612766811407408,31.202339869486924,26.67571498713146
high_resistance_stale,456.0,0.4455680148329453,8.511823180085068,3.8916979592361916,0.1560107957153137,31.206766643225752,26.6804705410416
high_resistance_stale,457.0,0.4460407356701329,8.506131474305057,3.8921864233853585,0.15589450197779875,31.21116942462895,26.685221470447598
high_resistance_stale,458.0,0.44651314105185186,8.500466751405954,3.892677017499006,0.1557787831704862,31.215548409465544,26.689967752930066
high_resistance_stale,459.0,0.4469852324716725,8.494828814126484,3.8931697287308644,0.1556636355791967,31.219903791758476,26.694709366382305
high_resistance_stale,460.0,0.44745701141227545,8.489217466681678,3.8936645441486153,0.1555490555003069,31.224235763790304,26.69944628901078
high_resistance_stale,461.0,0.4479284793454979,8.483632514762341,3.8941614507299414,0.1554350392368727,31.228544516112148,26.70417849933445
high_resistance_stale,462.0,0.4483996377323381,8.478073765545616,3.894660435356137,0.15532158309204935,31.23283023754396,26.708905976186287
high_resistance_stale,463.0,0.4488704880231618,8.472541027655922,3.8951614848247718,0.15520868338255617,31.23709311521305,26.713628698702568
high_resistance_stale,464.0,0.44934103165780426,8.46703411115116,3.8956645858522156,0.1550963364414539,31.241333334572847,26.71834664631856
high_resistance_stale,465.0,0.4498112700655709,8.461552827533353,3.896169725066429,0.15498453861067119,31.245551079402833,26.7230597987704
high_resistance_stale,466.0,0.4502812046652216,8.45609698976554,3.8966768890005343,0.15487328623413785,31.249746531803556,26.727768136097836
high_resistance_stale,467.0,0.4507508368651502,8.450666412237084,3.897186064101188,0.15476257566676802,31.253919872231272,26.73247163863524
high_resistance_stale,468.0,0.45122016806360676,8.445260910717712,3.897697236740233,0.1546524032869308,31.258071279541063,26.737170287000282
high_resistance_stale,469.0,0.4516891996485864,8.439880302398015,3.898210393200439,0.15454276548118057,31.262200930963363,26.74186406210225
high_resistance_stale,470.0,0.45215793299797075,8.43452440586452,3.898725519680851,0.1544336586499333,31.26630900213072,26.74655294513547
high_resistance_stale,471.0,0.45262636947960777,8.429193041090167,3.899242602297501,0.1543250792081499,31.270395667092593,26.751236917576325
high_resistance_stale,472.0,0.4530945104513926,8.423886029424663,3.8997616270841378,0.15421702358601916,31.274461098330182,26.755915961180243
high_resistance_stale,473.0,0.4535623572613485,8.418603193584653,3.900282579992989,0.15410948822964096,31.278505466771193,26.760590057978686
high_resistance_stale,474.0,0.4540299112476678,8.413344357652704,3.900805446895564,0.154002469601554,31.282528941797885,26.76525919027741
high_resistance_stale,475.0,0.45449717373878906,8.40810934706803,3.9013302135834693,0.1538959641814043,31.286531691261235,26.769923340653566
high_resistance_stale,476.0,0.4549641460536301,8.402897988582062,3.9018568657691737,0.15378996846723153,31.29051388152198,26.774582491947807
high_resistance_stale,477.0,0.45543082950150304,8.397710110285328,3.902385389086955,0.15368447897549672,31.29447567743689,26.77923662726659
high_resistance_stale,478.0,0.45589722538224625,8.392545541585504,3.902915769093762,0.15357949224196824,31.298417242382424,26.783885729977538
high_resistance_stale,479.0,0.4563633349863043,8.387404113196911,3.9034479912701427,0.15347500482240384,31.30233873826943,26.78852978370644
high_resistance_stale,480.0,0.45682915959480913,8.382285657129897,3.9039820410211834,0.1533710132932322,31.306240325557926,26.793168772334237
high_resistance_stale,481.0,0.4572947004796591,8.377190006680056,3.9045179036774877,0.1532675142522347,31.310122163271807,26.79780267999404
high_resistance_stale,482.0,0.45775995890101806,8.372116997107613,3.905055564333561,0.15316450414229626,31.313984408488267,26.802431491213405
high_resistance_stale,483.0,0.4582249361134986,8.36706646399605,3.9055950082332083,0.15306197967028065,31.317827217594214,26.807055190567983
high_resistance_stale,484.0,0.4586896333614002,8.362038244534125,3.906136220465635,0.1529599374759247,31.32165074531585,26.811673762950935
high_resistance_stale,485.0,0.4591540518799708,8.357032177189101,3.906679186040965,0.15285837421350165,31.32545514497391,26.816287193503427
high_resistance_stale,486.0,0.45961819289555383,8.352048101677953,3.9072238898954894,0.1527572865570009,31.32924056851171,26.820895467607986
high_resistance_stale,487.0,0.46008205762566295,8.347085858957145,3.9077703168925195,0.15265667120049964,31.333007166508985,26.825498570885703
high_resistance_stale,488.0,0.4605456472790582,8.342145291212233,3.9083184518232708,0.15255652485853405,31.33675508819571,26.830096489193558
high_resistance_stale,489.0,0.46100896305414457,8.337226242320043,3.908868279347909,0.1524568441966829,31.34048448110773,26.83468920870776
high_resistance_stale,490.0,0.4614720061425715,8.332328556846049,3.909419784122268,0.15235762597855756,31.344195491853082,26.839276715740084
high_resistance_stale,491.0,0.4619347777272536,8.327452080611884,3.9099729507254635,0.15225886698067076,31.347888265686944,26.843858996840584
high_resistance_stale,492.0,0.4623972789823024,8.322596660725326,3.910527763655741,0.15216056398680947,31.35156294649471,26.84843603880238
high_resistance_stale,493.0,0.4628595110734009,8.317762145485188,3.9110842073421814,0.15206271380085734,31.35521967686971,26.853007828643406
high_resistance_stale,494.0,0.4633214751578771,8.31294838437128,3.9116422661456403,0.1519653132470364,31.358858598126314,26.85757435360398
high_resistance_stale,495.0,0.4637831723847754,8.308155228034147,3.912201924359713,0.15186835917014838,31.362479850313132,26.862135601144093
high_resistance_stale,496.0,0.46424460389367145,8.30338252865214,3.9127631661901003,0.15177184840641758,31.36608357194884,26.86669155900154
high_resistance_stale,497.0,0.4647057708168855,8.298630139296849,3.9133259757924312,0.15167577783374026,31.369669900506995,26.87124221508617
high_resistance_stale,498.0,0.4651666742792387,8.29389791401434,3.9138903372678593,0.15158014436452866,31.37323897235948,26.875787557492593
high_resistance_stale,499.0,0.4656273153970004,8.289185708142893,3.9144562346448097,0.1514849449196814,31.376790922541797,26.88032757455172
high_resistance_stale,500.0,0.46608769527846994,8.284493378153968,3.9150236518888333,0.15139017644070904,31.38032588487832,26.884862254803753
high_resistance_stale,501.0,0.46654781502404624,8.279820781642222,3.9155925729036842,0.15129583588990755,31.3838439919948,26.889391586995686
high_resistance_stale,502.0,0.46700767572629764,8.27516777731545,3.9161629815324246,0.15120192025053172,31.387345375330913,26.893915560078884
high_resistance_stale,503.0,0.46746727846908587,8.270534225256444,3.9167348615456867,0.15110842650837822,31.390830164948266,26.898434163250542
high_resistance_stale,504.0,0.4679266243286162,8.26591998663143,3.917308196656187,0.1510153516712292,31.394298489754867,26.902947385905737
high_resistance_stale,505.0,0.46838571437478344,8.261324923312207,3.917882970537296,0.15092269279412934,31.397750477793664,26.907455217575723
high_resistance_stale,506.0,0.46884454966914785,8.256748898467883,3.9184591667957256,0.15083044693838266,31.401186255802244,26.911957648022707
high_resistance_stale,507.0,0.46930313126573403,8.25219177634474,3.9190367689827124,0.1507386111860707,31.404605949383104,26.91645466720355
high_resistance_stale,508.0,0.46976146021109816,8.247653422256537,3.919615760595234,0.15064718264016383,31.408009683015457,26.920946265267457
high_resistance_stale,509.0,0.4702195375443937,8.2431337025748,3.9201961250772603,0.15055615842463235,31.411397580067064,26.925432432553695
high_resistance_stale,510.0,0.47067736429679563,8.238632484898941,3.9207778458102753,0.15046553567006785,31.41476976267127,26.929913159618813
high_resistance_stale,511.0,0.47113494149140805,8.234149638091127,3.921360906111928,0.1503753115102175,31.418126351705627,26.934388437241584
high_resistance_stale,512.0,0.47159227014619426,8.229685031464797,3.921945289285223,0.15028548314663168,31.421467467403833,26.93885825628939
high_resistance_stale,513.0,0.47204935127097036,8.225238535634215,3.922530978568487,0.15019604777952034,31.424793228723544,26.94332260785688
high_resistance_stale,514.0,0.4725061858684273,8.220810022237206,3.9231179571527233,0.1501070026293945,31.42810375355838,26.94778148321984
high_resistance_stale,515.0,0.4729627749341939,8.216399363925795,3.923706208182934,0.15001834493710248,31.43139915874908,26.952234873833085
high_resistance_stale,516.0,0.4734191194569005,8.212006434356848,3.924295714759497,0.14993007196386543,31.434679560094622,26.956682771328296
high_resistance_stale,517.0,0.4738752204179203,8.207631108272222,3.9248864599353874,0.14984218098530627,31.43794507229646,26.961125167526244
high_resistance_stale,518.0,0.4743310787902001,8.203273261834177,3.925478426701657,0.1497546692683963,31.441195808712568,26.965562054489872
high_resistance_stale,519.0,0.47478669554254366,8.198932771436782,3.9260715980434098,0.14966753415049522,31.44443188224818,26.969993424333225
high_resistance_stale,520.0,0.4752420716358346,8.194609514768587,3.926665956891611,0.14958077296750247,31.44765340456655,26.974419269391234
high_resistance_stale,521.0,0.47569720802421905,8.190303370490362,3.9272614861390283,0.14949438307484278,31.450860486333372,26.978839582167442
high_resistance_stale,522.0,0.47615210565516514,8.186014218226271,3.92785816864168,0.14940836184743997,31.454053237227154,26.98325435533202
high_resistance_stale,523.0,0.47660676546952335,8.18174193855483,3.928455987220305,0.1493227066796903,31.457231765949683,26.987663581719815
high_resistance_stale,524.0,0.47706118840155903,8.177486413007525,3.9290549246617466,0.14923741498516802,31.460396180230788,26.992067254329466
high_resistance_stale,525.0,0.47751537537696176,8.173247524638404,3.9296549637120757,0.1491524841762049,31.463546586408736,26.996465366409392
high_resistance_stale,526.0,0.47796932731796704,8.169025156587145,3.93025608709882,0.14906791171420272,31.46668309050211,27.0008579112387
high_resistance_stale,527.0,0.47842304513920486,8.164819193257314,3.930858277515287,0.1489836950677256,31.469805797337138,27.00524488230582
high_resistance_stale,528.0,0.478876529748936,8.160629519975343,3.931461517626942,0.1488998317241768,31.472914810804863,27.00962627325604
high_resistance_stale,529.0,0.4793297820491096,8.156456022981933,3.9320657900729783,0.1488163191897416,31.476010233870987,27.014002077889625
high_resistance_stale,530.0,0.47978280293541914,8.152298589423564,3.932671077467909,0.1487331549893302,31.479092168585574,27.018372290160016
high_resistance_stale,531.0,0.4802355932973596,8.148157107343746,3.933277362403165,0.1486503366665205,31.482160716092892,27.022736904171904
high_resistance_stale,532.0,0.48068815401663867,8.144031466137205,3.9338846274516444,0.14856786177684375,31.485215976298505,27.027095914247152
high_resistance_stale,533.0,0.4811404859708478,8.139921555525127,3.9344928551629317,0.1484857279023497,31.488258048631696,27.03144931477414
high_resistance_stale,534.0,0.481592590031116,8.135827266221654,3.9351020280692137,0.14840393264182591,31.491287031554737,27.03579710030487
high_resistance_stale,535.0,0.48204446706234927,8.131748489873495,3.935712128686616,0.14832247361148296,31.494303022610914,27.04013926554551
high_resistance_stale,536.0,0.48249611792348995,8.127685118994266,3.936323139516526,0.14824134844571424,31.497306118476327,27.04447580534625
high_resistance_stale,537.0,0.48294754346757035,8.12363704695626,3.936935043047291,0.14816055479702728,31.500296414969082,27.04880671469956
high_resistance_stale,538.0,0.48339874454176673,8.119604167982166,3.9375478217559277,0.14808009033597483,31.503274007058483,27.053131988738464
high_resistance_stale,539.0,0.483849721986206,8.115586377480444,3.9381614581118973,0.14799995274607894,31.506238988620627,27.057451622784935
high_resistance_stale,540.0,0.48430047663632103,8.11158357140325,3.9387759345750606,0.1479201397330018,31.509191452915495,27.061765612255606
high_resistance_stale,541.0,0.4847510093221448,8.107595646446871,3.9393912335986645,0.1478406490214261,31.512131492441625,27.066073952690605
high_resistance_stale,542.0,0.4852013208676242,8.103622500247198,3.9400073376323155,0.14776147835201592,31.51505919879488,27.070376639781543
high_resistance_stale,543.0,0.48565141209107265,8.099664031261469,3.9406242291230935,0.14768262548294664,31.5179746627586,27.074673669353803
high_resistance_stale,544.0,0.48610128380522016,8.095720138760422,3.9412418905173228,0.1476040881898256,31.520877974312224,27.078965037364853
high_resistance_stale,545.0,0.48655093681726624,8.091790722820399,3.941860304262366,0.14752586426561157,31.523769222639896,27.083250739902667
high_resistance_stale,546.0,0.48700037192751955,8.087875684700407,3.942479452810154,0.14744795151439574,31.526648495855998,27.087530773240285
high_resistance_stale,547.0,0.4874495899312702,8.083974926337605,3.9430993186167553,0.14737034775924943,31.529515881379318,27.0918051337616
high_resistance_stale,548.0,0.48789859161987326,8.0800883500568,3.943719884142905,0.1472930508466396,31.532371466148927,27.09607381791859
high_resistance_stale,549.0,0.4883473777783989,8.07621585921794,3.944341131858775,0.14721605863589368,31.535215336150753,27.100336822325396
high_resistance_stale,550.0,0.4887959491865696,8.0723573579661,3.9449630442447052,0.1471393690029796,31.538047576604114,27.104594143721364
high_resistance_stale,551.0,0.48924430661880763,8.06851275122435,3.9455856037930332,0.1470629798404074,31.540868271969547,27.10884577896957
high_resistance_stale,552.0,0.4896924508442816,8.064681944686745,3.9462087930099274,0.14698688905713095,31.54367750595653,27.113091725055387
high_resistance_stale,553.0,0.49014038262695336,8.060864844811128,3.946832594417224,0.14691109457844934,31.54647536153128,27.117331979085005
high_resistance_stale,554.0,0.49058810272562486,8.057061358812005,3.9474569905542682,0.14683559434590876,31.549261920924476,27.12156653828398
high_resistance_stale,555.0,0.49103561189398515,8.053271394653255,3.948081963979754,0.14676038631720392,31.552037265639072,27.125795399995777
high_resistance_stale,556.0,0.4914829108806572,8.049494861040877,3.9487074972735674,0.14668546846607966,31.554801476458024,27.130018561680302
high_resistance_stale,557.0,0.49193000042924484,8.045731667415607,3.9493335730386296,0.14661083878223274,31.557554633452074,27.134236020912464
high_resistance_stale,558.0,0.4923768812783798,8.04198172394558,3.9499601739027415,0.14653649527121326,31.56029681598751,27.138447775380676
high_resistance_stale,559.0,0.49282355416176815,8.038244941518851,3.9505872825204227,0.14646243595432634,31.563028102733938,27.14265382288545
high_resistance_stale,560.0,0.49327001980803026,8.03452123176781,3.951214881576932,0.14638865887022073,31.56574857164874,27.146854161341988
high_resistance_stale,561.0,0.49371627894044623,8.030810507108011,3.951842953793261,0.14631516207723758,31.56845829995107,27.151048788784692
high_resistance_stale,562.0,0.4941623322787538,8.027112680461428,3.952471481909612,0.146241943639076,31.571157364326154,27.155237703331114
high_resistance_stale,563.0,0.4946081805373536,8.023427665531868,3.9531004487065466,0.14616900163967322,31.573845840726268,27.159420903216905
high_resistance_stale,564.0,0.4950538244259475,8.019755376706364,3.953729837000602,0.14609633417829013,31.57652380444497,27.16359838678263
high_resistance_stale,565.0,0.4954992646495857,8.016095729047452,3.9543596296461194,0.1460239393694161,31.579191330124875,27.167770152472322
high_resistance_stale,566.0,0.49594450190871286,8.012448638285486,3.954989809537065,0.14595181534267285,31.58184849176532,27.171936198832046
high_resistance_stale,567.0,0.4963895368992153,8.008814020810897,3.9556203596088486,0.14587996024271935,31.584495362730124,27.176096524508413
high_resistance_stale,568.0,0.49683437031246697,8.005191793666327,3.956251262840132,0.14580837222915555,31.58713201575533,27.18025112824717
high_resistance_stale,569.0,0.49727900283537607,8.001581874538827,3.9568825022546243,0.14573704947642724,31.589758522956895,27.184400008891718
high_resistance_stale,570.0,0.497723435150432,7.997984181751915,3.9575140609228843,0.14566599017373003,31.592374955838462,27.188543165381667
high_resistance_stale,571.0,0.4981676679357515,7.994398634257691,3.9581459219641,0.1455951925249139,31.594981385299032,27.19268059675139
high_resistance_stale,572.0,0.49861170186512543,7.990825151628808,3.9587780685478653,0.14552465474838755,31.597577881640746,27.19681230212856
high_resistance_stale,573.0,0.4990555375986444,7.987263656600039,3.9594104839267708,0.14545437505596653,31.60016451272528,27.2009382810958
high_resistance_stale,574.0,0.4994991757863803,7.9837140740817665,3.9600431514264054,0.1453843516609021,31.60274134469585,27.205058533549117
high_resistance_stale,575.0,0.4999426171031444,7.980176321752708,3.960676054333389,0.14531458285536716,31.605308448806245,27.20917305835866
high_resistance_stale,576.0,0.5003858622041026,7.976650322075148,3.9613091760424544,0.1452450669110549,31.607865892697202,27.21328185507968
high_resistance_stale,577.0,0.5008289117401674,7.973135998135515,3.961942500008004,0.1451758021133815,31.610413743419798,27.217384923359614
high_resistance_stale,578.0,0.5012717663580394,7.969633273637924,3.9625760097458396,0.1451067867613766,31.612952067441967,27.221482262936906
high_resistance_stale,579.0,0.501714426700246,7.966142072897692,3.963209688834879,0.14503801916757375,31.615480930654968,27.225573873639792
high_resistance_stale,580.0,0.502156893405183,7.962662320834809,3.9638435209188576,0.1449694976579007,31.61800039837989,27.229659755385065
high_resistance_stale,581.0,0.502599167107154,7.959193942967347,3.9644774897080133,0.1449012205715697,31.62051053537418,27.233739908176883
high_resistance_stale,582.0,0.5030412484364116,7.955736865404868,3.9651115789807627,0.144833186260968,31.623011405838085,27.237814332105565
high_resistance_stale,583.0,0.5034831380191966,7.952291014841799,3.965745772585354,0.1447653930915479,31.6255030734212,27.241883027346343
high_resistance_stale,584.0,0.5039248364777794,7.948856318550704,3.966380054441507,0.14469783944171757,31.627985601228932,27.24594599415821
high_resistance_stale,585.0,0.5043663444304993,7.945432704375619,3.967014408542037,0.1446305237027309,31.630459051829014,27.250003232882648
high_resistance_stale,586.0,0.5048076624854891,7.942020102303156,3.9676488189985877,0.1445634442914619,31.632923486118756,27.25405474416029
high_resistance_stale,587.0,0.5052487912487772,7.938618442444251,3.96828326998697,0.14449659963385034,31.635378964785637,27.25810052865163
high_resistance_stale,588.0,0.5056897313327898,7.935227652910862,3.968917745689536,0.14442998814753352,31.637825549839945,27.262140586744096
high_resistance_stale,589.0,0.5061304833397337,7.931847663969882,3.9695522304130866,0.14436360827571076,31.640263301617072,27.266174919125167
high_resistance_stale,590.0,0.5065710478680192,7.928478406442874,3.9701867085458464,0.14429745847401754,31.64269227993496,27.27020352656111
high_resistance_stale,591.0,0.5070114255122975,7.925119811699722,3.97082116455899,0.14423153721042065,31.645112544100204,27.27422640989591
high_resistance_stale,592.0,0.5074516168634983,7.92177181165239,3.971455583008149,0.14416584296511367,31.647524152914073,27.278243570050055
high_resistance_stale,593.0,0.5078916225088678,7.918434338748495,3.972089948534899,0.14410037423041241,31.649927164678576,27.282255008019487
high_resistance_stale,594.0,0.508331443032007,7.9151073259649944,3.972724245868225,0.14403512951065,31.652321637202515,27.286260724874424
high_resistance_stale,595.0,0.5087710790129089,7.911790706801716,3.9733584598259646,0.1439701073220725,31.654707627807547,27.29026072175826
high_resistance_stale,596.0,0.5092105310279963,7.908484415274991,3.9739925753162306,0.14390530619273423,31.65708519333421,27.29425499988643
high_resistance_stale,597.0,0.5096497996501606,7.905188385911059,3.974626577338809,0.14384072466239298,31.659454390148042,27.29824356054529
high_resistance_stale,598.0,0.5100888854487983,7.9019025537396805,3.9752604509865317,0.14377636128240542,31.661815274145557,27.30222640509098
high_resistance_stale,599.0,0.5105277889754761,7.898626858058029,3.9758941815445272,0.14371221463746073,31.664167898052924,27.306203535467056
high_resistance_stale,600.0,0.5109665107898261,7.895361235646107,3.976527754315603,0.14364828330618978,31.66651231630258,27.31017495327016
high_resistance_stale,601.0,0.5114050514588309,7.892105620951814,3.977161154626484,0.14358456586220542,31.66884858489731,27.314140659776047
high_resistance_stale,602.0,0.5118434115368615,7.888859951330817,3.9777943679653083,0.14352106090438133,31.67117675764949,27.318100656660263
high_resistance_stale,603.0,0.5122815915748689,7.885624164640303,3.978427379920593,0.14345776704284305,31.67349688791095,27.32205494566668
high_resistance_stale,604.0,0.5127195921204165,7.882398199233434,3.97906017618249,0.1433946828988693,31.67580902857825,27.32600352860652
high_resistance_stale,605.0,0.5131574137177144,7.879181993953695,3.979692742544017,0.1433318071047939,31.678113232097996,27.329946407357415
high_resistance_stale,606.0,0.5135950569076531,7.875975488129301,3.9803250649022655,0.14326913830390675,31.680409550472113,27.333883583862377
high_resistance_stale,607.0,0.5140325222278375,7.872778621567531,3.9809571292595827,0.14320667515035584,31.68269803526315,27.337815060128843
high_resistance_stale,608.0,0.5144698102126206,7.869591334549062,3.981588921724722,0.14314441630904834,31.68497873759956,27.341740838227693
high_resistance_stale,609.0,0.5149069213931369,7.866413567822254,3.9822204285139726,0.14308236045555237,31.687251708180998,27.345660920292268
high_resistance_stale,610.0,0.5153438562973369,7.863245262597383,3.982851635952259,0.1430205062759985,31.689516997283626,27.349575308517377
high_resistance_stale,611.0,0.5157806154500201,7.860086360540946,3.9834825304742107,0.14295885246698106,31.69177465476537,27.353484005158354
high_resistance_stale,612.0,0.5162171993603187,7.856936806840861,3.9841130987165223,0.142897397766185,31.694024727877697,27.357387012948255
high_resistance_stale,613.0,0.5166536085486113,7.853796543626865,3.9847433273235398,0.14283614088648255,31.69626726596885,27.361284334201198
high_resistance_stale,614.0,0.517089843534354,7.850665512945933,3.985373203036854,0.14277508054570887,31.698502318356425,27.365175971217987
high_resistance_stale,615.0,0.5175259048290443,7.8475436584873295,3.9860027127477324,0.142714215483869,31.700729933097058,27.3690619265207
high_resistance_stale,616.0,0.517961792941114,7.844430924388335,3.9866318434627273,0.14265354445114628,31.70295015784091,27.37294220268986
high_resistance_stale,617.0,0.5183975083759594,7.841327255229171,3.987260582304598,0.14259306620781118,31.70516303983637,27.376816802363493
high_resistance_stale,618.0,0.5188330516359725,7.838232596027816,3.987888916513216,0.14253277952412982,31.707368625934865,27.380685728236298
high_resistance_stale,619.0,0.5192684232205715,7.835146892234803,3.9885168334464294,0.1424726831802732,31.709566962595606,27.38454898305872
high_resistance_stale,620.0,0.5197036236262321,7.832070089727991,3.9891443205809063,0.14241277596622548,31.711758095890374,27.388406569636125
high_resistance_stale,621.0,0.5201386533465172,7.829002134807292,3.98977136551294,0.1423530566816932,31.71394207150831,27.392258490827864
high_resistance_stale,622.0,0.5205735128721097,7.825942974189488,3.990397955959244,0.1422935241360138,31.716118934760647,27.396104749546417
high_resistance_stale,623.0,0.5210082026908412,7.822892555002798,3.9910240797576892,0.1422341771480643,31.718288730585535,27.399945348756514
high_resistance_stale,624.0,0.5214427232877241,7.819850824781705,3.991649724868039,0.14217501454617051,31.72045150355277,27.403780291474252
high_resistance_stale,625.0,0.5218770751292546,7.816817735333655,3.9922748794764793,0.14211603519503557,31.722607295116962,27.40760958129279
high_resistance_stale,626.0,0.5223112587009912,7.813793233493445,3.992899531748539,0.1420572379311416,31.72475615019146,27.411433221124316
high_resistance_stale,627.0,0.5227452744819484,7.81077726742391,3.99352366999876,0.14199862160670212,31.7268981126679,27.415251214057527
high_resistance_stale,628.0,0.5231791229450655,7.807769786504813,3.994147282688492,0.1419401850888206,31.729033225497393,27.41906356334211
high_resistance_stale,629.0,0.5236128045605267,7.804770740517649,3.9947703584047534,0.14188192725374663,31.73116153127089,27.42287027227769
high_resistance_stale,630.0,0.524046319795789,7.801780079640988,3.995392885860805,0.14182384698679001,31.733283072223504,27.42667134421309
high_resistance_stale,631.0,0.52447966911561,7.798797754445858,3.9960148538966855,0.14176594318223476,31.735397890238644,27.43046678254553
high_resistance_stale,632.0,0.5249128529820752,7.795823715891081,3.9966362514797216,0.1417082147432535,31.737506026852284,27.434256590719826
high_resistance_stale,633.0,0.525345871854627,7.792857915318459,3.997257067705008,0.14165066058182146,31.739607523257202,27.438040772227666
high_resistance_stale,634.0,0.5257787261900906,7.789900304448198,3.9978772917958576,0.14159327961863055,31.741702420307178,27.441819330606798
high_resistance_stale,635.0,0.526211416442703,7.7869508353740855,3.998496913104221,0.14153607078300373,31.743790758521218,27.445592269440258
high_resistance_stale,636.0,0.52664394306414,7.784009460558772,3.9991159211110787,0.14147903301280915,31.7458725780878,27.44935959235561
high_resistance_stale,637.0,0.5270763065035442,7.781076132828926,3.9997343054268013,0.1414221652543741,31.747947918869095,27.45312130302413
high_resistance_stale,638.0,0.5275085071910635,7.77815080932992,4.000352055900415,0.14136546649315537,31.75001681760547,27.456877405695884
high_resistance_stale,639.0,0.5279405455802809,7.775233441342949,4.000969162339956,0.14130893567456407,31.752079315119193,27.4606279038211
high_resistance_stale,640.0,0.5283724221132338,7.772323982681064,4.001585614743766,0.14125257176917766,31.75413545037458,27.46437280118696
high_resistance_stale,641.0,0.5288041372282054,7.7694223878219235,4.00220140324954,0.14119637375817284,31.75618526180052,27.468112101664538
high_resistance_stale,642.0,0.5292356913610046,7.76652861160288,4.002816518126291,0.14114034063090705,31.75822878750699,27.4718458091674
high_resistance_stale,643.0,0.5296670849449878,7.763642609216794,4.003430949774554,0.14108447138483787,31.760266065288793,27.4755739276509
high_resistance_stale,644.0,0.5300983184110869,7.760764336207813,4.00404468872657,0.1410287650254425,31.762297132629314,27.4792964611115
high_resistance_stale,645.0,0.5305293921878321,7.757893748467141,4.004657725646434,0.1409732205661374,31.764322026704292,27.483013413586104
high_resistance_stale,646.0,0.5309603067013778,7.755030802228891,4.005270051330223,0.14091783702819716,31.766340784385505,27.486724789151353
high_resistance_stale,647.0,0.531391062375527,7.752175454065725,4.0058816567060855,0.14086261344067463,31.768353442244585,27.490430591922955
high_resistance_stale,648.0,0.5318216596317563,7.749327660884661,4.0064925328343115,0.1408075488403197,31.770360036556724,27.494130826054974
high_resistance_stale,649.0,0.5322520988892411,7.746487379922763,4.0071026709073765,0.140752642271499,31.772360603304428,27.49782549573918
high_resistance_stale,650.0,0.5326823805643892,7.743654568860497,4.007712062253512,0.14069789278734998,31.774355178098453,27.501514605220102
high_resistance_stale,651.0,0.533112505055671,7.740829189463448,4.00832069844728,0.140643299487942,31.77634379361594,27.505198159282628
high_resistance_stale,652.0,0.5335424727866482,7.738011197263113,4.0089285709967575,0.14058886141196797,31.778326486865033,27.50887616186946
high_resistance_stale,653.0,0.5339722841666671,7.7352005509844695,4.009535671629425,0.1405345776356504,31.78030329254771,27.512548617344294
high_resistance_stale,654.0,0.5344019396028225,7.732397209678753,4.010141992205283,0.14048044724260986,31.78227424507965,27.51621553010743
high_resistance_stale,655.0,0.534831439499982,7.72960113271972,4.0107475247167566,0.14042646932379096,31.784239378593547,27.51987690459522
high_resistance_stale,656.0,0.5352607842608077,7.72681227979997,4.011352261288565,0.1403726429773882,31.786198726942384,27.523532745279393
high_resistance_stale,657.0,0.5356899742857774,7.724030610927138,4.0119561941775705,0.1403189673087722,31.788152323702754,27.527183056666498
high_resistance_stale,658.0,0.5361190099732078,7.72125608642019,4.0125593157726005,0.14026544143041558,31.79010020217814,27.530827843297317
high_resistance_stale,659.0,0.5365478917192767,7.718488666905597,4.013161618594247,0.14021206446181916,31.792042395402266,27.534467109746238
high_resistance_stale,660.0,0.5369766199180451,7.715728313313554,4.013763095294636,0.14015883552943784,31.793978936142345,27.53810086062065
high_resistance_stale,661.0,0.5374051949614793,7.712974986874206,4.014363738657174,0.14010575376660672,31.795909856902405,27.54172910056038
high_resistance_stale,662.0,0.5378336172394732,7.710228649113769,4.014963541596274,0.14005281831346725,31.797835189926605,27.54535183423703
high_resistance_stale,663.0,0.5382618871379384,7.707489262305868,4.015562497172219,0.14000002832304165,31.799754966883622,27.548969066413857
high_resistance_stale,664.0,0.5386900050310689,7.7047567912968535,4.016160598651818,0.13994738298585388,31.801669217589318,27.552580802187585
high_resistance_stale,665.0,0.5391179713113247,7.70203119644244,4.0167578392728025,0.13989488143448908,31.803577974955793,27.556187046051306
high_resistance_stale,666.0,0.5395457863597649,7.699312440597149,4.017354212476468,0.1398425228380186,31.805481270093907,27.55978780282189
high_resistance_stale,667.0,0.5399734505554233,7.696600486907681,4.017949711833894,0.1397903063721541,31.807379133860564,27.563383077347044
high_resistance_stale,668.0,0.5404009642753284,7.693895298809558,4.018544331045546,0.13973823121918108,31.809271596861645,27.56697287450476
high_resistance_stale,669.0,0.5408283278945232,7.691196840023757,4.0191380639408605,0.13968629656789225,31.811158689454935,27.570557199202764
high_resistance_stale,670.0,0.5412555417860855,7.688505074553413,4.019730904477799,0.1396345016135205,31.81304044175302,27.574136056378034
high_resistance_stale,671.0,0.541682606321148,7.685819966680376,4.020322846742391,0.13958284555767292,31.81491688362624,27.577709450996245
high_resistance_stale,672.0,0.5421095218689168,7.683141480961862,4.020913884948244,0.13953132760826345,31.8167880447056,27.581277388051234
high_resistance_stale,673.0,0.5425362887966937,7.680469582227036,4.021504013436044,0.13947994697944677,31.818653954385695,27.58483987256449
high_resistance_stale,674.0,0.5429629074698944,7.677804235573611,4.022093226673028,0.1394287028915512,31.820514641827632,27.588396909584613
high_resistance_stale,675.0,0.5433893782520688,7.675145406364437,4.022681519252444,0.13937759457101234,31.82237013596195,27.591948504186803
high_resistance_stale,676.0,0.543815701501809,7.672493060945151,4.023268885917441,0.13932662126047413,31.824220464988567,27.595494661567386
high_resistance_stale,677.0,0.5442418775709422,7.669847167065212,4.023855321574907,0.13927578222468745,31.826065656084623,27.599035387099132
high_resistance_stale,678.0,0.5446679068242571,7.667207689307868,4.024440821139968,0.13922507668607162,31.82790573859174,27.602570685728633
high_resistance_stale,679.0,0.5450937896173492,7.66457459422333,4.025025379709562,0.13917450389708236,31.82974074043574,27.606100562653253
high_resistance_stale,680.0,0.5455195263039916,7.661947848623119,4.025608992504088,0.13912406311613673,31.83157068931725,27.609625023096058
high_resistance_stale,681.0,0.5459451172361508,7.659327419577156,4.026191654866761,0.1390737536075533,31.833395612714252,27.61314407230534
high_resistance_stale,682.0,0.5463705627640069,7.65671327441069,4.02677336226296,0.13902357464149198,31.83521553788469,27.616657715554148
high_resistance_stale,683.0,0.5467958632359697,7.65410538070127,4.027354110279545,0.13897352549389416,31.837030491869086,27.620165958139854
high_resistance_stale,684.0,0.5472210189986979,7.651503706275759,4.027933894624173,0.13892360544642268,31.838840501493106,27.623668805383627
high_resistance_stale,685.0,0.5476460303971161,7.648908219207266,4.028512711124584,0.13887381378640193,31.84064559337016,27.627166262630027
high_resistance_stale,686.0,0.5480708977744329,7.646318887812099,4.029090555727878,0.1388241498067579,31.842445793903995,27.630658335246505
high_resistance_stale,687.0,0.5484956214721592,7.643735680646703,4.029667424499776,0.13877461280595807,31.844241129291298,27.63414502862296
high_resistance_stale,688.0,0.5489202018301258,7.641158566504567,4.0302433136238625,0.13872520208795153,31.84603162552427,27.63762634817124
high_resistance_stale,689.0,0.5493446391824092,7.63858751534471,4.0308182194316196,0.13867591697444281,31.84781730774636,27.641102299447166
high_resistance_stale,690.0,0.5497689338604584,7.636022497582363,4.031392138378327,0.13862675679546424,31.849598200746183,27.644572888057066
high_resistance_stale,691.0,0.5501930862042722,7.633463481543609,4.031965066958155,0.13857772085567246,31.85137433072455,27.648038119323207
high_resistance_stale,692.0,0.5506170965465135,7.630910437083069,4.032537001823083,0.13852880848223323,31.85314572278258,27.651497998759417
high_resistance_stale,693.0,0.5510409652182027,7.628363334288865,4.033107939739361,0.13848001900765003,31.854912401821696,27.65495253190073
high_resistance_stale,694.0,0.5514646925487331,7.625822143479993,4.033677877586687,0.13843135176970975,31.85667439254592,27.658401724302927
high_resistance_stale,695.0,0.5518882788658885,7.623286835203586,4.0342468123573685,0.13838280611142825,31.85843171946417,27.661845581542178
high_resistance_stale,696.0,0.5523117244958589,7.620757380232155,4.034814741155475,0.138334381380996,31.8601844068926,27.665284109214603
high_resistance_stale,697.0,0.5527350297632552,7.618233749560963,4.035381661195974,0.1382860769317235,31.861932478956835,27.66871731293586
high_resistance_stale,698.0,0.5531581949911268,7.615715914405191,4.035947569803856,0.1382378921219872,31.863675959594342,27.67214519834075
high_resistance_stale,699.0,0.5535812205009774,7.6132038461972416,4.036512464413258,0.13818982631517443,31.865414872556705,27.67556777108278
high_resistance_stale,700.0,0.5540041066127801,7.610697516584011,4.037076342566557,0.1381418788796297,31.867149241411905,27.678985036833772
high_resistance_stale,701.0,0.5544268536449951,7.608196897424108,4.037639201913474,0.13809404918859985,31.868879089546645,27.682397001283462
high_resistance_stale,702.0,0.5548494619096201,7.605701961904397,4.038201040246861,0.13804633663461174,31.87060443939471,27.685803670285566
high_resistance_stale,703.0,0.5552719317195479,7.603212682883322,4.038761855447572,0.13799874060807618,31.872325313583737,27.689205049640766
high_resistance_stale,704.0,0.5556942633925656,7.60072903198834,4.039321645453978,0.13795126048565234,31.874041735558617,27.692601144978642
high_resistance_stale,705.0,0.5561164572406601,7.598250982028457,4.039880408340238,0.1379038956613334,31.8757537279138,27.69599196207348
high_resistance_stale,706.0,0.5565385135743369,7.59577850602132,4.040438142283533,0.13785664553388116,31.877461313066572,27.699377506716818
high_resistance_stale,707.0,0.556960432702635,7.593311577190849,4.040994845563128,0.13780950950677615,31.879164513259067,27.702757784717054
high_resistance_stale,708.0,0.5573822149331414,7.590850168964776,4.04155051655941,0.13776248698816818,31.880863350560336,27.706132801899127
high_resistance_stale,709.0,0.5578038605720044,7.5883942549722585,4.042105153752924,0.137715577390827,31.882557846868362,27.709502564104135
high_resistance_stale,710.0,0.5582253699239501,7.5859438090414,4.042658755723408,0.13766878013209247,31.884248023912114,27.71286707718898
high_resistance_stale,711.0,0.5586467432922941,7.5834988051967995,4.043211321148806,0.13762209463382516,31.88593390325358,27.71622634702599
high_resistance_stale,712.0,0.5590679809789584,7.5810592176571046,4.04376284880429,0.13757552032235687,31.88761550628983,27.719580379502588
high_resistance_stale,713.0,0.5594890832844838,7.578625020832601,4.04431333756127,0.13752905662844098,31.889292854255,27.722929180520907
high_resistance_stale,714.0,0.5599100505080453,7.576196189322661,4.044862786386389,0.137482702987203,31.8909659682224,27.726272755997435
high_resistance_stale,715.0,0.5603308829418285,7.5737726991761996,4.045411194383395,0.13743645885569486,31.892634868236964,27.729611112026834
high_resistance_stale,716.0,0.560751580881905,7.57135452545746,4.0459585607096225,0.13739032367893123,31.894299574992495,27.732944254565282
high_resistance_stale,717.0,0.5611721446260146,7.568941642742177,4.046504884591867,0.1373442968968135,31.895960109489245,27.736272189495153
high_resistance_stale,718.0,0.561592574467484,7.566534026480453,4.047050165371714,0.1372983779631085,31.897616492096066,27.739594922802123
high_resistance_stale,719.0,0.5620128706983034,7.564131652308869,4.047594402481261,0.13725256633584212,31.899268743024507,27.742912460485652
high_resistance_stale,720.0,0.5624330336091383,7.561734496048312,4.048137595442105,0.13720686147725444,31.900916882330588,27.74622480855871
high_resistance_stale,721.0,0.5628530634893425,7.559342533701833,4.048679743864321,0.1371612628537551,31.902560929916653,27.749531973047425
high_resistance_stale,722.0,0.5632729606269714,7.5569557414524375,4.0492208474454445,0.1371157699358785,31.90420090553314,27.75283395999079
high_resistance_stale,723.0,0.5636927253087944,7.554574095660922,4.049760905969447,0.13707038219823897,31.905836828780405,27.756130775440322
high_resistance_stale,724.0,0.5641123578203087,7.552197572863737,4.050299919305708,0.13702509911948588,31.907468719110504,27.75942242545975
high_resistance_stale,725.0,0.5645318584457502,7.549826149770694,4.050837887407984,0.13697992018225916,31.909096595829027,27.762708916124737
high_resistance_stale,726.0,0.5649512274681088,7.547459803262835,4.051374810313376,0.13693484487314397,31.910720478096895,27.7659902535225
high_resistance_stale,727.0,0.5653704651691394,7.545098510390214,4.051910688141302,0.13688987268262648,31.91234038493215,27.769266443751526
high_resistance_stale,728.0,0.5657895718232648,7.542742249727808,4.052445521140484,0.13684500312578557,31.913956334280503,27.772537493096504
high_resistance_stale,729.0,0.5662085477112296,7.54039099834281,4.052979309580772,0.13680023569595906,31.91556834509594,27.77580340763683
high_resistance_stale,730.0,0.5666273931126892,7.538044733440412,4.053512053810342,0.1367555698898855,31.917176436211424,27.779064193459106
high_resistance_stale,731.0,0.567046108304113,7.5357034328312436,4.054043754271278,0.13671100521482485,31.918780626018883,27.782319856717407
high_resistance_stale,732.0,0.5674646935607616,7.533367074492566,4.0545744114831,0.13666654118184549,31.920380932770517,27.785570403576603
high_resistance_stale,733.0,0.567883149156698,7.531035636566356,4.05510402604173,0.13662217730578388,31.921977374580344,27.788815840212084
high_resistance_stale,734.0,0.5683014753648002,7.528709097357325,4.055632598618465,0.13657791310520478,31.923569969425866,27.79205617280947
high_resistance_stale,735.0,0.5687196724567707,7.526387435331027,4.056160129958945,0.13653374810236063,31.9251587351496,27.79529140756434
high_resistance_stale,736.0,0.5691377407031502,7.52407062911189,4.05668662088213,0.13648968182315163,31.926743689460718,27.79852155068195
high_resistance_stale,737.0,0.5695556803733272,7.52175865748127,4.0572120722792615,0.13644571379708556,31.92832484993662,27.801746608376995
high_resistance_stale,738.0,0.5699734917355513,7.519451499375446,4.0577364851128435,0.13640184355723758,31.92990223402456,27.804966586873245
high_resistance_stale,739.0,0.5703911750569434,7.517149133883746,4.05825986041561,0.13635807064020977,31.93147585904322,27.808181492403353
high_resistance_stale,740.0,0.5708087306035072,7.514851540246463,4.058782199289502,0.13631439458609168,31.933045742184333,27.81139133120853
high_resistance_stale,741.0,0.5712261586337259,7.51255869926421,4.059303502955409,0.13627081496070714,31.934611899550436,27.81459610971926
high_resistance_stale,742.0,0.5716434594143196,7.510270589833395,4.059823772627619,0.1362273313008734,31.936174348521977,27.81779583411085
high_resistance_stale,743.0,0.5720606332086476,7.507987191495935,4.060343009604551,0.13618394315468527,31.937733106015134,27.820990510630555
high_resistance_stale,744.0,0.572477680277934,7.505708484171334,4.060861215258177,0.13614065007726656,31.939288188665387,27.824180145563172
high_resistance_stale,745.0,0.572894600882308,7.503434447927885,4.061378391024853,0.1360974516271475,31.940839612984053,27.82736474520166
high_resistance_stale,746.0,0.5733113952808154,7.501165062981039,4.061894538404319,0.1360543473662289,31.942387395359667,27.830544315846865
high_resistance_stale,747.0,0.5737280637314285,7.498900309691584,4.0624096589586935,0.13601133685974626,31.94393155205943,27.83371886380733
high_resistance_stale,748.0,0.574144606491057,7.496640168563966,4.062923754311477,0.1359684196762335,31.945472099230603,27.83688839539901
high_resistance_stale,749.0,0.5745610238155572,7.49438462024451,4.0634368261465585,0.13592559538748727,31.947009052901933,27.840052916945037
high_resistance_stale,750.0,0.5749773159597432,7.492133645519711,4.0639488762072205,0.1358828635685309,31.948542428985068,27.843212434775484
high_resistance_stale,751.0,0.575393483177397,7.4898872253144315,4.0644599062951485,0.13584022379757854,31.950072243275983,27.846366955227126
high_resistance_stale,752.0,0.5758095257212782,7.487645340690207,4.064969918269452,0.1357976756559988,31.951598511456375,27.84951648464317
high_resistance_stale,753.0,0.5762254438431351,7.485407972843429,4.065478914045681,0.13575521872827928,31.953121249095094,27.852661029373035
high_resistance_stale,754.0,0.576641237787076,7.483175104548829,4.065986895646566,0.13571285262443428,31.954640470666394,27.855800595956595
high_resistance_stale,755.0,0.5770569078069929,7.480946716367866,4.066493865065448,0.13567057692109752,31.956156192130223,27.858935190640004
high_resistance_stale,756.0,0.5774724541515607,7.478722789913199,4.066999824382153,0.13562839121223452,31.95766842871059,27.8620648197926
high_resistance_stale,757.0,0.577887877068198,7.476503306987744,4.067504775731302,0.13558629509575482,31.959177195481878,27.86518948979693
high_resistance_stale,758.0,0.5783031768033313,7.4742882495273095,4.068008721299354,0.13554428817261183,31.96068250740809,27.868309207041385
high_resistance_stale,759.0,0.5787183536024055,7.472077599599014,4.068511663323669,0.13550237004677093,31.96218437934412,27.87142397791999
high_resistance_stale,760.0,0.5791334077098921,7.469871339399793,4.0690136040915545,0.13546054032517685,31.963682826036976,27.87453380883219
high_resistance_stale,761.0,0.5795483393692996,7.4676694512548005,4.069514545939341,0.13541879861772155,31.965177862127085,27.877638706182644
high_resistance_stale,762.0,0.5799631488231815,7.465471917615856,4.070014491251435,0.1353771445372118,31.9666695021495,27.880738676381
high_resistance_stale,763.0,0.5803778363131462,7.463278721059923,4.070513442459404,0.13533557769933685,31.968157760535192,27.883833725841686
high_resistance_stale,764.0,0.5807924020798663,7.461089844287486,4.071011402041054,0.13529409772263631,31.96964265161228,27.8869238609837
high_resistance_stale,765.0,0.581206846363087,7.458905270121013,4.071508372519503,0.13525270422846764,31.97112418960732,27.890009088230396
high_resistance_stale,766.0,0.5816211694012454,7.456724981587789,4.0720043564652935,0.13521139684227126,31.972602388589298,27.893089414019983
high_resistance_stale,767.0,0.5820353714266309,7.454548962965889,4.072499356532905,0.13517017520962935,31.974077261761103,27.89616484493833
high_resistance_stale,768.0,0.5824494526802311,7.452377196577975,4.072993375345413,0.1351290389469908,31.975548823632934,27.899235387311723
high_resistance_stale,769.0,0.5828634133978531,7.450209665788928,4.073486415600678,0.13508798768773464,31.977017087990237,27.902301047587645
high_resistance_stale,770.0,0.5832772538143958,7.448046354083603,4.0739784800376,0.13504702106798605,31.978482068519178,27.9053618322176
high_resistance_stale,771.0,0.5836909741638587,7.4458872450654905,4.0744695714352375,0.13500613872658762,31.979943778807776,27.90841774765696
high_resistance_stale,772.0,0.5841045746793498,7.443732322455333,4.074959692611942,0.13496534030506968,31.981402232346987,27.911468800364727
high_resistance_stale,773.0,0.5845180555930937,7.441581570089697,4.075448846424495,0.13492462544762202,31.98285744253188,27.914514996803376
high_resistance_stale,774.0,0.5849314171364399,7.4394349719196695,4.075937035767254,0.13488399380106403,31.984309422662662,27.917556343438655
high_resistance_stale,775.0,0.5853446595398717,7.437292512009384,4.076424263571305,0.13484344501481602,31.985758185945873,27.920592846739403
high_resistance_stale,776.0,0.5857577830330134,7.435154174534659,4.076910532803614,0.13480297874087027,31.987203745495446,27.923624513177366
high_resistance_stale,777.0,0.5861707878446395,7.433019943781616,4.077395846466196,0.13476259463376153,31.98864611433385,27.926651349227004
high_resistance_stale,778.0,0.586583674202682,7.43088980414526,4.077880207595283,0.13472229235053831,31.990085305393183,27.92967336136531
high_resistance_stale,779.0,0.5869964423333087,7.42876374032802,4.078363619267743,0.13468207155388823,31.991521331381257,27.932690556096848
high_resistance_stale,780.0,0.5874090924586922,7.4266417378196214,4.078846084617718,0.13464193191969445,31.992954204457977,27.93570294001429
high_resistance_stale,781.0,0.5878216248074413,7.424523780656444,4.07932760675467,0.13460187310168603,31.9943839377485,27.938710519515595
high_resistance_stale,782.0,0.5882340396039092,7.422409853718339,4.079808188845843,0.1345618947676692,31.995810543792043,27.941713301093934
high_resistance_stale,783.0,0.5886463370716237,7.420299941992261,4.0802878340888435,0.1345219965879013,31.99723403503953,27.944711291244765
high_resistance_stale,784.0,0.5890585174332946,7.418194030571117,4.080766545710857,0.1344821782350643,31.9986544238545,27.947704496465615
high_resistance_stale,785.0,0.5894705809108216,7.416092104652489,4.081244326967875,0.1344424393842393,32.000071722514136,27.950692923255946
high_resistance_stale,786.0,0.5898825277253006,7.4139941495373725,4.081721181143927,0.13440277971288,32.001485943210255,27.953676578116987
high_resistance_stale,787.0,0.5902943580970321,7.411900150629015,4.082197111550319,0.13436319890078652,32.002897098050255,27.956655467551577
high_resistance_stale,788.0,0.5907060722455276,7.409810093431603,4.082672121524875,0.13432369663007968,32.004305199058145,27.959629598063987
high_resistance_stale,789.0,0.5911176703895179,7.407723963549025,4.083146214431196,0.13428427258517442,32.005710258175526,27.962598976159754
high_resistance_stale,790.0,0.5915291527469599,7.405641746683696,4.083619393657917,0.13424492645275407,32.00711228726253,27.965563608345537
high_resistance_stale,791.0,0.5919405195350439,7.403563428635201,4.084091662617974,0.13420565792174396,32.00851129809888,27.968523501128946
high_resistance_stale,792.0,0.5923517709688304,7.401488995592159,4.084563024758715,0.13416646668809967,32.00990730218764,27.9714786610551
high_resistance_stale,793.0,0.5927629072612232,7.3994184341384255,4.085033483561476,0.13412735245489746,32.01130031075147,27.974429094707382
high_resistance_stale,794.0,0.5931739286295945,7.397351729837426,4.0855030424885355,0.13408831490907713,32.01269033568506,27.97737480852997
high_resistance_stale,795.0,0.5935848352878774,7.3952888689220435,4.0859717050449635,0.13404935374920193,32.01407738841808,27.980315809039734
high_resistance_stale,796.0,0.5939956274492543,7.393229837720872,4.0864394747567525,0.13401046867602376,32.01546148030154,27.98325210275425
high_resistance_stale,797.0,0.5944063053261615,7.391174622657066,4.08690635517013,0.1339716593924597,32.01684262260864,27.986183696191677
high_resistance_stale,798.0,0.5948168691302972,7.389123210247246,4.087372349850889,0.13393292560356876,32.0182208265357,27.98911059587062
high_resistance_stale,799.0,0.5952273190726282,7.387075587100469,4.087837462383714,0.13389426701652862,32.01959610320292,27.992032808309958
high_resistance_stale,800.0,0.5956376553633954,7.38503173991698,4.088301696371518,0.1338556833406119,32.0209684636554,27.994950340028726
high_resistance_stale,801.0,0.5960478782121217,7.382991655487282,4.088765055434798,0.1338171742871632,32.02233791886387,27.997863197545975
high_resistance_stale,802.0,0.5964579878276173,7.380955320690874,4.089227543210974,0.13377873956957542,32.02370447972569,28.000771387380595
high_resistance_stale,803.0,0.5968679844179869,7.378922722495211,4.08968916335376,0.13374037890326662,32.02506815706563,28.003674916051224
high_resistance_stale,804.0,0.5972778681906368,7.376893847954558,4.090149919532525,0.13370209200565641,32.026428961636825,28.00657379007607
high_resistance_stale,805.0,0.5976876393505595,7.374868684574366,4.09060981544536,0.1336638786022806,32.02778690387656,28.009468016018293
high_resistance_stale,806.0,0.5980972981021369,7.372847219929235,4.091068854804201,0.13362573842036465,32.029141994162806,28.012357600438364
high_resistance_stale,807.0,0.5985068446525323,7.370829440942121,4.091527041307257,0.13358767117671896,32.03049424329731,28.015242549804373
high_resistance_stale,808.0,0.5989162792061828,7.368815335054421,4.091984378682268,0.1335496765973879,32.03184366172122,28.018122870637743
high_resistance_stale,809.0,0.5993256019668396,7.366804889792963,4.092440870669735,0.13351175441037055,32.033190259805565,28.02099856945926
high_resistance_stale,810.0,0.5997348131375744,7.36479809276906,4.092896521022341,0.1334739043456003,32.034534047852055,28.023869652788996
high_resistance_stale,811.0,0.6001439129207845,7.362794931677458,4.0933513335043745,0.13343612613492384,32.03587503609385,28.02673612714616
high_resistance_stale,812.0,0.6005529015181996,7.360795394295461,4.093805311891155,0.1333984195120802,32.0372132346963,28.029597999048956
high_resistance_stale,813.0,0.6009617791308866,7.358799468481856,4.0942584599684775,0.1333607842126799,32.03854865375778,28.032455275014502
high_resistance_stale,814.0,0.6013705459592563,7.356807142176017,4.094710781532059,0.13332321997418417,32.03988130331036,28.03530796155868
high_resistance_stale,815.0,0.6017792022030695,7.354818403396749,4.095162280386979,0.1332857265358839,32.04121119332075,28.038156065195988
high_resistance_stale,816.0,0.6021877480614414,7.35283324024154,4.095612960347154,0.13324830363887893,32.04253833369087,28.040999592439494
high_resistance_stale,817.0,0.6025961837328494,7.350851640885288,4.096062825234793,0.133210951026057,32.04386273425882,28.04383854980061
high_resistance_stale,818.0,0.6030045094131438,7.348873594000242,4.096511878895672,0.1331736684491411,32.04518440451845,28.04667294384113
high_resistance_stale,819.0,0.6034127252988435,7.346899088061366,4.096960125172584,0.13313645565701024,32.046503354083775,28.04950278108715
high_resistance_stale,820.0,0.6038208315878288,7.344928111199432,4.097407567899335,0.13309931239323564,32.04781959278692,28.05232806801098
high_resistance_stale,821.0,0.6042288284758665,7.342960651935252,4.097854210927848,0.13306223840841,32.049133130187755,28.055148811122024
high_resistance_stale,822.0,0.6046367161580951,7.340996698865922,4.098300058115919,0.13302523345487216,32.05044397578362,28.057965016927874
high_resistance_stale,823.0,0.6050444948290324,7.339036240663966,4.098745113326731,0.13298829728668807,32.05175213901004,28.060776691934308
high_resistance_stale,824.0,0.6054521646825798,7.337079266076479,4.099189380428382,0.13295142965963272,32.053057629241394,28.063583842645073
high_resistance_stale,825.0,0.6058597259120266,7.335125763924251,4.099632863293401,0.13291463033117093,32.054360455791574,28.06638647556186
high_resistance_stale,826.0,0.6062671787100572,7.333175723100863,4.100075565798289,0.13287789906043895,32.05566062791473,28.06918459718414
high_resistance_stale,827.0,0.6066745232687548,7.331229132571878,4.100517491823059,0.13284123560822583,32.05695815480588,28.071978214009103
high_resistance_stale,828.0,0.6070817597796072,7.329285981373766,4.100958645250774,0.13280463973695444,32.058253045601724,28.074767332531508
high_resistance_stale,829.0,0.6074888884335123,7.327346258613339,4.101399029967119,0.13276811121066326,32.05954530938114,28.077551959243607
high_resistance_stale,830.0,0.6078959094207832,7.325409953466487,4.101838649859942,0.13273164979498725,32.060834955166094,28.080332100635022
high_resistance_stale,831.0,0.6083028229289473,7.323477055640545,4.102277508836234,0.1326952552649022,32.06212199161393,28.08310776324957
high_resistance_stale,832.0,0.6087096291472528,7.321547554428981,4.1027156107862135,0.13265892738886692,32.063406427647045,28.085878953568994
high_resistance_stale,833.0,0.6091163282651273,7.319621439034735,4.103152959595076,0.13262266593424638,32.06468827223741,28.088645678052764
high_resistance_stale,834.0,0.6095229204704028,7.317698698942799,4.103589559156631,0.13258647067355736,32.06596753415867,28.091407943183917
high_resistance_stale,835.0,0.609929405950337,7.315779323706427,4.104025413364885,0.13255034138087576,32.067244222128615,28.094165755442734
high_resistance_stale,836.0,0.6103357848916182,7.313863302946222,4.104460526113644,0.13251427783181946,32.068518344809846,28.096919121306627
high_resistance_stale,837.0,0.6107420574803696,7.3119506263493275,4.104894901296125,0.13247827980353202,32.06978991081044,28.099668047250088
high_resistance_stale,838.0,0.6111482239021538,7.310041283668792,4.105328542804569,0.13244234707466576,32.07105892868445,28.10241253974456
high_resistance_stale,839.0,0.6115542843419782,7.308135264722692,4.105761454529868,0.13240647942536507,32.07232540693257,28.105152605258347
high_resistance_stale,840.0,0.611960238984299,7.306232559393291,4.1061936403611865,0.13237067663724975,32.07358935400279,28.10788825025654
high_resistance_stale,841.0,0.6123660880130262,7.304333157626412,4.106625104185602,0.13233493849339814,32.07485077829088,28.1106194812009
high_resistance_stale,842.0,0.612771831611529,7.302437049430435,4.1070558498877405,0.13229926477833068,32.076109688141166,28.11334630454979
high_resistance_stale,843.0,0.6131774699626384,7.300544224875781,4.107485881349429,0.1322636552779929,32.07736609184695,28.116068726758055
high_resistance_stale,844.0,0.6135830032462899,7.298654674588061,4.107915202468061,0.13222810978812108,32.07861999732336,28.118786754337293
high_resistance_stale,845.0,0.6139884316449971,7.2967683886043,4.108343817112965,0.13219262809483215,32.07987141286659,28.121500393716143
high_resistance_stale,846.0,0.6143937553404705,7.294885357079734,4.108771729151866,0.13215720998661526,32.08112034668471,28.124209651326623
high_resistance_stale,847.0,0.6147989745132665,7.293005570361063,4.109198942453354,0.13212185525556916,32.0823668068492,28.12691453361309
high_resistance_stale,848.0,0.6152040893434149,7.2911290188558056,4.10962546088165,0.13208656369518484,32.08361080138176,28.129615047016287
high_resistance_stale,849.0,0.6156091000104211,7.2892556930317625,4.110051288296293,0.13205133510033015,32.08485233825473,28.13231119797326
high_resistance_stale,850.0,0.6160140066932728,7.28738558341624,4.110476428551832,0.13201616926723486,32.086091425391686,28.135002992917308
high_resistance_stale,851.0,0.6164188095704417,7.285518680595363,4.110900885497514,0.131981065993476,32.087328070668,28.137690438277847
high_resistance_stale,852.0,0.6168235088198893,7.283654975213337,4.1113246629769975,0.1319460250779626,32.088562281911365,28.140373540480365
high_resistance_stale,853.0,0.6172281046190708,7.281794457971879,4.111747764828053,0.13191104632092096,32.08979406690227,28.143052305946366
high_resistance_stale,854.0,0.6176325971449386,7.279937119629305,4.112170194882274,0.13187612952387953,32.0910234333747,28.145726741093217
high_resistance_stale,855.0,0.6180369865739476,7.278082951000014,4.112591956964801,0.13184127448965402,32.0922503890165,28.14839685233414
high_resistance_stale,856.0,0.6184412730820589,7.276231942953676,4.113013054894043,0.13180648102233247,32.09347494147003,28.151062646078092
high_resistance_stale,857.0,0.6188454568422674,7.274384086930036,4.113433492501135,0.13177174893616908,32.09469709799178,28.153724128792128
high_resistance_stale,858.0,0.6192495380308353,7.272539373641908,4.113853273580061,0.13173707803315984,32.09591686631037,28.156381306844274
high_resistance_stale,859.0,0.6196535168224105,7.270697794091013,4.114272401926291,0.13170246812060388,32.09713425395455,28.15903418662661
high_resistance_stale,860.0,0.6200573933908626,7.268859339394154,4.114690881329908,0.1316679190080963,32.09834926836829,28.16168277453423
high_resistance_stale,861.0,0.6204611679095762,7.267024000722658,4.115108715573064,0.13163343050647536,32.09956191695095,28.164327076957903
high_resistance_stale,862.0,0.6208648405514533,7.265191769301595,4.1155259084297295,0.13159900242780928,32.10077220705784,28.166967100283976
high_resistance_stale,863.0,0.6212684114889186,7.263362636409295,4.115942463665466,0.13156463458538323,32.10198014600061,28.16960285089431
high_resistance_stale,864.0,0.6216718808939223,7.261536593376693,4.116358385037186,0.13153032679368531,32.10318574104778,28.172234335166255
high_resistance_stale,865.0,0.6220752489379437,7.259713631586604,4.116773676292928,0.13149607886839376,32.104388999425254,28.17486155947251
high_resistance_stale,866.0,0.6224785157919961,7.257893742473243,4.117188341171634,0.13146189062636332,32.10558992831672,28.177484530181097
high_resistance_stale,867.0,0.6228816816266289,7.256076917521482,4.11760238340293,0.13142776188561195,32.10678853486418,28.180103253655282
high_resistance_stale,868.0,0.6232847466119328,7.254263148266359,4.118015806706914,0.1313936924653076,32.10798482616839,28.182717736253515
high_resistance_stale,869.0,0.623687710917543,7.252452426292271,4.118428614793946,0.13135968218575458,32.109178809289425,28.18532798432933
high_resistance_stale,870.0,0.6240905747101004,7.2506447437596915,4.118840811384791,0.13132573087761723,32.11037049089954,28.1879340042947
high_resistance_stale,871.0,0.6244933381600454,7.24884009199683,4.119252400156094,0.13129183835723857,32.11155987821179,28.190535802450665
high_resistance_stale,872.0,0.6248960014355489,7.247038462757812,4.119663384788763,0.1312580044486893,32.112746978150405,28.193133385138662
high_resistance_stale,873.0,0.6252985647043197,7.245239847848143,4.120073768953346,0.1312242289772018,32.113931797597886,28.195726758695507
high_resistance_stale,874.0,0.6257010281336187,7.243444239122081,4.120483556309773,0.13119051176911944,32.115114343396776,28.19831592945305
high_resistance_stale,875.0,0.6261033918902619,7.241651628481956,4.120892750507164,0.13115685265188504,32.11629462235021,28.200900903738116
high_resistance_stale,876.0,0.626505656140624,7.239862007877746,4.121301355183669,0.13112325145402864,32.1174726412222,28.20348168787247
high_resistance_stale,877.0,0.6269078210506417,7.238075369306415,4.121709373966282,0.13108970800515563,32.118648406738174,28.206058288172713
high_resistance_stale,878.0,0.6273098867858169,7.236291704811395,4.122116810470679,0.13105622213593499,32.119821925585356,28.208630710950278
high_resistance_stale,879.0,0.6277118535112206,7.234511006482078,4.122523668301063,0.13102279367808722,32.12099320441317,28.211198962511318
high_resistance_stale,880.0,0.6281137213914955,7.232733266453169,4.122929951049991,0.13098942246437256,32.122162249833714,28.21376304915669
high_resistance_stale,881.0,0.62851549059086,7.2309584769042425,4.123335662298231,0.13095610832857896,32.12332906842212,28.216322977181857
high_resistance_stale,882.0,0.6289171612728924,7.229186630104231,4.123740805616356,0.1309228511063057,32.12449366668737,28.21887875288224
high_resistance_stale,883.0,0.629318733599055,7.227417718716436,4.124145384576429,0.13088965064032446,32.12565605087199,28.221430382589585
high_resistance_stale,884.0,0.6297202077336986,7.225651734765511,4.12454940271187,0.13085650676239974,32.12681622763092,28.22397787254875
high_resistance_stale,885.0,0.6301215838392593,7.223888670629034,4.124952863555745,0.1308234193107392,32.127974203379885,28.226521229035995
high_resistance_stale,886.0,0.6305228620777554,7.222128518728646,4.125355770628686,0.13079038812455437,32.12912998449847,28.229060458322174
high_resistance_stale,887.0,0.6309240426107909,7.220371271529561,4.1257581274387665,0.13075741304405014,32.13028357733048,28.231595566672627
high_resistance_stale,888.0,0.6313251255995582,7.218616921539982,4.126159937481367,0.13072449391041396,32.131434988184395,28.23412656034718
high_resistance_stale,889.0,0.6317261112048409,7.216865461310745,4.126561204239058,0.1306916305658055,32.13258422333364,28.23665344560007
high_resistance_stale,890.0,0.6321269995870171,7.21511688343485,4.126961931181487,0.13065882285334576,32.13373128901697,28.239176228679888
high_resistance_stale,891.0,0.6325277909060628,7.213371180546731,4.127362121765248,0.13062607061710657,32.13487619143899,28.241694915829562
high_resistance_stale,892.0,0.6329284853215541,7.211628345322014,4.127761779433779,0.13059337370209978,32.13601893677037,28.24420951328627
high_resistance_stale,893.0,0.6333290829926707,7.209888370476912,4.128160907617254,0.13056073195426698,32.137159531148264,28.246720027281384
high_resistance_stale,894.0,0.6337295840781985,7.208151248767715,4.128559509732469,0.13052814522046852,32.13829798067675,28.249226464040465
high_resistance_stale,895.0,0.6341299887361269,7.206416973073905,4.128957589185992,0.1304956133499466,32.13943429137238,28.251728829793056
high_resistance_stale,896.0,0.634530297123106,7.2046855365099045,4.129355149378427,0.1304631361962918,32.140568469091136,28.254227130785896
high_resistance_stale,897.0,0.6349305093978441,7.202956931726472,4.129752193677199,0.1304307136051252,32.141700519986074,28.256721373200346
high_resistance_stale,898.0,0.6353306257174777,7.201231151657206,4.130148725445469,0.1303983454272607,32.142830450018266,28.259211563240658
high_resistance_stale,899.0,0.6357306462387552,7.199508189275195,4.13054474803262,0.1303660315144098,32.14395826511634,28.26169770710521
high_resistance_stale,900.0,0.6361305711180417,7.197788037592427,4.130940264774166,0.13033377171917213,32.14508397117688,28.264179810986462
high_resistance_stale,901.0,0.6365304005113196,7.196070689659529,4.13133527899167,0.1303015658950261,32.14620757406468,28.266657881070902
high_resistance_stale,902.0,0.6369301345741926,7.19435613856524,4.131729793992667,0.13026941389631927,32.14732907961312,28.269131923539003
high_resistance_stale,903.0,0.6373297734618872,7.192644377435935,4.132123813070588,0.130237315578259,32.14844849362451,28.2716019445652
high_resistance_stale,904.0,0.6377293173292573,7.190935399435279,4.132517339504687,0.1302052707969028,32.14956582187039,28.274067950317818
high_resistance_stale,905.0,0.6381287663307843,7.189229197763686,4.132910376559966,0.13017327940914902,32.15068107009191,28.276529946959048
high_resistance_stale,906.0,0.6385281206205822,7.187525765657942,4.133302927487117,0.1301413412727272,32.15179424400014,28.278987940644893
high_resistance_stale,907.0,0.6389273803523992,7.185825096390816,4.133694995522447,0.13010945624618855,32.15290534927636,28.28144193752515
high_resistance_stale,908.0,0.6393265456790622,7.1841271833847395,4.1340865838922785,0.1300776241909248,32.15401439149784,28.283891943756718
high_resistance_stale,909.0,0.63972561675271,7.1824320201646845,4.134477695811065,0.1300458449703238,32.15512137616877,28.28633796549808
high_resistance_stale,910.0,0.6401245937268364,7.1807395999390895,4.1348683344650015,0.13001411844233912,32.156226308993936,28.28878000886022
high_resistance_stale,911.0,0.6405234767536581,7.179049916139502,4.1352585030330395,0.1299824444690611,32.157329195526245,28.291218079969866
high_resistance_stale,912.0,0.6409222659850321,7.1773629622328325,4.135648204679528,0.12995082291338292,32.15843004128947,28.293652184947515
high_resistance_stale,913.0,0.641320961572457,7.175678731720924,4.136037442554163,0.12991925363899248,32.159528851778546,28.296082329907346
high_resistance_stale,914.0,0.6417195636670766,7.173997218140088,4.136426219791943,0.1298877365103636,32.16062563245992,28.29850852095723
high_resistance_stale,915.0,0.6421180724196818,7.172318415060882,4.136814539513125,0.12985627139274777,32.161720388771755,28.30093076419867
high_resistance_stale,916.0,0.6425164879807128,7.170642316087553,4.137202404823187,0.12982485815216555,32.1628131261243,28.303349065726774
high_resistance_stale,917.0,0.6429148105002618,7.168968914857744,4.137589818812783,0.12979349665539824,32.16390384990015,28.305763431630204
high_resistance_stale,918.0,0.6433130401280759,7.167298205042113,4.1379767845577184,0.12976218676997925,32.16499256545455,28.30817386799116
high_resistance_stale,919.0,0.6437111770135582,7.165630180343824,4.138363305118899,0.12973092836418573,32.16607927811572,28.310580380885323
high_resistance_stale,920.0,0.6441092213057714,7.163964834498278,4.138749383542313,0.12969972130702997,32.16716399318509,28.312982976381846
high_resistance_stale,921.0,0.6445071731527622,7.162302161411168,4.139135022864432,0.12966856547073252,32.168246715847495,28.315381660559346
high_resistance_stale,922.0,0.6449050327024297,7.160642154981049,4.1395202261052315,0.12963746072753934,32.16932745128674,28.317776439485364
high_resistance_stale,923.0,0.6453028001034357,7.158984808913616,4.1399049962609,0.1296064069463967,32.17040620480655,28.320167319194788
high_resistance_stale,924.0,0.6457004755034182,7.157330117086676,4.140289336318148,0.12957540399948764,32.17148298159291,28.32255430573225
high_resistance_stale,925.0,0.646098059049679,7.155678073409699,4.140673249248688,0.12954445175971385,32.17255778680562,28.32493740513582
high_resistance_stale,926.0,0.6464955508891858,7.154028671823488,4.141056738009221,0.1295135501006883,32.17363062557852,28.327316623436978
high_resistance_stale,927.0,0.6468929511685764,7.152381906299786,4.1414398055414186,0.12948269889672762,32.17470150301979,28.329691966660576
high_resistance_stale,928.0,0.6472902600341579,7.150737770841005,4.141822454771907,0.1294518980228444,32.175770424212175,28.332063440824815
high_resistance_stale,929.0,0.6476874776319107,7.149096259479783,4.142204688612254,0.12942114735473995,32.17683739421328,28.334431051941227
high_resistance_stale,930.0,0.6480846041074902,7.147457366278714,4.142586509958962,0.12939044676879652,32.17790241805582,28.3367948060146
high_resistance_stale,931.0,0.6484816396062292,7.14582108532993,4.1429679216934545,0.12935979614206972,32.178965500747914,28.33915470904301
high_resistance_stale,932.0,0.6488785842731396,7.144187410754864,4.143348926682073,0.1293291953522812,32.18002664727326,28.34151076701774
high_resistance_stale,933.0,0.6492754382529147,7.142556336703731,4.143729527776064,0.12929864427781082,32.181085862591516,28.343862985923273
high_resistance_stale,934.0,0.6496722016891613,7.140927857512346,4.144109727817775,0.12926814280052484,32.18214315153655,28.346211371755277
high_resistance_stale,935.0,0.6500688747257859,7.139301967419608,4.1444895296295226,0.1292376908006723,32.18319851899993,28.34855593048819
high_resistance_stale,936.0,0.6504654575069592,7.137678660574883,4.144868936013897,0.12920728815701898,32.18425196992609,28.350896668076068
high_resistance_stale,937.0,0.650861950176045,7.136057931256216,4.145247949762381,0.12917693475078673,32.185303509170694,28.353233590477686
high_resistance_stale,938.0,0.6512583528760937,7.134439773770007,4.145626573651412,0.12914663046384137,32.186353141565846,28.35556670364498
high_resistance_stale,939.0,0.6516546657498429,7.13282418245084,4.1460048104423874,0.1291163751786856,32.187400871920204,28.35789601352307
high_resistance_stale,940.0,0.6520508889397206,7.131211151661034,4.146382662881671,0.1290861687784528,32.18844670501933,28.360221526050193
high_resistance_stale,941.0,0.6524470225878465,7.1296006757904244,4.146760133700601,0.12905601114689974,32.18949064562585,28.36254324715774
high_resistance_stale,942.0,0.6528430668360339,7.127992749256,4.1471372256155,0.12902590216840026,32.19053269847972,28.364861182770134
high_resistance_stale,943.0,0.6532390218257919,7.126387366501613,4.1475139413276825,0.1289958417279383,32.191572868298465,28.367175338804905
high_resistance_stale,944.0,0.6536348876983273,7.124784521997653,4.147890283523469,0.12896582971110115,32.19261115977739,28.36948572117259
high_resistance_stale,945.0,0.6540306645945471,7.12318421024079,4.148266254874204,0.128935866004073,32.19364757758983,28.371792335776775
high_resistance_stale,946.0,0.6544263526550584,7.1215864257535575,4.1486418580362585,0.12890595049362782,32.19468212638739,28.374095188513984
high_resistance_stale,947.0,0.6548219520193334,7.119991163254797,4.14901709565781,0.1288760830702177,32.19571481068971,28.376394285293106
high_resistance_stale,948.0,0.6552174628275074,7.118398417293918,4.149391970364398,0.12884626362133814,32.196745635121246,28.378689631993844
high_resistance_stale,949.0,0.6556128852195663,7.116808182416322,4.149766484765497,0.1288164920345297,32.197774604304186,28.380981234485514
high_resistance_stale,950.0,0.656008219334874,7.115220453259343,4.150140641458347,0.1287867681991148,32.19880172279636,28.38326909863797
high_resistance_stale,951.0,0.6564034653125005,7.113635224485759,4.150514443025356,0.1287570920049931,32.19982699513434,28.385553230314027
high_resistance_stale,952.0,0.6567986232912225,7.1120524907836495,4.150887892034125,0.12872746334263552,32.20085042583355,28.387833635369493
high_resistance_stale,953.0,0.657193693409526,7.110472246866018,4.1512609910374705,0.12869788210307784,32.20187201938855,28.39011031965311
high_resistance_stale,954.0,0.6575886758056086,7.108894487470594,4.151633742573452,0.12866834817791525,32.20289178027319,28.392383289006553
high_resistance_stale,955.0,0.6579835706173792,7.107319207359445,4.152006149165394,0.12863886145929593,32.203909712940884,28.394652549264404
high_resistance_stale,956.0,0.6583783779824617,7.105746401318885,4.152378213321918,0.12860942183991547,32.204925821824716,28.396918106254116
high_resistance_stale,957.0,0.6587730980381957,7.104176064158976,4.152749937536966,0.12858002921301018,32.20594011133776,28.399179965796023
high_resistance_stale,958.0,0.6591677309216392,7.102608190713417,4.153121324289831,0.12855068347235196,32.20695258587321,28.401438133703298
high_resistance_stale,959.0,0.6595622767695691,7.101042775839232,4.153492376045191,0.1285213845122416,32.207963249804614,28.403692615781946
high_resistance_stale,960.0,0.659956735717594,7.099479814596619,4.153863095260275,0.1284921322307795,32.20897210736978,28.405943417850967
high_resistance_stale,961.0,0.6603511079022799,7.097919301818635,4.154233484367851,0.128462926522038,32.209979162948656,28.408190545694108
high_resistance_stale,962.0,0.6607453934597022,7.096361232404486,4.154603545787893,0.12843376728139494,32.21098442087394,28.410434005092796
high_resistance_stale,963.0,0.6611395925254705,7.094805601314301,4.15497328192742,0.12840465440543783,32.21198788543451,28.41267380182552
high_resistance_stale,964.0,0.6615337052349185,7.093252403531061,4.155342695179033,0.12837558779127167,32.212989560900034,28.414909941663616
high_resistance_stale,965.0,0.6619277317231043,7.091701634060603,4.155711787920955,0.1283465673365142,32.21398945152101,28.417142430371232
high_resistance_stale,966.0,0.6623216721248124,7.090153287931056,4.156080562517066,0.12831759293929001,32.214987561529114,28.419371273705316
high_resistance_stale,967.0,0.6627155265745549,7.088607360192826,4.156449021316939,0.12828866449822554,32.21598389513728,28.421596477415594
high_resistance_stale,968.0,0.6631092952065739,7.0870638459182675,4.15681716665588,0.1282597819124436,32.21697845653992,28.42381804724458
high_resistance_stale,969.0,0.663502978154842,7.085522740201428,4.157185000854971,0.12823094508155805,32.21797124991311,28.426035988927516
high_resistance_stale,970.0,0.6638965755530646,7.083984038157835,4.1575525262210995,0.12820215390566828,32.218962279414775,28.428250308192386
high_resistance_stale,971.0,0.6642900875346813,7.082447734924247,4.157919745047011,0.12817340828535434,32.219951549184835,28.43046101075989
high_resistance_stale,972.0,0.6646835142328669,7.080913825658348,4.158286659611339,0.128144708121671,32.220939063345476,28.43266810234342
high_resistance_stale,973.0,0.6650768557796113,7.0793823057250265,4.15865327218607,0.12811605331954537,32.221924825881246,28.434871588669694
high_resistance_stale,974.0,0.6654701123080929,7.077853170216724,4.159019585017519,0.12808744377902193,32.222908840947866,28.437071475425657
high_resistance_stale,975.0,0.6658632839507221,7.076326414348879,4.159385600342104,0.12805887940248048,32.22389111261765,28.439267768302315
high_resistance_stale,976.0,0.6662563708395762,7.074802033371982,4.159751320382915,0.12803036009302937,32.224871644936165,28.44146047298494
high_resistance_stale,977.0,0.6666493731064718,7.073280022557197,4.160116747349177,0.1280018857542419,32.22585044193151,28.44364959515153
high_resistance_stale,978.0,0.6670422908829655,7.071760377196051,4.160481883436304,0.12797345629015142,32.226827507614544,28.44583514047279
high_resistance_stale,979.0,0.6674351243003566,7.0702430926003235,4.160846730825952,0.12794507160524682,32.22780284597897,28.448017114612117
high_resistance_stale,980.0,0.6678278734896862,7.068728164101789,4.161211291686053,0.12791673160446762,32.22877646100155,28.450195523225574
high_resistance_stale,981.0,0.6682205385817417,7.067215587051991,4.161575568170872,0.1278884361931991,32.22974835664225,28.45237037196191
high_resistance_stale,982.0,0.6686131197070553,7.065705356821974,4.161939562421047,0.12786018527726775,32.23071853684442,28.454541666462493
high_resistance_stale,983.0,0.669005616995907,7.064197468802233,4.1623032765636445,0.1278319787629363,32.231687005534916,28.456709412361356
high_resistance_stale,984.0,0.6693980305783259,7.062691918402243,4.162666712712202,0.1278038165568992,32.232653766624345,28.45887361528514
high_resistance_stale,985.0,0.6697903605840653,7.061188701055733,4.163029872966988,0.12777569856637425,32.23361882400376,28.461034280853678
high_resistance_stale,986.0,0.6701826071417917,7.059687812383858,4.16339275942158,0.12774762470209805,32.23458218143995,28.463191414697807
high_resistance_stale,987.0,0.6705747703813844,7.0581892477323755,4.163755374144448,0.12771959486983162,32.2355438428725,28.465345022408886
high_resistance_stale,988.0,0.6709668504318349,7.05669300259449,4.164117719195891,0.1276916089781201,32.23650381214245,28.46749510958496
high_resistance_stale,989.0,0.6713588474218873,7.055199072482201,4.164479796622961,0.1276636669359309,32.23746209307483,28.469641681816686
high_resistance_stale,990.0,0.6717507614800388,7.0537074529261305,4.164841608459512,0.12763576865264922,32.238418689478834,28.471784744687387
high_resistance_stale,991.0,0.6721425927345402,7.0522181394752925,4.165203156726253,0.12760791403807403,32.23937360514798,28.47392430377299
high_resistance_stale,992.0,0.6725343413133998,7.050731127696987,4.165564443430808,0.12758010300241376,32.24032684386022,28.47606036464204
high_resistance_stale,993.0,0.6729260073443815,7.049246413176419,4.165925470567754,0.127552335456282,32.241278409378154,28.478192932855688
high_resistance_stale,994.0,0.6733175909550079,7.047763991516737,4.166286240118688,0.1275246113106933,32.242228305449096,28.48032201396767
high_resistance_stale,995.0,0.673709092272562,7.046283858338673,4.166646754052273,0.12749693047705885,32.24317653580527,28.4824476135243
high_resistance_stale,996.0,0.6741005114240864,7.044806009280385,4.167007014324289,0.1274692928671825,32.244123104163954,28.484569737064497
high_resistance_stale,997.0,0.6744918485363863,7.043330439997309,4.167367022877696,0.12744169839325603,32.245068014227606,28.486688390119696
high_resistance_stale,998.0,0.6748831037358725,7.041857146193974,4.167726781643974,0.12741414696845815,32.24601126966349,28.48880357821733
high_resistance_stale,999.0,0.675274277147925,7.04038612375259,4.168086292548385,0.12738663850937199,32.24695287402145,28.490915306894536
high_resistance_stale,1000.0,0.6756653688993525,7.0389173682356905,4.168445557489938,0.1273591729266289,32.24789283105227,28.493023581645073
high_resistance_stale,1001.0,0.6760563791159582,7.037450875378503,4.168804578361344,0.12733175013417097,32.24883114439247,28.495128407971904
high_resistance_stale,1002.0,0.6764473079233088,7.035986640933604,4.1691633570428035,0.12730437004632705,32.24976781766381,28.497229791370625
high_resistance_stale,1003.0,0.6768381554467354,7.034524660670712,4.169521895402064,0.1272770325778097,32.25070285447344,28.499327737329427
high_resistance_stale,1004.0,0.6772289218113342,7.03306493037661,4.169880195294472,0.12724973764371122,32.25163625841394,28.501422251329146
high_resistance_stale,1005.0,0.6776196071419679,7.031607445854882,4.1702382585630335,0.1272224851595003,32.252568033063554,28.5035133388432
high_resistance_stale,1006.0,0.6780102115632665,7.030152202925815,4.170596087038469,0.12719527504101866,32.25349818198624,28.50560100533761
high_resistance_stale,1007.0,0.6784007351996293,7.0286991974263175,4.170953682539273,0.12716810720447716,32.254426708731756,28.507685256271
high_resistance_stale,1008.0,0.6787911781752245,7.027248425209483,4.1713110468717645,0.1271409815664525,32.25535361683595,28.509766097094573
high_resistance_stale,1009.0,0.6791815406139912,7.025799882144836,4.171668181830153,0.12711389804388384,32.256278909820615,28.511843533252126
high_resistance_stale,1010.0,0.6795718226396406,7.024353564117822,4.172025089196588,0.12708685655406876,32.257202591193874,28.513917570180016
high_resistance_stale,1011.0,0.6799620243756564,7.022909467029799,4.172381770741222,0.12705985701466038,32.25812466445014,28.515988213307185
high_resistance_stale,1012.0,0.6803521459452971,7.021467586797894,4.172738228222263,0.12703289934366313,32.259045133070295,28.518055468055127
high_resistance_stale,1013.0,0.6807421874715952,7.02002791935474,4.1730944633860325,0.12700598345942996,32.25996400052182,28.520119339837898
high_resistance_stale,1014.0,0.6811321490773601,7.01859046064843,4.1734504779670285,0.12697910928065814,32.26088127025886,28.522179834062108
high_resistance_stale,1015.0,0.6815220308851779,7.0171552066422676,4.173806273687974,0.12695227672638623,32.26179694572242,28.524236956126902
high_resistance_stale,1016.0,0.6819118330174134,7.015722153314649,4.1741618522598865,0.1269254857159903,32.262711030340455,28.526290711423975
high_resistance_stale,1017.0,0.6823015555962105,7.01429129665889,4.174517215382119,0.12689873616918035,32.26362352752797,28.528341105337557
high_resistance_stale,1018.0,0.6826911987434943,7.012862632683033,4.174872364742434,0.12687202800599698,32.26453444068718,28.530388143244398
high_resistance_stale,1019.0,0.6830807625809697,7.011436157409758,4.175227302017051,0.12684536114680772,32.26544377320759,28.532431830513755
high_resistance_stale,1020.0,0.6834702472301262,7.010011866876132,4.175582028870707,0.12681873551230355,32.266351528466174,28.53447217250744
high_resistance_stale,1021.0,0.6838596528122359,7.0085897571335,4.175936546956713,0.1267921510234953,32.267257709827426,28.53650917457973
high_resistance_stale,1022.0,0.6842489794483556,7.00716982424727,4.176290857917015,0.12676560760171027,32.26816232064357,28.538542842077426
high_resistance_stale,1023.0,0.6846382272593285,7.005752064296848,4.1766449633822464,0.1267391051685885,32.269065364254566,28.54057318033983
high_resistance_stale,1024.0,0.685027396365675,7.004336473389461,4.176998864972013,0.12671264364604162,32.26996684397937,28.542600194699915
high_resistance_stale,1025.0,0.685416486887703,7.002923047646033,4.177352564294731,0.12668622295628687,32.27086676312491,28.54462389048316
high_resistance_stale,1026.0,0.6858054989457746,7.001511783166695,4.177706062947125,0.12665984302193542,32.27176512500809,28.546644273004596
high_resistance_stale,1027.0,0.6861944326598808,7.000102676085762,4.17805936251518,0.1266335037658411,32.27266193292077,28.54866134757353
high_resistance_stale,1028.0,0.6865832881498025,6.998695722550642,4.178412464573851,0.12660720511115287,32.273557190143244,28.550675119491714
high_resistance_stale,1029.0,0.6869720655351131,6.99729091872182,4.178765370687134,0.12658094698131123,32.274450899944235,28.55268559405338
high_resistance_stale,1030.0,0.6873607649351788,6.9958882607725075,4.1791180824081104,0.12655472930004455,32.275343065581154,28.554692776545203
high_resistance_stale,1031.0,0.6877493864691602,6.994487744888666,4.179470601279018,0.12652855199136584,32.2762336903001,28.55669667224633
high_resistance_stale,1032.0,0.6881379302560121,6.9930893672686985,4.1798229288312925,0.12650241497956882,32.27712277733607,28.558697286428327
high_resistance_stale,1033.0,0.6885263964144863,6.991693124123308,4.180175066585635,0.12647631818922483,32.27801032991304,28.560694624355225
high_resistance_stale,1034.0,0.6889147850631321,6.9902990116754316,4.18052701605207,0.12645026154517894,32.278896351244065,28.562688691283476
high_resistance_stale,1035.0,0.6893030963202963,6.988907026159939,4.180878778729992,0.12642424497254642,32.279780844531466,28.56467949246197
high_resistance_stale,1036.0,0.6896913303041253,6.987517163823505,4.18123035610823,0.12639826839670967,32.28066381296691,28.566667033132006
high_resistance_stale,1037.0,0.6900794871325667,6.986129420924505,4.181581749665103,0.12637233174331403,32.2815452597315,28.56865131852731
high_resistance_stale,1038.0,0.6904675669233689,6.984743793732811,4.181932960868473,0.1263464349382647,32.282425187995955,28.570632353874004
high_resistance_stale,1039.0,0.6908555697940829,6.9833602785295446,4.182283991175806,0.12632057790772294,32.28330360092072,28.572610144390634
high_resistance_stale,1040.0,0.6912434958620637,6.981978871607071,4.182634842034223,0.12629476057810296,32.28418050165602,28.57458469528813
high_resistance_stale,1041.0,0.6916313452444709,6.980599569268666,4.182985514880559,0.12626898287606775,32.2850558933421,28.576556011769814
high_resistance_stale,1042.0,0.6920191180582701,6.979222367828443,4.18333601114142,0.12624324472852605,32.28592977910923,28.5785240990314
high_resistance_stale,1043.0,0.6924068144202336,6.977847263611187,4.1836863322332345,0.1262175460626287,32.286802162077905,28.58048896226099
high_resistance_stale,1044.0,0.6927944344469416,6.976474252952114,4.184036479562312,0.12619188680576493,32.28767304535892,28.58245060663904
high_resistance_stale,1045.0,0.693181978254783,6.975103332196758,4.184386454524897,0.12616626688555904,32.28854243205353,28.58440903733838
high_resistance_stale,1046.0,0.6935694459599581,6.973734497700833,4.184736258507226,0.1261406862298667,32.28941032525351,28.58636425952421
high_resistance_stale,1047.0,0.6939568376764956,6.972367746231223,4.185085892901797,0.12611514477425956,32.290276727787024,28.588316278395787
high_resistance_stale,1048.0,0.6943441535124121,6.9710030757454176,4.18543535913892,0.12608964247655616,32.291141641724906,28.590265099267388
high_resistance_stale,1049.0,0.6947313935909691,6.969640481084217,4.185784658512729,0.12606417923645916,32.29200507111055,28.592210727120698
high_resistance_stale,1050.0,0.6951185580274145,6.968279958683467,4.186133792371639,0.12603875498348016,32.2928670189732,28.59415316709456
high_resistance_stale,1051.0,0.6955056469368015,6.9669215049903706,4.186482762054417,0.12601336964738402,32.29372748833194,28.596092424320386
high_resistance_stale,1052.0,0.6958926604339886,6.965565116463519,4.186831568890235,0.1259880231581861,32.294586482195754,28.598028503922112
high_resistance_stale,1053.0,0.6962795986336411,6.9642107895726175,4.187180214198729,0.12596271544614987,32.29544400356365,28.599961411016242
high_resistance_stale,1054.0,0.6966664616502322,6.962858520798487,4.187528699290055,0.12593744644178387,32.29630005542472,28.601891150711825
high_resistance_stale,1055.0,0.6970532495980426,6.961508306632848,4.187877025464939,0.1259122160758396,32.297154640758265,28.603817728110457
high_resistance_stale,1056.0,0.6974399625911633,6.960160143578314,4.188225194014743,0.1258870242793084,32.298007762533814,28.605741148306286
high_resistance_stale,1057.0,0.6978266007434941,6.958814028148093,4.188573206221508,0.12586187098341908,32.298859423711335,28.607661416385987
high_resistance_stale,1058.0,0.6982131641687465,6.957469956866064,4.188921063358018,0.1258367561196353,32.299709627241185,28.609578537428796
high_resistance_stale,1059.0,0.6985996529804431,6.956127926266504,4.189268766687851,0.12581167961965267,32.30055837606433,28.611492516506505
high_resistance_stale,1060.0,0.698986067291919,6.954787932894022,4.189616317465433,0.1257866414153965,32.30140567311235,28.613403358683424
high_resistance_stale,1061.0,0.6993724072163232,6.953449973303447,4.189963716936096,0.1257616414390189,32.30225152130756,28.61531106901641
high_resistance_stale,1062.0,0.6997586728666181,6.952114044059688,4.190310966336127,0.1257366796228961,32.30309592356309,28.61721565255487
high_resistance_stale,1063.0,0.7001448643555814,6.9507801417375985,4.1906580668928255,0.12571175589962602,32.30393888278301,28.619117114340742
high_resistance_stale,1064.0,0.7005309817958066,6.949448262921897,4.191005019824559,0.1256868702020256,32.30478040186235,28.621015459408508
high_resistance_stale,1065.0,0.7009170252997037,6.948118404207008,4.191351826340812,0.1256620224631279,32.305620483687264,28.62291069278519
high_resistance_stale,1066.0,0.7013029949795005,6.946790562196892,4.191698487642238,0.12563721261617986,32.3064591311351,28.624802819490345
high_resistance_stale,1067.0,0.7016888909472426,6.945464733505048,4.192045004920723,0.12561244059463936,32.30729634707444,28.626691844536058
high_resistance_stale,1068.0,0.7020747133147951,6.944140914754245,4.1923913793594245,0.12558770633217273,32.30813213436527,28.628577772926953
high_resistance_stale,1069.0,0.7024604621935504,6.942819102635098,4.192737612135215,0.12556300976375684,32.308966495822055,28.630460609665953
high_resistance_stale,1070.0,0.7028461376886647,6.941499295061512,4.193083704465634,0.12553835084745926,32.30979943348457,28.632340359867854
high_resistance_stale,1071.0,0.7032317399168196,6.940181487610803,4.193429657464444,0.1255137294973239,32.31063095086474,28.634217028409385
high_resistance_stale,1072.0,0.7036172689890466,6.93886567696578,4.193775472281411,0.12548914564827157,32.31146105077392,28.636090620267623
high_resistance_stale,1073.0,0.7040027250161948,6.9375518598190995,4.194121150057887,0.12546459923544043,32.31228973601457,28.637961140412312
high_resistance_stale,1074.0,0.7043881081089307,6.936240032873218,4.1944666919268645,0.1254400901941837,32.31311700938031,28.639828593805824
high_resistance_stale,1075.0,0.7047734183777404,6.934930192840376,4.194812099013028,0.12541561846006763,32.313942873655954,28.64169298540319
high_resistance_stale,1076.0,0.7051586559329291,6.933622336442282,4.195157372432804,0.12539118396886936,32.31476733161767,28.643554320152074
high_resistance_stale,1077.0,0.7055438208846228,6.932316460410289,4.195502513294418,0.12536678665657472,32.31559038603294,28.64541260299281
high_resistance_stale,1078.0,0.7059289133427676,6.931012561485019,4.19584752269794,0.12534242645937596,32.31641203966077,28.647267838858372
high_resistance_stale,1079.0,0.706313933417132,6.929710636416495,4.196192401735339,0.12531810331366985,32.31723229525164,28.649120032674396
high_resistance_stale,1080.0,0.7066988812173067,6.928410681963912,4.196537151490537,0.12529381715605528,32.31805115554765,28.650969189359166
high_resistance_stale,1081.0,0.7070837568527053,6.927112694895538,4.19688177303945,0.12526956792333113,32.3188686232826,28.65281531382363
high_resistance_stale,1082.0,0.7074685604325649,6.925816671988665,4.197226267450049,0.12524535555249422,32.31968470118199,28.65465841097139
high_resistance_stale,1083.0,0.7078532920659482,6.924522610029495,4.197570635782407,0.125221179980737,32.320499391963196,28.656498485698698
high_resistance_stale,1084.0,0.7082379518617415,6.923230505812985,4.197914879088746,0.1251970411454456,32.321312698335475,28.65833554289448
high_resistance_stale,1085.0,0.7086225399286581,6.921940356142826,4.198258998413489,0.1251729389841975,32.32212462300006,28.660169587440336
high_resistance_stale,1086.0,0.709007056375238,6.920652157831298,4.198602994793311,0.1251488734347593,32.322935168650226,28.662000624210506
high_resistance_stale,1087.0,0.7093915013098477,6.91936590769916,4.1989468692571865,0.1251248444350849,32.32374433797139,28.663828658071896
high_resistance_stale,1088.0,0.7097758748406823,6.918081602575549,4.199290622826437,0.12510085192331283,32.32455213364117,28.66565369388411
high_resistance_stale,1089.0,0.7101601770757655,6.916799239297917,4.199634256514784,0.12507689583776455,32.32535855832944,28.66747573649938
high_resistance_stale,1090.0,0.7105444081229502,6.91551881471188,4.199977771328394,0.12505297611694202,32.32616361469845,28.66929479076264
high_resistance_stale,1091.0,0.7109285680899197,6.914240325671157,4.200321168265926,0.12502909269952575,32.32696730540285,28.671110861511472
high_resistance_stale,1092.0,0.7113126570803189,6.912963769809214,4.200664448350341,0.12500524553933398,32.32776963260478,28.67292395364476
high_resistance_stale,1093.0,0.7116966752041964,6.911689143456784,4.201007612543258,0.12498143456494566,32.3285705992828,28.674734071937518
high_resistance_stale,1094.0,0.7120806225690247,6.910416443432463,4.201350661818691,0.12495765971442226,32.32937020810628,28.676541221200118
high_resistance_stale,1095.0,0.7124644992817379,6.909145666636782,4.201693597146393,0.12493392092743491,32.33016846169065,28.67834540624223
high_resistance_stale,1096.0,0.7128483054490993,6.907876809978543,4.202036419488878,0.12491021814383664,32.33096536264367,28.68014663186626
high_resistance_stale,1097.0,0.7132320411777027,6.906609870374831,4.202379129801471,0.12488655130366054,32.331760913565496,28.681944902867368
high_resistance_stale,1098.0,0.7136157065739736,6.905344844750881,4.202721729032357,0.12486292034711788,32.33255511704875,28.683740224033453
high_resistance_stale,1099.0,0.7139993017441691,6.904081730039915,4.203064218122618,0.12483932521459629,32.33334797567859,28.685532600145166
high_resistance_stale,1100.0,0.7143828267943788,6.9028205231832,4.20340659800629,0.12481576584665775,32.33413949203276,28.687322035975942
high_resistance_stale,1101.0,0.7147662818305256,6.901561221129838,4.203748869610407,0.12479224218403691,32.334929668681674,28.689108536291936
high_resistance_stale,1102.0,0.7151496669583658,6.900303820836729,4.2040910338550415,0.12476875416763913,32.33571850818846,28.690892105852086
high_resistance_stale,1103.0,0.71553298228349,6.899048319268456,4.204433091653357,0.12474530173853855,32.33650601310905,28.69267274940809
high_resistance_stale,1104.0,0.7159162279113243,6.897794713397263,4.204775043911648,0.12472188483797637,32.33729218599222,28.694450471704418
high_resistance_stale,1105.0,0.7162994039471299,6.896543000202902,4.205116891529394,0.12469850340735893,32.338077029379654,28.696225277478295
high_resistance_stale,1106.0,0.7166825104960045,6.89529317667252,4.20545863539929,0.12467515738825573,32.338860545806064,28.697997171459736
high_resistance_stale,1107.0,0.7170655476628823,6.894045239800634,4.205800276407304,0.12465184672239778,32.33964273779919,28.699766158371524
high_resistance_stale,1108.0,0.7174485155525362,6.892799186589055,4.206141815432719,0.12462857135167549,32.34042360787988,28.701532242929225
high_resistance_stale,1109.0,0.7178314142695755,6.891555014046724,4.20648325334817,0.12460533121813698,32.34120315856216,28.703295429841177
high_resistance_stale,1110.0,0.7182142439184495,6.890312719189678,4.206824591019698,0.12458212626398622,32.34198139235332,28.70505572380851
high_resistance_stale,1111.0,0.7185970046034466,6.889072299040908,4.207165829306785,0.12455895643158109,32.34275831175396,28.706813129525134
high_resistance_stale,1112.0,0.7189796964286946,6.887833750630365,4.207506969062401,0.12453582166343143,32.34353391925806,28.708567651677754
high_resistance_stale,1113.0,0.719362319498163,6.8865970709947755,4.207848011133052,0.12451272190219737,32.34430821735301,28.710319294945872
high_resistance_stale,1114.0,0.7197448739126314,6.885362257774793,4.2081889563826875,0.12448965710158413,32.34508120814593,28.712068064052794
high_resistance_stale,1115.0,0.7201273597771856,6.884129307738203,4.208529805633713,0.12446662719939063,32.34585289428818,28.713813963639463
high_resistance_stale,1116.0,0.7205097771961017,6.882898217787797,4.20887055970733,0.12444363213590788,32.34662327834425,28.715556998350632
high_resistance_stale,1117.0,0.7208921262726439,6.881668985001236,4.209211219425177,0.1244206718546425,32.34739236276691,28.717297172838233
high_resistance_stale,1118.0,0.721274407109917,6.8804416064632745,4.2095517856026605,0.12439774629925489,32.34816015000223,28.719034491747056
high_resistance_stale,1119.0,0.7216566198108658,6.879216079265634,4.209892259048998,0.12437485541355761,32.34892664248969,28.720768959714793
high_resistance_stale,1120.0,0.7220387644782772,6.877992400506999,4.210232640567269,0.12435199914151383,32.34969184266218,28.72250058137197
high_resistance_stale,1121.0,0.7224208412147798,6.876770567292875,4.210572930954445,0.12432917742723568,32.35045575294611,28.724229361342022
high_resistance_stale,1122.0,0.7228028501228443,6.8755505767355345,4.210913131001437,0.12430639021498274,32.35121837576144,28.725955304241264
high_resistance_stale,1123.0,0.7231847913047845,6.8743324259540115,4.211253241493136,0.12428363744916035,32.35197971352169,28.727678414678888
high_resistance_stale,1124.0,0.7235666648627579,6.873116112073897,4.211593263208453,0.12426091907431809,32.3527397686341,28.729398697256986
high_resistance_stale,1125.0,0.7239484708987659,6.871901632227367,4.211933196920359,0.12423823503514815,32.35349854349958,28.731116156570547
high_resistance_stale,1126.0,0.7243302095146547,6.870688983553075,4.212273043395929,0.12421558527648376,32.35425604051284,28.732830797207445
high_resistance_stale,1127.0,0.7247118808121153,6.869478163196081,4.212612803396378,0.12419296974329758,32.355012262062374,28.734542623748478
high_resistance_stale,1128.0,0.725093484892685,6.868269168307703,4.212952477677098,0.12417038838070014,32.35576721053063,28.736251640767343
high_resistance_stale,1129.0,0.7254750218577468,6.867061996045592,4.213292066987709,0.12414784113393819,32.35652088829392,28.737957852830657
high_resistance_stale,1130.0,0.7258564918085311,6.865856643573557,4.213631572072087,0.12412532794839314,32.357273297722585,28.739661264497933
high_resistance_stale,1131.0,0.7262378948461151,6.864653108061389,4.213970993668404,0.1241028487695795,32.35802444118105,28.741361880321634
high_resistance_stale,1132.0,0.7266192310714246,6.86345138668504,4.214310332509174,0.12408040354314322,32.35877432102778,28.74305970484712
high_resistance_stale,1133.0,0.7270005005852332,6.86225147662635,4.214649589321287,0.12405799221486015,32.35952293961543,28.7447547426127
high_resistance_stale,1134.0,0.7273817034881643,6.86105337507297,4.214988764826047,0.1240356147306344,32.3602702992909,28.7464469981496
high_resistance_stale,1135.0,0.7277628398806905,6.859857079218424,4.215327859739208,0.12401327103649681,32.361016402395315,28.748136475981998
high_resistance_stale,1136.0,0.7281439098604044,6.85866258680082,4.2156668747924,0.1239909610882528,32.36176125092812,28.749823180673733
high_resistance_stale,1137.0,0.7285249135278833,6.8574698949456545,4.216005810687245,0.12396868483075621,32.362504847268816,28.751507116727964
high_resistance_stale,1138.0,0.7289058509845757,6.856279000582326,4.216344668111938,0.12394644220537558,32.36324719391699,28.753188288623328
high_resistance_stale,1139.0,0.7292867223302758,6.855089900943007,4.216683447761063,0.12392423315892263,32.36398829318133,28.754866700857175
high_resistance_stale,1140.0,0.7296675276646266,6.853902593266053,4.217022150323879,0.12390205763834206,32.36472814736459,28.75654235791991
high_resistance_stale,1141.0,0.7300482670871198,6.852717074795988,4.217360776484351,0.12387991559071021,32.36546675876362,28.758215264294943
high_resistance_stale,1142.0,0.7304289406970963,6.8515333427834,4.217699326921189,0.12385780696323392,32.36620412966943,28.75988542445875
high_resistance_stale,1143.0,0.730809548593747,6.850351394484879,4.218037802307886,0.12383573170324906,32.36694026236723,28.761552842880832
high_resistance_stale,1144.0,0.7311900908761125,6.8491712271630885,4.218376203312751,0.12381368975821938,32.36767515913642,28.76321752402374
high_resistance_stale,1145.0,0.7315705676430845,6.847992838086511,4.218714530598948,0.12379168107573524,32.36840882225072,28.764879472343083
high_resistance_stale,1146.0,0.7319509789934057,6.846816224529441,4.219052784824531,0.1237697056035121,32.3691412539782,28.76653869228753
high_resistance_stale,1147.0,0.7323313250256704,6.845641383772083,4.2193909666424805,0.12374776328938951,32.36987245658123,28.768195188298805
high_resistance_stale,1148.0,0.7327116058383253,6.844468313100282,4.219729076700738,0.12372585408132968,32.370602432316645,28.76984896481173
high_resistance_stale,1149.0,0.7330918215296688,6.843297009805544,4.22006711564224,0.12370397792741618,32.37133118343575,28.77150002625418
high_resistance_stale,1150.0,0.7334719721978532,6.8421274711850275,4.220405084104955,0.12368213477585265,32.37205871218433,28.773148377047114
high_resistance_stale,1151.0,0.7338520579408839,6.840959694541361,4.22074298272192,0.12366032457496168,32.37278502080275,28.774794021604592
high_resistance_stale,1152.0,0.7342320788566201,6.839793677182746,4.22108081212127,0.12363854727318319,32.37351011152595,28.776436964333758
high_resistance_stale,1153.0,0.7346120350427757,6.838629416422758,4.221418572926276,0.12361680281907347,32.37423398658351,28.778077209634855
high_resistance_stale,1154.0,0.7349919265969196,6.837466909580321,4.221756265755379,0.12359509116130375,32.374956648199735,28.779714761901243
high_resistance_stale,1155.0,0.7353717536164752,6.836306153979658,4.222093891222218,0.12357341224865885,32.37567809859363,28.78134962551937
high_resistance_stale,1156.0,0.7357515161987228,6.835147146950263,4.222431449935675,0.12355176603003602,32.376398339978984,28.782981804868818
high_resistance_stale,1157.0,0.736131214440798,6.833989885826805,4.222768942499896,0.12353015245444351,32.377117374564406,28.784611304322283
high_resistance_stale,1158.0,0.7365108484378766,6.8328343683099595,4.223106369528978,0.12350857147776442,32.377835204329195,28.786238128275205
high_resistance_stale,1159.0,0.7368904182861409,6.831680591877349,4.223443731623088,0.12348702305170971,32.37855183138938,28.787862281097414
high_resistance_stale,1160.0,0.7372699240840063,6.830528553539713,4.223781029358626,0.12346550711925655,32.37926725814903,28.789483767113186
high_resistance_stale,1161.0,0.7376493659279677,6.829378250666013,4.224118263321726,0.12344402363010909,32.37998148678773,28.791102590668906
high_resistance_stale,1162.0,0.7380287439143752,6.828229680630748,4.224455434093974,0.12342257253408913,32.3806945194797,28.792718756104193
high_resistance_stale,1163.0,0.7384080581394342,6.82708284081396,4.224792542252458,0.12340115378113513,32.3814063583938,28.79433226775186
high_resistance_stale,1164.0,0.738787308699206,6.825937728601136,4.2251295883697875,0.12337976732130121,32.382117005693615,28.795943129937935
high_resistance_stale,1165.0,0.7391664956896082,6.824794341383224,4.225466573014129,0.12335841310475619,32.382826463537434,28.797551346981695
high_resistance_stale,1166.0,0.7395456192064153,6.823652676556557,4.2258034967492435,0.12333709108178248,32.383534734078296,28.79915692319563
high_resistance_stale,1167.0,0.739924679345258,6.822512731522835,4.22614036013451,0.12331580120277516,32.38424181946404,28.800759862885474
high_resistance_stale,1168.0,0.7403036762016257,6.821374503688981,4.226477163724959,0.12329454341824089,32.38494772183736,28.802360170350227
high_resistance_stale,1169.0,0.7406826098708653,6.820237990467251,4.2268139080713105,0.123273317678797,32.385652443335786,28.803957849882107
high_resistance_stale,1170.0,0.741061480448181,6.819103189275,4.227150593719991,0.12325212393517036,32.38635598609179,28.80555290576664
high_resistance_stale,1171.0,0.7414402880286366,6.817970097534839,4.227487221213183,0.12323096213819647,32.38705835223276,28.807145342282578
high_resistance_stale,1172.0,0.741819032707155,6.8168387126743895,4.227823791088836,0.12320983223881843,32.38775954388108,28.808735163701964
high_resistance_stale,1173.0,0.742197714578518,6.815709032126415,4.228160303880711,0.12318873418808592,32.38845956315411,28.810322374290134
high_resistance_stale,1174.0,0.7425763337373672,6.814581053328611,4.228496760118403,0.12316766793715407,32.389158412164306,28.811906978305686
high_resistance_stale,1175.0,0.7429548902782049,6.813454773723689,4.228833160327375,0.12314663343728272,32.389856093019176,28.813488980000535
high_resistance_stale,1176.0,0.7433333842953935,6.812330190759267,4.2291695050289855,0.12312563063983516,32.390552607821355,28.8150683836199
high_resistance_stale,1177.0,0.743711815883157,6.811207301887796,4.2295057947405175,0.12310465949627726,32.39124795866865,28.81664519340228
high_resistance_stale,1178.0,0.7440901851355799,6.810086104566571,4.229842029975209,0.12308371995817641,32.391942147654056,28.81821941357952
high_resistance_stale,1179.0,0.7444684921466092,6.808966596257674,4.230178211242281,0.12306281197720044,32.39263517686578,28.819791048376768
high_resistance_stale,1180.0,0.7448467370092101,6.8078487745950715,4.230514339053905,0.12304193550840313,32.39332704828384,28.82136010202386
high_resistance_stale,1181.0,0.7452249198159511,6.8067326372688255,4.230850413920427,0.12302109050794696,32.39401776385179,28.822926578747442
high_resistance_stale,1182.0,0.745603040661803,6.805618181470505,4.2311864363273815,0.12300027692219924,32.394707325819915,28.82449048273337
high_resistance_stale,1183.0,0.7459810996401169,6.804505404690172,4.231522406768598,0.12297949470340237,32.39539573625192,28.826051818180776
high_resistance_stale,1184.0,0.7463590968441053,6.803394304422785,4.231858325734049,0.12295874380390341,32.39608299720671,28.827610589282195
high_resistance_stale,1185.0,0.746737032366842,6.80228487816834,4.232194193709881,0.12293802417615303,32.39676911073829,28.82916680022354
high_resistance_stale,1186.0,0.7471149063012633,6.80117712343175,4.232530011178439,0.12291733577270482,32.39745407889585,28.830720455184153
high_resistance_stale,1187.0,0.7474927187401672,6.8000710377227485,4.2328657786182955,0.1228966785462144,32.39813790372383,28.832271558336764
high_resistance_stale,1188.0,0.7478704697762161,6.798966618556012,4.233201496504284,0.1228760524494387,32.398820587261866,28.833820113847533
high_resistance_stale,1189.0,0.7482481595019337,6.797863863450944,4.233537165307516,0.12285545743523502,32.3995021315449,28.835366125876035
high_resistance_stale,1190.0,0.7486257880097082,6.796762769931737,4.233872785495414,0.1228348934565603,32.400182538603175,28.83690959857528
high_resistance_stale,1191.0,0.7490033553917913,6.795663335527338,4.234208357531741,0.12281436046647033,32.400861810462246,28.838450536091717
high_resistance_stale,1192.0,0.7493808617402989,6.794565557771385,4.234543881876619,0.12279385841811882,32.401539949143036,28.839988942565252
high_resistance_stale,1193.0,0.7497583071472117,6.793469434202106,4.234879358986563,0.12277338726475669,32.402216956661896,28.841524822129234
high_resistance_stale,1194.0,0.7501356917043746,6.792374962362461,4.235214789314508,0.12275294695973119,32.40289283503053,28.84305817891047
high_resistance_stale,1195.0,0.7505130155034977,6.7912821397998595,4.235550173309824,0.12273253745648512,32.40356758625616,28.844589017029264
high_resistance_stale,1196.0,0.7508902786361576,6.790190964066328,4.235885511418356,0.12271215870855605,32.404241212341454,28.846117340599363
high_resistance_stale,1197.0,0.7512674811937957,6.789101432718371,4.236220804082442,0.12269181066957537,32.40491371528461,28.84764315372801
high_resistance_stale,1198.0,0.7516446232677203,6.788013543316964,4.236556051740939,0.12267149329326761,32.40558509707934,28.849166460515956
high_resistance_stale,1199.0,0.7520217049491056,6.786927293427504,4.236891254829251,0.12265120653344962,32.40625535971495,28.85068726505743
high_resistance_stale,1200.0,0.7523987263289931,6.785842680619742,4.237226413779351,0.12263095034402963,32.40692450517634,28.852205571440184
high_resistance_stale,1201.0,0.7527756874982914,6.784759702467787,4.237561529019808,0.12261072467900659,32.40759253544405,28.853721383745473
high_resistance_stale,1202.0,0.7531525885474472,6.783678356614349,4.237896600978437,0.122590529493696,32.40825945245464,28.85523470605117
high_resistance_stale,1203.0,0.7535294295659268,6.7825986408716865,4.238231630086451,0.12257036474665647,32.40892525803844,28.85674554243661
high_resistance_stale,1204.0,0.7539062106454103,6.781520552599225,4.238566616753061,0.12255023038781084,32.40958995430338,28.858253896952714
high_resistance_stale,1205.0,0.754282931876247,6.780444089394204,4.238901561393712,0.1225301263716293,32.41025354320905,28.859759773655163
high_resistance_stale,1206.0,0.7546595933486538,6.77936924885839,4.239236464420587,0.1225100526526745,32.4109160267106,28.861263176593216
high_resistance_stale,1207.0,0.7550361951527156,6.778296028597873,4.239571326242615,0.12249000918560074,32.41157740675883,28.86276410980969
high_resistance_stale,1208.0,0.7554127373783848,6.777224426223181,4.239906147265508,0.12246999592515331,32.41223768530018,28.864262577340998
high_resistance_stale,1209.0,0.7557892201154828,6.7761544393492,4.2402409278917785,0.1224500128261679,32.41289686427673,28.865758583217136
high_resistance_stale,1210.0,0.7561656434536985,6.775086065595166,4.240575668520765,0.12243005984356967,32.41355494562628,28.867252131461708
high_resistance_stale,1211.0,0.7565420074825906,6.77401930258454,4.2409103695486525,0.12241013693237282,32.41421193128237,28.868743226091905
high_resistance_stale,1212.0,0.7569183122915871,6.772954147945134,4.2412450313685035,0.12239024404767976,32.41486782317422,28.870231871118555
high_resistance_stale,1213.0,0.7572945579699849,6.771890599308867,4.241579654370268,0.12237038114468038,32.41552262322692,28.871718070546084
high_resistance_stale,1214.0,0.757670744606951,6.770828654311985,4.24191423894082,0.12235054817865154,32.416176333361264,28.873201828372565
high_resistance_stale,1215.0,0.7580468722915231,6.769768310594803,4.242248785463975,0.12233074510495619,32.416828955493926,28.874683148589693
high_resistance_stale,1216.0,0.7584229411126087,6.768709565801774,4.242583294320504,0.12231097187904276,32.41748049153743,28.876162035182812
high_resistance_stale,1217.0,0.758798951158986,6.767652417581498,4.242917765888172,0.12229122845644448,32.41813094340015,28.877638492130924
high_resistance_stale,1218.0,0.7591749025193048,6.766596863586608,4.243252200541748,0.12227151479277862,32.41878031298636,28.879112523406683
high_resistance_stale,1219.0,0.7595507952820861,6.7655429014737125,4.24358659865303,0.12225183084374595,32.419428602196305,28.88058413297642
high_resistance_stale,1220.0,0.7599266295357223,6.764490528903507,4.243920960590869,0.1222321765651299,32.42007581292612,28.882053324800125
high_resistance_stale,1221.0,0.7603024053684785,6.763439743540591,4.24425528672119,0.12221255191279588,32.42072194706798,28.883520102831504
high_resistance_stale,1222.0,0.7606781228684913,6.762390543053508,4.244589577407011,0.12219295684269066,32.421367006510025,28.884984471017905
high_resistance_stale,1223.0,0.7610537821237704,6.761342925114649,4.244923833008463,0.12217339131084168,32.42201099313646,28.886446433300417
high_resistance_stale,1224.0,0.7614293832221674,6.760296887406504,4.245258053883073,0.12215385527347185,32.422653908823726,28.887905993614094
high_resistance_stale,1225.0,0.761804926250923,6.759252427710863,4.245592240389408,0.12213434868868633,32.42329575538567,28.889363155891935
high_resistance_stale,1226.0,0.7621804112981047,6.7582095436252,4.245926392875559,0.12211487151111888,32.423936534747874,28.89081792405233
high_resistance_stale,1227.0,0.7625558384512054,6.75716823283921,4.246260511690415,0.12209542369714999,32.42457624877766,28.89227030201131
high_resistance_stale,1228.0,0.7629312077975919,6.756128493046395,4.24659459718009,0.12207600520323918,32.425214899338485,28.893720293678648
high_resistance_stale,1229.0,0.763306519424505,6.755090321944021,4.246928649687942,0.12205661598592449,32.42585248828992,28.895167902957873
high_resistance_stale,1230.0,0.7636817734187838,6.754053717285953,4.247262669556635,0.1220372560027149,32.42648901745526,28.8966131337486
high_resistance_stale,1231.0,0.7640569698672446,6.753018676810175,4.247596657125357,0.12201792521086384,32.427124488666045,28.898055989943327
high_resistance_stale,1232.0,0.7644321088569043,6.751985198196018,4.247930612728198,0.1219986235666472,32.427758903788266,28.899496475425604
high_resistance_stale,1233.0,0.7648071904744564,6.750953279164474,4.248264536698036,0.12197935102705902,32.428392264660836,28.90093459407442
high_resistance_stale,1234.0,0.7651822148064669,6.749922917440866,4.248598429365122,0.12196010754917952,32.42902457311848,28.90237034976259
high_resistance_stale,1235.0,0.765557181939373,6.7488941107547475,4.248932291057097,0.12194089309017472,32.42965583099181,28.90380374635675
high_resistance_stale,1236.0,0.7659320919594858,6.747866856839958,4.249266122099007,0.12192170760729616,32.43028604010731,28.905234787717376
high_resistance_stale,1237.0,0.7663069449529877,6.746841153434587,4.249599922813335,0.12190255105788053,32.43091520228734,28.906663477698785
high_resistance_stale,1238.0,0.766681741005935,6.745816998280992,4.249933693520011,0.12188342339934945,32.43154331935015,28.908089820149154
high_resistance_stale,1239.0,0.767056480204256,6.744794389125743,4.250267434536433,0.121864324589209,32.43217039310991,28.909513818910508
high_resistance_stale,1240.0,0.7674311626337531,6.743773323719616,4.250601146177489,0.12184525458504956,32.432796425376715,28.91093547781876
high_resistance_stale,1241.0,0.7678057820157463,6.741304544269255,4.250895654531231,0.12182617547956938,32.433421212348634,28.912354659478932
high_resistance_stale,1242.0,0.7681796435646439,6.71790383787534,4.250614846054504,0.12179775225268473,32.43401072705188,28.913771633343984
high_resistance_stale,1243.0,0.7685522366885614,6.695632442341985,4.250347589308104,0.12175371760875431,32.434540038427144,28.9151861908372
high_resistance_stale,1244.0,0.7689236215619191,6.6743905734294176,4.250092686881153,0.1216955065432099,32.43501183535159,28.916598256294815
high_resistance_stale,1245.0,0.7692938528474764,6.654087732797176,4.249849052793566,0.12162442039000981,32.43542856790618,28.918007758046745
high_resistance_stale,1246.0,0.7696629804536134,6.634641444100655,4.249615697329208,0.1215416450082695,32.43579248131273,28.919414627749127
high_resistance_stale,1247.0,0.770031049754925,6.615976879662515,4.24939172255595,0.12144825615522575,32.4361056259775,28.92081880026596
high_resistance_stale,1248.0,0.770398102150336,6.598025917868545,4.2491763110144225,0.12134523305625482,32.43636988204671,28.922220213316834
high_resistance_stale,1249.0,0.7707641756246578,6.580726195665624,4.2489687143479875,0.12123347204530067,32.43658698403953,28.92361880710244
high_resistance_stale,1250.0,0.7711293048565508,6.564020926598577,4.248768251119182,0.1211137891825879,32.43675852571388,28.92501452423507
high_resistance_stale,1251.0,0.7714935213759445,6.547858634759993,4.2485743036171195,0.12098692408362792,32.436885966908505,28.926407309650294
high_resistance_stale,1252.0,0.7718568539688697,6.532192471461896,4.248386309657542,0.12085354975671862,32.43697065111002,28.927797110341718
high_resistance_stale,1253.0,0.7722193289903673,6.516979687249738,4.248203756246997,0.1207142802037959,32.43701381904911,28.929183875157598
high_resistance_stale,1254.0,0.7725809705836704,6.50218126203072,4.248026175144369,0.1205696757447997,32.43701661816023,28.930567554662606
high_resistance_stale,1255.0,0.7729418007032003,6.487761866094808,4.247853142393137,0.1204202435776586,32.436980103397026,28.931948101123684
high_resistance_stale,1256.0,0.7733018395071982,6.473689197643947,4.247684270371727,0.12026644731611008,32.436905254295084,28.933325468260115
high_resistance_stale,1257.0,0.7736611054693726,6.459933794260022,4.247519205531121,0.12010870970341957,32.43679297957482,28.934699611172412
high_resistance_stale,1258.0,0.7740196153905531,6.446469013192714,4.247357628158312,0.11994741289521686,32.43664411756274,28.936070486334053
high_resistance_stale,1259.0,0.7743773847737747,6.433270398422259,4.247199244781067,0.11978290757254098,32.43645945229596,28.937438051353638
high_resistance_stale,1260.0,0.7747344277865171,6.420315744330655,4.247043788931967,0.1196155120242095,32.43623971174731,28.9388022649981
high_resistance_stale,1261.0,0.7750907574195778,6.4075848275955325,4.246891017931146,0.11944551600668668,32.435985574590084,28.940163087091825
high_resistance_stale,1262.0,0.7754463855515044,6.3950592984283094,4.24674071158114,0.11927318230952913,32.43569767283452,28.94152047847539
high_resistance_stale,1263.0,0.7758013231525379,6.382722336446498,4.246592668037358,0.11909875171009636,32.4353766005264,28.942874400875915
high_resistance_stale,1264.0,0.7761555802151464,6.370558767826213,4.2464467052139145,0.11892244128605041,32.43502291059771,28.944224816950523
high_resistance_stale,1265.0,0.7765091660424086,6.358554578733684,4.246302654944804,0.11874445142129637,32.43463712725197,28.945571690103346
high_resistance_stale,1266.0,0.7768620890521131,6.346697245785516,4.246160366949426,0.11856496104699432,32.434219737305774,28.946914984608345
high_resistance_stale,1267.0,0.7772143571141682,6.334975166792764,4.246019702001513,0.11838413583829321,32.43377120476051,28.94825466539599
high_resistance_stale,1268.0,0.7775659774763884,6.323377785932034,4.245880533431184,0.11820212641154056,32.43329196738056,28.949590698098543
high_resistance_stale,1269.0,0.7779169567896468,6.311895551289057,4.245742746615469,0.11801906893529616,32.43278243780132,28.950923049034238
high_resistance_stale,1270.0,0.7782673012120682,6.300519739058265,4.245606236868699,0.11783508766152577,32.432243007792664,28.952251685139387
high_resistance_stale,1271.0,0.7786170164077777,6.289242455633463,4.245470909467602,0.11765029489520151,32.431674048266125,28.95357657396963
high_resistance_stale,1272.0,0.7789661076575469,6.278056450933847,4.245336677411206,0.11746479368214777,32.43107591378252,28.95489768362723
high_resistance_stale,1273.0,0.7793145798429343,6.266955145143499,4.245203461741722,0.11727867742375062,32.430448941949,28.956214982771566
high_resistance_stale,1274.0,0.7796624375051535,6.255932529391255,4.245071190352695,0.11709203130695406,32.429793455790616,28.957528440579942
high_resistance_stale,1275.0,0.7800096848601324,6.244983140334483,4.2449397976840135,0.1169049326700493,32.42910976439602,28.95883802673747
high_resistance_stale,1276.0,0.7803563258342554,6.234101999857177,4.244809223998286,0.11671745187084366,32.42839816434912,28.96014371141297
high_resistance_stale,1277.0,0.7807023640885651,6.223284574235547,4.244679414890826,0.11652965287450757,32.42765894072582,28.961445465242534
high_resistance_stale,1278.0,0.7810478030414064,6.212526735932969,4.244550320831196,0.11634159380357358,32.426892368020084,28.962743259314017
high_resistance_stale,1279.0,0.7813926458926622,6.201824722712709,4.244421896672552,0.11615332752657687,32.426098711116694,28.964037065150237
high_resistance_stale,1280.0,0.781736895653459,6.1911750875308575,4.24429410105037,0.11596490237946933,32.42527822649912,28.96532685468808
high_resistance_stale,1281.0,0.7820805551429373,6.180574703973541,4.244166896447682,0.11577636208719538,32.42443116213407,28.966612600280605
high_resistance_stale,1282.0,0.7824236270242508,6.170020705539967,4.244040248466479,0.11558774663791681,32.42355775890581,28.967894274671263
high_resistance_stale,1283.0,0.782766113804363,6.159510485979893,4.2439141258317585,0.11539909227804089,32.422658250629134,28.96917185099374
high_resistance_stale,1284.0,0.7831080178416278,6.149041686506259,4.243788500238075,0.11521043169625356,32.421732864361424,28.97044530276609
high_resistance_stale,1285.0,0.7834493413850675,6.138612129550604,4.243663345554607,0.11502179497737518,32.420781821931925,28.97171460386202
high_resistance_stale,1286.0,0.783790086546694,6.128219865439832,4.243538638385278,0.1148332089300973,32.41980533894069,28.972979728530916
high_resistance_stale,1287.0,0.7841302553580489,6.117863077047502,4.24341435692457,0.11464469845996413,32.41880362686825,28.974240651355185
high_resistance_stale,1288.0,0.7844698497365389,6.107540136561979,4.243290481638744,0.11445628575180164,32.41777689191406,28.975497347275475
high_resistance_stale,1289.0,0.784808871521374,6.097249544887289,4.243166994538647,0.11426799114229264,32.41672533629194,28.97674979156236
high_resistance_stale,1290.0,0.7851473224804643,6.08698992001338,4.243043879040161,0.11407983328738484,32.41564915851407,28.977997959810487
high_resistance_stale,1291.0,0.7854852042830774,6.076760043123157,4.242921120517478,0.11389182849824386,32.41454855251878,28.979241827959832
high_resistance_stale,1292.0,0.7858225185685928,6.066558742665634,4.242798704911987,0.11370399241060966,32.41342370995716,28.980481372239275
high_resistance_stale,1293.0,0.7861592668762818,6.056385012753289,4.2426766201530395,0.11351633827972762,32.41227481804798,28.981716569224872
high_resistance_stale,1294.0,0.7864954507250514,6.046237878717213,4.242554854544607,0.11332887891638838,32.41110206202169,28.982947395770704
high_resistance_stale,1295.0,0.7868310715648071,6.036116479110075,4.242433397749321,0.11314162550596416,32.409905623790785,28.984173829051734
high_resistance_stale,1296.0,0.7871661307913044,6.026020040672214,4.242312240488067,0.11295458796885831,32.40868568239066,28.985395846549324
high_resistance_stale,1297.0,0.7875006297965257,6.015947793407606,4.242191373520892,0.11276777618342121,32.40744241538185,28.98661342600395
high_resistance_stale,1298.0,0.7878345698861783,6.005899109672745,4.242070789316073,0.11258119798290911,32.406175996800215,28.987826545493267
high_resistance_stale,1299.0,0.7881679523565908,5.995873374549794,4.241950480494597,0.11239486102215969,32.40488659911341,28.98903518335721
high_resistance_stale,1300.0,0.7885007784643384,5.98587003705328,4.241830440444639,0.11220877204012802,32.40357439252705,28.99023931822742
high_resistance_stale,1301.0,0.7888330494411482,5.97588858501975,4.241710663020237,0.11202293722144004,32.40223954541564,28.99143892901067
high_resistance_stale,1302.0,0.7891647664927992,5.965928546959242,4.241591142563511,0.1118373621696916,32.40088222429872,28.992633994890063
high_resistance_stale,1303.0,0.7894959307978544,5.955989494194743,4.241471873930337,0.11165205187659212,32.399502593837255,28.99382449532562
high_resistance_stale,1304.0,0.7898265435085465,5.94607103937667,4.24135285247252,0.11146701074331333,32.39810081689413,28.99501041005251
high_resistance_stale,1305.0,0.7901566057530504,5.936172832641157,4.241234073991694,0.11128224263577965,32.39667705454634,28.996191719079675
high_resistance_stale,1306.0,0.7904861186586843,5.9262945226294965,4.241115534271554,0.11109775144591169,32.39523146716741,28.997368402653684
high_resistance_stale,1307.0,0.7908150833121647,5.916435823278282,4.24099722987934,0.11091354012986691,32.39376421266561,28.998540441318514
high_resistance_stale,1308.0,0.7911435007991519,5.906596447352262,4.240879157368227,0.1107296116650833,32.39227544812179,28.99970781585567
high_resistance_stale,1309.0,0.791471372185458,5.896776138028126,4.240761313656337,0.11054596859546117,32.39076532905218,29.00087050731296
high_resistance_stale,1310.0,0.7917986985179308,5.886974667417379,4.240643696009008,0.11036261305259147,32.38923400946104,29.00202849700168
high_resistance_stale,1311.0,0.7921254808458589,5.877191800614314,4.240526301607372,0.11017954727339566,32.38768164269072,29.00318176645984
high_resistance_stale,1312.0,0.7924517201884478,5.867427350293594,4.240409128203523,0.10999677281395896,32.386108380089375,29.00433029751103
high_resistance_stale,1313.0,0.7927774175702816,5.85768111722571,4.240292173406709,0.10981429140597332,32.384514372505585,29.005474072193525
high_resistance_stale,1314.0,0.7931025739955528,5.847952933472961,4.240175435201675,0.10963210433477513,32.38289976918205,29.00661307281568
high_resistance_stale,1315.0,0.7934271904615366,5.838242639821592,4.240058911677859,0.1094502127642354,32.38126471834332,29.00774728192392
high_resistance_stale,1316.0,0.7937512679617857,5.828550080433212,4.239942600965199,0.10926861781373069,32.37960936733644,29.00887668229457
high_resistance_stale,1317.0,0.7940748074729251,5.818875124936955,4.239826501499244,0.10908732024006201,32.377933862048195,29.01000125696831
high_resistance_stale,1318.0,0.7943978099746521,5.809217634999752,4.239710611619997,0.10890632091868448,32.376238347793105,29.01112098919268
high_resistance_stale,1319.0,0.7947202764301171,5.79957749709589,4.2395949299651505,0.10872562037193569,32.37452296843955,29.01223586248161
high_resistance_stale,1320.0,0.7950422078001241,5.7899545987994,4.2394794551855925,0.10854521911029247,32.37278786704615,29.013345860569856
high_resistance_stale,1321.0,0.7953636050406655,5.78034883290177,4.2393641859948215,0.10836511757306502,32.371033185751635,29.014450967420697
high_resistance_stale,1322.0,0.795684469099688,5.770760102802841,4.239249121233634,0.10818531605076864,32.36925906562915,29.015551167236854
high_resistance_stale,1323.0,0.7960048009214958,5.761188315190406,4.2391342597822845,0.10800581479046223,32.36746564689375,29.016646444441506
high_resistance_stale,1324.0,0.7963246014456892,5.751633381778433,4.239019600581341,0.10782661397071895,32.365653068843166,29.017736783687006
high_resistance_stale,1325.0,0.7966438716052044,5.7420952226190165,4.238905142671428,0.1076477136538979,32.36382146978933,29.018822169854264
high_resistance_stale,1326.0,0.7969626123289416,5.732573761700309,4.2387908851404035,0.10746911384949943,32.36197098716738,29.019902588046808
high_resistance_stale,1327.0,0.7972808245421015,5.723068926386713,4.238676827116641,0.10729081452219781,32.36010175755254,29.02097802358906
high_resistance_stale,1328.0,0.7975985091654851,5.7135806485963,4.238562967783156,0.10711281557486184,32.35821391663431,29.02204846202675
high_resistance_stale,1329.0,0.7979156671160781,5.704108863829181,4.2384493063659505,0.10693511686251442,32.35630759924348,29.023113889124655
high_resistance_stale,1330.0,0.7982322993125299,5.694653502026692,4.23833584202432,0.10675771832389847,32.3543829395934,29.024174290847757
high_resistance_stale,1331.0,0.7985484066657704,5.685214503231876,4.238222574038782,0.10658061975600615,32.3524400708732,29.02522965339142
high_resistance_stale,1332.0,0.7988639900859043,5.6757918060907215,4.2381095016730885,0.10640382097958538,32.35047912555074,29.026279963157933
high_resistance_stale,1333.0,0.7991790504812286,5.6663853494920895,4.237996624193905,0.1062273218155105,32.348500235332146,29.027325206758956
high_resistance_stale,1334.0,0.799493588743857,5.656995096702192,4.237883941160426,0.10605112173723293,32.34650353058267,29.028365371040678
high_resistance_stale,1335.0,0.7998076057734139,5.647620995605436,4.237771451947265,0.10587522044325882,32.34448914128981,29.029400443039286
high_resistance_stale,1335.6135075658422,0.8000000000000002,5.641877885524646,4.237702534626296,0.10576745142219146,32.34324460101799,29.030032941608713
high_resistance_calibrated,0.0,0.2,10.0,3.490395619705062,0.0,25.0,25.0
high_resistance_calibrated,1.0,0.20055555555555554,10.0,3.4983014822381815,0.007345897742909034,25.01518237705187,25.000010388655845
high_resistance_calibrated,2.0,0.20111111111111113,10.0,3.505907601226208,0.014392002923753753,25.030717607435626,25.000041850570366
high_resistance_calibrated,3.0,0.2016666666666667,10.0,3.513226215426607,0.021150553757874366,25.046588386658293,25.000094811211696
high_resistance_calibrated,4.0,0.20222222222222225,10.0,3.5202690616689387,0.027633286526772608,25.062778132769395,25.000169671700572
high_resistance_calibrated,5.0,0.20277777777777783,10.0,3.527047394593102,0.033851455316292724,25.079270957882883,25.000266809803275
high_resistance_calibrated,6.0,0.20333333333333342,10.0,3.5335720116841363,0.039815857051358275,25.09605163208457,25.000386581176045
high_resistance_calibrated,7.0,0.20388888888888895,10.0,3.5398532700864034,0.045536848310089265,25.11310555917421,25.0005293202103
high_resistance_calibrated,8.0,0.2044444444444445,10.0,3.54590110376475,0.051024362484897584,25.13041875190943,25.00069534089383
high_resistance_calibrated,9.0,0.20500000000000007,10.0,3.5517250416796315,0.05628792795754942,25.14797780579074,25.000884937720866
high_resistance_calibrated,10.0,0.20555555555555563,10.0,3.5573342246208752,0.06133668493285598,25.165769874783738,25.00109838653362
high_resistance_calibrated,11.0,0.20611111111111116,10.0,3.5627374200218656,0.06617940025279478,25.1837826499525,25.00133594526366
high_resistance_calibrated,12.0,0.20666666666666672,10.0,3.5679430363117732,0.07082448174866986,25.202004338756016,25.00159785465193
high_resistance_calibrated,13.0,0.20722222222222228,10.0,3.5729591384777297,0.07527999380321562,25.220423642600117,25.00188433902907
high_resistance_calibrated,14.0,0.20777777777777784,10.0,3.577793463946964,0.07955367323266704,25.239029733933183,25.002195607108735
high_resistance_calibrated,15.0,0.2083333333333334,10.0,3.5824534358866034,0.08365294258648712,25.25781223706959,25.00253185265001
high_resistance_calibrated,16.0,0.20888888888888893,10.0,3.5869461733472487,0.08758492029087389,25.276761213560427,25.00289325496458
high_resistance_calibrated,17.0,0.2094444444444445,10.0,3.59127850202195,0.09135643140766295,25.295867146669377,25.003279979458693
high_resistance_calibrated,18.0,0.21000000000000005,10.0,3.5954569689240996,0.09497402231214598,25.315120920198826,25.003692178369832
high_resistance_calibrated,19.0,0.2105555555555556,10.0,3.5994878578461384,0.0984439761517094,25.334513796202202,25.00412999153563
high_resistance_calibrated,20.0,0.21111111111111117,10.0,3.6033771975253446,0.10177232101154371,25.354037403221138,25.00459354679451
high_resistance_calibrated,21.0,0.2116666666666667,10.0,3.607130768206942,0.10496483647767911,25.37368372681695,25.005082960315498
high_resistance_calibrated,22.0,0.21222222222222226,10.0,3.61075411080263,0.10802706279544283,25.39344509634384,25.005598337066157
high_resistance_calibrated,23.0,0.21277777777777782,10.0,3.614252542079117,0.11096431605791023,25.41331416304143,25.00613977157318
high_resistance_calibrated,24.0,0.21333333333333337,10.0,3.617631166061714,0.11378169960942772,25.433283883607285,25.00670734848217
high_resistance_calibrated,25.0,0.21388888888888893,10.0,3.620894876341353,0.1164841063525499,25.453347516892013,25.007301142660694
high_resistance_calibrated,26.0,0.21444444444444447,10.0,3.624048363161024,0.11907622583439964,25.47349861366412,25.00792121956088
high_resistance_calibrated,27.0,0.21500000000000002,10.0,3.6270961258346484,0.12156255666546212,25.49373099867725,25.008567635852394
high_resistance_calibrated,28.0,0.21555555555555558,10.0,3.6300424842257986,0.12394741799822255,25.514038754120786,25.009240439993384
high_resistance_calibrated,29.0,0.21611111111111111,10.0,3.632891582872408,0.12623495365179793,25.534416213707175,25.00993967241693
high_resistance_calibrated,30.0,0.21666666666666667,10.0,3.6356473938878024,0.12842913501288555,25.554857958485755,25.010665365677372
high_resistance_calibrated,31.0,0.2172222222222222,10.0,3.638313726385346,0.13053377046032694,25.575358803227733,25.011417544933963
high_resistance_calibrated,32.0,0.21777777777777776,10.0,3.6408942350344438,0.13255251392102696,25.595913784094243,25.0121962283744
high_resistance_calibrated,33.0,0.2183333333333333,10.0,3.643392426435477,0.1344888712448053,25.616518149454826,25.013001427526763
high_resistance_calibrated,34.0,0.21888888888888886,10.0,3.6458116639837614,0.13634620506826903,25.637167352878947,25.01383314749919
high_resistance_calibrated,35.0,0.2194444444444444,10.0,3.6481551733057045,0.13812774025088595,25.657857045294936,25.01469138725219
high_resistance_calibrated,36.0,0.21999999999999995,10.0,3.650426048311919,0.13983656992800925,25.678583066260472,25.015576139901125
high_resistance_calibrated,37.0,0.2205555555555555,10.0,3.6526272568946734,0.14147566120824287,25.69934143575019,25.016487392998567
high_resistance_calibrated,38.0,0.22111111111111106,10.0,3.6547616456386294,0.14304785988408913,25.720128347367332,25.017425128766817
high_resistance_calibrated,39.0,0.22166666666666662,10.0,3.656831944975218,0.14455589558623594,25.74094016091468,25.01838932435307
high_resistance_calibrated,40.0,0.22222222222222218,10.0,3.658840775059409,0.1460023876602381,25.76177339391798,25.019379952123828
high_resistance_calibrated,41.0,0.2227777777777777,10.0,3.6607906485290145,0.1473898479257271,25.782624717655835,25.020396979797702
high_resistance_calibrated,42.0,0.22333333333333327,10.0,3.6626839747686146,0.14872068494024637,25.803490951012073,25.021440370657665
high_resistance_calibrated,43.0,0.22388888888888883,10.0,3.6645230659035475,0.14999720999315033,25.824369051833884,25.02251008384916
high_resistance_calibrated,44.0,0.2244444444444444,10.0,3.6663101394688704,0.15122163977446887,25.84525611308819,25.02360607451059
high_resistance_calibrated,45.0,0.22499999999999992,10.0,3.6680473217846243,0.15239609975008064,25.866149357998623,25.0247282939394
high_resistance_calibrated,46.0,0.22555555555555548,10.0,3.6697366530947555,0.15352262930053726,25.8870461326368,25.0258766898476
high_resistance_calibrated,47.0,0.22611111111111104,10.0,3.6713800905949374,0.15460318474878804,25.907943901560774,25.027051206510293
high_resistance_calibrated,48.0,0.2266666666666666,10.0,3.6729795110249195,0.1556396419524356,25.928840244081176,25.028251784892642
high_resistance_calibrated,49.0,0.22722222222222213,10.0,3.6745367151021497,0.15663380073725555,25.949732847870603,25.029478362869646
high_resistance_calibrated,50.0,0.2277777777777777,10.0,3.6760534301414745,0.15758738751680157,25.970619505190218,25.030730875354468
high_resistance_calibrated,51.0,0.22833333333333325,10.0,3.6775313125979396,0.1585020578351041,25.991498109227564,25.032009254422878
high_resistance_calibrated,52.0,0.2288888888888888,10.0,3.678971951723982,0.1593794000237599,26.01236664882618,25.033313429493884
high_resistance_calibrated,53.0,0.22944444444444437,10.0,3.6803768718617573,0.16022093749416072,26.033223205184388,25.034643327441763
high_resistance_calibrated,54.0,0.2299999999999999,10.0,3.6817475350454805,0.1610281313397297,26.05406594810714,25.035998872723468
high_resistance_calibrated,55.0,0.23055555555555546,10.0,3.683085343869829,0.16180238320422158,26.074893131873676,25.037379987519607
high_resistance_calibrated,56.0,0.23111111111111102,10.0,3.6843916436267987,0.16254503741847054,26.09570309216056,25.038786591838708
high_resistance_calibrated,57.0,0.23166666666666658,10.0,3.6856677248452536,0.16325738353983896,26.116494242384,25.040218603641513
high_resistance_calibrated,58.0,0.2322222222222221,10.0,3.6869148253825688,0.1639406584437501,26.13726507068813,25.041675938942944
high_resistance_calibrated,59.0,0.23277777777777767,10.0,3.688134132594109,0.16459604849306034,26.15801413682093,25.04315851191801
high_resistance_calibrated,60.0,0.23333333333333323,10.0,3.6893267855847482,0.16522469178946905,26.178740068892058,25.044666235011668
high_resistance_calibrated,61.0,0.23388888888888879,10.0,3.690493876855855,0.16582767982039645,26.199441561002505,25.046199019018502
high_resistance_calibrated,62.0,0.23444444444444432,10.0,3.6916364544060793,0.1664060595596552,26.220117370219732,25.047756773185153
high_resistance_calibrated,63.0,0.23499999999999988,10.0,3.6927555236381133,0.16696083537410406,26.240766313832637,25.04933940530292
high_resistance_calibrated,64.0,0.23555555555555543,10.0,3.6938520488016566,0.167492970466498,26.261387267275712,25.0509468217772
high_resistance_calibrated,65.0,0.236111111111111,10.0,3.6949269549684765,0.16800338885043364,26.281979161285356,25.052578927723584
high_resistance_calibrated,66.0,0.23666666666666655,10.0,3.6959811295264964,0.16849297684432613,26.302540979750248,25.054235627039844
high_resistance_calibrated,67.0,0.23722217959603045,9.995700785894615,3.696898724971417,0.16896200797439007,26.3230687247663,25.055916827880495
high_resistance_calibrated,68.0,0.23777714862398577,9.983189310462032,3.697567796061134,0.169404697855199,26.34352580922804,25.057622392362585
high_resistance_calibrated,69.0,0.2383314235156775,9.970712692158589,3.698209948247594,0.16982013171022647,26.363900385093306,25.05935216560331
high_resistance_calibrated,70.0,0.23888500624967152,9.958271697887453,3.6988263565849357,0.17020946115030652,26.38419141589013,25.061105977327895
high_resistance_calibrated,71.0,0.239437898824226,9.945867043933196,3.69941813316284,0.17057377616308594,26.40439795318258,25.062883658231684
high_resistance_calibrated,72.0,0.23999010327421466,9.933499407900184,3.699986345457713,0.1709141231245997,26.42451911660252,25.06468503825927
high_resistance_calibrated,73.0,0.2405416216757706,9.921169431225726,3.7005320205544248,0.1712315089483608,26.44455408933516,25.06650994617004
high_resistance_calibrated,74.0,0.24109245613923747,9.908877718576129,3.701056143248575,0.17152689921103492,26.46450211869334,25.068358210081374
high_resistance_calibrated,75.0,0.24164260880658753,9.89662483950446,3.7015596577934975,0.1718012198572404,26.484362513023576,25.070229657592638
high_resistance_calibrated,76.0,0.24219208184984298,9.884411330095865,3.7020434698337397,0.17205535909014716,26.504134638654985,25.072124115837312
high_resistance_calibrated,77.0,0.24274087747009146,9.872237694704355,3.7025084485470834,0.17229016946754072,26.523817916722958,25.07404141148625
high_resistance_calibrated,78.0,0.24328899789583316,9.860104407217177,3.70295542806866,0.1725064692934125,26.543411820778708,25.075981370818685
high_resistance_calibrated,79.0,0.2438364453813227,9.848011912108394,3.703385208651771,0.17270504375196016,26.562915874756378,25.07794381980095
high_resistance_calibrated,80.0,0.24438322220455294,9.835960625834986,3.7037985581566817,0.17288664636067233,26.58232965040381,25.079928584179594
high_resistance_calibrated,81.0,0.2449293306657326,9.82395093799056,3.7041962133404676,0.1730520002305124,26.6016527651222,25.081935489546186
high_resistance_calibrated,82.0,0.24547477308604895,9.811983212303222,3.704578881010896,0.1732017991940565,26.62088488007216,25.083964361386407
high_resistance_calibrated,83.0,0.24601955180635524,9.800057787692872,3.704947239226984,0.1733367089787771,26.640025698198645,25.086015025132536
high_resistance_calibrated,84.0,0.24656366918548706,9.78817497943815,3.7053019385407,0.17345736841888978,26.659074962095026,25.088087306240478
high_resistance_calibrated,85.0,0.2471071275990147,9.776335080215889,3.7056436031670748,0.1735643905986125,26.678032452087145,25.09018103023885
high_resistance_calibrated,86.0,0.247649929438627,9.764538360651958,3.705972831714284,0.17365836356793865,26.696897985112628,25.09229602274508
high_resistance_calibrated,87.0,0.24819207711028107,9.752785070704135,3.706290198609382,0.17373985173285933,26.71567141228065,25.09443210954958
high_resistance_calibrated,88.0,0.24873357303323992,9.741075440257394,3.706596254791042,0.1738093965329561,26.734352617705557,25.096589116656627
high_resistance_calibrated,89.0,0.24927441963881553,9.729409680267047,3.7068915289616973,0.1738675176638948,26.752941516476927,25.098766870331954
high_resistance_calibrated,90.0,0.24981461936983615,9.717787983087044,3.707176528040917,0.17391471352242333,26.77143805394088,25.100965197120715
high_resistance_calibrated,91.0,0.2503541746789979,9.706210523785064,3.707451738522217,0.17395146252929947,26.789842203419358,25.103183923918944
high_resistance_calibrated,92.0,0.25089308802854493,9.694677460369483,3.7077176268371765,0.17397822348754383,26.80815396567289,25.105422877979407
high_resistance_calibrated,93.0,0.25143136188880894,9.683188934962216,3.7079746405712193,0.17399543676799187,26.826373366868623,25.107681886973737
high_resistance_calibrated,94.0,0.25196899873780965,9.671745074078764,3.708223208859687,0.17400352469815134,26.8445004579767,25.109960779002908
high_resistance_calibrated,95.0,0.25250600106000354,9.660345989654527,3.7084637434630383,0.17400289261091398,26.862535312991497,25.112259382648684
high_resistance_calibrated,96.0,0.25304237134584256,9.648991779338932,3.7086966391582425,0.17399392922840087,26.880478028322333,25.1145775269871
high_resistance_calibrated,97.0,0.2535781120906603,9.637682527426978,3.7089222747200825,0.17397700761919493,26.898328721183542,25.116915041632843
high_resistance_calibrated,98.0,0.2541132257942686,9.626418305127942,3.7091410132787574,0.17395248554904363,26.916087529040794,25.119271756751235
high_resistance_calibrated,99.0,0.2546477149599261,9.615199171424896,3.709353203223798,0.17392070636256482,26.933754608132027,25.121647503098878
high_resistance_calibrated,100.0,0.25518158209398795,9.604025173322032,3.7095591785363213,0.17388199930912993,26.95133013296159,25.124042112032786
high_resistance_calibrated,101.0,0.25571482970495796,9.592896346626684,3.709759259610661,0.1738366803442865,26.968814294958893,25.12645541554744
high_resistance_calibrated,102.0,0.2562474603031604,9.581812716194314,3.7099537535777514,0.17378505244681414,26.986207301989154,25.128887246282773
high_resistance_calibrated,103.0,0.2567794763998918,9.570774296629406,3.7101429550440828,0.17372740633956482,27.003509377153815,25.131337437556557
high_resistance_calibrated,104.0,0.25731088050709333,9.559781092532106,3.7103271464079643,0.17366402079934712,27.02072075831057,25.133805823372587
high_resistance_calibrated,105.0,0.2578416751365984,9.54883309912779,3.71050659852661,0.17359516330773125,27.03784169699865,25.136292238448487
high_resistance_calibrated,106.0,0.2583718627998148,9.5379303025067,3.7106815710178136,0.17352109034652324,27.05487245798075,25.138796518223657
high_resistance_calibrated,107.0,0.2589014460070476,9.527072680195035,3.7108523128668818,0.17344204798991644,27.07181331827162,25.141318498883578
high_resistance_calibrated,108.0,0.2594304272672047,9.516260201381922,3.71101906271032,0.17335827218229857,27.088664566709806,25.14385801736673
high_resistance_calibrated,109.0,0.2599588090871815,9.505492827438651,3.711182049388401,0.17326998927737938,27.105426503077986,25.14641491138606
high_resistance_calibrated,110.0,0.2604865939715901,9.494770512134846,3.711341492213625,0.17317741630103248,27.122099437700687,25.148989019434946
high_resistance_calibrated,111.0,0.2610137844222043,9.484093202108065,3.7114976014715424,0.1730807614399587,27.13868369065173,25.151580180805844
high_resistance_calibrated,112.0,0.2615403829377041,9.473460837072464,3.711650578677021,0.1729802242925275,27.155179591372033,25.15418823559565
high_resistance_calibrated,113.0,0.2620663920131797,9.462873350241985,3.711800617027166,0.17287599631072437,27.171587477958056,25.156813024721693
high_resistance_calibrated,114.0,0.2625918141398891,9.452330668531607,3.711947901645543,0.17276826103913853,27.187907696798806,25.159454389926562
high_resistance_calibrated,115.0,0.2631166518048144,9.44183271293931,3.7120926099924865,0.17265719451535705,27.20414060193633,25.16211217379174
high_resistance_calibrated,116.0,0.263640907490435,9.431379398738285,3.7122349120962705,0.17254296549613013,27.220286554723703,25.164786219741853
high_resistance_calibrated,117.0,0.26416458367432955,9.420970635822572,3.712374970925519,0.172425735820802,27.236345923249075,25.167476372056246
high_resistance_calibrated,118.0,0.2646876828289646,9.410606328889678,3.7125129426073764,0.1723056606247175,27.252319082014946,25.170182475872544
high_resistance_calibrated,119.0,0.265210207421339,9.4002863777532,3.712648976765363,0.17218288866894932,27.26820641141982,25.172904377196488
high_resistance_calibrated,120.0,0.26573215991278665,9.390010677516557,3.712783216725577,0.172057562541958,27.284008297457046,25.1756419229048
high_resistance_calibrated,121.0,0.2662535427586601,9.379779118855229,3.7129157998227598,0.17192981895831186,27.299725131249318,25.178394960753366
high_resistance_calibrated,122.0,0.2667743584081459,9.369591588182299,3.713046857595393,0.17179978894945208,27.3153573087655,25.18116333937963
high_resistance_calibrated,123.0,0.26729460930398335,9.359447967903055,3.7131765160628603,0.17166759813421675,27.330905230403047,25.18394690830919
high_resistance_calibrated,124.0,0.26781429788229355,9.349348136572361,3.7133048959097654,0.1715333668990356,27.34636930072227,25.18674551795771
high_resistance_calibrated,125.0,0.2683334265723285,9.339291969124563,3.713432112737077,0.17139721064307145,27.36174992807163,25.189559019636157
high_resistance_calibrated,126.0,0.2688519977963137,9.329279337022564,3.7135582772358817,0.17125923994806147,27.377047524339105,25.19238726555224
high_resistance_calibrated,127.0,0.2693700139692252,9.319310108465475,3.7136834954150317,0.17111956080053495,27.392262504616074,25.195230108814435
high_resistance_calibrated,128.0,0.26988747749864456,9.309384148529666,3.7138078687647855,0.17097827475174449,27.407395286965,25.19808740343295
high_resistance_calibrated,129.0,0.27040439078456163,9.299501319356178,3.71393149446308,0.1708354791190284,27.422446292118277,25.20095900432268
high_resistance_calibrated,130.0,0.2709207562192408,9.28966148028416,3.7140544655296392,0.1706912671364064,27.43741594326122,25.20384476730368
high_resistance_calibrated,131.0,0.2714365761870478,9.279864488019854,3.7141768710127865,0.17054572813695382,27.452304665762654,25.206744549103234
high_resistance_calibrated,132.0,0.2719518530643263,9.270110196762767,3.7142987961345333,0.17039894769456235,27.467112886972323,25.209658207355872
high_resistance_calibrated,133.0,0.27246658921924605,9.26039845835802,3.714420322459752,0.17025100778910304,27.48184103598009,25.21258560060455
high_resistance_calibrated,134.0,0.2729807870116904,9.250729122415441,3.7145415280326444,0.17010198693974732,27.49648954342714,25.215526588300328
high_resistance_calibrated,135.0,0.27349444879312246,9.241102036446957,3.7146624875299628,0.16995196035456503,27.51105884129087,25.21848103080274
high_resistance_calibrated,136.0,0.27400757690648353,9.231517045978803,3.7147832723892518,0.1698010000557902,27.525549362709285,25.22144878937912
high_resistance_calibrated,137.0,0.27452017368607634,9.221973994675393,3.714903950947619,0.1696491750153174,27.53996154178905,25.224429726204324
high_resistance_calibrated,138.0,0.27503224145747257,9.212472724445012,3.7150245885621707,0.16949655127233218,27.554295813442273,25.227423704359644
high_resistance_calibrated,139.0,0.2755437825374121,9.203013075551405,3.71514524773567,0.16934319205600568,27.568552613215505,25.23043058783196
high_resistance_calibrated,140.0,0.276054799233719,9.193594886713193,3.715265988229601,0.16918915789591432,27.582732377138285,25.233450241512358
high_resistance_calibrated,141.0,0.2765652938452158,9.184217995204419,3.715386867177923,0.1690345067331178,27.59683554157096,25.23648253119468
high_resistance_calibrated,142.0,0.27707526866164695,9.174882236947997,3.7155079391931656,0.1688792940237599,27.610862543064275,25.2395273235739
high_resistance_calibrated,143.0,0.2775847259636063,9.165587446606215,3.715629256469401,0.1687235728396225,27.62481381822427,25.242584486244155
high_resistance_calibrated,144.0,0.27809366802246877,9.156333457668525,3.7157508688817376,0.16856739396526907,27.638689803582192,25.245653887696868
high_resistance_calibrated,145.0,0.278602097100329,9.147120102532986,3.7158728240795265,0.16841080598906882,27.652490935474795,25.248735397318377
high_resistance_calibrated,146.0,0.27911001544994035,9.137947212588633,3.7159951675796106,0.16825385539423368,27.66621764992403,25.25182888538774
high_resistance_calibrated,147.0,0.2796174253146647,9.12881461828874,3.7161179428506887,0.1680965866412061,27.679870382531153,25.254934223074052
high_resistance_calibrated,148.0,0.2801243289284181,9.119722149228046,3.716241191400666,0.16793904225293568,27.693449568365654,25.258051282433954
high_resistance_calibrated,149.0,0.2806307285156299,9.110669634208648,3.716364952853003,0.16778126288943673,27.70695564187178,25.2611799364087
high_resistance_calibrated,150.0,0.2811366262912163,9.101656901293573,3.7164892650105834,0.16762328741019286,27.72038903679403,25.264320058820676
high_resistance_calibrated,151.0,0.2816420244605477,9.092683777865798,3.71661416392466,0.16746515294149286,27.733750186095097,25.267471524370183
high_resistance_calibrated,152.0,0.28214692521936463,9.083750090734197,3.7167396840083313,0.1673068949870826,27.747039521804517,25.270634208633975
high_resistance_calibrated,153.0,0.2826513307537672,9.074855666173558,3.7168658580863765,0.1671485474768878,27.760257474966213,25.273807988061208
high_resistance_calibrated,154.0,0.28315524324017377,9.066000329996562,3.7169927174736914,0.16699014284349578,27.773404475539003,25.276992739970744
high_resistance_calibrated,155.0,0.28365866484526936,9.057183907627842,3.7171202920586817,0.16683171210355727,27.78648095229457,25.28018834254834
high_resistance_calibrated,156.0,0.28416159772596344,9.048406224174467,3.7172486103813105,0.1666732849339251,27.799487332721437,25.283394674843738
high_resistance_calibrated,157.0,0.2846640440294072,9.039667104445233,3.7173776996604384,0.16651488969840988,27.81242404300523,25.286611616765942
high_resistance_calibrated,158.0,0.2851660058936123,9.03096637243349,3.7175075853078896,0.16635655297511417,27.825291508802103,25.289839049058575
high_resistance_calibrated,159.0,0.28566748544610776,9.022303852541723,3.7176382921139446,0.1661983007102158,27.838090153435566,25.293076853339656
high_resistance_calibrated,160.0,0.2861684848048466,9.013679368811655,3.717769843516857,0.16604015750727885,27.85082039904629,25.296324912067565
high_resistance_calibrated,161.0,0.2866690060780803,9.005092745070954,3.7179022617502975,0.16588214677081725,27.86348266638427,25.299583108541416
high_resistance_calibrated,162.0,0.28716905136432264,8.99654380499947,3.7180355679163304,0.1657242907774783,27.876077374720744,25.3028513268979
high_resistance_calibrated,163.0,0.28766862275207555,8.988032372402246,3.7181697822610973,0.16556661094459063,27.88860494145638,25.306129452114984
high_resistance_calibrated,164.0,0.2881677223200626,8.979558271041846,3.718304924016814,0.16540912767639934,27.901065782379472,25.309417370000972
high_resistance_calibrated,165.0,0.2886663521376449,8.97112132430194,3.7184410110825294,0.16525186005342574,27.913460312170397,25.312714967178525
high_resistance_calibrated,166.0,0.2891645142639768,8.962721355971917,3.7185780607958874,0.16509482658387983,27.92578894325873,25.316022131104546
high_resistance_calibrated,167.0,0.2896622107484373,8.954358189898441,3.718716089600405,0.1649380448798516,27.938052086347426,25.31933875005368
high_resistance_calibrated,168.0,0.290159443630685,8.946031649973554,3.7188551130396057,0.16478153165166035,27.950250150441278,25.322664713112893
high_resistance_calibrated,169.0,0.2906562149407965,8.937741560047531,3.7189951456758052,0.16462530262880445,27.962383542985283,25.32599991017421
high_resistance_calibrated,170.0,0.2911525266987619,8.92948774440872,3.7191362015736615,0.16446937303103415,27.974452669173587,25.32934423194261
high_resistance_calibrated,171.0,0.2916483809148734,8.921270027477604,3.7192782940010125,0.16431375727700065,27.98645793240964,25.332697569922598
high_resistance_calibrated,172.0,0.29214377958984467,8.913088233736971,3.719421435364931,0.1641584689220264,27.998399734419372,25.3360598164114
high_resistance_calibrated,173.0,0.29263872471459035,8.904942187961968,3.7195656374467756,0.16400352088712805,28.010278474926643,25.339430864499906
high_resistance_calibrated,174.0,0.2931332182701529,8.896831715320625,3.7197109115073763,0.1638489255615233,28.022094551519082,25.342810608070184
high_resistance_calibrated,175.0,0.29362726222790436,8.888756641232208,3.719857268151102,0.16369469467026213,28.033848359866997,25.346198941786735
high_resistance_calibrated,176.0,0.29412085854978803,8.880716791189755,3.720004717152163,0.16354083910502765,28.045540293993152,25.349595761087603
high_resistance_calibrated,177.0,0.29461400918774494,8.872711991302527,3.72015326800482,0.16338736946025506,28.057170745495544,25.353000962191867
high_resistance_calibrated,178.0,0.29510671608413447,8.86474206796125,3.7203029295914907,0.1632342957097898,28.068740104047176,25.35641444208692
high_resistance_calibrated,179.0,0.29559898117174566,8.856806847863904,3.720453710212768,0.16308162723615663,28.080248757370462,25.35983609852438
high_resistance_calibrated,180.0,0.2960908063738344,8.84890615801918,3.7206056175957176,0.16292937283867975,28.091697091244104,25.363265830015234
high_resistance_calibrated,181.0,0.2965821936038665,8.841039826010523,3.720758659165692,0.16277754099839672,28.103085489132766,25.366703535830176
high_resistance_calibrated,182.0,0.29707314476578206,8.83320767979873,3.7209128418506476,0.16262613968738376,28.11441433248599,25.370149115990763
high_resistance_calibrated,183.0,0.29756366175412613,8.825409547640744,3.721068172000703,0.16247517629032657,28.125684000867516,25.373602471263883
high_resistance_calibrated,184.0,0.29805374645378774,8.817645258360205,3.721224655670907,0.16232465788021577,28.136894871576327,25.377063503160723
high_resistance_calibrated,185.0,0.2985434007401378,8.80991464126027,3.7213822985351768,0.16217459113445354,28.14804731978548,25.38053211393078
high_resistance_calibrated,186.0,0.29903262647910445,8.802217526093234,3.7215411058585275,0.16202498230778326,28.15914171859834,25.384008206556842
high_resistance_calibrated,187.0,0.2995214255272892,8.794553742993065,3.72170108242967,0.16187583716654314,28.170178439157908,25.387491684749932
high_resistance_calibrated,188.0,0.3000097997317059,8.786923122746238,3.7218622328487125,0.16172716126929035,28.18115785026898,25.390982452946666
high_resistance_calibrated,189.0,0.300497750930018,8.779325496615572,3.7220245613457714,0.1615789597898812,28.192080318664615,25.394480416303292
high_resistance_calibrated,190.0,0.30098528095059196,8.771760696329151,3.722188071771586,0.16143123750828378,28.202946209034128,25.397985480691442
high_resistance_calibrated,191.0,0.301472391612454,8.764228554155373,3.722352767681067,0.1612839988921105,28.2137558839274,25.401497552693627
high_resistance_calibrated,192.0,0.3019590847252556,8.756728902971966,3.7225186524101628,0.1611372481716147,28.224509703668303,25.405016539598773
high_resistance_calibrated,193.0,0.30244536208939243,8.749261576195314,3.72268572900364,0.16099098926921984,28.235208026468552,25.408542349397557
high_resistance_calibrated,194.0,0.30293122549613877,8.74182640769433,3.7228540001243475,0.16084522571092288,28.245851208563103,25.412074890778623
high_resistance_calibrated,195.0,0.3034166767274179,8.734423232037148,3.723023468324056,0.16069996089068145,28.256439603868984,25.41561407312274
high_resistance_calibrated,196.0,0.3039017175560092,8.727051884339499,3.7231941358818794,0.1605551979126741,28.26697356421485,25.41915980649916
high_resistance_calibrated,197.0,0.30438634974556894,8.719712200282496,3.7233660048261363,0.16041093961261946,28.277453439327505,25.422712001661292
high_resistance_calibrated,198.0,0.304870575050684,8.712404016100118,3.7235390769235037,0.1602671885471747,28.28787957686171,25.426270570042487
high_resistance_calibrated,199.0,0.3053543952167769,8.705127168704388,3.7237133538203446,0.1601239471319515,28.2982523222336,25.429835423749985
high_resistance_calibrated,200.0,0.30583781198024457,8.697881495594865,3.723888836945592,0.15998121754665495,28.308572018761996,25.433406475561767
high_resistance_calibrated,201.0,0.3063208270685291,8.690666834828807,3.7240655274789054,0.15983900170394363,28.31883900772264,25.43698363892317
high_resistance_calibrated,202.0,0.30680344220005246,8.683483025120832,3.72424342646666,0.1596973013627542,28.329053628218112,25.440566827940287
high_resistance_calibrated,203.0,0.30728565908427685,8.676329905823906,3.724422534803103,0.1595561181098802,28.339216217216872,25.444155957376108
high_resistance_calibrated,204.0,0.3077674794217673,8.669207316907615,3.7246028532082462,0.15941545333834578,28.349327109595926,25.447750942646838
high_resistance_calibrated,205.0,0.30824890490426793,8.66211509892309,3.724784382189077,0.15927530820945338,28.359386638202192,25.451351699819167
high_resistance_calibrated,206.0,0.3087299372146137,8.65505309312641,3.724967122186916,0.15913568379687026,28.36939513368903,25.454958145601438
high_resistance_calibrated,207.0,0.3092105780268542,8.648021141398047,3.7251510734857227,0.15899658099694286,28.37935292464219,25.458570197342482
high_resistance_calibrated,208.0,0.3096908290062927,8.641019086241661,3.725336236212126,0.15885800052869106,28.389260337592987,25.46218777302785
high_resistance_calibrated,209.0,0.3101706918095048,8.63404677080547,3.7255226103641723,0.15871994296192826,28.399117696999344,25.465810791274624
high_resistance_calibrated,210.0,0.3106501680843394,8.627104038921052,3.725710195861003,0.1585824087658545,28.408925325202404,25.469439171325195
high_resistance_calibrated,211.0,0.31112925946999326,8.62019073506741,3.7258989925018713,0.15844539826894372,28.41868354248869,25.473072833045098
high_resistance_calibrated,212.0,0.3116079675970813,8.613306704338484,3.726088999927118,0.15830891162068494,28.428392667147094,25.47671169692137
high_resistance_calibrated,213.0,0.31208629408758753,8.606451792534978,3.7262802177367433,0.15817294890770464,28.438053015350455,25.480355684052125
high_resistance_calibrated,214.0,0.3125642405549552,8.599625846111344,3.7264726454260377,0.15803751009070235,28.447664901241527,25.484004716146213
high_resistance_calibrated,215.0,0.31304180860412173,8.592828712179065,3.7266662823918626,0.15790259501057796,28.45722863693932,25.48765871551911
high_resistance_calibrated,216.0,0.31351899983156634,8.586060238496836,3.726861127922231,0.15776820337820283,28.46674453256382,25.491317605089897
high_resistance_calibrated,217.0,0.31399581582530034,8.579320273524491,3.7270571812700526,0.15763433484669315,28.476212896170995,25.49498130837233
high_resistance_calibrated,218.0,0.31447225816494107,8.57260866638368,3.7272544416039777,0.15750098896321288,28.485634033818975,25.498649749474463
high_resistance_calibrated,219.0,0.31494832842175774,8.565925266848327,3.7274529079969074,0.15736816515766316,28.495008249592075,25.502322853096036
high_resistance_calibrated,220.0,0.31542402815868353,8.55926992537585,3.7276525794720845,0.15723586278790205,28.50433584556762,25.50600054452096
high_resistance_calibrated,221.0,0.3158993589303554,8.552642493105981,3.727853455004277,0.15710408114088947,28.513617121828197,25.509682749613436
high_resistance_calibrated,222.0,0.3163743222831619,8.546042821848733,3.7280555335054393,0.1569728194186036,28.522852376489045,25.513369394815577
high_resistance_calibrated,223.0,0.31684891975529234,8.539470764068492,3.7282588138033654,0.1568420767170463,28.532041905730654,25.517060407146012
high_resistance_calibrated,224.0,0.31732315287673996,8.532926172931887,3.728463294715861,0.15671185209910288,28.54118600374214,25.52075571418871
high_resistance_calibrated,225.0,0.31779702316936415,8.526408902275337,3.7286689750051503,0.1565821445497372,28.550284962776946,25.524455244094014
high_resistance_calibrated,226.0,0.3182705321469264,8.519918806605261,3.728875853379942,0.15645295297799758,28.559339073162658,25.528158925575138
high_resistance_calibrated,227.0,0.3187436813151262,8.513455741101511,3.7290839285039508,0.15632427622538447,28.568348623306306,25.531866687903545
high_resistance_calibrated,228.0,0.3192164721716293,8.507019561633706,3.7292931990253284,0.15619611309480003,28.577313899681624,25.535578460901828
high_resistance_calibrated,229.0,0.3196889062061148,8.500610124745421,3.7295036635541092,0.15606846232834976,28.586235186861042,25.539294174942942
high_resistance_calibrated,230.0,0.3201609849003158,8.494227287644156,3.7297153206464113,0.15594132259175716,28.595112767539483,25.543013760949265
high_resistance_calibrated,231.0,0.3206327097280466,8.487870908227228,3.7299281688542054,0.1558146925233922,28.603946922508133,25.54673715038185
high_resistance_calibrated,232.0,0.32110408215524633,8.481540845067176,3.730142206702337,0.1556885707116238,28.61273793068442,25.550464275240373
high_resistance_calibrated,233.0,0.32157510364001596,8.475236957410285,3.7303574326885336,0.15556295569481948,28.62148606912375,25.554195068059805
high_resistance_calibrated,234.0,0.3220457756326568,8.468959105171448,3.7305738452763033,0.15543784595432822,28.630191613036118,25.557929461908376
high_resistance_calibrated,235.0,0.32251609957570554,8.462707148951043,3.7307914429329236,0.15531323995196578,28.638854835772182,25.561667390377607
high_resistance_calibrated,236.0,0.32298607690397335,8.45648095002097,3.7310102241046694,0.15518913610556984,28.64747600885204,25.56540878758329
high_resistance_calibrated,237.0,0.32345570904458204,8.450280370321913,3.731230187213002,0.15506553278521307,28.656055401978303,25.569153588163115
high_resistance_calibrated,238.0,0.3239249974170027,8.444105272469017,3.7314513306723462,0.1549424283307834,28.66459328303749,25.572901727269894
high_resistance_calibrated,239.0,0.3243939434330941,8.437955519752213,3.7316736528951377,0.1548198210569713,28.673089918108708,25.576653140567217
high_resistance_calibrated,240.0,0.3248625484971383,8.431830976130945,3.7318971522833206,0.154697709244869,28.681545571480065,25.580407764227942
high_resistance_calibrated,241.0,0.3253308140058729,8.425731506229019,3.7321218272169867,0.15457609113070972,28.689960505664747,25.584165534933806
high_resistance_calibrated,242.0,0.32579874134854037,8.419656975345013,3.732347676091126,0.15445496494228161,28.69833498139557,25.587926389863576
high_resistance_calibrated,243.0,0.326266331906917,8.413607249443096,3.7325746972932548,0.15433432887677062,28.70666925764653,25.5916902666951
high_resistance_calibrated,244.0,0.3267335870553456,8.407582195152079,3.7328028892022,0.1542141810995373,28.71496359164286,25.59545710360296
high_resistance_calibrated,245.0,0.3272005081607735,8.40158167976405,3.7330322501895514,0.15409451974556265,28.723218238871585,25.59922683925493
high_resistance_calibrated,246.0,0.32766709658280346,8.395605571237288,3.73326277864326,0.15397534294291917,28.731433453086154,25.60299941280205
high_resistance_calibrated,247.0,0.32813335367371765,8.389653738190857,3.7334944729486024,0.15385664879385513,28.73960948632242,25.606774763881106
high_resistance_calibrated,248.0,0.3285992807785179,8.383726049904237,3.733727331495574,0.15373843538216259,28.7477465889076,25.610552832609347
high_resistance_calibrated,249.0,0.3290648792349635,8.377822376315837,3.7339613526805415,0.15362070077483173,28.75584500947072,25.614333559580995
high_resistance_calibrated,250.0,0.3295301503736079,8.37194258802142,3.7341965349078836,0.1535034430237049,28.763904994953105,25.618116885863625
high_resistance_calibrated,251.0,0.32999509551782913,8.366086556273865,3.734432876589876,0.15338666016534422,28.771926790616938,25.62190275299573
high_resistance_calibrated,252.0,0.3304597159838554,8.360254152984147,3.734670376145112,0.15327035021940577,28.779910640052112,25.62569110298525
high_resistance_calibrated,253.0,0.3309240130808514,8.35444525070885,3.7349090320133884,0.1531545112037803,28.787856785201424,25.629481878297543
high_resistance_calibrated,254.0,0.33138798811090947,8.34865972265828,3.7351488426450947,0.15303914112379044,28.79576546635747,25.633275021859635
high_resistance_calibrated,255.0,0.3318516423691006,8.342897442691793,3.7353898065063578,0.15292423797741647,28.803636922177027,25.63707047705441
high_resistance_calibrated,256.0,0.3323149771435104,8.337158285315935,3.735631922080631,0.15280979975691303,28.811471389691455,25.64086818771709
high_resistance_calibrated,257.0,0.33277799371527683,8.331442125682486,3.73587518787028,0.15269582445042557,28.819269104317186,25.644668098131675
high_resistance_calibrated,258.0,0.3332406933586196,8.325748839586206,3.736119602391619,0.1525823100370738,28.827030299866536,25.64847015302971
high_resistance_calibrated,259.0,0.33370307734063803,8.320078303451977,3.7363651639572404,0.15246925426987323,28.834755208572894,25.65227429766237
high_resistance_calibrated,260.0,0.33416514692194293,8.314430394359555,3.736611871222654,0.1523566552210297,28.84244406106457,25.65608047760884
high_resistance_calibrated,261.0,0.3346269033561998,8.308804990019192,3.7368597227353275,0.15224451083216772,28.850097086405576,25.659888638928948
high_resistance_calibrated,262.0,0.3350883478903028,8.303201968775591,3.737108717061988,0.15213281904135775,28.85771451209766,25.66369872811623
high_resistance_calibrated,263.0,0.33554948176441113,8.297621209605678,3.7373588527896655,0.15202157778420633,28.86529656409074,25.66751069209461
high_resistance_calibrated,264.0,0.3360103062119858,8.292062592116254,3.737610128526727,0.15191078499494684,28.872843466793398,25.671324478214988
high_resistance_calibrated,265.0,0.3364708224598254,8.286525996541634,3.7378625429039194,0.15180043860752995,28.880355443083346,25.675140034251932
high_resistance_calibrated,266.0,0.33693103172782574,8.28101130379246,3.7381160944685794,0.15169053644881883,28.887832714248425,25.678957308458948
high_resistance_calibrated,267.0,0.33739093522960084,8.27551839534525,3.7383707819109713,0.15158107646725374,28.895275500143597,25.682776249441424
high_resistance_calibrated,268.0,0.33785053417217076,8.270047153304276,3.7386266039308254,0.1514720565981026,28.902684019113945,25.686596806227165
high_resistance_calibrated,269.0,0.33830982975598306,8.264597460401621,3.7388835592329297,0.151363474759062,28.910058488001614,25.69041892826595
high_resistance_calibrated,270.0,0.33876882317499596,8.259169199986019,3.739141646545973,0.15125532886935092,28.917399122167872,25.694242565416417
high_resistance_calibrated,271.0,0.33922751561671427,8.253762256020263,3.7394008646233416,0.1511476168505799,28.924706135503452,25.69806766794285
high_resistance_calibrated,272.0,0.33968590826222483,8.2483765130786,3.73966121224392,0.15104033662762154,28.931979740438862,25.701894186511936
high_resistance_calibrated,273.0,0.340144002285948,8.243011856409485,3.739922688129699,0.1509334860448517,28.93922014786644,25.705722072244754
high_resistance_calibrated,274.0,0.34060179885610703,8.237668171833343,3.7401852910732707,0.15082706299592497,28.946427567285138,25.709551276629433
high_resistance_calibrated,275.0,0.341059299134815,8.2323453457279,3.740449019953561,0.15072106543985503,28.95360220682674,25.71338175150792
high_resistance_calibrated,276.0,0.3415165042777543,8.2270432651073,3.7407138736324805,0.15061549129593968,28.960744273155655,25.717213449141973
high_resistance_calibrated,277.0,0.34197341543435616,8.22176181758624,3.7409798509976753,0.15051033848732834,28.96785397152378,25.721046322182023
high_resistance_calibrated,278.0,0.34243003374783576,8.21650089137723,3.741246950963082,0.1504056049416719,28.97493150578062,25.724880323664074
high_resistance_calibrated,279.0,0.34288636035522696,8.21126037528781,3.7415151724694873,0.1503012885917713,28.981977078383366,25.72871540700667
high_resistance_calibrated,280.0,0.3433423963872244,8.206040158770213,3.7417845144504787,0.1501973873404263,28.988990890336474,25.732551526040456
high_resistance_calibrated,281.0,0.34379814296826355,8.200840131906409,3.7420549758410573,0.15009389906942344,28.995973141218194,25.73638863499753
high_resistance_calibrated,282.0,0.3442536012171955,8.19566018523137,3.7423265556926664,0.1499908217586375,29.00292402942399,25.740226688400003
high_resistance_calibrated,283.0,0.3447087722465794,8.190500209931788,3.742599253040763,0.14988815334910258,29.009843751905656,25.744065641182726
high_resistance_calibrated,284.0,0.3451636571629543,8.185360097778686,3.742873066947836,0.1497858917876106,29.016732504267946,25.74790544865001
high_resistance_calibrated,285.0,0.34561825706687366,8.180239741124547,3.743147996503795,0.14968403502720365,29.023590480778406,25.751746066472677
high_resistance_calibrated,286.0,0.34607257305293965,8.175139032900486,3.7434240408263446,0.1495825810276664,29.030417874377108,25.755587450685116
high_resistance_calibrated,287.0,0.3465266062097583,8.170057866635315,3.743701199050453,0.1494815277445989,29.037214876657007,25.75942955769472
high_resistance_calibrated,288.0,0.34698035761960666,8.164996136555036,3.7439794702781444,0.14938087307698045,29.043981677736905,25.763272344336404
high_resistance_calibrated,289.0,0.3474338283596628,8.159953737246495,3.7442588537437116,0.14928061504014523,29.05071846671695,25.767115767682444
high_resistance_calibrated,290.0,0.34788701950096296,8.154930563954457,3.744539348665606,0.1491807516109145,29.057425431286948,25.770959785208138
high_resistance_calibrated,291.0,0.3483399321087488,8.149926512491325,3.744820954289908,0.14908128077319982,29.064102757852783,25.774804354739917
high_resistance_calibrated,292.0,0.34879256724250035,8.144941479234332,3.745103669890575,0.14898220051836783,29.07075063154581,25.77864943445252
high_resistance_calibrated,293.0,0.3492449259559698,8.139975361122557,3.7453874947696697,0.1488835088456053,29.077369236232347,25.782494982866215
high_resistance_calibrated,294.0,0.34969700929721464,8.135028055653947,3.7456724282575955,0.1487852037622842,29.083958754523145,25.78634095884394
high_resistance_calibrated,295.0,0.350148818308021,8.130099461052255,3.7459584696420767,0.14868728320919092,29.090519367556677,25.790187321679173
high_resistance_calibrated,296.0,0.350600354025361,8.12518947586756,3.7462456183346866,0.14858974523626875,29.097051255536464,25.794034030881562
high_resistance_calibrated,297.0,0.3510516174803341,8.120297999276973,3.746533873743563,0.14849258786852457,29.10355459733583,25.79788104633629
high_resistance_calibrated,298.0,0.3515026096984332,8.115424931016907,3.7468232353007505,0.14839580913499234,29.110029570593454,25.801728328266787
high_resistance_calibrated,299.0,0.35195333169960735,8.110570171371657,3.7471137024658594,0.14829940707273973,29.11647635173378,25.80557583722752
high_resistance_calibrated,300.0,0.35240378449829374,8.105733621170447,3.747405274726175,0.14820337972711936,29.12289511597614,25.809423534101317
high_resistance_calibrated,301.0,0.35285396910345107,8.100915181784437,3.747697951596751,0.14810772515202014,29.12928603734384,25.813271380096726
high_resistance_calibrated,302.0,0.353303886518135,8.096114755254348,3.7479917325823635,0.14801244136897299,29.1356492885001,25.81711933680895
high_resistance_calibrated,303.0,0.35375353774039753,8.091332244039325,3.7482866172500637,0.14791752644556358,29.14198504108622,25.82096736609629
high_resistance_calibrated,304.0,0.3542029237629844,8.086567551109512,3.748582605201262,0.14782297846548592,29.14829346560353,25.824815430124186
high_resistance_calibrated,305.0,0.354652045573142,8.081820580007575,3.748879696052945,0.14772879550843543,29.15457473133687,25.82866349139402
high_resistance_calibrated,306.0,0.3551009041527836,8.07709123480727,3.7491778894489327,0.14763497566242012,29.160829006414385,25.832511512721823
high_resistance_calibrated,307.0,0.3555495004785209,8.072379420110403,3.7494771850598743,0.14754151702392607,29.167056457816376,25.836359457235694
high_resistance_calibrated,308.0,0.3559978355216948,8.067685041043916,3.7497775825832385,0.14744841769808206,29.173257251383976,25.840207288373307
high_resistance_calibrated,309.0,0.356445910248106,8.063008003346146,3.750079081728509,0.1473556757819683,29.179431551709982,25.844054969918687
high_resistance_calibrated,310.0,0.35689372561837424,8.058348213266857,3.750381682233252,0.147263289383103,29.185579522275813,25.84790246595692
high_resistance_calibrated,311.0,0.3573412825883429,8.053705577453254,3.7506853838814074,0.14717125664047648,29.191701325606324,25.85174974082289
high_resistance_calibrated,312.0,0.357788582108469,8.049080003137117,3.7509901864717765,0.14707957568883742,29.19779712302745,25.855596759182497
high_resistance_calibrated,313.0,0.35823562512407997,8.044471398064642,3.7512960898290784,0.1469882446714875,29.203867074763377,25.859443486000632
high_resistance_calibrated,314.0,0.3586824125754048,8.039879670493558,3.7516030938038707,0.14689726174039203,29.20991133994487,25.8632898865388
high_resistance_calibrated,315.0,0.35912894539760404,8.03530472919009,3.7519111982724667,0.14680662505629116,29.21593007661771,25.867135926352656
high_resistance_calibrated,316.0,0.35957522452064244,8.03074648347306,3.7522204031322,0.14671633278307858,29.221923441689196,25.870981571309137
high_resistance_calibrated,317.0,0.3600212508691617,8.026204843257721,3.752530708296704,0.14662638308220521,29.227891590875064,25.874826787603432
high_resistance_calibrated,318.0,0.36046702536350606,8.021679718757118,3.7528421137250416,0.146536774148825,29.23383467909631,25.878671541634002
high_resistance_calibrated,319.0,0.36091254891875424,8.017171020775422,3.753154619392279,0.14644750417574892,29.239752860097777,25.88251580012318
high_resistance_calibrated,320.0,0.3613578224450532,8.012678660614839,3.75346822529829,0.14635857136453465,29.24564628657487,25.88635953007736
high_resistance_calibrated,321.0,0.36180284684764813,8.008202550072676,3.753782931467615,0.1462699739255623,29.25151511018159,25.89020269878479
high_resistance_calibrated,322.0,0.362247623026911,8.003742601438466,3.754098737949326,0.14618171007811054,29.257359481538487,25.8940452738132
high_resistance_calibrated,323.0,0.36269215187833975,7.999298727500137,3.754415644816129,0.14609377804947535,29.263179550228706,25.897887223011278
high_resistance_calibrated,324.0,0.36313643429200804,7.994870841709308,3.7547336521504944,0.14600617605746405,29.26897546458581,25.901728514574938
high_resistance_calibrated,325.0,0.36358047115412,7.990458857735405,3.7550527600806545,0.1459189023567765,29.274747372281627,25.905569116864445
high_resistance_calibrated,326.0,0.36402426334574306,7.98606268983905,3.755372968749702,0.14583195519970682,29.280495419841184,25.90940899855569
high_resistance_calibrated,327.0,0.36446781174320386,7.981682252762623,3.755694278324122,0.1457453328473493,29.286219752790085,25.913248128594475
high_resistance_calibrated,328.0,0.36491111721811725,7.9773174617274085,3.756016688993601,0.14565903356964555,29.29192051566215,25.9170864761943
high_resistance_calibrated,329.0,0.36535418063741465,7.972968232430731,3.756340200970836,0.14557305564543158,29.29759785200704,25.920924010834277
high_resistance_calibrated,330.0,0.36579700286337247,7.968634481043058,3.756664814491336,0.14548739736248467,29.303251904397907,25.92476070225684
high_resistance_calibrated,331.0,0.366239584753094,7.964316124360516,3.7569905298021347,0.14540205700293868,29.30888281423637,25.92859652052828
high_resistance_calibrated,332.0,0.366681927159724,7.960013079465164,3.7573173471856243,0.14531703287505215,29.314490722199487,25.932431435900735
high_resistance_calibrated,333.0,0.36712403093171864,7.955725263937102,3.757645266943979,0.14523232329298214,29.320075767966607,25.93626541889682
high_resistance_calibrated,334.0,0.36756589691290004,7.951452595844473,3.757974289399447,0.14514792657749656,29.32563809023624,25.940098440304585
high_resistance_calibrated,335.0,0.3680075259425616,7.947194993718322,3.758304414895706,0.14506384105810155,29.331177826762477,25.943930471166404
high_resistance_calibrated,336.0,0.3684489188554966,7.9429523765497905,3.7586356437976236,0.14498006507306307,29.336695114362282,25.94776148277696
high_resistance_calibrated,337.0,0.368890076482025,7.938724663787283,3.7589679764910073,0.14489659696942855,29.342190088922777,25.951591446681142
high_resistance_calibrated,338.0,0.3693309996476445,7.9345117754395655,3.7593014133773677,0.14481343509565425,29.34766288527088,25.95542033471361
high_resistance_calibrated,339.0,0.3697716891736642,7.930313631902731,3.7596359548816825,0.14473057781351306,29.353113637401833,25.959248118929803
high_resistance_calibrated,340.0,0.3702121458772231,7.926130153959622,3.7599716014520075,0.14464802349793343,29.358542478483162,25.963074771604873
high_resistance_calibrated,341.0,0.3706523705709093,7.92196126289175,3.760308353553816,0.14456577052901665,29.363949540712856,25.96690026527672
high_resistance_calibrated,342.0,0.37109236406296003,7.91780688042777,3.7606462116720083,0.1444838172954394,29.36933495538966,25.970724572724855
high_resistance_calibrated,343.0,0.3715321271572887,7.913666928740828,3.760985176310626,0.14440216219445726,29.374698852919963,25.974547666968455
high_resistance_calibrated,344.0,0.3719716606535114,7.909541330445719,3.7613252479925605,0.1443208036319078,29.380041362824795,25.978369521264362
high_resistance_calibrated,345.0,0.3724109653467474,7.905430008659028,3.761666427257949,0.14423974001947942,29.385362613665347,25.982190109129217
high_resistance_calibrated,346.0,0.3728500420277455,7.901332886968866,3.7620087146644465,0.14415896977591358,29.390662733085595,25.986009404326886
high_resistance_calibrated,347.0,0.37328889148354527,7.897249889255143,3.7623521107906077,0.1440784913346928,29.39594184804799,25.989827380798957
high_resistance_calibrated,348.0,0.37372751449672886,7.893180939902425,3.7626966162310778,0.14399830313466397,29.401200084561193,25.993644012745243
high_resistance_calibrated,349.0,0.37416591184569903,7.88912596372708,3.763042231597738,0.1439184036230834,29.406437567777594,25.997459274595066
high_resistance_calibrated,350.0,0.3746040843047051,7.885084885974635,3.763388957519383,0.14383879125560908,29.41165442199987,26.001273141005388
high_resistance_calibrated,351.0,0.37504203264386826,7.881057632317051,3.763736794641389,0.1437594644962928,29.41685077068764,26.005085586858943
high_resistance_calibrated,352.0,0.3754797576290615,7.877044128890555,3.764085743625225,0.14368042181649898,29.42202673641179,26.008896587277565
high_resistance_calibrated,353.0,0.37591726002141485,7.873044302436841,3.7644358051475537,0.14360166169108896,29.427182440675686,26.012706117674327
high_resistance_calibrated,354.0,0.3763545405791689,7.869058079794833,3.764786979901863,0.14352318261179645,29.432318004573446,26.01651415356193
high_resistance_calibrated,355.0,0.3767916000560264,7.865085388360827,3.7651392685963074,0.14344498307495784,29.437433548199515,26.020320670724644
high_resistance_calibrated,356.0,0.37722843920166776,7.861126155950281,3.7654926719538877,0.14336706158509177,29.442529190829916,26.02412564516562
high_resistance_calibrated,357.0,0.37766505876177514,7.857180310795373,3.7658471907120905,0.14328941665488046,29.447605050928377,26.027929053105133
high_resistance_calibrated,358.0,0.3781014594780573,7.853247781542518,3.7662028256225257,0.1432120468051516,29.452661246152438,26.03173087097889
high_resistance_calibrated,359.0,0.37853764208827373,7.8493284972499,3.7665595774505585,0.14313495056486,29.457697893359505,26.035531075436275
high_resistance_calibrated,360.0,0.37897360732625884,7.845422387384894,3.7669174469749382,0.14305812647106936,29.46271510861304,26.039329643338665
high_resistance_calibrated,361.0,0.3794093559219467,7.841529381821593,3.767276434987419,0.14298157306893397,29.467713007188586,26.043126551757663
high_resistance_calibrated,362.0,0.37984488860139526,7.8376494108381785,3.767636542292379,0.14290528891168022,29.472691703579912,26.046921777973417
high_resistance_calibrated,363.0,0.3802802060868104,7.833782405114341,3.7679977697064304,0.14282927256058855,29.477651311505134,26.050715299472873
high_resistance_calibrated,364.0,0.3807153090965709,7.829928295728717,3.768360118058035,0.1427535225849751,29.48259194391275,26.054507093948057
high_resistance_calibrated,365.0,0.3811501983452524,7.826087014156152,3.768723588187097,0.14267803756217332,29.48751371298783,26.05829713929437
high_resistance_calibrated,366.0,0.38158487454365186,7.822258492265116,3.7690881809445713,0.1426028160775158,29.49241673015806,26.062085413608823
high_resistance_calibrated,367.0,0.3820193383982259,7.818442662424841,3.7694538971907257,0.14252785672075657,29.497301105959274,26.065871895229623
high_resistance_calibrated,368.0,0.38245359061241896,7.814639457258384,3.7698207377976822,0.1424531580939701,29.502166950354297,26.06965656264265
high_resistance_calibrated,369.0,0.3828876318859549,7.810848809776941,3.7701887036473463,0.14237871880708716,29.507014372563425,26.07343939453127
high_resistance_calibrated,370.0,0.38332146291470043,7.807070653407486,3.770557795630614,0.14230453747689223,29.511843481031665,26.077220369786012
high_resistance_calibrated,371.0,0.38375508439085915,7.80330492195806,3.770928014647339,0.14223061272804177,29.516654383475775,26.080999467490873
high_resistance_calibrated,372.0,0.3841884970029963,7.799551549614981,3.771299361605899,0.14215694319304445,29.521447186890303,26.084776666921556
high_resistance_calibrated,373.0,0.3846217014360626,7.795810470940081,3.771671837422759,0.14208352751224126,29.52622199755363,26.088551947543802
high_resistance_calibrated,374.0,0.3850546983714186,7.792081620867905,3.7720454430220354,0.1420103643337855,29.530978921034034,26.09232528901169
high_resistance_calibrated,375.0,0.3854874884868583,7.788364934702901,3.7724201793350463,0.14193745231362334,29.535718062195706,26.096096671165903
high_resistance_calibrated,376.0,0.38592007245663396,7.784660348116553,3.772796047299865,0.14186479011547343,29.540439525204803,26.09986607403203
high_resistance_calibrated,377.0,0.3863524509514794,7.780967797144544,3.7731730478608636,0.14179237641080747,29.545143413535506,26.10363347781891
high_resistance_calibrated,378.0,0.38678462463863494,7.777287218183835,3.773551181968255,0.14172020987883033,29.549829829976037,26.107398862916842
high_resistance_calibrated,379.0,0.387216594181871,7.773618547989807,3.7739304505776268,0.1416482892064599,29.554498876634714,26.11116220989597
high_resistance_calibrated,380.0,0.3876483602415124,7.7699617236732585,3.7743108546494755,0.1415766130883076,29.559150654946013,26.114923499504492
high_resistance_calibrated,381.0,0.388079923471019,7.76631668362258,3.7746923951501428,0.1415051802074961,29.56378526450066,26.1186827130078
high_resistance_calibrated,382.0,0.3885112845170307,7.7626833674974645,3.7750750730513527,0.14143398923575162,29.56840280305859,26.122439832184693
high_resistance_calibrated,383.0,0.38894244403587946,7.75906171179399,3.7754588893229486,0.14136303892514987,29.573003372186278,26.126194837693912
high_resistance_calibrated,384.0,0.3893734026737153,7.755451655186993,3.7758438449405527,0.14129232799735267,29.577587070466887,26.12994771104171
high_resistance_calibrated,385.0,0.38980416107330945,7.751853136706514,3.7762299408823052,0.14122185518131755,29.582153995821624,26.1336984339092
high_resistance_calibrated,386.0,0.39023471987407665,7.748266095735347,3.7766171781283693,0.1411516192132667,29.58670424551509,26.1374469881509
high_resistance_calibrated,387.0,0.3906650797120969,7.744690472006498,3.777005557660429,0.14108161883665601,29.591237916160665,26.141193355793174
high_resistance_calibrated,388.0,0.39109524122013806,7.741126205600713,3.7773950804611873,0.14101185280214432,29.595755103725814,26.14493751903278
high_resistance_calibrated,389.0,0.3915252050276778,7.737573236943827,3.777785747513854,0.140942319867562,29.60025590353753,26.1486794602353
high_resistance_calibrated,390.0,0.3919549717609252,7.734031506804324,3.778177559801631,0.14087301879788056,29.60474041028761,26.152419161933686
high_resistance_calibrated,391.0,0.3923845420428439,7.7305009562906255,3.7785705183071956,0.14080394836518118,29.609208718038097,26.156156606826713
high_resistance_calibrated,392.0,0.39281391649317327,7.726981526848606,3.7789646240121764,0.14073510734862402,29.613660920226554,26.159891777777524
high_resistance_calibrated,393.0,0.39324309572845123,7.723473160258863,3.7793598778966264,0.14066649453441726,29.618097109671513,26.163624657812065
high_resistance_calibrated,394.0,0.39367208036203555,7.719975798634152,3.779756280938488,0.14059810871578599,29.622517378577758,26.16735523011761
high_resistance_calibrated,395.0,0.39410087100412694,7.716489384416673,3.780153834113061,0.1405299486929414,29.62692181854175,26.171083478041254
high_resistance_calibrated,396.0,0.39452946825251706,7.713013862685284,3.7805525384270995,0.14046201325746124,29.63131051764082,26.17480938592379
high_resistance_calibrated,397.0,0.39495787271600463,7.709549175328338,3.7809523948308996,0.14039430123158345,29.635683567794977,26.17853293699079
high_resistance_calibrated,398.0,0.39538608499625416,7.706095265561279,3.7813534042855688,0.14032681143764322,29.640041059060632,26.18225411498732
high_resistance_calibrated,399.0,0.39581410569055697,7.7026520772431954,3.7817555677522523,0.14025954270264512,29.644383080497096,26.185972903929734
high_resistance_calibrated,400.0,0.39624193539311925,7.699219554558683,3.782158886186845,0.1401924938603614,29.648709720570253,26.189689287990095
high_resistance_calibrated,401.0,0.39666957469508346,7.695797642015419,3.7825633605394327,0.14012566375129903,29.653021067157535,26.193403251494725
high_resistance_calibrated,402.0,0.39709702418454923,7.692386284441708,3.7829689917537337,0.14005905122266657,29.657317207552886,26.197114778922874
high_resistance_calibrated,403.0,0.39752428444659393,7.688985426984002,3.783375780766528,0.1399926551283411,29.661598228471732,26.200823854905273
high_resistance_calibrated,404.0,0.3979513560632937,7.685595015104394,3.783783728507089,0.13992647432883523,29.66586421605595,26.204530464222763
high_resistance_calibrated,405.0,0.3983782396137442,7.6822149945781355,3.784192835896613,0.139860507691264,29.670115255878844,26.208234591804896
high_resistance_calibrated,406.0,0.39880493567408176,7.6788453114910995,3.7846031038476373,0.13979475408931177,29.674351432950093,26.211936222728557
high_resistance_calibrated,407.0,0.3992314448175039,7.6754859122372165,3.785014533263456,0.13972921240319924,29.678572831720746,26.21563534221653
high_resistance_calibrated,408.0,0.3996577676142905,7.672136743515954,3.7854271250375406,0.13966388151965034,29.68277953608817,26.21933193563615
high_resistance_calibrated,409.0,0.4000839046318243,7.668797752329702,3.785840880052946,0.1395987603318593,29.686971629401036,26.223025988497874
high_resistance_calibrated,410.0,0.40050985642885883,7.6654688873979895,3.7862557992101973,0.13953384773738814,29.691149192686662,26.226717486960293
high_resistance_calibrated,411.0,0.4009356235621308,7.662150097534026,3.7866718833940816,0.1394691426405045,29.69531230669259,26.230406417248556
high_resistance_calibrated,412.0,0.40136120659663377,7.658841329114573,3.7870891334222647,0.13940464395583604,29.69946105505946,26.23409276475056
high_resistance_calibrated,413.0,0.40178660608775163,7.655542530481961,3.787507550133242,0.13934035060190417,29.703595518799265,26.237776515589918
high_resistance_calibrated,414.0,0.40221182258803,7.652253650279946,3.7879271343523166,0.13927626150351863,29.707715778385925,26.241457656030473
high_resistance_calibrated,415.0,0.4026368566471954,7.648974637451379,3.788347886890995,0.13921237559174393,29.711821913759852,26.24513617247499
high_resistance_calibrated,416.0,0.40306170881217435,7.6457054412359415,3.7887698085463803,0.13914869180386583,29.715914004332397,26.248812051463908
high_resistance_calibrated,417.0,0.4034863796271133,7.642446011167763,3.7891929001005584,0.13908520908335772,29.719992128990437,26.252485279674087
high_resistance_calibrated,418.0,0.4039108696333979,7.639196297073166,3.7896171623199866,0.13902192637984692,29.72405636610083,26.256155843917533
high_resistance_calibrated,419.0,0.4043351793696721,7.635956249068258,3.7900425959548727,0.13895884264908134,29.72810679351497,26.25982373114012
high_resistance_calibrated,420.0,0.4047593093718579,7.6327258175565875,3.7904692017385564,0.1388959568528956,29.732143488573293,26.263488928420344
high_resistance_calibrated,421.0,0.40518326017317463,7.629504953226777,3.7908969803868855,0.13883326795917778,29.736166528109763,26.267151422968055
high_resistance_calibrated,422.0,0.4056070323041582,7.626293607050107,3.791325932597585,0.1387707749418354,29.740175988456446,26.270811202123173
high_resistance_calibrated,423.0,0.4060306262926807,7.623091730278105,3.791756059049632,0.13870847678076234,29.74417194544798,26.274468253354453
high_resistance_calibrated,424.0,0.40645404266396995,7.619899274440166,3.79218736040262,0.13864637246180478,29.74815447442609,26.27812256425819
high_resistance_calibrated,425.0,0.4068772819267188,7.616716194635177,3.7926198373775755,0.1385844609883268,29.752123646137367,26.28177412372225
high_resistance_calibrated,426.0,0.4073003446105744,7.613542440658655,3.7930534905369186,0.13852274134993187,29.75607953780048,26.285422918785798
high_resistance_calibrated,427.0,0.4077232312325515,7.6103779649539085,3.7934883204805923,0.13846121255045246,29.760022223188653,26.289068937453376
high_resistance_calibrated,428.0,0.4081459423068719,7.6072227202859475,3.793924327787918,0.13839987359972752,29.763951775533602,26.29271216787093
high_resistance_calibrated,429.0,0.40856847834516563,7.6040766596961715,3.7943615130158963,0.1383387235134179,29.767868267583484,26.2963525983094
high_resistance_calibrated,430.0,0.40899083985648754,7.6009397365003135,3.7947998766985647,0.13827776131297442,29.771771771606875,26.299990217163575
high_resistance_calibrated,431.0,0.4094130273473363,7.597811904286169,3.795239419346352,0.138216986025605,29.775662359396975,26.303625012950967
high_resistance_calibrated,432.0,0.409835041321672,7.594693116911504,3.795680141445439,0.13815639668424262,29.77954010227563,26.307256974310622
high_resistance_calibrated,433.0,0.41025688228093404,7.59158332850183,3.7961220434571086,0.13809599232751274,29.783405071097466,26.31088609000201
high_resistance_calibrated,434.0,0.4106785507240595,7.588482493448199,3.796565125817099,0.13803577199970085,29.787257336253987,26.314512348903886
high_resistance_calibrated,435.0,0.41110004714750076,7.5853905664049766,3.7970093889349514,0.13797573475072022,29.79109696767767,26.31813574001309
high_resistance_calibrated,436.0,0.41152137204524364,7.582307502287649,3.79745483319336,0.13791587963607924,29.794924034846037,26.32175625244346
high_resistance_calibrated,437.0,0.4119425259088254,7.5792332562705464,3.7979014589475164,0.1378562057168494,29.7987386067858,26.32537387542464
high_resistance_calibrated,438.0,0.41236350922735276,7.576167783784609,3.7983492665244545,0.13779671205963245,29.802540752076908,26.328988598300963
high_resistance_calibrated,439.0,0.4127843224805992,7.5731110420937515,3.798798256258945,0.1377373977401808,29.80633053689986,26.33260041108629
high_resistance_calibrated,440.0,0.413204966151139,7.570062987530989,3.79924842842885,0.13767826183697082,29.810108028465507,26.336209303489497
high_resistance_calibrated,441.0,0.4136254407253447,7.567023575269819,3.7996997832492814,0.13761930343065248,29.81387329529652,26.339815264834545
high_resistance_calibrated,442.0,0.4140457466822056,7.563992761877234,3.8001523209310974,0.13756052160992885,29.81762640406433,26.343418284959203
high_resistance_calibrated,443.0,0.41446588449832805,7.560970504175218,3.800606041653924,0.13750191546889373,29.821367421002165,26.34701835381357
high_resistance_calibrated,444.0,0.4148858546479518,7.557956759238807,3.8010609455655016,0.13744348410700014,29.825096411908707,26.350615461459075
high_resistance_calibrated,445.0,0.4153056576029669,7.554951484394053,3.801517032781028,0.13738522662902822,29.82881344215185,26.354209598067413
high_resistance_calibrated,446.0,0.4157252938329304,7.551954637215964,3.8019743033825026,0.13732714214505415,29.832518576672427,26.357800753919506
high_resistance_calibrated,447.0,0.4161447638050827,7.548966175526518,3.802432757418064,0.13726922977041792,29.83621187998788,26.361388919404487
high_resistance_calibrated,448.0,0.4165640679843644,7.545986057392589,3.80289239490134,0.13721148862569194,29.839893416196002,26.364974085018627
high_resistance_calibrated,449.0,0.4169832068334331,7.5430142411238705,3.803353215810781,0.13715391783664918,29.84356324897868,26.36855624136433
high_resistance_calibrated,450.0,0.41740218081267955,7.540050685270848,3.8038152200890085,0.13709651653423155,29.84722144160555,26.372135379149082
high_resistance_calibrated,451.0,0.4178209903802447,7.537095348622687,3.8042784076421547,0.13703928385451822,29.850868056937774,26.375711489184393
high_resistance_calibrated,452.0,0.4182396359920363,7.534148190205121,3.804742778339201,0.1369822189386938,29.854503157431726,26.379284562384793
high_resistance_calibrated,453.0,0.418658118100497,7.531209169556619,3.8052083320175534,0.1369253209335299,29.858126804799742,26.382854589864298
high_resistance_calibrated,454.0,0.41907643714596754,7.528278248656372,3.8056750685255585,0.1368685889949099,29.861739057636147,26.386421563611492
high_resistance_calibrated,455.0,0.41949459358626817,7.525355385331594,3.8061429875743307,0.13681202227564615,29.865339979544174,26.389985474178587
high_resistance_calibrated,456.0,0.4199125878679932,7.522440539656233,3.80661208888041,0.13675561993725335,29.86892963124802,26.393546312924453
high_resistance_calibrated,457.0,0.4203304204355456,7.5195336719395796,3.8070823721201084,0.13669938114620994,29.87250807307437,26.39710407130898
high_resistance_calibrated,458.0,0.42074809173115263,7.516634742724344,3.807553836928861,0.13664330507392722,29.876075364955824,26.40065874089214
high_resistance_calibrated,459.0,0.421165602194881,7.513743712784871,3.8080264829005768,0.136587390896718,29.87963156643418,26.404210313333053
high_resistance_calibrated,460.0,0.4215829522646522,7.510860543125222,3.8085003095869987,0.13653163779576583,29.883176736663827,26.407758780389052
high_resistance_calibrated,461.0,0.42200014237625805,7.507985194977337,3.808975316497052,0.13647604495709326,29.886710934415078,26.411304133914747
high_resistance_calibrated,462.0,0.42241717296337544,7.505117629799112,3.8094515030962066,0.1364206115715312,29.890234218077538,26.41484636586109
high_resistance_calibrated,463.0,0.4228340444575824,7.502257809272531,3.8099288688058333,0.13636533683468752,29.89374664566345,26.41838546827445
high_resistance_calibrated,464.0,0.4232507572883727,7.499405695301741,3.810407413002564,0.13631021994691594,29.897248274811044,26.42192143329566
high_resistance_calibrated,465.0,0.4236673118831719,7.496561250011153,3.810887135017656,0.136255260113285,29.900739162787897,26.42545425315909
high_resistance_calibrated,466.0,0.42408370866735184,7.4937244357434984,3.811368034136355,0.13620045654354665,29.904219366494274,26.428983920191733
high_resistance_calibrated,467.0,0.42449994806424657,7.490895215057916,3.811850109597264,0.1361458084521054,29.9076889424665,26.432510426812218
high_resistance_calibrated,468.0,0.4249160304871723,7.488073552474397,3.812333360636123,0.13609131506705305,29.911147944739792,26.436033766136813
high_resistance_calibrated,469.0,0.4253319563565168,7.485259410744162,3.8128177863903296,0.1360369756107764,29.91459642942279,26.439553930682433
high_resistance_calibrated,470.0,0.425747726092543,7.482452752420466,3.8133033859383856,0.13598278930810415,29.91803445277008,26.443070912913132
high_resistance_calibrated,471.0,0.4261633401100473,7.479653541027241,3.8137901583290272,0.13592875539234983,29.92146206975146,26.446584705645773
high_resistance_calibrated,472.0,0.4265787988218253,7.4768617403038276,3.814278102561441,0.1358748731013684,29.924879334978957,26.45009530178722
high_resistance_calibrated,473.0,0.42699410263868576,7.474077314203248,3.814767217584653,0.13582114167752654,29.928286302709864,26.45360269433347
high_resistance_calibrated,474.0,0.42740925196946455,7.4713002268905075,3.815257502296926,0.13576756036767296,29.931683026849722,26.45710687636887
high_resistance_calibrated,475.0,0.42782424722103884,7.468530442740888,3.815748955545156,0.13571412842310882,29.93506956095533,26.460607841065208
high_resistance_calibrated,476.0,0.42823908879834094,7.4657679263381675,3.816241576124273,0.13566084509955764,29.938445958237832,26.464105581680926
high_resistance_calibrated,477.0,0.4286537771043728,7.463012642472957,3.816735362776649,0.13560770965713584,29.94181227156564,26.46760009156026
high_resistance_calibrated,478.0,0.4290683125402196,7.460264556140896,3.8172303141915087,0.13555472136032296,29.945168553467536,26.471091364132388
high_resistance_calibrated,479.0,0.429482695505064,7.457523632540927,3.8177264290043396,0.13550187947793185,29.948514856135613,26.474579392910613
high_resistance_calibrated,480.0,0.42989692639620064,7.454789837073508,3.8182237057963135,0.1354491832830791,29.951851231428368,26.478064171491518
high_resistance_calibrated,481.0,0.4303110056090491,7.452063135338888,3.8187221430937126,0.13539663205315505,29.95517773087365,26.481545693554104
high_resistance_calibrated,482.0,0.43072493353482716,7.449343493632601,3.8192217393816663,0.13534422507422533,29.95849440506532,26.485023953030318
high_resistance_calibrated,483.0,0.43113871055778585,7.446630879534823,3.8197224931205724,0.13529196164625681,29.961801302946903,26.488498944307402
high_resistance_calibrated,484.0,0.43155233707420576,7.443925257876713,3.820224402629493,0.13523984104717643,29.965098476729437,26.49197066083851
high_resistance_calibrated,485.0,0.4319658134716742,7.441226595141549,3.8207274662123716,0.13518786257207266,29.96838597652536,26.495439096658796
high_resistance_calibrated,486.0,0.43237914013593914,7.438534858011075,3.821231682115666,0.1351360255202263,29.971663852122386,26.49890424588422
high_resistance_calibrated,487.0,0.43279231745092184,7.435850013363961,3.8217370485278153,0.13508432919508329,29.974932152986202,26.502366102710848
high_resistance_calibrated,488.0,0.4332053457987297,7.433172028274198,3.8222435635786987,0.1350327729042267,29.97819092826323,26.505824661414056
high_resistance_calibrated,489.0,0.43361822555966945,7.430500870009555,3.8227512253391183,0.13498135595934935,29.981440226783317,26.509279916347793
high_resistance_calibrated,490.0,0.43403095711225975,7.427836506029975,3.823260031820275,0.1349300776762264,29.984680097062462,26.512731861943813
high_resistance_calibrated,491.0,0.43444354083324443,7.425178903985965,3.823769980973254,0.1348789373746875,29.98791058730555,26.516180492710916
high_resistance_calibrated,492.0,0.43485597709760504,7.422528031717017,3.824281070688519,0.13482793437858942,29.99113174540907,26.519625803234224
high_resistance_calibrated,493.0,0.43526826627857396,7.4198838572499906,3.824793298795413,0.13477706801578834,29.994343618963814,26.52306778817437
high_resistance_calibrated,494.0,0.4356804087476477,7.417246348797494,3.825306663061663,0.13472633761811234,29.997546255257635,26.52650644226678
high_resistance_calibrated,495.0,0.436092404874599,7.414615474756254,3.825821161192894,0.13467574252133405,30.000739701278125,26.52994176032093
high_resistance_calibrated,496.0,0.43650425502749063,7.4119912037054885,3.826336790832152,0.13462528206514257,30.003924003715397,26.533373737219538
high_resistance_calibrated,497.0,0.43691595956468965,7.409373506051757,3.8268535496071783,0.1345749556088061,30.007099206967954,26.536802368481744
high_resistance_calibrated,498.0,0.4373275188540923,7.40676235007381,3.827371435015241,0.13452476249345607,30.010265357941908,26.54022764890782
high_resistance_calibrated,499.0,0.437738933260142,7.404157704594073,3.8278904445002815,0.13447470206755327,30.013422502809185,26.54364957349467
high_resistance_calibrated,500.0,0.4381502031437363,7.401559538999181,3.8284105754530837,0.1344247736870654,30.016570686984135,26.547068137442416
high_resistance_calibrated,501.0,0.43856132886409466,7.398967822856913,3.828931825199768,0.13437497671180373,30.01970995558897,26.550483336023028
high_resistance_calibrated,502.0,0.4389723107787691,7.396382525914767,3.8294541910013695,0.13432531050539787,30.022840353456203,26.553895164579586
high_resistance_calibrated,503.0,0.43938314924365696,7.393803618098489,3.829977670053418,0.1342757744352699,30.02596192513112,26.557303618525637
high_resistance_calibrated,504.0,0.4397938446130123,7.391231069510611,3.8305022594855354,0.1342263678726091,30.029074714874252,26.560708693344495
high_resistance_calibrated,505.0,0.44020439723945776,7.388664850428999,3.831027956361031,0.13417709019234647,30.032178766663804,26.564110384588545
high_resistance_calibrated,506.0,0.4406148074739966,7.386104931305346,3.8315547576765168,0.13412794077312876,30.03527412419816,26.567508687878615
high_resistance_calibrated,507.0,0.4410250756660246,7.383551282763748,3.8320826603615252,0.1340789189972936,30.03836083089829,26.570903598903204
high_resistance_calibrated,508.0,0.4414352021633419,7.38100387559913,3.8326116612781376,0.13403002425084337,30.04143892991028,26.574295113417886
high_resistance_calibrated,509.0,0.4418451873121647,7.378462680775833,3.8331417572206252,0.13398125592342017,30.04450846410772,26.577683227244588
high_resistance_calibrated,510.0,0.44225503145713735,7.375927669426075,3.8336729449150946,0.1339326134082798,30.04756947609422,26.58106793627089
high_resistance_calibrated,511.0,0.44266473493823505,7.373398813473244,3.834205221036198,0.133884096107374,30.05062200745179,26.58444923666266
high_resistance_calibrated,512.0,0.44307429809253907,7.370876085276968,3.8347385821971205,0.13383570342842774,30.053666099170986,26.58782712474239
high_resistance_calibrated,513.0,0.4434837212646668,7.368359455537069,3.8352730248921496,0.13378743476780108,30.05670179418002,26.59120159627384
high_resistance_calibrated,514.0,0.44389300479268506,7.365848896124928,3.8358085455736632,0.13373928953362163,30.059729133928045,26.594572647428496
high_resistance_calibrated,515.0,0.44430214901311793,7.363344379078431,3.836345140624439,0.1336912671375532,30.062748159599142,26.597940274442173
high_resistance_calibrated,516.0,0.4447111542609576,7.360845876600628,3.8368828063573712,0.13364336699477194,30.065758912114564,26.60130447361442
high_resistance_calibrated,517.0,0.44512002086967506,7.358353361058402,3.8374215390151942,0.13359558852394227,30.068761432134952,26.60466524130789
high_resistance_calibrated,518.0,0.44552874917123114,7.35586680498112,3.8379613347702253,0.13354793114719327,30.071755760062583,26.608022573947732
high_resistance_calibrated,519.0,0.4459373394960875,7.353386181059275,3.83850218972411,0.13350039429009425,30.07474193604356,26.611376468020982
high_resistance_calibrated,520.0,0.4463457921732172,7.350911462143165,3.8390440999075883,0.13345297738163128,30.07771999997005,26.61472692007591
high_resistance_calibrated,521.0,0.446754107530116,7.348442621241479,3.8395870612802625,0.1334056798541831,30.080689991482526,26.61807392672147
high_resistance_calibrated,522.0,0.44716228589281315,7.345979631519964,3.8401310697303837,0.13335850114349718,30.083651949971983,26.621417484626605
high_resistance_calibrated,523.0,0.4475703275858821,7.343522466300054,3.8406761210746514,0.1333114406886656,30.08660591458214,26.6247575905197
high_resistance_calibrated,524.0,0.4479782329324517,7.34107109905747,3.8412222110580148,0.13326449793210157,30.089551924211715,26.628094241187938
high_resistance_calibrated,525.0,0.44838600225421693,7.33862550342084,3.8417693353535007,0.13321767231951517,30.0924900175166,26.631427433476652
high_resistance_calibrated,526.0,0.4487936358632335,7.336185654795244,3.842317489605847,0.1331709633131503,30.095420230960954,26.634757164840696
high_resistance_calibrated,527.0,0.44920113408327206,7.333751526141108,3.8428666693175475,0.1331243703573136,30.09834260388788,26.63808343191007
high_resistance_calibrated,528.0,0.44960849723211993,7.331323091473057,3.8434168699431406,0.13307789290693192,30.101257174316274,26.64140623167889
high_resistance_calibrated,529.0,0.45001572562544684,7.328900325097029,3.8439680868685286,0.1330315304213081,30.10416397985826,26.6447255612459
high_resistance_calibrated,530.0,0.4504228195775135,7.32648320147075,3.8445203154071326,0.13298528236296944,30.107063057887398,26.64804141776687
high_resistance_calibrated,531.0,0.4508297794011829,7.324071695202446,3.8450735507997953,0.1329391481976445,30.109954445540684,26.651353798454082
high_resistance_calibrated,532.0,0.45123660540792926,7.321665781049664,3.8456277882146948,0.13289312739424147,30.112838179720566,26.654662700575763
high_resistance_calibrated,533.0,0.4516432979078485,7.319265433917999,3.8461830227472733,0.13284721942482502,30.11571429709695,26.65796812145551
high_resistance_calibrated,534.0,0.45204985720966867,7.3168706288598635,3.846739249420179,0.1328014237645943,30.11858283410921,26.66127005847175
high_resistance_calibrated,535.0,0.45245628362075885,7.314481341073251,3.847296463183219,0.13275573989186024,30.12144382696819,26.6645685090572
high_resistance_calibrated,536.0,0.45286257744714,7.3120975459004605,3.84785465891333,0.13271016728802323,30.12429731165823,26.667863470698283
high_resistance_calibrated,537.0,0.4532687389934946,7.30971921882685,3.8484138314145593,0.13266470543755063,30.127143323939162,26.671154940934596
high_resistance_calibrated,538.0,0.45367476856317707,7.307346335479577,3.84897397541806,0.13261935382795417,30.129981899348312,26.674442917358345
high_resistance_calibrated,539.0,0.454080666458223,7.304978871626354,3.8495350855821053,0.13257411194976776,30.132813073202517,26.67772739761378
high_resistance_calibrated,540.0,0.45448643297565117,7.302616803895958,3.8500971565125823,0.13252897930364846,30.13563687973733,26.68100837964027
high_resistance_calibrated,541.0,0.45489206841272734,7.30026010875519,3.8506601827340194,0.13248395539026167,30.138453353331386,26.684285861326618
high_resistance_calibrated,542.0,0.45529757307085816,7.297908761750686,3.8512241586682006,0.1324390397027994,30.141262529411957,26.687559840255382
high_resistance_calibrated,543.0,0.45570294724654725,7.295562739269846,3.8517890786842233,0.1323942317443479,30.14406444235058,26.690830314297056
high_resistance_calibrated,544.0,0.45610819123500307,7.293222017839459,3.85235493707871,0.13234953102095423,30.14685912630217,26.69409728137316
high_resistance_calibrated,545.0,0.4565133053301485,7.290886574124544,3.8529217280759065,0.13230493704160529,30.149646615206873,26.69736073945572
high_resistance_calibrated,546.0,0.45691828982462956,7.288556384927289,3.853489445827803,0.13226044931820705,30.1524269427918,26.70062068656682
high_resistance_calibrated,547.0,0.45732314500982474,7.286231427185856,3.854058084414254,0.13221606736556377,30.15520014257289,26.70387712077803
high_resistance_calibrated,548.0,0.4577278711758545,7.283911677973286,3.854627637843133,0.13217179070135698,30.15796624785673,26.70713004020999
high_resistance_calibrated,549.0,0.4581324686115898,7.281597114496326,3.8551981000504827,0.13212761884612495,30.160725291742335,26.710379443031837
high_resistance_calibrated,550.0,0.45853693760466124,7.279287714094298,3.8557694649006913,0.13208355132324157,30.163477307122985,26.713625327460747
high_resistance_calibrated,551.0,0.4589412784414693,7.276983454237967,3.856341726186685,0.13203958765889567,30.16622232668802,26.716867691761426
high_resistance_calibrated,552.0,0.4593454914071918,7.274684312528376,3.8569148776301243,0.1319957273820702,30.168960382924638,26.72010653424561
high_resistance_calibrated,553.0,0.4597495767857945,7.272390266695661,3.8574889128816285,0.13195197002452128,30.171691508119768,26.72334185327156
high_resistance_calibrated,554.0,0.4601535348598213,7.270101294639561,3.8580638255222297,0.13190831512122647,30.174415734312266,26.72657364725755
high_resistance_calibrated,555.0,0.4605573659034445,7.2678173757573665,3.858639609102731,0.13186476222532736,30.17713309171374,26.729801915127034
high_resistance_calibrated,556.0,0.46096107020240845,7.265538487136692,3.8592162570319433,0.13182131086524654,30.17984361323909,26.733026655031495
high_resistance_calibrated,557.0,0.46136464803560095,7.263264607073735,3.8597937626805803,0.13177796058430952,30.18254733031979,26.736247865530725
high_resistance_calibrated,558.0,0.4617680996807195,7.260995713992609,3.8603721193497633,0.13173471092856226,30.185244274190595,26.73946554523008
high_resistance_calibrated,559.0,0.46217142541427897,7.258731786444303,3.860951320271334,0.13169156144675218,30.187934475891225,26.742679692780033
high_resistance_calibrated,560.0,0.4625746255116197,7.256472803105699,3.8615313586081843,0.13164851169030922,30.190617966267947,26.745890306875733
high_resistance_calibrated,561.0,0.46297770024691687,7.254218742778484,3.8621122274545963,0.13160556121332642,30.193294775975257,26.749097386256558
high_resistance_calibrated,562.0,0.4633806498931876,7.251969584388144,3.862693919836606,0.13156270957254068,30.195964935477488,26.75230092970563
high_resistance_calibrated,563.0,0.4637834747223008,7.24972530698291,3.863276428712374,0.13151995632731392,30.198628475050437,26.755500936049422
high_resistance_calibrated,564.0,0.4641861750049839,7.247485889732707,3.8638597469725724,0.13147730103961378,30.201285424783052,26.758697404157278
high_resistance_calibrated,565.0,0.4645887510108326,7.245251311928113,3.8644438674407917,0.13143474327399424,30.203935814579,26.76189033294094
high_resistance_calibrated,566.0,0.46499120300831837,7.243021552979304,3.86502878287396,0.1313922825975768,30.20657967415835,26.765079721354166
high_resistance_calibrated,567.0,0.4653935312647973,7.240796592414978,3.8656144859627735,0.13134991858003114,30.20921703305918,26.768265568392184
high_resistance_calibrated,568.0,0.4657957360465184,7.238576409881301,3.8662009693321506,0.13130765079355594,30.211847920639258,26.771447873091358
high_resistance_calibrated,569.0,0.46619781761464185,7.236360985888183,3.8667882255634356,0.13126547882127046,30.214472365192456,26.774626634778144
high_resistance_calibrated,570.0,0.4665997762329015,7.234150300375325,3.8673762471531665,0.13122340224106135,30.217090395648416,26.77780185259009
high_resistance_calibrated,571.0,0.46700161216636416,7.231944332944011,3.8679650265203707,0.1311814206281945,30.219702041297257,26.780973525553364
high_resistance_calibrated,572.0,0.46740332567662984,7.229743063757032,3.86855455603329,0.1311395335654344,30.222307330724224,26.784141652883125
high_resistance_calibrated,573.0,0.46780491702421056,7.22754647309354,3.8691448279969776,0.13109774063802582,30.22490629233744,26.787306233834755
high_resistance_calibrated,574.0,0.46820638646853824,7.225354541348119,3.869735834653838,0.13105604143367647,30.227498954369384,26.790467267703463
high_resistance_calibrated,575.0,0.46860773426797236,7.223167249029842,3.870327568184186,0.13101443554253916,30.230085344878344,26.79362475382388
high_resistance_calibrated,576.0,0.469008960679808,7.220984576761315,3.8709200207068197,0.130972922557194,30.232665491749916,26.796778691569642
high_resistance_calibrated,577.0,0.46941006596028306,7.218806505277704,3.8715131842796033,0.13093150207263093,30.235239422698484,26.799929080353
high_resistance_calibrated,578.0,0.46981105036458565,7.216633015425822,3.8721070509000715,0.13089017368623213,30.23780716526868,26.803075919624387
high_resistance_calibrated,579.0,0.4702119141468627,7.21446408816311,3.872701612506038,0.13084893699775402,30.240368746836886,26.806219208872058
high_resistance_calibrated,580.0,0.4706126575602267,7.212299704556728,3.873296860976234,0.13080779160930994,30.242924194612677,26.809358947621647
high_resistance_calibrated,581.0,0.4710132808567637,7.21013984578255,3.8738927881309415,0.13076673712535236,30.24547353564034,26.81249513543576
high_resistance_calibrated,582.0,0.47141378428754127,7.207984493124198,3.874489385732658,0.13072577315265516,30.24801679680033,26.81562777191362
high_resistance_calibrated,583.0,0.4718141681017193,7.205833628137448,3.875086645491465,0.13068489930209268,30.25055400461572,26.818756856745583
high_resistance_calibrated,584.0,0.4722144325433029,7.203687233250039,3.875684559082789,0.13064411519514596,30.253085184545537,26.821882389912513
high_resistance_calibrated,585.0,0.47261457786435723,7.201545289324223,3.876283118078823,0.13060342043741385,30.255610363859613,26.825004370875007
high_resistance_calibrated,586.0,0.47301460431167935,7.199407778115324,3.8768823140191895,0.13056281464532396,30.258129568738777,26.828122799391203
high_resistance_calibrated,587.0,0.4734145121310661,7.1972746814853705,3.877482138389324,0.1305222974375777,30.26064282520296,26.831237675255057
high_resistance_calibrated,588.0,0.47381430156731996,7.1951459814021765,3.878082582621219,0.13048186843513415,30.263150159112573,26.83434899829595
high_resistance_calibrated,589.0,0.47421397286425676,7.1930216599385055,3.8786836380941763,0.13044152726119385,30.26565159616983,26.83745676837835
high_resistance_calibrated,590.0,0.4746135262647125,7.190901699271177,3.879285296135577,0.1304012735411819,30.26814716192007,26.840560985401424
high_resistance_calibrated,591.0,0.47501296201055043,7.188786081680222,3.8798875480216677,0.13036110690273214,30.27063688175311,26.8436616492987
high_resistance_calibrated,592.0,0.47541228034266797,7.186674789547992,3.880490384978349,0.13032102697567072,30.273120780904573,26.84675876003767
high_resistance_calibrated,593.0,0.47581148150100383,7.184567805358272,3.881093798181983,0.13028103339199945,30.27559888445722,26.849852317619455
high_resistance_calibrated,594.0,0.4762105657245446,7.182465111695425,3.8816977787602176,0.13024112578587976,30.27807121734229,26.852942322078416
high_resistance_calibrated,595.0,0.47660953325133254,7.1803666912434725,3.882302317792811,0.13020130379361627,30.280537804340838,26.856028773481807
high_resistance_calibrated,596.0,0.47700838431847165,7.178272526785246,3.8829074063124804,0.1301615670536404,30.28299867008505,26.859111671929412
high_resistance_calibrated,597.0,0.4774071191621356,7.176182601201461,3.8835130353057554,0.1301219152064941,30.285453839059613,26.862191017553148
high_resistance_calibrated,598.0,0.47780573801341214,7.174096898228628,3.8841191957355528,0.1300823479033665,30.287903334712027,26.86526681076783
high_resistance_calibrated,599.0,0.47820424110767257,7.17201540075195,3.884725878493229,0.13004286478683827,30.290347181458163,26.868339051705977
high_resistance_calibrated,600.0,0.47860262867953823,7.169938091722312,3.885333074425744,0.13000346550122097,30.29278540360477,26.871407740521487
high_resistance_calibrated,601.0,0.4790009009612684,7.167864954451047,3.885940774345028,0.12996414969587172,30.2952180250039,26.874472877487026
high_resistance_calibrated,602.0,0.4793990581842075,7.165795972346432,3.8865489690213666,0.1299249170222156,30.297645069362666,26.877534462906745
high_resistance_calibrated,603.0,0.4797971005787912,7.163731128912914,3.887157649184333,0.1298857671337306,30.300066560244435,26.880592497115956
high_resistance_calibrated,604.0,0.48019502837455325,7.16167040775031,3.887766805523723,0.12984669968593252,30.302482521070058,26.88364698048079
high_resistance_calibrated,605.0,0.48059284180013173,7.1596137925530146,3.8883764286905,0.12980771433635996,30.304892975119063,26.88669791339789
high_resistance_calibrated,606.0,0.4809905410832752,7.1575612671091795,3.8889865092977494,0.12976881074455912,30.307297945530866,26.88974529629408
high_resistance_calibrated,607.0,0.4813881264508496,7.155512815299951,3.8895970379216482,0.12972998857206877,30.30969745530596,26.892789129626
high_resistance_calibrated,608.0,0.4817855981288442,7.153468421098618,3.89020800510244,0.12969124748240501,30.312091527307157,26.895829413879838
high_resistance_calibrated,609.0,0.4821829563423782,7.15142806856985,3.890819401345417,0.12965258714104638,30.314480184260745,26.898866149570953
high_resistance_calibrated,610.0,0.4825802013157071,7.149391741868865,3.891431217121916,0.1296140072154185,30.316863448757722,26.90189933724357
high_resistance_calibrated,611.0,0.48297733327222897,7.147359425240591,3.892043442870319,0.12957550737487922,30.31924134325503,26.90492897747043
high_resistance_calibrated,612.0,0.4833743524331063,7.145331103268471,3.892656069004389,0.12953708729375066,30.32161388978484,26.90795507093463
high_resistance_calibrated,613.0,0.4837712590168228,7.143306760954798,3.8932690859166645,0.12949874665229202,30.32398110986124,26.91097761845585
high_resistance_calibrated,614.0,0.4841680532471782,7.141286382280467,3.893882483937257,0.12946048511910907,30.32634302616456,26.913996620516446
high_resistance_calibrated,615.0,0.48456473534397304,7.13926995188338,3.8944962533841587,0.12942230237164842,30.32869966057846,26.917012077813798
high_resistance_calibrated,616.0,0.48496130552616507,7.137257454490267,3.895110384547641,0.12938419808925136,30.33105103485486,26.920023991073208
high_resistance_calibrated,617.0,0.4853577640118755,7.135248874915942,3.8957248676913028,0.12934617195314,30.333397170615072,26.92303236104758
high_resistance_calibrated,618.0,0.48575411101839433,7.133244198062577,3.8963396930531298,0.12930822364640351,30.335738089350887,26.926037188517164
high_resistance_calibrated,619.0,0.4861503467621867,7.131243408919035,3.8969548508465675,0.12927035285398406,30.3380738124256,26.929038474289243
high_resistance_calibrated,620.0,0.48654647145889823,7.12924649256003,3.897570331261586,0.12923255926266314,30.340404361075205,26.93203621919782
high_resistance_calibrated,621.0,0.4869424853233611,7.127253434145503,3.8981861244657687,0.12919484256104743,30.34272975640939,26.935030424103356
high_resistance_calibrated,622.0,0.48733838856960016,7.1252642189198285,3.8988022206053907,0.1291572024395551,30.345050019412668,26.938021089892448
high_resistance_calibrated,623.0,0.4877341814108383,7.12327883221109,3.899418609806514,0.12911963859040196,30.347365170945476,26.941008217477542
high_resistance_calibrated,624.0,0.4881298640595025,7.121297259430369,3.9000352821760815,0.12908215070758738,30.349675231745206,26.943991807796646
high_resistance_calibrated,625.0,0.4885254367272297,7.119319486070972,3.9006522278030227,0.12904473848688067,30.351980222427365,26.946971861813026
high_resistance_calibrated,626.0,0.48892089962487284,7.117345497707694,3.9012694367593572,0.129007401625807,30.354280163486617,26.94994838051491
high_resistance_calibrated,627.0,0.4893162529583402,7.115375280737157,3.9018868991233164,0.12897013983309935,30.356575074434815,26.952921365157806
high_resistance_calibrated,628.0,0.489711496938952,7.11340882053639,3.902504604925781,0.12893295280516712,30.358864975946382,26.955890816661455
high_resistance_calibrated,629.0,0.4901066317757458,7.111446102831085,3.9031225441920716,0.12889584024357817,30.36114988826413,26.958856736057925
high_resistance_calibrated,630.0,0.4905016576762744,7.1094871135542315,3.903740706938894,0.12885880185324602,30.3634298313644,26.961819124445267
high_resistance_calibrated,631.0,0.49089657484731924,7.10753183871952,3.904359083171726,0.1288218373408075,30.365704825104775,26.964777982945932
high_resistance_calibrated,632.0,0.49129138349489604,7.105580264420631,3.9049776628859476,0.12878494641460983,30.367974889225103,26.967733312706553
high_resistance_calibrated,633.0,0.49168608382425993,7.103632376830585,3.9055964360679742,0.12874812878469816,30.370240043348467,26.97068511489766
high_resistance_calibrated,634.0,0.49208067603991107,7.101688162201097,3.9062153926963985,0.1287113841628025,30.37250030698215,26.973633390713402
high_resistance_calibrated,635.0,0.4924751603455995,7.099747606861912,3.906834522743125,0.12867471226232538,30.37475569951864,26.976578141371302
high_resistance_calibrated,636.0,0.49286953694433117,7.0978106972200905,3.907453816174514,0.12863811279832887,30.377006240236618,26.979519368111976
high_resistance_calibrated,637.0,0.4932638060383723,7.095877419759391,3.9080732629525197,0.1286015854875219,30.379251948301906,26.982457072198894
high_resistance_calibrated,638.0,0.49365796782925586,7.093947761039575,3.908692853035842,0.12856513004824754,30.381492842768488,26.98539125491806
high_resistance_calibrated,639.0,0.4940520225177859,7.092021707695722,3.9093125763810614,0.12852874620047045,30.383728942579474,26.988321917577807
high_resistance_calibrated,640.0,0.4944459703040436,7.090099246437579,3.909932422943794,0.12849243366576377,30.38596026656808,26.991249061508512
high_resistance_calibrated,641.0,0.49483981138569055,7.08818036434782,3.910552382688666,0.12845619217112114,30.388186833111778,26.994172688159754
high_resistance_calibrated,642.0,0.49523354595960406,7.086265048595412,3.9111724455820105,0.1284200214452816,30.390408660465415,26.99709279900679
high_resistance_calibrated,643.0,0.49562717422578184,7.084353285749347,3.9117926015727447,0.12838392120995093,30.392625767557192,27.000009395326813
high_resistance_calibrated,644.0,0.496020696381269,7.082445062845923,3.912412840625089,0.1283478911934517,30.39483817275057,27.002922478546946
high_resistance_calibrated,645.0,0.4964141126224,7.080540366995277,3.9130331527080946,0.12831193112568406,30.39704589430106,27.00583205011582
high_resistance_calibrated,646.0,0.49680742314480275,7.078639185380793,3.913653527796794,0.12827604073811447,30.399248950357112,27.00873811150341
high_resistance_calibrated,647.0,0.49720062814340393,7.076741505258489,3.91427395587334,0.12824021976376393,30.401447358961008,27.01164066420072
high_resistance_calibrated,648.0,0.4975937278124338,7.074847313956413,3.9148944269281536,0.1282044679371961,30.40364113804977,27.014539709719596
high_resistance_calibrated,649.0,0.4979867223454308,7.072956598874035,3.915514930961057,0.128168784994506,30.405830305455993,27.017435249592488
high_resistance_calibrated,650.0,0.49837961193524694,7.071069347481648,3.916135457982417,0.1281331706733081,30.408014878908794,27.02032728537216
high_resistance_calibrated,651.0,0.4987723967740523,7.06918554731975,3.9167559980142768,0.1280976247127245,30.410194876034645,27.02321581863152
high_resistance_calibrated,652.0,0.4991650770533396,7.0673051859984,3.9173765410914885,0.12806214685337372,30.41237031435832,27.026100850963324
high_resistance_calibrated,653.0,0.4995576529639299,7.065428251196666,3.917997077262843,0.12802673683735846,30.414541211303728,27.02898238397996
high_resistance_calibrated,654.0,0.49995012469597677,7.06355473066197,3.918617596592194,0.1279913944082543,30.416707584194832,27.031860419313233
high_resistance_calibrated,655.0,0.5003424924389712,7.06168461220946,3.919238089159581,0.12795611931109804,30.418869450256526,27.034734958614067
high_resistance_calibrated,656.0,0.5007347563776788,7.059817884429123,3.919858545083209,0.1279209113014569,30.421026825797746,27.037606003782013
high_resistance_calibrated,657.0,0.5011269167029657,7.057954534803054,3.920478954465073,0.1278857701212607,30.42317972838769,27.04047355635399
high_resistance_calibrated,658.0,0.5015189736023472,7.056094551349232,3.921099307440548,0.12785069551989972,30.42532817495577,27.043337618037995
high_resistance_calibrated,659.0,0.501910927262526,7.054237922180401,3.9217195941665057,0.12781568724855663,30.427472182301802,27.046198190569765
high_resistance_calibrated,660.0,0.5023027778695531,7.052384635476305,3.9223398048216103,0.12778074505984705,30.429611767128286,27.04905527570378
high_resistance_calibrated,661.0,0.502694525608833,7.050534679483167,3.9229599296074156,0.1277458687078092,30.43174694604114,27.051908875213012
high_resistance_calibrated,662.0,0.5030861706651262,7.048688042513155,3.9235799587494524,0.12771105794789261,30.433877735550524,27.054758990888754
high_resistance_calibrated,663.0,0.5034777132225561,7.046844712943776,3.9241998824983155,0.12767631253694797,30.43600415207167,27.057605624540347
high_resistance_calibrated,664.0,0.5038691534646117,7.045004679217383,3.9248196911307316,0.12764163223321592,30.43812621192563,27.06044877799504
high_resistance_calibrated,665.0,0.504260491574152,7.043167929840573,3.9254393749506367,0.1276070167963167,30.440243931340127,27.063288453097698
high_resistance_calibrated,666.0,0.5046517277334119,7.0413344533836435,3.926058924290235,0.1275724659872392,30.442357326450324,27.066124651710634
high_resistance_calibrated,667.0,0.5050428621240052,7.039504238480046,3.9266783295110557,0.12753797956833043,30.44446641329964,27.0689573757134
high_resistance_calibrated,668.0,0.5054338949269297,7.037677273825784,3.9272975810050017,0.1275035573032845,30.446571207840567,27.071786627002524
high_resistance_calibrated,669.0,0.5058248263225714,7.0358535481789115,3.9279166691953895,0.12746919895713224,30.448671725935437,27.07461240749135
high_resistance_calibrated,670.0,0.506215656488812,7.0340330506861095,3.9285355845477365,0.1274349043005612,30.450767982980537,27.077434719215482
high_resistance_calibrated,671.0,0.5066063856041413,7.032215770346278,3.929154317554812,0.127400673102808,30.452859994524204,27.080253564159378
high_resistance_calibrated,672.0,0.5069970138485087,7.0304016958638655,3.929772858733294,0.12736650512971875,30.45494777643543,27.08306894420907
high_resistance_calibrated,673.0,0.5073875413997314,7.028590816268177,3.930391198643258,0.12733240015194272,30.457031344190984,27.085880861352194
high_resistance_calibrated,674.0,0.5077779684350252,7.026783120649842,3.93100932788134,0.12729835794144032,30.459110713179104,27.08868931759276
high_resistance_calibrated,675.0,0.5081682951310078,7.02497859816033,3.931627237081721,0.1272643782714728,30.461185898700144,27.091494314951
high_resistance_calibrated,676.0,0.5085585216637036,7.023177238011444,3.932244916917118,0.12723046091659318,30.46325691596735,27.094295855463148
high_resistance_calibrated,677.0,0.5089486482085472,7.02137902947478,3.932862358099748,0.12719660565263555,30.465323780107582,27.097093941181285
high_resistance_calibrated,678.0,0.5093386749403876,7.0195839618812785,3.9334795513822973,0.12716281225670586,30.46738650616202,27.09988857417309
high_resistance_calibrated,679.0,0.5097286020334926,7.017792024620674,3.9340964875588718,0.12712908050717178,30.469445109086895,27.10267975652171
high_resistance_calibrated,680.0,0.5101184296615514,7.0160032071409955,3.9347131574659366,0.1270954101836531,30.471499603754243,27.105467490325506
high_resistance_calibrated,681.0,0.5105081579976815,7.014217498948091,3.9353295519832585,0.12706180106701156,30.47355000495255,27.1082517776979
high_resistance_calibrated,682.0,0.5108977872144297,7.01243488960506,3.9359456620348148,0.12702825293934142,30.475596327387585,27.11103262076718
high_resistance_calibrated,683.0,0.511287317483778,7.010655368731786,3.936561478589713,0.1269947655839593,30.47763858568303,27.11381002167628
high_resistance_calibrated,684.0,0.5116767489768976,7.008878926046976,3.937176992664376,0.12696133878597948,30.47967679433242,27.11658398259631
high_resistance_calibrated,685.0,0.5120660818614949,7.007105551822438,3.9377921953372,0.1269279723385477,30.4817109671783,27.119354505872433
high_resistance_calibrated,686.0,0.5124553163102421,7.005335235441757,3.9384070777058184,0.12689466602304358,30.483741119065755,27.122121593560664
high_resistance_calibrated,687.0,0.5128444524927522,7.003567966772052,3.939021630929502,0.12686141962792122,30.485767264268663,27.12488524786875
high_resistance_calibrated,688.0,0.5132334905780837,7.001803735736574,3.9396358462170933,0.12682823294283405,30.487789416980284,27.12764547101876
high_resistance_calibrated,689.0,0.5136224307347416,7.000042532314199,3.9402497148278526,0.12679510575862588,30.48980759131396,27.130402265246897
high_resistance_calibrated,690.0,0.514011273130682,6.9982843465390205,3.9408632280722857,0.1267620378673217,30.491821801303715,27.133155632803298
high_resistance_calibrated,691.0,0.5144000179333166,6.996529168499846,3.9414763773129664,0.1267290290621191,30.493832060904964,27.135905575951917
high_resistance_calibrated,692.0,0.5147886653095152,6.99477698833976,3.9420891539653415,0.12669607913737893,30.495838383995135,27.138652096970297
high_resistance_calibrated,693.0,0.5151772154256102,6.993027796255678,3.9427015494985307,0.12666318788861633,30.49784078437432,27.141395198149436
high_resistance_calibrated,694.0,0.5155656684473999,6.991281582497844,3.9433135554361027,0.12663035511249207,30.49983927576595,27.144134881793587
high_resistance_calibrated,695.0,0.5159540245401523,6.989538337369421,3.9439251633568486,0.1265975806068031,30.50183387181742,27.146871150220104
high_resistance_calibrated,696.0,0.5163422838686088,6.987798051225947,3.9445363648955354,0.12656486417047386,30.5038245861008,27.149604005759247
high_resistance_calibrated,697.0,0.5167304465969875,6.986060714474964,3.945147151743651,0.12653220560354717,30.505811432113415,27.152333450754035
high_resistance_calibrated,698.0,0.5171185128889879,6.984326317575472,3.9457575156501346,0.12649960470717544,30.507794423278547,27.155059487560045
high_resistance_calibrated,699.0,0.5175064829058046,6.98259485137463,3.9463674484323805,0.12646706128832896,30.509773572560785,27.15778211865309
high_resistance_calibrated,700.0,0.5178943568102307,6.98086630641261,3.946976941955746,0.12643457515006287,30.511748893260883,27.160501346406768
high_resistance_calibrated,701.0,0.5182821347652697,6.9791406731579855,3.9475859881414372,0.12640214609481315,30.513720398746457,27.163217173167844
high_resistance_calibrated,702.0,0.5186698169324405,6.977417942294927,3.9481945789759605,0.1263697739284121,30.51568810212399,27.16592960134804
high_resistance_calibrated,703.0,0.5190574034727513,6.975698104558509,3.948802706506774,0.12633745845778074,30.51765201642717,27.168638633371348
high_resistance_calibrated,704.0,0.5194448945467023,6.973981150734272,3.94941036284294,0.12630519949092098,30.51961215461753,27.17134427167386
high_resistance_calibrated,705.0,0.5198322903142896,6.972267071657852,3.9500175401557627,0.12627299683690707,30.52156852958499,27.174046518703626
high_resistance_calibrated,706.0,0.520219590935008,6.970555858214534,3.9506242306794044,0.1262408503058774,30.52352115414847,27.17674537692049
high_resistance_calibrated,707.0,0.5206067965678551,6.9688475013388285,3.9512304267115015,0.12620875970902654,30.525470041056476,27.17944084879592
high_resistance_calibrated,708.0,0.5209939073713342,6.967141992014073,3.951836120613754,0.12617672485859666,30.527415202987697,27.18213293681289
high_resistance_calibrated,709.0,0.5213809235034575,6.965439321271982,3.9524413048125044,0.12614474556786964,30.5293566525516,27.184821643465682
high_resistance_calibrated,710.0,0.52176784512175,6.963739480192252,3.9530459717993067,0.1261128216511587,30.531294402288992,27.18750697125977
high_resistance_calibrated,711.0,0.5221546723832519,6.962042459902108,3.9536501141314746,0.12608095292380025,30.533228464672657,27.19018892271161
high_resistance_calibrated,712.0,0.5225414054445233,6.960348251575921,3.9542537244326206,0.12604913920214547,30.5351588521079,27.19286750034856
high_resistance_calibrated,713.0,0.5229280444611119,6.9586568465247,3.954856795395931,0.12601738030481902,30.53708557683072,27.1955427067373
high_resistance_calibrated,714.0,0.5233145895865502,6.956968236364675,3.9554593197898473,0.1259856760550881,30.539008650716042,27.198214544537496
high_resistance_calibrated,715.0,0.5237010409777016,6.95528241211919,3.9560612904310846,0.12595402626821617,30.540928086300667,27.20088301621577
high_resistance_calibrated,716.0,0.5240873987891133,6.953599365167747,3.956662700214167,0.12592243076482504,30.542843895702294,27.203548124347975
high_resistance_calibrated,717.0,0.5244736631748579,6.951919086936399,3.9572635421024303,0.12589088936653237,30.544756090972363,27.206209871520535
high_resistance_calibrated,718.0,0.5248598342885391,6.950241568897398,3.9578638091284746,0.12585940189594372,30.546664684096548,27.208868260330302
high_resistance_calibrated,719.0,0.5252459122832931,6.9485668025687914,3.9584634943946,0.12582796817664577,30.54856968699533,27.211523293384435
high_resistance_calibrated,720.0,0.525631897311792,6.946894779514023,3.9590625910732284,0.12579658803319818,30.55047111152453,27.21417497330025
high_resistance_calibrated,721.0,0.5260177895262471,6.945225491341601,3.959661092407311,0.12576526129112633,30.55236896947582,27.216823302705084
high_resistance_calibrated,722.0,0.5264035890784116,6.943558929704693,3.9602589917107203,0.12573398777691397,30.55426327257726,27.21946828423614
high_resistance_calibrated,723.0,0.5267892961195841,6.941895086300711,3.960856282368629,0.12570276731799535,30.556154032493858,27.222109920540365
high_resistance_calibrated,724.0,0.5271749108006114,6.940233952870979,3.9614529578378708,0.12567159974274797,30.558041260828084,27.224748214274317
high_resistance_calibrated,725.0,0.5275604332718917,6.938575521200321,3.9620490116472937,0.125640484880485,30.559924969120388,27.22738316810398
high_resistance_calibrated,726.0,0.5279458636833776,6.936919783116666,3.9626444373980885,0.12560942256144778,30.56180516884977,27.230014784704686
high_resistance_calibrated,727.0,0.528331202184579,6.935266730490693,3.9632392287641127,0.1255784126167982,30.563681871434284,27.232643066760943
high_resistance_calibrated,728.0,0.5287164489225608,6.933616355570121,3.9638333795025114,0.1255474548833776,30.565555087851735,27.23526801707236
high_resistance_calibrated,729.0,0.5291016040466576,6.931968650193216,3.964426883429781,0.125516549192502,30.567424829532577,27.23788963830434
high_resistance_calibrated,730.0,0.5294866677055052,6.930323606284017,3.9650197344373135,0.12548569537701634,30.56929110779769,27.24050793314506
high_resistance_calibrated,731.0,0.5298716400467567,6.928681215899968,3.965611926493142,0.12545489327196974,30.571153933804446,27.24312290432056
high_resistance_calibrated,732.0,0.5302565212176289,6.9270414711407815,3.9662034536393915,0.12542414271331478,30.573013318650318,27.245734554565825
high_resistance_calibrated,733.0,0.5306413113649058,6.925404364148018,3.966794309992506,0.12539344353790077,30.574869273373388,27.24834288662463
high_resistance_calibrated,734.0,0.5310260106349409,6.923769887104822,3.967384489743479,0.12536279558346683,30.57672180895279,27.250947903249457
high_resistance_calibrated,735.0,0.5314106191736611,6.922138032235509,3.9679739871580497,0.12533219868863493,30.578570936309223,27.253549607201332
high_resistance_calibrated,736.0,0.5317951371265676,6.920508791805251,3.9685627965769004,0.12530165269290325,30.580416666305428,27.25614800124971
high_resistance_calibrated,737.0,0.5321795646387407,6.918882158119738,3.9691509124158304,0.1252711574366391,30.582259009746647,27.258743088172366
high_resistance_calibrated,738.0,0.532563901854841,6.917258123524786,3.9697383291659207,0.12524071276107202,30.584097977381138,27.261334870755242
high_resistance_calibrated,739.0,0.5329481489191134,6.915636680406021,3.970325041393682,0.1252103185082872,30.585933579900654,27.26392335179236
high_resistance_calibrated,740.0,0.5333323059753888,6.914017821188542,3.970911043741193,0.12517997452121837,30.587765827940885,27.266508534085645
high_resistance_calibrated,741.0,0.5337163731670879,6.912401538336503,3.971496330926218,0.12514968064364088,30.589594732082,27.269090420444844
high_resistance_calibrated,742.0,0.5341003506364952,6.910787824473581,3.9720808977460833,0.12511943672191989,30.591420302712514,27.271669013725464
high_resistance_calibrated,743.0,0.5344842385249708,6.909176672348108,3.9726647390767043,0.1250892426045005,30.593242550068904,27.27424431681773
high_resistance_calibrated,744.0,0.5348680369759469,6.907568074336154,3.9732478498571617,0.12505909813468585,30.59506148479768,27.276816332489897
high_resistance_calibrated,745.0,0.535251746131125,6.905962023072118,3.9738302251094586,0.12502900315980037,30.596877117242094,27.279385063587114
high_resistance_calibrated,746.0,0.5356353661318028,6.904358511229,3.9744118599317275,0.12499895752799464,30.598689457690835,27.28195051296212
high_resistance_calibrated,747.0,0.5360188971188762,6.90275753151813,3.974992749498277,0.1249689610882389,30.600498516378433,27.284512683475118
high_resistance_calibrated,748.0,0.536402339232841,6.901159076688841,3.975572889059617,0.12493901369031701,30.602304303485692,27.28707157799367
high_resistance_calibrated,749.0,0.5367856926137968,6.899563139528138,3.9761522739424744,0.12490911518482013,30.604106829140143,27.289627199392594
high_resistance_calibrated,750.0,0.5371689574014494,6.897969712860406,3.9767308995497994,0.12487926542314032,30.605906103416462,27.29217955055383
high_resistance_calibrated,751.0,0.5375521337351119,6.896378789547066,3.9773087613607507,0.12484946425746442,30.607702136336936,27.294728634366336
high_resistance_calibrated,752.0,0.5379352217537091,6.894790362486295,3.977885854930676,0.12481971154076778,30.609494937871847,27.297274453725993
high_resistance_calibrated,753.0,0.5383182215957788,6.893204424612658,3.978462175891076,0.12479000712680786,30.611284517939968,27.299817011535474
high_resistance_calibrated,754.0,0.538701133399475,6.891620968896844,3.979037719949554,0.1247603508701181,30.61307088640895,27.30235631070412
high_resistance_calibrated,755.0,0.53908395730257,6.890039988345288,3.9796124828897588,0.12473074262600162,30.61485405309579,27.304892354147853
high_resistance_calibrated,756.0,0.5394666934424573,6.8884614759999145,3.980186460571311,0.12470118225052489,30.616634027767248,27.30742514478907
high_resistance_calibrated,757.0,0.5398493419541865,6.886885425261982,3.9807596489399555,0.12467166960531073,30.61841081977482,27.30995468565824
high_resistance_calibrated,758.0,0.5402319029754993,6.885311829062561,3.98133204400129,0.12464220454525507,30.620184438990112,27.312480979633524
high_resistance_calibrated,759.0,0.5406143766428014,6.883740680526011,3.9819036418416056,0.12461278692834973,30.6219548950567,27.315004029649074
high_resistance_calibrated,760.0,0.5409967630918973,6.882171972849185,3.982474438623965,0.12458341661389306,30.623722197526472,27.317523838657102
high_resistance_calibrated,761.0,0.5413790624582181,6.880605699264023,3.9830444305869013,0.12455409346193294,30.62548635590189,27.320040409616066
high_resistance_calibrated,762.0,0.5417612748768238,6.879041853037212,3.9836136140442755,0.12452481733326112,30.627247379636433,27.322553745490595
high_resistance_calibrated,763.0,0.5421434004824056,6.877480427469904,3.9841819853851232,0.12449558808940747,30.629005278134994,27.325063849251407
high_resistance_calibrated,764.0,0.5425254394092882,6.875921415897436,3.9847495410734894,0.12446640559263432,30.630760060754255,27.327570723875148
high_resistance_calibrated,765.0,0.5429073917914327,6.874364811689047,3.9853162776482574,0.12443726970593072,30.632511736803092,27.330074372344367
high_resistance_calibrated,766.0,0.5432892577624377,6.872810608247572,3.9858821917229563,0.12440818029300674,30.634260315542967,27.332574797647336
high_resistance_calibrated,767.0,0.543671037455543,6.871258799009177,3.986447279985571,0.12437913721828768,30.636005806188322,27.335072002778034
high_resistance_calibrated,768.0,0.5440527310036307,6.869709377443048,3.9870115391983307,0.12435014034690846,30.637748217906964,27.337565990735975
high_resistance_calibrated,769.0,0.5444343385392284,6.868162337051105,3.987574966197495,0.12432118954470786,30.639487559820484,27.340056764526143
high_resistance_calibrated,770.0,0.5448158601945112,6.866617671367722,3.9881375578931215,0.12429228467822276,30.641223841004624,27.342544327158866
high_resistance_calibrated,771.0,0.5451972961004565,6.8650753740981765,3.9886993112732507,0.12426342561675781,30.64295707033377,27.3450286816931
high_resistance_calibrated,772.0,0.5455786463879193,6.863535438942897,3.9892602233980776,0.12423461222975377,30.644687256678647,27.34750983118143
high_resistance_calibrated,773.0,0.5459599111888683,6.861997859394823,3.9898202913932383,0.12420584438375641,30.64641440913392,27.349987778606856
high_resistance_calibrated,774.0,0.5463410906340045,6.860462629129532,3.990379512461983,0.12417712194825155,30.648138536579896,27.352462527004608
high_resistance_calibrated,775.0,0.5467221848536816,6.858929741854675,3.9909378838801084,0.12414844479341035,30.64985964785179,27.35493407941512
high_resistance_calibrated,776.0,0.5471031939779084,6.857399191309673,3.991495402995678,0.12411981279008413,30.651577751740152,27.3574024388839
high_resistance_calibrated,777.0,0.5474841181363502,6.855870971265504,3.9920520672287285,0.1240912258097992,30.653292856991158,27.359867608461485
high_resistance_calibrated,778.0,0.5478649574583316,6.854345075524411,3.9926078740709623,0.12406268372475156,30.655004972307008,27.362329591203316
high_resistance_calibrated,779.0,0.5482457120728378,6.852821497919632,3.993162821085442,0.12403418640780173,30.656714106346275,27.364788390169664
high_resistance_calibrated,780.0,0.5486263821085179,6.8513002323151655,3.993716905906269,0.12400573373246962,30.658420267724257,27.367244008425534
high_resistance_calibrated,781.0,0.549006967693686,6.849781272605495,3.9942701262382534,0.12397732557292916,30.66012346501331,27.369696449040575
high_resistance_calibrated,782.0,0.5493874689563236,6.8482646127153295,3.9948224798565772,0.12394896180400318,30.66182370674325,27.372145715088998
high_resistance_calibrated,783.0,0.5497678860240817,6.8467502465993215,3.995373964606453,0.12392064230115826,30.663521001401676,27.374591809649484
high_resistance_calibrated,784.0,0.5501482190242835,6.8452381682418295,3.9959245784027697,0.1238923669404994,30.665215357434345,27.377034735805072
high_resistance_calibrated,785.0,0.5505284680839181,6.843728371657908,3.9964743192297703,0.12386413559878369,30.666906783244084,27.379474496643482
high_resistance_calibrated,786.0,0.5509086333277922,6.842220851194245,3.9970231851503537,0.12383594815795412,30.668595286853833,27.381911095350645
high_resistance_calibrated,787.0,0.551288714883587,6.840715600706223,3.997571174279305,0.12380780449273605,30.670280876828528,27.384344534954877
high_resistance_calibrated,788.0,0.5516687128772565,6.839212614306914,3.998118284806944,0.12377970448192478,30.671963561436034,27.38677481855971
high_resistance_calibrated,789.0,0.5520486274344312,6.837711886138678,3.9986645149914204,0.12375164800494229,30.673643348903123,27.38920194927288
high_resistance_calibrated,790.0,0.5524284586804196,6.836213410372982,3.9992098631583195,0.12372363494183249,30.675320247415748,27.391625930206306
high_resistance_calibrated,791.0,0.552808206740211,6.834717181210136,3.99975432770026,0.1236956651732563,30.67699426511935,27.394046764475917
high_resistance_calibrated,792.0,0.5531878717384769,6.833223192879055,4.000297907076482,0.12366773858048714,30.678665410119255,27.396464455201635
high_resistance_calibrated,793.0,0.5535674537995727,6.831731439637023,4.000840599812436,0.12363985504540605,30.680333690480914,27.398879005507272
high_resistance_calibrated,794.0,0.5539469530475404,6.830241915769481,4.001382404499356,0.12361201445049684,30.681999114230262,27.401290418520464
high_resistance_calibrated,795.0,0.5543263696061091,6.828754615589733,4.001923319793836,0.1235842166788416,30.683661689354047,27.403698697372565
high_resistance_calibrated,796.0,0.5547057035986992,6.827269533438753,4.002463344417392,0.1235564616141157,30.685321423800143,27.406103845198587
high_resistance_calibrated,797.0,0.5550849551484217,6.825786663684962,4.003002477156028,0.12352874914058318,30.686978325477845,27.408505865137116
high_resistance_calibrated,798.0,0.5554641243780826,6.8243060007239,4.003540716859783,0.12350107914309197,30.68863240225825,27.410904760330233
high_resistance_calibrated,799.0,0.5558432114101823,6.8228275389780935,4.0040780624422885,0.12347345150706905,30.690283661974526,27.413300533923415
high_resistance_calibrated,800.0,0.55622221636601,6.821351273044227,4.004614512885084,0.12344586612076174,30.69193211225759,27.415693189111078
high_resistance_calibrated,801.0,0.5566011393673028,6.819877197424046,4.005150067228453,0.12341832287113702,30.69357776083673,27.418082729053335
high_resistance_calibrated,802.0,0.5569799805361995,6.818405306532344,4.005684724571219,0.12339082164400335,30.695220615530644,27.420469156878447
high_resistance_calibrated,803.0,0.5573587399939302,6.816935594908831,4.0062184840771415,0.12336336232723673,30.696860684010886,27.4228524757484
high_resistance_calibrated,804.0,0.5577374178614254,6.8154680571198325,4.006751344971271,0.12333594480928169,30.698497973911746,27.425232688828427
high_resistance_calibrated,805.0,0.5581160142593176,6.814002687758062,4.007283306539463,0.12330856897914705,30.700132492830527,27.427609799286973
high_resistance_calibrated,806.0,0.5584945293079423,6.812539481442424,4.007814368127903,0.12328123472640162,30.701764248327848,27.429983810295635
high_resistance_calibrated,807.0,0.5588729631273407,6.811078432817768,4.008344529142609,0.12325394194116995,30.703393247927924,27.43235472502904
high_resistance_calibrated,808.0,0.5592513158372611,6.809619536554704,4.00887378904895,0.12322669051412773,30.705019499118855,27.434722546664805
high_resistance_calibrated,809.0,0.5596295875571604,6.808162787349354,4.009402147371142,0.12319948033649772,30.706643009352938,27.43708727838348
high_resistance_calibrated,810.0,0.5600077784062059,6.806708179923181,4.009929603691754,0.12317231130004537,30.708263786046928,27.43944892336845
high_resistance_calibrated,811.0,0.5603858885032773,6.805255709022719,4.010456157651203,0.1231451832970744,30.70988183658234,27.44180748480585
high_resistance_calibrated,812.0,0.5607639179669687,6.803805369419381,4.010981808947248,0.12311809622042257,30.711497168305772,27.444162965884548
high_resistance_calibrated,813.0,0.5611418669155893,6.802357155909258,4.011506557334484,0.12309104996345721,30.71310978852913,27.446515369796
high_resistance_calibrated,814.0,0.5615197354669932,6.800911063340889,4.012030402624743,0.1230640444205034,30.71471970449878,27.448864699742877
high_resistance_calibrated,815.0,0.5618975237376638,6.7994670867625935,4.012553344691412,0.1230370794891142,30.716326923231666,27.451210958984284
high_resistance_calibrated,816.0,0.5622752318460479,6.798025220885381,4.013075383451337,0.12301015506178564,30.717931452113156,27.45355415067059
high_resistance_calibrated,817.0,0.5626528599092719,6.796585460612167,4.013596518881636,0.1229832710341203,30.719533298307955,27.455894278006255
high_resistance_calibrated,818.0,0.5630304080441817,6.795147800870257,4.0141167510136935,0.12295642730224084,30.721132468946667,27.458231344198207
high_resistance_calibrated,819.0,0.5634078763673448,6.793712236611079,4.014636079932639,0.12292962376278585,30.72272897112611,27.46056535245584
high_resistance_calibrated,820.0,0.5637852649950515,6.792278762810027,4.0151545057768185,0.12290286031290618,30.724322811909552,27.462896305990927
high_resistance_calibrated,821.0,0.5641625740433169,6.790847374466247,4.015672028737266,0.12287613685026082,30.72591399832701,27.465224208017528
high_resistance_calibrated,822.0,0.564539803627882,6.789418066602468,4.016188649057174,0.12284945327301297,30.727502537375457,27.46754906175197
high_resistance_calibrated,823.0,0.5649169538642157,6.787990834264772,4.0167043670313545,0.12282280947982618,30.72908843601913,27.46987087041275
high_resistance_calibrated,824.0,0.5652940248675163,6.78656567252243,4.017219183005711,0.12279620536986031,30.73067170118978,27.47218963722049
high_resistance_calibrated,825.0,0.5656710167527136,6.785142576467652,4.0177330973766985,0.12276964084276769,30.732252339786946,27.47450536539786
high_resistance_calibrated,826.0,0.5660479296344687,6.78372154121547,4.0182461105907885,0.12274311579868902,30.73383035867817,27.47681805816952
high_resistance_calibrated,827.0,0.5664247636271783,6.782302561903455,4.0187582231439265,0.12271663013824967,30.735405764699337,27.479127718762054
high_resistance_calibrated,828.0,0.5668015188449741,6.780885633691588,4.019269435580995,0.1226901837625555,30.73697856465487,27.481434350403905
high_resistance_calibrated,829.0,0.5671781954007932,6.779470751911542,4.019779748500215,0.1226637765755193,30.73854876515209,27.483737956371066
high_resistance_calibrated,830.0,0.5675547934084163,6.778057911739916,4.020289162541813,0.12263740847876574,30.740116372964007,27.486038539887037
high_resistance_calibrated,831.0,0.5679313129815036,6.776647108352709,4.02079767839258,0.12261107937404042,30.741681394857768,27.488336104170187
high_resistance_calibrated,832.0,0.5683077542330851,6.775238337007258,4.021305296788049,0.1225847891644845,30.74324383750383,27.49063065245874
high_resistance_calibrated,833.0,0.5686841172759304,6.773831592982966,4.02181201851,0.12255853775371117,30.744803707541763,27.492922187992676
high_resistance_calibrated,834.0,0.5690604022225494,6.7724268715812,4.022317844385917,0.12253232504580212,30.746361011580447,27.495210714013673
high_resistance_calibrated,835.0,0.5694366091851952,6.771024168125063,4.022822775288441,0.12250615094530388,30.747915756198324,27.497496233765066
high_resistance_calibrated,836.0,0.5698127382758635,6.7696234779592315,4.023326812134831,0.12248001535722423,30.749467947943625,27.499778750491753
high_resistance_calibrated,837.0,0.5701887896062958,6.768224796449787,4.023829955886414,0.12245391818702873,30.75101759333463,27.502058267440177
high_resistance_calibrated,838.0,0.5705647632879801,6.766828118984003,4.024332207548043,0.12242785934063695,30.752564698859896,27.504334787858237
high_resistance_calibrated,839.0,0.5709406594321527,6.765433440970213,4.024833568167557,0.12240183872441904,30.75410927097847,27.506608314995244
high_resistance_calibrated,840.0,0.5713164781497988,6.764040757837603,4.02533403883523,0.122375856245192,30.755651316120176,27.508878852101873
high_resistance_calibrated,841.0,0.5716922195516555,6.762650065036024,4.025833620683233,0.12234991181021626,30.75719084068581,27.51114640243008
high_resistance_calibrated,842.0,0.5720678837482115,6.761261358035845,4.026332314885089,0.12232400532719195,30.75872785104738,27.513410969233075
high_resistance_calibrated,843.0,0.5724434708494224,6.759874632373624,4.026830122656659,0.12229813670497572,30.760262353497605,27.51567255577921
high_resistance_calibrated,844.0,0.5728189809644856,6.758489883688228,4.027327045256821,0.12227230585414524,30.761794354210046,27.517931165362942
high_resistance_calibrated,845.0,0.5731944142038601,6.75710710739804,4.0278230839761555,0.1222465126819338,30.763323859596234,27.520186801206638
high_resistance_calibrated,846.0,0.5735697706770058,6.755726299062218,4.028318240148469,0.12222075709789917,30.76485087590598,27.522439466570482
high_resistance_calibrated,847.0,0.5739450504931382,6.7543474542601665,4.028812515146234,0.12219503901203106,30.7663754093608,27.52468916471581
high_resistance_calibrated,848.0,0.5743202537612301,6.752970568591329,4.029305910380058,0.1221693583347477,30.767897466154153,27.526935898905062
high_resistance_calibrated,849.0,0.5746953805900128,6.751595637675107,4.029798427298146,0.12214371497689258,30.769417052451605,27.529179672401714
high_resistance_calibrated,850.0,0.575070431087977,6.75022265715064,4.030290067385758,0.12211810884973139,30.770934174391094,27.531420488470232
high_resistance_calibrated,851.0,0.5754454053633744,6.748851622676649,4.0307808321646865,0.12209253986494847,30.77244883808311,27.533658350376033
high_resistance_calibrated,852.0,0.5758203035242196,6.74748252993131,4.031270723192717,0.12206700793464374,30.77396104961094,27.535893261385404
high_resistance_calibrated,853.0,0.576195125678291,6.7461153746120415,4.031759742063103,0.12204151297132936,30.775470815030854,27.538125224765498
high_resistance_calibrated,854.0,0.5765698719331315,6.744750152435382,4.032247890404029,0.12201605488792654,30.776978140372343,27.540354243784225
high_resistance_calibrated,855.0,0.5769445423960504,6.743386859136804,4.032735169878087,0.12199063359776208,30.77848303163832,27.542580321710258
high_resistance_calibrated,856.0,0.5773191371741255,6.74202549047056,4.0332215821817545,0.1219652490145654,30.779985494805345,27.544803461812933
high_resistance_calibrated,857.0,0.577693656374203,6.7406660422095355,4.033707129044865,0.12193990105246497,30.781485535823816,27.547023667362236
high_resistance_calibrated,858.0,0.5780681001019765,6.739308510291801,4.034191812235021,0.12191458962830415,30.782983160456332,27.54924094167314
high_resistance_calibrated,859.0,0.5784424684642387,6.737952890462832,4.034675633545056,0.12188931465598553,30.78447837467248,27.551455287997303
high_resistance_calibrated,860.0,0.5788167615672931,6.7365991785277854,4.035158594800996,0.12186407605045832,30.785971184370492,27.55366670959946
high_resistance_calibrated,861.0,0.5791909795170247,6.735247370340455,4.0356406978611785,0.12183887372754292,30.787461595389434,27.555875209754056
high_resistance_calibrated,862.0,0.5795651224190909,6.733897461773057,4.036121944614732,0.1218137076034519,30.788949613542655,27.558080791736085
high_resistance_calibrated,863.0,0.5799391903789216,6.732549448716003,4.036602336981059,0.12178857759478713,30.790435244617996,27.560283458821075
high_resistance_calibrated,864.0,0.580313183501722,6.7312033270778455,4.037081876909335,0.12176348361853657,30.79191849437794,27.562483214284992
high_resistance_calibrated,865.0,0.580687101892472,6.729859092785055,4.0375605663779925,0.12173842559207158,30.793399368559857,27.564680061404236
high_resistance_calibrated,866.0,0.5810609456559294,6.728516741781916,4.038038407394227,0.12171340343314369,30.79487787287617,27.566874003455574
high_resistance_calibrated,867.0,0.5814347148966287,6.727176270030359,4.038515401993488,0.12168841705988195,30.79635401301455,27.569065043716105
high_resistance_calibrated,868.0,0.5818084097188853,6.725837673509822,4.038991552238984,0.12166346639078957,30.79782779463813,27.57125318546321
high_resistance_calibrated,869.0,0.582182030226794,6.724500948217093,4.039466860221188,0.12163855134474125,30.799299223385674,27.573438431974495
high_resistance_calibrated,870.0,0.5825555765242318,6.723166090166188,4.039941328057338,0.12161367184098006,30.800768304871788,27.575620786527775
high_resistance_calibrated,871.0,0.5829290487148581,6.721833095388154,4.040414957890954,0.12158882779911453,30.802235044687112,27.577800252401005
high_resistance_calibrated,872.0,0.5833024469017569,6.720501959988074,4.040887751893279,0.12156401914002485,30.803699448335706,27.579976832889397
high_resistance_calibrated,873.0,0.5836757711877034,6.719172680102556,4.041359712261366,0.12153924578518585,30.805161521281835,27.582150531292683
high_resistance_calibrated,874.0,0.5840490216762045,6.717845251735313,4.041830841212023,0.12151450765404699,30.806621269130858,27.584321350865586
high_resistance_calibrated,875.0,0.5844221984700186,6.716519670991267,4.042301140989267,0.1214898046677618,30.808078697371702,27.586489294888327
high_resistance_calibrated,876.0,0.5847953016716905,6.71519593399222,4.042770613861008,0.12146513674784279,30.809533811469684,27.588654366641187
high_resistance_calibrated,877.0,0.5851683313835513,6.713874036876646,4.043239262118565,0.12144050381615877,30.810986616866757,27.59081656940448
high_resistance_calibrated,878.0,0.5855412877077203,6.712553975799654,4.043707088076199,0.12141590579493208,30.812437118981613,27.592975906458523
high_resistance_calibrated,879.0,0.5859141707461054,6.711235746932744,4.044174094070648,0.12139134260673592,30.81388532320993,27.595132381083587
high_resistance_calibrated,880.0,0.5862869806004052,6.7099193464637565,4.044640282460661,0.12136681417449173,30.815331234924503,27.597285996559854
high_resistance_calibrated,881.0,0.586659717372109,6.708604770596717,4.04510565562654,0.12134232042146631,30.81677485947542,27.599436756167368
high_resistance_calibrated,882.0,0.5870323811624987,6.707292015551682,4.045570215969682,0.12131786127126927,30.818216202190275,27.601584663186028
high_resistance_calibrated,883.0,0.5874049720726494,6.705981077564621,4.046033965912121,0.12129343664785022,30.819655268374298,27.603729720895497
high_resistance_calibrated,884.0,0.5877774902034308,6.704671952887272,4.046496907896087,0.1212690464754962,30.821092063310566,27.60587193257522
high_resistance_calibrated,885.0,0.5881499356555087,6.703364637787042,4.046959044383547,0.12124469067882883,30.822526592260154,27.608011301504323
high_resistance_calibrated,886.0,0.5885223085293445,6.702059128546815,4.04742037785577,0.12122036918280166,30.823958860462323,27.610147830961616
high_resistance_calibrated,887.0,0.5888946089238359,6.700755421681367,4.047880910820415,0.12119608191628674,30.825388872897236,27.612281524290168
high_resistance_calibrated,888.0,0.5892668369398925,6.6994535133691375,4.048340645791335,0.12117182880265245,30.826816634909314,27.614412384727654
high_resistance_calibrated,889.0,0.5896389926774019,6.698153399934199,4.04879958530491,0.12114760976775668,30.828242151678424,27.61654041555029
high_resistance_calibrated,890.0,0.5900110762359597,6.696855077730473,4.049257731915594,0.12112342473802423,30.829665428347045,27.618665620038232
high_resistance_calibrated,891.0,0.5903830877149588,6.695558543127436,4.049715088194994,0.12109927364021073,30.831086470035906,27.62078800147133
high_resistance_calibrated,892.0,0.5907550272135905,6.694263792510034,4.050171656731454,0.12107515640140032,30.832505281844135,27.62290756312908
high_resistance_calibrated,893.0,0.5911268948308462,6.692970822278581,4.050627440129632,0.1210510729490033,30.8339218688494,27.625024308290598
high_resistance_calibrated,894.0,0.5914986906655173,6.691679628848631,4.0510824410100845,0.12102702321075388,30.83533623610808,27.627138240234608
high_resistance_calibrated,895.0,0.5918704148161967,6.690390208650875,4.051536662008856,0.12100300711470775,30.836748388655376,27.62924936223937
high_resistance_calibrated,896.0,0.5922420673812798,6.689102558131014,4.0519901057770715,0.12097902458923987,30.8381583315055,27.631357677582685
high_resistance_calibrated,897.0,0.592613648458965,6.687816673749669,4.052442774980526,0.12095507556304216,30.83956606965182,27.63346318954182
high_resistance_calibrated,898.0,0.5929851581472553,6.6865325519822365,4.052894672299292,0.12093115996512112,30.840971608066987,27.63556590139352
high_resistance_calibrated,899.0,0.5933565965439591,6.6852501893188,4.053345800427316,0.1209072777247955,30.8423749517031,27.637665816413946
high_resistance_calibrated,900.0,0.5937279637466905,6.683969582263999,4.0537961620720235,0.12088342877169408,30.843776105491873,27.639762937878626
high_resistance_calibrated,901.0,0.5940992598528714,6.682690727336947,4.054245759953938,0.12085961303575334,30.84517507434474,27.64185726906248
high_resistance_calibrated,902.0,0.594470484959731,6.6814136210710675,4.05469459680628,0.120835830447215,30.846571863153063,27.643948813239714
high_resistance_calibrated,903.0,0.5948416391643085,6.680138260014007,4.055142675374598,0.12081208093662398,30.84796647678823,27.64603757368385
high_resistance_calibrated,904.0,0.5952127225634528,6.678864640727535,4.05558999841638,0.12078836443482577,30.849358920101842,27.64812355366764
high_resistance_calibrated,905.0,0.5955837352538235,6.677592759787392,4.056036568700682,0.1207646808729644,30.850749197925843,27.65020675646307
high_resistance_calibrated,906.0,0.5959546773318926,6.676322613783214,4.056482389007755,0.12074103018247989,30.852137315072678,27.652287185341326
high_resistance_calibrated,907.0,0.5963255488939446,6.675054199318381,4.0569274621286775,0.12071741229510612,30.853523276335444,27.6543648435727
high_resistance_calibrated,908.0,0.5966963500360787,6.67378751300992,4.057371790864991,0.12069382714286839,30.85490708648803,27.656439734426662
high_resistance_calibrated,909.0,0.5970670808542077,6.672522551488414,4.057815378028339,0.1206702746580812,30.856288750285277,27.658511861171743
high_resistance_calibrated,910.0,0.5974377414440615,6.671259311397815,4.058258226440109,0.12064675477334587,30.857668272463137,27.66058122707551
high_resistance_calibrated,911.0,0.5978083319011859,6.669997789395419,4.0587003389310805,0.12062326742154826,30.85904565773879,27.66264783540458
high_resistance_calibrated,912.0,0.5981788523209447,6.668737982151646,4.059141718341075,0.1205998125358564,30.860420910810852,27.664711689424525
high_resistance_calibrated,913.0,0.5985493027985203,6.6674798863500415,4.059582367518609,0.12057639004971832,30.861794036359452,27.666772792399897
high_resistance_calibrated,914.0,0.5989196834289152,6.666223498687058,4.060022289320558,0.12055299989685948,30.863165039046443,27.668831147594158
high_resistance_calibrated,915.0,0.599289994306938,6.664968815873076,4.060461486611781,0.12052964201124491,30.86453392351434,27.670886758269955
high_resistance_calibrated,916.0,0.5996602355269661,6.663715834650946,4.060899962264364,0.1205063163264591,30.8659006943661,27.672939627694436
high_resistance_calibrated,917.0,0.6000304071836948,6.6624645517374494,4.06133771915864,0.120483022777636,30.867265356229034,27.674989759122518
high_resistance_calibrated,918.0,0.6004005093714095,6.661214963880061,4.06177476018154,0.12045976129957563,30.868627913692865,27.67703715581312
high_resistance_calibrated,919.0,0.6007705421842194,6.659967067838615,4.062211088226694,0.12043653182734326,30.869988371329768,27.6790818210239
high_resistance_calibrated,920.0,0.6011405057160594,6.658720860385249,4.06264670619411,0.12041333429626729,30.871346733694466,27.681123758011253
high_resistance_calibrated,921.0,0.6015104000606905,6.6574763383042015,4.0630816169898605,0.12039016864193669,30.872703005324443,27.683162970030256
high_resistance_calibrated,922.0,0.6018802253117002,6.656233498391771,4.063515823525766,0.12036703480019884,30.874057190740047,27.68519946033464
high_resistance_calibrated,923.0,0.6022499815625042,6.654992337456143,4.063949328719085,0.12034393270715713,30.875409294444662,27.68723323217677
high_resistance_calibrated,924.0,0.6026196689063478,6.653752852317312,4.064382135492218,0.12032086229916863,30.876759320924844,27.68926428880759
high_resistance_calibrated,925.0,0.6029892874363051,6.652515039806938,4.064814246772391,0.12029782351284181,30.87810727465047,27.69129263347661
high_resistance_calibrated,926.0,0.603358837245282,6.651278896768234,4.065245665491376,0.12027481628503414,30.87945316007492,27.693318269431842
high_resistance_calibrated,927.0,0.6037283184260158,6.650044420055854,4.065676394585178,0.12025184055284982,30.88079698163518,27.695341199919817
high_resistance_calibrated,928.0,0.6040977310710764,6.648811606535754,4.066106436993758,0.12022889625363742,30.88213874375202,27.69736142818551
high_resistance_calibrated,929.0,0.6044670752728677,6.647580453085103,4.066535795660739,0.1202059833249875,30.88347845083014,27.699378957472305
high_resistance_calibrated,930.0,0.6048363511236284,6.646350956592144,4.066964473533127,0.1201831017047304,30.884816107258303,27.701393791022003
high_resistance_calibrated,931.0,0.6052055587154322,6.64512311395608,4.067392473561027,0.12016025133093386,30.88615171740952,27.70340593207473
high_resistance_calibrated,932.0,0.6055746981401902,6.643896922086941,4.067819798697368,0.12013743214190059,30.88748528564116,27.705415383868953
high_resistance_calibrated,933.0,0.6059437694896501,6.642672377905491,4.068246451897633,0.12011464407616611,30.88881681629513,27.707422149641427
high_resistance_calibrated,934.0,0.6063127728553991,6.641449478343064,4.068672436119587,0.12009188707249627,30.89014631369801,27.709426232627163
high_resistance_calibrated,935.0,0.6066817083288629,6.640228220341515,4.06909775432301,0.12006916106988501,30.891473782161203,27.711427636059387
high_resistance_calibrated,936.0,0.6070505760013083,6.639008600853013,4.06952240946944,0.12004646600755206,30.89279922598109,27.71342636316953
high_resistance_calibrated,937.0,0.6074193759638432,6.637790616839999,4.069946404521911,0.12002380182494046,30.894122649439165,27.71542241718715
high_resistance_calibrated,938.0,0.6077881083074175,6.636574265275015,4.070369742444696,0.12000116846171438,30.895444056802205,27.717415801339946
high_resistance_calibrated,939.0,0.6081567731228246,6.635359543140582,4.070792426203061,0.11997856585775674,30.89676345232242,27.71940651885372
high_resistance_calibrated,940.0,0.6085253705007024,6.634146447429115,4.071214458763013,0.11995599395316688,30.898080840237586,27.7213945729523
high_resistance_calibrated,941.0,0.6088939005306626,6.6329349752811675,4.071635843095956,0.11993345269055038,30.89939622462095,27.723379966898264
high_resistance_calibrated,942.0,0.6092623632892488,6.6317251259004255,4.072056582246337,0.11991094204672915,30.900709607302712,27.72536270455612
high_resistance_calibrated,943.0,0.6096307588787196,6.630516894388014,4.072476679112928,0.1198884619306244,30.90202099456358,27.72734278857864
high_resistance_calibrated,944.0,0.6099990873888825,6.6293102778093,4.072896136663524,0.11986601228374803,30.903330390547726,27.72932022219168
high_resistance_calibrated,945.0,0.6103673489093835,6.628105273240522,4.07331495786554,0.11984359304784324,30.90463779938393,27.731295008619465
high_resistance_calibrated,946.0,0.610735543529709,6.626901877768695,4.073733145685764,0.11982120416488255,30.9059432251857,27.73326715108454
high_resistance_calibrated,947.0,0.6111036713391851,6.625700088491584,4.074150703090155,0.11979884557706609,30.907246672051315,27.735236652807753
high_resistance_calibrated,948.0,0.6114717324269792,6.624499902517559,4.074567633043609,0.11977651722681981,30.908548144064017,27.737203517008247
high_resistance_calibrated,949.0,0.6118397268821013,6.62330131696548,4.074983938509743,0.11975421905679369,30.909847645292114,27.73916774690344
high_resistance_calibrated,950.0,0.6122076547934029,6.62210432896471,4.075399622450689,0.11973195100985994,30.91114517978903,27.741129345708973
high_resistance_calibrated,951.0,0.6125755162495805,6.620908935654928,4.0758146878268775,0.11970971302911122,30.912440751593508,27.743088316638694
high_resistance_calibrated,952.0,0.6129433113391731,6.619715134186077,4.076229137596834,0.11968750505785877,30.91373436472966,27.745044662904657
high_resistance_calibrated,953.0,0.6133110401505658,6.618522921718276,4.076642974716972,0.11966532703963081,30.915026023207112,27.746998387717078
high_resistance_calibrated,954.0,0.613678702771989,6.617332295421742,4.077056202141396,0.11964317891817057,30.916315731021104,27.748949494284318
high_resistance_calibrated,955.0,0.6140462992915193,6.616143252476671,4.077468822821703,0.11962106063743458,30.91760349215262,27.750897985812852
high_resistance_calibrated,956.0,0.6144138297970807,6.614955790073179,4.077880839706785,0.11959897214159085,30.91888931056847,27.752843865507252
high_resistance_calibrated,957.0,0.6147812943764449,6.613769905411162,4.078292255742644,0.11957691337501715,30.92017319022146,27.75478713657017
high_resistance_calibrated,958.0,0.6151486931172329,6.612585595700293,4.078703073872199,0.11955488428229907,30.921455135050437,27.756727802202295
high_resistance_calibrated,959.0,0.6155160261069139,6.611402858159838,4.079113297035101,0.11953288480822846,30.922735148980465,27.758665865602346
high_resistance_calibrated,960.0,0.6158832934328089,6.6102216900186175,4.079522928167554,0.11951091489780144,30.924013235922907,27.760601329967038
high_resistance_calibrated,961.0,0.6162504951820884,6.609042088514911,4.0799319702021375,0.11948897449621665,30.925289399775544,27.762534198491064
high_resistance_calibrated,962.0,0.6166176314417747,6.607864050896354,4.08034042606762,0.11946706354887356,30.92656364442269,27.764464474367074
high_resistance_calibrated,963.0,0.6169847022987434,6.6066875744198805,4.080748298688802,0.1194451820013706,30.92783597373529,27.766392160785642
high_resistance_calibrated,964.0,0.6173517078397225,6.6055126563515545,4.081155590986333,0.11942332979950332,30.9291063915711,27.76831726093525
high_resistance_calibrated,965.0,0.6177186481512943,6.604339293966586,4.081562305876549,0.11940150688926275,30.93037490177469,27.770239778002267
high_resistance_calibrated,966.0,0.618085523319895,6.603167484549143,4.08196844627131,0.1193797132168335,30.93164150817767,27.772159715170897
high_resistance_calibrated,967.0,0.6184523334314103,6.601997225454629,4.082374015080021,0.11935794872960379,30.9329062145314,27.77407707564117
high_resistance_calibrated,968.0,0.6188190785665255,6.600828514821887,4.082779015234467,0.11933621338772551,30.93416902373759,27.775991862834115
high_resistance_calibrated,969.0,0.6191857588161085,6.599661349216908,4.083183449606012,0.11931450712586002,30.935429940394386,27.777904079712695
high_resistance_calibrated,970.0,0.6195523742659416,6.598495725971408,4.083587321087458,0.11929282989114912,30.93668896826912,27.779813729455885
high_resistance_calibrated,971.0,0.6199189250016619,6.597331642426176,4.083990632566372,0.1192711816309279,30.937946111116133,27.781720815240554
high_resistance_calibrated,972.0,0.6202854111087613,6.596169095931017,4.084393386924937,0.11924956229272328,30.939201372676834,27.783625340241443
high_resistance_calibrated,973.0,0.6206518326725895,6.59500808384465,4.084795587039809,0.11922797182425224,30.940454756679824,27.785527307631128
high_resistance_calibrated,974.0,0.6210181897783518,6.593848603534636,4.085197235781973,0.11920641017342022,30.941706266841003,27.78742672058004
high_resistance_calibrated,975.0,0.6213844825111112,6.592690652377298,4.085598336016605,0.11918487728831959,30.942955906863663,27.78932358225641
high_resistance_calibrated,976.0,0.62175071095579,6.591534227757631,4.085998890602937,0.11916337311722786,30.9442036804386,27.791217895826247
high_resistance_calibrated,977.0,0.6221168751971686,6.590379327069221,4.086398902394124,0.11914189760860619,30.945449591244216,27.793109664453333
high_resistance_calibrated,978.0,0.6224829753198872,6.589225947714168,4.08679837423711,0.11912045071109778,30.94669364294662,27.794998891299205
high_resistance_calibrated,979.0,0.6228490114084465,6.588074087103025,4.0871973089725016,0.11909903237352606,30.94793583919971,27.796885579523128
high_resistance_calibrated,980.0,0.6232149835472083,6.586923742654655,4.087595709434442,0.11907764254489332,30.94917618364534,27.798769732282047
high_resistance_calibrated,981.0,0.6235808918203956,6.585774911796213,4.0879935784504875,0.11905628117437886,30.950414679913333,27.80065135273062
high_resistance_calibrated,982.0,0.6239467363120945,6.584627591963017,4.088390918841487,0.1190349482113375,30.95165133162167,27.80253044402115
high_resistance_calibrated,983.0,0.6243125171062535,6.583481780598501,4.088787733421461,0.119013643605298,30.952886142376535,27.804407009303592
high_resistance_calibrated,984.0,0.6246782342866855,6.582337475154108,4.089184024997491,0.11899236730596122,30.95411911577244,27.806281051725517
high_resistance_calibrated,985.0,0.6250438879370674,6.581194673089209,4.089579796369599,0.11897111926319869,30.955350255392343,27.8081525744321
high_resistance_calibrated,986.0,0.6254094781409414,6.580053371871044,4.089975050330644,0.11894989942705093,30.956579564807708,27.81002158056609
high_resistance_calibrated,987.0,0.6257750049817151,6.5789135689745954,4.090369789666205,0.1189287077477258,30.957807047578665,27.8118880732678
high_resistance_calibrated,988.0,0.6261404685426631,6.577775261882537,4.090764017154484,0.11890754417559696,30.959032707254067,27.81375205567508
high_resistance_calibrated,989.0,0.6265058689069272,6.576638448085157,4.091157735566193,0.11888640866120209,30.960256547371603,27.815613530923294
high_resistance_calibrated,990.0,0.6268712061575165,6.575503125080232,4.091550947664457,0.11886530115524135,30.961478571457942,27.8174725021453
high_resistance_calibrated,991.0,0.6272364803773086,6.574369290372999,4.091943656204713,0.11884422160857591,30.96269878302876,27.819328972471443
high_resistance_calibrated,992.0,0.6276016916490516,6.573236941476026,4.092335863934617,0.11882316997222597,30.963917185588915,27.82118294502951
high_resistance_calibrated,993.0,0.6279668400545234,6.572106076040929,4.09272757359872,0.1188021461996095,30.965133782490753,27.823034422982463
high_resistance_calibrated,994.0,0.6283319256664801,6.570976693125392,4.093118787984371,0.11878115026807119,30.96634857557153,27.82488340989111
high_resistance_calibrated,995.0,0.6286969485760376,6.569848788886823,4.093509509765372,0.118760182105693,30.967561569785534,27.82672990848118
high_resistance_calibrated,996.0,0.629061908865284,6.56872236088898,4.093899741658139,0.11873924166449841,30.968772768571075,27.828573921876526
high_resistance_calibrated,997.0,0.6294268066161733,6.567597406703565,4.094289486370879,0.11871832889667835,30.969982175355067,27.830415453198615
high_resistance_calibrated,998.0,0.6297916419105272,6.5664739239100856,4.09467874660352,0.11869744375458971,30.971189793553176,27.832254505566496
high_resistance_calibrated,999.0,0.6301564148300342,6.565351910095813,4.095067525047616,0.11867658619075395,30.972395626569867,27.834091082096858
high_resistance_calibrated,1000.0,0.6305211254562516,6.564231362855727,4.095455824386275,0.11865575615785602,30.97359967779851,27.835925185903946
high_resistance_calibrated,1001.0,0.6308857738706057,6.563112279792417,4.095843647294084,0.11863495360874281,30.97480195062146,27.83775682009953
high_resistance_calibrated,1002.0,0.6312503601543921,6.561994658516056,4.096230996437023,0.11861417849642186,30.97600244841013,27.839585987792987
high_resistance_calibrated,1003.0,0.6316148843887758,6.560878496644301,4.096617874472402,0.11859343077406015,30.97720117452509,27.84141269209117
high_resistance_calibrated,1004.0,0.6319793466547933,6.559763791802231,4.097004284048786,0.11857271039498264,30.978398132316155,27.843236936098467
high_resistance_calibrated,1005.0,0.6323437470333511,6.558650541622315,4.097390227805924,0.11855201731267105,30.97959332512243,27.845058722916754
high_resistance_calibrated,1006.0,0.6327080856052287,6.557538743744284,4.09777570837468,0.1185313514807624,30.980786756272458,27.846878055645384
high_resistance_calibrated,1007.0,0.6330723624510769,6.556428395815114,4.098160728376972,0.11851071285304778,30.981978429084254,27.848694937381197
high_resistance_calibrated,1008.0,0.6334365776514197,6.5553194954889396,4.098545290425703,0.11849010138347103,30.98316834686541,27.850509371218447
high_resistance_calibrated,1009.0,0.6338007312866539,6.554212040426988,4.098929397124701,0.11846951702612737,30.984356512913173,27.852321360248848
high_resistance_calibrated,1010.0,0.6341648234370513,6.553106028297498,4.099313051068661,0.11844895973526204,30.98554293051454,27.854130907561526
high_resistance_calibrated,1011.0,0.6345288541827576,6.552001456775686,4.0996962548430815,0.11842842946526912,30.98672760294633,27.85593801624298
high_resistance_calibrated,1012.0,0.6348928236037934,6.550898323543628,4.10007901102421,0.11840792617068997,30.987910533475286,27.857742689377133
high_resistance_calibrated,1013.0,0.6352567317800556,6.5497966262902585,4.100461322178991,0.11838744980621209,30.989091725358126,27.859544930045256
high_resistance_calibrated,1014.0,0.6356205787913171,6.54869636271124,4.100843190865006,0.11836700032666775,30.990271181841663,27.861344741325976
high_resistance_calibrated,1015.0,0.6359843647172272,6.547597530508919,4.101224619630428,0.11834657768703262,30.99144890616288,27.863142126295248
high_resistance_calibrated,1016.0,0.6363480896373134,6.546500127392272,4.101605611013968,0.1183261818424245,30.992624901548993,27.864937088026377
high_resistance_calibrated,1017.0,0.6367117536309803,6.545404151076807,4.101986167544826,0.11830581274810185,30.99379917121757,27.866729629589933
high_resistance_calibrated,1018.0,0.6370753567775116,6.544309599284534,4.1023662917426496,0.11828547035946274,30.99497171837659,27.868519754053807
high_resistance_calibrated,1019.0,0.6374388991555081,6.5432164698299875,4.102745986120581,0.11826515463347885,30.99614254613229,27.87030746450722
high_resistance_calibrated,1020.0,0.6378023808382839,6.54212476132593,4.103125253210601,0.1182448655404542,30.997311656733597,27.872092764257914
high_resistance_calibrated,1021.0,0.6381658019099601,6.541034470716938,4.103504095474788,0.11822460302291866,30.998479054213487,27.873875656142882
high_resistance_calibrated,1022.0,0.6385291624492534,6.5399455957636095,4.103882515394613,0.11820436703703598,30.999644741728233,27.87565614322273
high_resistance_calibrated,1023.0,0.6388924625347584,6.538858134233253,4.104260515441799,0.11818415753911217,31.00080872242436,27.877434228555412
high_resistance_calibrated,1024.0,0.6392557022449475,6.53777208389982,4.104638098078289,0.11816397448559433,31.001970999438697,27.879209915196242
high_resistance_calibrated,1025.0,0.6396188816581725,6.536687442543878,4.105015265756208,0.11814381783306946,31.003131575898443,27.880983206197865
high_resistance_calibrated,1026.0,0.6399820008526634,6.535604207952509,4.1053920209178285,0.11812368753826342,31.00429045492127,27.88275410461028
high_resistance_calibrated,1027.0,0.640345059906531,6.534522377919299,4.105768365995538,0.11810358355803967,31.005447639615365,27.884522613480783
high_resistance_calibrated,1028.0,0.6407080588977653,6.533441950244236,4.106144303411812,0.11808350584939814,31.006603133079523,27.886288735853988
high_resistance_calibrated,1029.0,0.6410709979042375,6.532362922733675,4.106519835579174,0.11806345436947413,31.007756938403205,27.888052474771772
high_resistance_calibrated,1030.0,0.6414338770037002,6.531285293200282,4.106894964900181,0.11804342907553707,31.008909058666628,27.88981383327333
high_resistance_calibrated,1031.0,0.6417966962737872,6.530209059462955,4.107269693767382,0.11802342992498946,31.01005949694083,27.89157281439509
high_resistance_calibrated,1032.0,0.6421594557920149,6.529134219346783,4.107644024563304,0.11800345687536566,31.01120825628774,27.89332942117074
high_resistance_calibrated,1033.0,0.6425221556357823,6.528060770682994,4.108017959660421,0.11798350988433068,31.01235533976026,27.895083656631215
high_resistance_calibrated,1034.0,0.6428847958823716,6.526988711308864,4.1083915014211305,0.11796358890967923,31.01350075040232,27.896835523804675
high_resistance_calibrated,1035.0,0.6432473766089489,6.525918039067693,4.108764652197736,0.1179436939093343,31.01464449124898,27.898585025716468
high_resistance_calibrated,1036.0,0.6436098978925638,6.524848751808714,4.109137414332421,0.11792382484134623,31.01578656532649,27.900332165389194
high_resistance_calibrated,1037.0,0.6439723598101516,6.523780847387073,4.1095097901572375,0.1179039816638914,31.016926975652346,27.902076945842587
high_resistance_calibrated,1038.0,0.644334762438532,6.522714323663735,4.109881781994075,0.11788416433527121,31.01806572523538,27.903819370093576
high_resistance_calibrated,1039.0,0.6446971058544115,6.521649178505444,4.110253392154658,0.11786437281391077,31.01920281707585,27.905559441156264
high_resistance_calibrated,1040.0,0.6450593901343815,6.520585409784646,4.110624622940519,0.11784460705835792,31.020338254165473,27.90729716204188
high_resistance_calibrated,1041.0,0.6454216153549213,6.519523015379442,4.11099547664299,0.11782486702728194,31.021472039487538,27.9090325357588
high_resistance_calibrated,1042.0,0.6457837815923964,6.518461993173545,4.111365955543185,0.11780515267947247,31.02260417601694,27.910765565312527
high_resistance_calibrated,1043.0,0.6461458889230606,6.517402341056177,4.1117360619119925,0.11778546397383835,31.023734666720305,27.91249625370566
high_resistance_calibrated,1044.0,0.6465079374230561,6.516344056922042,4.112105798010057,0.11776580086940641,31.024863514556007,27.914224603937907
high_resistance_calibrated,1045.0,0.6468699271677577,6.515287138772057,4.112475166091356,0.11774616332693538,31.0259907223668,27.915950619034017
high_resistance_calibrated,1046.0,0.6472318582271569,6.514231585422713,4.112844168428391,0.11772655132028005,31.02711629212352,27.917674302240606
high_resistance_calibrated,1047.0,0.6475937306824952,6.513177393950484,4.113212807221407,0.11770696479544193,31.02824022765025,27.919395656317
high_resistance_calibrated,1048.0,0.6479555446093809,6.512124562285505,4.1135810846905025,0.11768740371213357,31.02936253185824,27.92111468425507
high_resistance_calibrated,1049.0,0.6483173000833096,6.51107308836371,4.113949003045518,0.11766786803018946,31.030483207650207,27.922831389043857
high_resistance_calibrated,1050.0,0.6486789971796637,6.510022970126769,4.1143165644860344,0.11764835770956499,31.03160225792045,27.92454577366961
high_resistance_calibrated,1051.0,0.6490406359737138,6.5089742055220245,4.11468377120136,0.11762887271033541,31.03271968555489,27.926257841115753
high_resistance_calibrated,1052.0,0.6494022165406182,6.507926792502457,4.115050625370537,0.11760941299269506,31.033835493431138,27.927967594362876
high_resistance_calibrated,1053.0,0.649763738955424,6.5068807290266415,4.115417129162332,0.1175899785169561,31.034949684418542,27.92967503638873
high_resistance_calibrated,1054.0,0.6501252032930676,6.505836013058687,4.115783284735246,0.11757056924354778,31.036062261378266,27.931380170168204
high_resistance_calibrated,1055.0,0.650486609628374,6.504792642568203,4.116149094237499,0.11755118513301537,31.037173227163336,27.933082998673346
high_resistance_calibrated,1056.0,0.6508479580360587,6.503750615530214,4.116514559807045,0.11753182614601917,31.038282584618724,27.93478352487331
high_resistance_calibrated,1057.0,0.6512092485907274,6.502709929925169,4.116879683571567,0.1175124922433336,31.039390336581377,27.936481751734387
high_resistance_calibrated,1058.0,0.6515704813668763,6.501670583738839,4.117244467648481,0.11749318338584612,31.04049648588031,27.938177682219973
high_resistance_calibrated,1059.0,0.651931656438893,6.500632574962276,4.117608914144939,0.11747389953455634,31.041601035336658,27.939871319290557
high_resistance_calibrated,1060.0,0.6522927738810567,6.4995959015918086,4.117973025157835,0.117454640650575,31.042703987763716,27.941562665903717
high_resistance_calibrated,1061.0,0.6526538337675383,6.498560561628926,4.118336802773808,0.11743540669512306,31.04380534596703,27.943251725014125
high_resistance_calibrated,1062.0,0.6530148361724013,6.497526553080288,4.118700249069249,0.11741619762953069,31.044905112744445,27.94493849957351
high_resistance_calibrated,1063.0,0.6533757811696024,6.49649387395763,4.119063366110311,0.11739701341523616,31.046003290886166,27.946622992530664
high_resistance_calibrated,1064.0,0.6537366688329909,6.495462522277744,4.119426155952907,0.11737785401378512,31.047099883174823,27.948305206831417
high_resistance_calibrated,1065.0,0.6540974992363103,6.4944324960624105,4.119788620642733,0.11735871938682943,31.04819489238553,27.94998514541867
high_resistance_calibrated,1066.0,0.6544582724531984,6.493403793338347,4.120150762215264,0.1173396094961263,31.049288321285964,27.951662811232318
high_resistance_calibrated,1067.0,0.6548189885571872,6.492376412137196,4.1205125826957705,0.11732052430353716,31.050380172636366,27.953338207209303
high_resistance_calibrated,1068.0,0.6551796476217041,6.491350350495408,4.120874084099325,0.11730146377102689,31.051470449189694,27.955011336283565
high_resistance_calibrated,1069.0,0.6555402497200714,6.490325606454256,4.12123526843082,0.11728242786066266,31.05255915369161,27.95668220138604
high_resistance_calibrated,1070.0,0.6559007949255079,6.489302178059739,4.121596137684971,0.11726341653461309,31.053646288880586,27.958350805444677
high_resistance_calibrated,1071.0,0.656261283310523,6.48828006345535,4.121956693849701,0.11724442975669079,31.054731857389392,27.960017151409712
high_resistance_calibrated,1072.0,0.6566217149432358,6.48725926144675,4.122316938926643,0.11722546750174327,31.055815861145607,27.961681242407867
high_resistance_calibrated,1073.0,0.6569820899010822,6.486239769399977,4.122676874854909,0.11720652972069119,31.05689830360355,27.963343081168475
high_resistance_calibrated,1074.0,0.6573424082567912,6.485221585391402,4.123036503589092,0.11718761637629539,31.057979187460926,27.96500267061055
high_resistance_calibrated,1075.0,0.657702670082987,6.484204707502401,4.123395827073703,0.11716872743142155,31.059058515408005,27.96666001365019
high_resistance_calibrated,1076.0,0.6580628754521887,6.483189133819314,4.123754847243181,0.11714986284903954,31.060136290127677,27.96831511320057
high_resistance_calibrated,1077.0,0.6584230244368112,6.482174862433385,4.124113566021919,0.11713102259222238,31.061212514295505,27.96996797217193
high_resistance_calibrated,1078.0,0.658783117109165,6.481161891440777,4.124471985324269,0.11711220662414554,31.06228719057976,27.971618593471565
high_resistance_calibrated,1079.0,0.6591431535414567,6.480150218942468,4.124830107054573,0.11709341490808621,31.06336032164149,27.973266980003807
high_resistance_calibrated,1080.0,0.6595031338057897,6.479139843044236,4.125187933107175,0.11707464740742228,31.06443191013457,27.974913134670047
high_resistance_calibrated,1081.0,0.6598630579741647,6.478130761856625,4.125545465366438,0.11705590408563164,31.06550195870574,27.976557060368705
high_resistance_calibrated,1082.0,0.6602229261184785,6.477122973494906,4.125902705706766,0.11703718490629135,31.066570469994673,27.978198759995237
high_resistance_calibrated,1083.0,0.6605827383105274,6.476116476079002,4.126259655992627,0.11701848983307682,31.067637446634027,27.97983823644209
high_resistance_calibrated,1084.0,0.6609424946220043,6.475111267733503,4.126616318078567,0.11699981882976093,31.068702891249462,27.98147549259876
high_resistance_calibrated,1085.0,0.6613021951245011,6.474107346587569,4.12697269380924,0.1169811718602133,31.069766806459747,27.983110531351734
high_resistance_calibrated,1086.0,0.6616618398895086,6.473104710774919,4.1273287850194205,0.11696254888839942,31.070829194876772,27.98474335558449
high_resistance_calibrated,1087.0,0.6620214289884163,6.4721033584337855,4.127684593534029,0.11694394987837979,31.07189005910561,27.986373968177507
high_resistance_calibrated,1088.0,0.6623809624925141,6.471103287706881,4.128040121168161,0.11692537479430923,31.072949401744562,27.988002372008246
high_resistance_calibrated,1089.0,0.6627404404729909,6.4701044967413255,4.128395369727097,0.11690682360043589,31.07400722538523,27.989628569951137
high_resistance_calibrated,1090.0,0.6630998630009366,6.4691069836886355,4.128750341006338,0.11688829626110055,31.075063532612557,27.991252564877584
high_resistance_calibrated,1091.0,0.6634592301473412,6.468110746704682,4.129105036791621,0.11686979274073576,31.076118326004853,27.99287435965596
high_resistance_calibrated,1092.0,0.663818541983096,6.467115783949635,4.1294594588589515,0.11685131300386506,31.077171608133884,27.994493957151576
high_resistance_calibrated,1093.0,0.6641777985789938,6.466122093587893,4.129813608974619,0.11683285701510203,31.07822338156493,27.996111360226706
high_resistance_calibrated,1094.0,0.664537000005729,6.465129673788129,4.130167488895228,0.11681442473914964,31.07927364885678,27.997726571740554
high_resistance_calibrated,1095.0,0.6648961463338982,6.464138522723162,4.130521100367724,0.11679601614079935,31.080322412561834,27.999339594549255
high_resistance_calibrated,1096.0,0.6652552376340003,6.463148638569943,4.130874445129416,0.11677763118493024,31.081369675226142,28.00095043150588
high_resistance_calibrated,1097.0,0.6656142739758544,6.462160019598896,4.1312275249113055,0.11675926983803915,31.082415439294937,28.002559085484382
high_resistance_calibrated,1098.0,0.6659732554255202,6.461172664646233,4.131580341455537,0.11674093207632905,31.083459706613176,28.004165559506266
high_resistance_calibrated,1099.0,0.6663321820571744,6.460186571292776,4.131932896448234,0.11672261785451471,31.08450248035172,28.00576985625212
high_resistance_calibrated,1100.0,0.6666910539408617,6.459201737742138,4.1322851915888235,0.11670432713799689,31.085543763020656,28.007371978565438
high_resistance_calibrated,1101.0,0.6670498711465284,6.458218162202313,4.13263722856725,0.1166860598922675,31.08658355712351,28.00897192928673
high_resistance_calibrated,1102.0,0.6674086337440219,6.457235842885598,4.132989009064004,0.11666781608290905,31.087621865157306,28.010569711253492
high_resistance_calibrated,1103.0,0.6677673418030923,6.456254778008661,4.133340534750148,0.11664959567559385,31.088658689612554,28.012165327300234
high_resistance_calibrated,1104.0,0.6681259953933915,6.455274965792389,4.133691807287349,0.11663139863608336,31.089694032973355,28.01375878025845
high_resistance_calibrated,1105.0,0.6684845945844745,6.4542964044619495,4.134042828327907,0.11661322493022763,31.090727897717397,28.015350072956632
high_resistance_calibrated,1106.0,0.6688431394457997,6.453319092246699,4.134393599514785,0.11659507452396449,31.091760286316028,28.016939208220236
high_resistance_calibrated,1107.0,0.6692016300467278,6.45234302738018,4.134744122481636,0.11657694738331885,31.09279120123428,28.018526188871714
high_resistance_calibrated,1108.0,0.6695600664565239,6.4513682081000665,4.135094398852836,0.11655884347440214,31.093820644930926,28.020111017730475
high_resistance_calibrated,1109.0,0.6699184487443569,6.450394632648147,4.135444430243513,0.11654076276341155,31.094848619858507,28.02169369761291
high_resistance_calibrated,1110.0,0.6702767769792999,6.449422299270285,4.135794218259582,0.11652270521662941,31.095875128463383,28.023274231332355
high_resistance_calibrated,1111.0,0.6706350512303305,6.448451206216363,4.136143764497767,0.11650467080042239,31.096900173185798,28.024852621699118
high_resistance_calibrated,1112.0,0.6709932715663318,6.447481351740287,4.136493070545641,0.11648665948124098,31.097923756459874,28.026428871520448
high_resistance_calibrated,1113.0,0.6713514380560912,6.446512734099931,4.136842137981653,0.11646867122561873,31.098945880713696,28.028002983600555
high_resistance_calibrated,1114.0,0.6717095507683026,6.4455453515570955,4.137190968375162,0.11645070600017147,31.099966548369345,28.029574960740565
high_resistance_calibrated,1115.0,0.6720676097715648,6.44457920237749,4.137539563286463,0.11643276377159686,31.100985761842914,28.031144805738567
high_resistance_calibrated,1116.0,0.6724256151343835,6.443614284830685,4.13788792426683,0.11641484450667358,31.102003523544592,28.032712521389566
high_resistance_calibrated,1117.0,0.6727835669251707,6.4426505971900925,4.138236052858538,0.11639694817226057,31.103019835878694,28.034278110485502
high_resistance_calibrated,1118.0,0.6731414652122452,6.4416881377329105,4.1385839505949,0.11637907473529646,31.104034701243677,28.035841575815223
high_resistance_calibrated,1119.0,0.6734993100638326,6.440726904740112,4.138931619000299,0.11636122416279895,31.10504812203221,28.037402920164507
high_resistance_calibrated,1120.0,0.6738571015480663,6.439766896496388,4.1392790595902245,0.11634339642186396,31.106060100631222,28.038962146316027
high_resistance_calibrated,1121.0,0.6742148397329876,6.438808111290131,4.139626273871295,0.11632559147966508,31.107070639421924,28.04051925704939
high_resistance_calibrated,1122.0,0.674572524686545,6.437850547413394,4.139973263341307,0.11630780930345286,31.10807974077986,28.04207425514106
high_resistance_calibrated,1123.0,0.6749301564761033,6.4368942032371805,4.140320029492064,0.11629004986186883,31.109087406995588,28.043627143384054
high_resistance_calibrated,1124.0,0.6752877351661714,6.43593907755821,4.140666573822359,0.11627231313099588,31.11009363990945,28.04517792467813
high_resistance_calibrated,1125.0,0.6756452608275003,6.434985168209689,4.141012897786173,0.11625459907011279,31.11109844237515,28.046726601668137
high_resistance_calibrated,1126.0,0.676002733527622,6.434032473506156,4.141359002846624,0.11623690764691356,31.11210181673742,28.048273177120247
high_resistance_calibrated,1127.0,0.6763601533339743,6.4330809917660075,4.141704890458172,0.11621923882917169,31.11310376533515,28.049817653797597
high_resistance_calibrated,1128.0,0.6767175203139034,6.432130721311437,4.142050562066669,0.11620159258473992,31.114104290501455,28.051360034460266
high_resistance_calibrated,1129.0,0.6770748345346635,6.431181660468418,4.142396019109384,0.1161839688815493,31.115103394563707,28.05290032186531
high_resistance_calibrated,1130.0,0.677432096063417,6.430233807566694,4.1427412630150435,0.11616636768760898,31.116101079843563,28.054438518766723
high_resistance_calibrated,1131.0,0.6777893049672341,6.429287160939716,4.143086295203864,0.11614878897100533,31.117097348657005,28.055974627915486
high_resistance_calibrated,1132.0,0.6781464613130944,6.428341718924636,4.143431117087583,0.11613123269990164,31.11809220331439,28.057508652059475
high_resistance_calibrated,1133.0,0.6785035651678865,6.427397479862288,4.143775730069501,0.11611369884253732,31.119085646120453,28.059040593943564
high_resistance_calibrated,1134.0,0.6788606165984078,6.4264544420971275,4.1441201355445125,0.11609618736722754,31.120077679374383,28.06057045630953
high_resistance_calibrated,1135.0,0.6792176156713656,6.425512603977229,4.1444643348991415,0.11607869824236251,31.121068305369825,28.06209824189611
high_resistance_calibrated,1136.0,0.6795745624533771,6.424571963854258,4.144808329511579,0.11606123143640698,31.122057526394936,28.063623953438963
high_resistance_calibrated,1137.0,0.6799314570109694,6.423632520083418,4.145152120751713,0.11604378691789964,31.123045344732414,28.065147593670687
high_resistance_calibrated,1138.0,0.6802882994105799,6.422694271023441,4.145495709981171,0.11602636465545266,31.124031762659545,28.066669165320796
high_resistance_calibrated,1139.0,0.680645089718557,6.421757215036582,4.145839098553353,0.11600896461775091,31.12501678244821,28.068188671115752
high_resistance_calibrated,1140.0,0.6810018280011594,6.420821350488523,4.146182287813461,0.11599158677355166,31.126000406364962,28.06970611377891
high_resistance_calibrated,1141.0,0.681358514324558,6.419886675748402,4.146525279098545,0.11597423109168375,31.126982636671034,28.071221496030557
high_resistance_calibrated,1142.0,0.681715148754834,6.418953189188792,4.146868073737532,0.11595689754104724,31.127963475622373,28.0727348205879
high_resistance_calibrated,1143.0,0.6820717313579813,6.418020889185611,4.147210673051264,0.11593958609061268,31.128942925469694,28.07424609016504
high_resistance_calibrated,1144.0,0.682428262199905,6.417089774118143,4.147553078352531,0.11592229670942068,31.129920988458508,28.075755307473
high_resistance_calibrated,1145.0,0.6827847413464234,6.416159842369003,4.147895290946113,0.11590502936658126,31.13089766682915,28.07726247521968
high_resistance_calibrated,1146.0,0.6831411688632666,6.4152310923241025,4.148237312128808,0.11588778403127323,31.131872962816825,28.078767596109927
high_resistance_calibrated,1147.0,0.6834975448160775,6.414303522372595,4.148579143189475,0.11587056067274383,31.13284687865165,28.080270672845437
high_resistance_calibrated,1148.0,0.6838538692704131,6.413377130906903,4.148920785409066,0.11585335926030789,31.133819416558676,28.081771708124833
high_resistance_calibrated,1149.0,0.6842101422913104,6.412451916388,4.14926224006307,0.11583617976445433,31.134790578689316,28.08327070466008
high_resistance_calibrated,1150.0,0.6845663639415549,6.411527877607894,4.1496035084312135,0.11581902216128881,31.135760366845986,28.084767665242637
high_resistance_calibrated,1151.0,0.6849225342889244,6.410605012593277,4.149944591757133,0.11580188641397038,31.13672878363272,28.08626259246719
high_resistance_calibrated,1152.0,0.6852786533985867,6.409683319755849,4.150285491290759,0.1157847724921907,31.137695831247765,28.08775548902154
high_resistance_calibrated,1153.0,0.6856347213356224,6.408762797510681,4.150626208274313,0.11576768036571115,31.138661511884195,28.089246357590447
high_resistance_calibrated,1154.0,0.6859907381650251,6.407843444276174,4.150966743942332,0.11575061000436222,31.139625827729965,28.09073520085561
high_resistance_calibrated,1155.0,0.6863467039517009,6.406925258474091,4.151307099521714,0.11573356137804319,31.14058878096787,28.092222021495665
high_resistance_calibrated,1156.0,0.6867026187604701,6.406008238529474,4.151647276231748,0.11571653445672148,31.14155037377566,28.09370682218621
high_resistance_calibrated,1157.0,0.6870584826560658,6.4050923828706505,4.151987275284155,0.11569952921043224,31.14251060832602,28.09518960559975
high_resistance_calibrated,1158.0,0.6874142957031351,6.404177689929218,4.152327097883122,0.11568254560927793,31.14346948678661,28.096670374405747
high_resistance_calibrated,1159.0,0.6877700579662396,6.403264158139984,4.15266674522534,0.11566558362342773,31.144427011320104,28.0981491312706
high_resistance_calibrated,1160.0,0.6881257695098544,6.402351785940984,4.153006218500035,0.11564864322311717,31.14538318408421,28.09962587885762
high_resistance_calibrated,1161.0,0.68848143039837,6.401440571773422,4.153345518889013,0.11563172437864758,31.146338007231705,28.101100619827065
high_resistance_calibrated,1162.0,0.6888370406960913,6.400530514081664,4.153684647566689,0.11561482706038564,31.14729148291049,28.102573356836118
high_resistance_calibrated,1163.0,0.6891926004672377,6.399621611313238,4.154023605700125,0.11559795123876287,31.14824361326355,28.104044092538878
high_resistance_calibrated,1164.0,0.6895481097759448,6.398713861918734,4.154362394449068,0.11558109688427523,31.149194400429085,28.10551282958638
high_resistance_calibrated,1165.0,0.6899035686862629,6.397807264351875,4.154701014965987,0.11556426396748248,31.150143846540452,28.10697957062657
high_resistance_calibrated,1166.0,0.6902589772621586,6.396901817069409,4.155039468396102,0.11554745245900794,31.15109195372625,28.108444318304326
high_resistance_calibrated,1167.0,0.6906143355675138,6.395997518531162,4.155377755877429,0.11553066232953775,31.15203872411031,28.109907075261425
high_resistance_calibrated,1168.0,0.6909696436661272,6.395094367199941,4.155715878540812,0.11551389354982063,31.152984159811773,28.111367844136577
high_resistance_calibrated,1169.0,0.6913249016217139,6.39419236154156,4.156053837509961,0.11549714609066718,31.153928262945076,28.112826627565386
high_resistance_calibrated,1170.0,0.6916801094979054,6.393291500024789,4.156391633901481,0.11548041992294963,31.154871035620022,28.114283428180375
high_resistance_calibrated,1171.0,0.6920352673582502,6.392391781121355,4.156729268824919,0.11546371501760114,31.155812479941766,28.115738248610985
high_resistance_calibrated,1172.0,0.6923903752662139,6.391493203305884,4.1570667433827895,0.11544703134561546,31.15675259801088,28.117191091483555
high_resistance_calibrated,1173.0,0.6927454332851799,6.390595765055884,4.157404058670618,0.11543036887804643,31.157691391923393,28.11864195942132
high_resistance_calibrated,1174.0,0.6931004414784486,6.389699464851774,4.157741215776973,0.1154137275860075,31.15862886377077,28.12009085504443
high_resistance_calibrated,1175.0,0.6934553999088514,6.388804301235107,4.158078215785638,0.115397107441645,31.159565015578984,28.121537780984177
high_resistance_calibrated,1176.0,0.6938103086373921,6.38791027301306,4.158415059783136,0.11538050842154912,31.160499849094826,28.122982739932848
high_resistance_calibrated,1177.0,0.6941651677291846,6.387017378364603,4.158751748826034,0.11536393049183544,31.161433366720484,28.124425734425643
high_resistance_calibrated,1178.0,0.6945199772471664,6.386125615786876,4.159088283975632,0.11534737362394278,31.16236557052386,28.12586676707163
high_resistance_calibrated,1179.0,0.6948747372541918,6.385234983780014,4.159424666286465,0.11533083778937109,31.163296462568244,28.127305840476826
high_resistance_calibrated,1180.0,0.6952294478130328,6.384345480847103,4.159760896806329,0.11531432295968103,31.16422604491232,28.12874295724421
high_resistance_calibrated,1181.0,0.6955841089863789,6.383457105494175,4.160096976576325,0.11529782910649349,31.1651543196102,28.130178119973696
high_resistance_calibrated,1182.0,0.6959387208368378,6.38256985623018,4.1604329066308905,0.11528135620148935,31.166081288711464,28.131611331262135
high_resistance_calibrated,1183.0,0.696293283426935,6.381683731566962,4.160768687997832,0.11526490421640893,31.167006954261158,28.133042593703347
high_resistance_calibrated,1184.0,0.6966477968191145,6.380798730019274,4.161104321698367,0.11524847312305166,31.167931318299836,28.13447190988808
high_resistance_calibrated,1185.0,0.6970022610757388,6.379914850104695,4.161439808747154,0.1152320628932756,31.168854382863593,28.13589928240401
high_resistance_calibrated,1186.0,0.6973566762590893,6.379032090343652,4.161775150152328,0.11521567349899713,31.169776149984084,28.137324713835792
high_resistance_calibrated,1187.0,0.697711042431366,6.3781504492594,4.162110346915538,0.11519930491219042,31.170696621688535,28.138748206764973
high_resistance_calibrated,1188.0,0.6980653596546884,6.377269925378005,4.162445400031982,0.11518295710488721,31.17161579999979,28.140169763770082
high_resistance_calibrated,1189.0,0.6984196279910952,6.376390517228281,4.1627803104904375,0.1151666300491762,31.172533686936337,28.14158938742656
high_resistance_calibrated,1190.0,0.698773847502545,6.375512223341811,4.163115079273299,0.11515032371720275,31.173450284512327,28.14300708030679
high_resistance_calibrated,1191.0,0.6991280182509159,6.37463504225292,4.163449707356616,0.11513403808116852,31.17436559473759,28.1444228449801
high_resistance_calibrated,1192.0,0.6994821402980058,6.373758972498658,4.163784195710122,0.11511777311333087,31.175279619617676,28.14583668401274
high_resistance_calibrated,1193.0,0.6998362137055334,6.3728840126187425,4.16411854529727,0.1151015287860027,31.17619236115389,28.1472485999679
high_resistance_calibrated,1194.0,0.7001902385351375,6.372010161155604,4.164452757075273,0.11508530507155189,31.177103821343277,28.148658595405696
high_resistance_calibrated,1195.0,0.7005442148483775,6.371137416654287,4.164786831995128,0.11506910194240089,31.17801400217871,28.15006667288319
high_resistance_calibrated,1196.0,0.7008981427067337,6.370265777662512,4.16512077100166,0.11505291937102645,31.178922905648847,28.15147283495436
high_resistance_calibrated,1197.0,0.7012520221716075,6.369395242730585,4.165454575033548,0.115036757329959,31.179830533738215,28.152877084170125
high_resistance_calibrated,1198.0,0.7016058533043215,6.368525810411401,4.165788245023366,0.11502061579178244,31.180736888427216,28.154279423078304
high_resistance_calibrated,1199.0,0.70195963616612,6.367657479260444,4.16612178189761,0.11500449472913367,31.181641971692134,28.155679854223678
high_resistance_calibrated,1200.0,0.7023133708181688,6.366790247835743,4.166455186576741,0.11498839411470207,31.182545785505187,28.15707838014795
high_resistance_calibrated,1201.0,0.7026670573214812,6.365924114709559,4.166788459975676,0.11497231392146155,31.18344833182235,28.158475003392546
high_resistance_calibrated,1202.0,0.7030206957366916,6.365059078504052,4.167121603005266,0.11495625412337906,31.184349612546203,28.15986972650728
high_resistance_calibrated,1203.0,0.7033742861250987,6.364195137727086,4.167454616565732,0.11494021469215318,31.185249629697022,28.16126255201068
high_resistance_calibrated,1204.0,0.7037278285475512,6.363332290947727,4.167787501553746,0.1149241956007001,31.1861483852299,28.162653482432386
high_resistance_calibrated,1205.0,0.7040813230648192,6.362470536737529,4.1681202588601085,0.11490819682198754,31.187045881095948,28.164042520298963
high_resistance_calibrated,1206.0,0.7044347697375964,6.361609873670508,4.168452889369781,0.1148922183290342,31.187942119242308,28.16542966813391
high_resistance_calibrated,1207.0,0.7047881686264986,6.360750300323147,4.16878539396192,0.11487626009490937,31.18883710161218,28.166814928457647
high_resistance_calibrated,1208.0,0.7051415197917663,6.359891815320175,4.1691177735116485,0.11486032209354899,31.189730830097147,28.168198303798558
high_resistance_calibrated,1209.0,0.7054948232936009,6.359034417281717,4.169450028887983,0.11484440429872063,31.19062330659224,28.169579796680235
high_resistance_calibrated,1210.0,0.7058480791922035,6.358178104818398,4.169782160953764,0.11482850668401233,31.191514533001005,28.170959409620306
high_resistance_calibrated,1211.0,0.7062012088984629,6.351468558475081,4.169954967649673,0.1148115754869785,31.19240090520501,28.172337142948955
high_resistance_calibrated,1212.0,0.7065537112625122,6.3386732226042595,4.169955058369487,0.11478702427662113,31.193259379641518,28.173712981199433
high_resistance_calibrated,1213.0,0.7069055121652809,6.326215956519029,4.169955146692363,0.11475419878016155,31.19408640690818,28.175086884869067
high_resistance_calibrated,1214.0,0.7072566298820259,6.314074465694086,4.1699552327763705,0.11471368043928179,31.194882680087975,28.176458815363244
high_resistance_calibrated,1215.0,0.7076070813672996,6.3022281190832246,4.169955316767785,0.11466600719488897,31.195648848376415,28.177828735364155
high_resistance_calibrated,1216.0,0.7079568824928184,6.290657655074824,4.1699553988031735,0.1146116811761484,31.196385525609923,28.179196608463297
high_resistance_calibrated,1217.0,0.7083060480985323,6.279345116345503,4.169955479009854,0.11455117040397197,31.197093291893722,28.180562399142712
high_resistance_calibrated,1218.0,0.7086545920069454,6.2682738313557005,4.169955557506029,0.11448490927350416,31.1977726940436,28.181926072780396
high_resistance_calibrated,1219.0,0.709002527143496,6.2574282618251456,4.169955634401864,0.11441330254508968,31.198424249487108,28.18328759557018
high_resistance_calibrated,1220.0,0.7093498656508131,6.246793858256016,4.1699557098005195,0.11433672912458184,31.199048450002266,28.184646934435783
high_resistance_calibrated,1221.0,0.7096966189217575,6.236357018227789,4.169955783798436,0.11425554315338005,31.199645762820047,28.18600405700561
high_resistance_calibrated,1222.0,0.7100427975946322,6.226105092388358,4.169955856485297,0.1141700738500108,31.200216630469242,28.187358931621592
high_resistance_calibrated,1223.0,0.7103884116029109,6.216026321330929,4.169955927944479,0.11408062716128221,31.200761472362046,28.188711527312925
high_resistance_calibrated,1224.0,0.7107334702376397,6.206109756648603,4.169955998253608,0.1139874878276195,31.201280686826887,28.190061813748745
high_resistance_calibrated,1225.0,0.7110779822190132,6.196345170392642,4.169956067485198,0.11389092175214137,31.201774653441216,28.19140976118653
high_resistance_calibrated,1226.0,0.7114219557444681,6.186722994226731,4.169956135707091,0.11379117759243867,31.202243734595243,28.192755340440556
high_resistance_calibrated,1227.0,0.711765398437753,6.177234383740774,4.169956202981994,0.11368848507575431,31.202688273793758,28.19409852292041
high_resistance_calibrated,1228.0,0.7121083174879634,6.167871042655017,4.169956269368728,0.11358305960030217,31.203108600226162,28.195439280530785
high_resistance_calibrated,1229.0,0.7124507196557689,6.15862521486978,4.169956334922285,0.1134751024425376,31.20350502892995,28.19677758567119
high_resistance_calibrated,1230.0,0.7127926112748848,6.149489682573606,4.169956399693839,0.11336480080581324,31.20387786083228,28.198113411233688
high_resistance_calibrated,1231.0,0.7131339982532825,6.140457764671758,4.1699564637307605,0.11325232786066976,31.204227382774675,28.19944673060181
high_resistance_calibrated,1232.0,0.7134748861822744,6.131523178831004,4.1699565270775905,0.1131378463559073,31.204553871069848,28.20077751757679
high_resistance_calibrated,1233.0,0.7138152803272321,6.1226800531844825,4.169956589775961,0.11302150831146589,31.20485759116922,28.20210574638208
high_resistance_calibrated,1234.0,0.7141551856012914,6.113922959555277,4.16995665186436,0.11290345414788835,31.205138796812975,28.20343139168245
high_resistance_calibrated,1235.0,0.7144946066428125,6.105246815497335,4.169956713378819,0.11278381525043474,31.20539773253659,28.204754428529565
high_resistance_calibrated,1236.0,0.7148335478258405,6.096646871044666,4.169956774353019,0.11266271431545445,31.2056346339978,28.20607483235476
high_resistance_calibrated,1237.0,0.7151720132319088,6.0881187443384714,4.169956834818025,0.11254026441702485,31.20584972704975,28.20739257898884
high_resistance_calibrated,1238.0,0.7155100067657119,6.07965827538062,4.1699568948033345,0.11241657283554242,31.20604323150435,28.208707644580276
high_resistance_calibrated,1239.0,0.7158475320494371,6.071261659583788,4.16995695433592,0.11229173756056421,31.206215357664053,28.210020005670106
high_resistance_calibrated,1240.0,0.7161845925455864,6.062925292511385,4.169957013441338,0.11216585135548132,31.20636631033662,28.211329639104207
high_resistance_calibrated,1241.0,0.7165211915128855,6.054645825585111,4.16995707214333,0.11203900029854591,31.20649628737335,28.212636522064784
high_resistance_calibrated,1242.0,0.7168573319984068,6.046420176025907,4.169957130463752,0.11191126352215873,31.206605479396472,28.21394063207573
high_resistance_calibrated,1243.0,0.7171930169505293,6.038245384086382,4.1699571884235915,0.11178271695064682,31.206694073507624,28.215241946920933
high_resistance_calibrated,1244.0,0.7175282490762064,6.030118793398741,4.16995724604168,0.11165342857778504,31.2067622485655,28.216540444747547
high_resistance_calibrated,1245.0,0.7178630310162701,6.02203782945913,4.169957303336272,0.11152346426652682,31.20681018096563,28.217836103937934
high_resistance_calibrated,1246.0,0.7181973652294298,6.0140001461739505,4.169957360324001,0.11139288391160208,31.20683804079174,28.219128903194463
high_resistance_calibrated,1247.0,0.7185312540351814,6.006003571637402,4.1699574170202665,0.11126174285893976,31.206845993220888,28.220418821507533
high_resistance_calibrated,1248.0,0.7188646997066817,5.998045990801498,4.169957473440063,0.11113009497759328,31.206834201593427,28.221705838086653
high_resistance_calibrated,1249.0,0.7191977042988111,5.990125562637718,4.169957529596446,0.11099798697328742,31.206802821693095,28.22298993248788
high_resistance_calibrated,1250.0,0.7195302698500895,5.982240465104977,4.169957585502331,0.11086546506597282,31.206752008445804,28.224271084462913
high_resistance_calibrated,1251.0,0.7198623982833461,5.974389020596549,4.169957641169614,0.11073257170488156,31.2066819126003,28.225549274032257
high_resistance_calibrated,1252.0,0.720194091430634,5.9665696644632975,4.169957696609389,0.11059934639250472,31.20659268155767,28.226824481466807
high_resistance_calibrated,1253.0,0.7205253510338212,5.958780944256358,4.169957751831952,0.11046582570421017,31.206484459386758,28.228096687287238
high_resistance_calibrated,1254.0,0.7208561787650029,5.951021493957783,4.169957806846991,0.11033204396280456,31.206357387459054,28.22936587224599
high_resistance_calibrated,1255.0,0.7211865762097311,5.9432900551388785,4.169957861663425,0.11019803268431456,31.2062116039255,28.230632017341907
high_resistance_calibrated,1256.0,0.7215165448893409,5.935585448761953,4.169957916289616,0.11006382131618637,31.20604724445448,28.231895103803048
high_resistance_calibrated,1257.0,0.7218460862393001,5.9279066025161145,4.169957970733166,0.10992943652129605,31.205864441500832,28.233155113102548
high_resistance_calibrated,1258.0,0.7221752016835412,5.92025245697536,4.169958025001586,0.10979490463508977,31.205663326678316,28.23441202689603
high_resistance_calibrated,1259.0,0.7225038925457682,5.912622077549533,4.1699580791015025,0.1096602487339415,31.20544402795543,28.235665827097847
high_resistance_calibrated,1260.0,0.7228321601387776,5.905014541756237,4.169958133039456,0.10952549158683894,31.205206672492437,28.236916495801967
high_resistance_calibrated,1261.0,0.7231600056981501,5.897429022881453,4.169958186821308,0.10939065346455361,31.204951384524232,28.238164015341876
high_resistance_calibrated,1262.0,0.723487430435643,5.889864722631433,4.169958240452719,0.10925575390303507,31.20467828706194,28.2394083682398
high_resistance_calibrated,1263.0,0.7238144355034063,5.882320916249277,4.169958293938827,0.10912081052189271,31.204387500756237,28.240649537242028
high_resistance_calibrated,1264.0,0.7241410220279706,5.874796909667498,4.1699583472845525,0.10898584014623455,31.204079144972727,28.241887505283916
high_resistance_calibrated,1265.0,0.724467191084574,5.867292071860216,4.16995840049437,0.10885085795939804,31.20375333698096,28.243122255516756
high_resistance_calibrated,1266.0,0.7247929437275438,5.859805796552173,4.169958453572579,0.10871587850549858,31.203410192919304,28.244353771275765
high_resistance_calibrated,1267.0,0.7251182809659447,5.852337532900192,4.169958506523084,0.10858091488590356,31.203049827019612,28.245582036105763
high_resistance_calibrated,1268.0,0.7254432037875723,5.844886755262019,4.169958559349611,0.10844597955074525,31.20267235237613,28.24680703373532
high_resistance_calibrated,1269.0,0.725767713149133,5.837452975562493,4.1699586120556225,0.10831108397500348,31.2022778806296,28.248028748087457
high_resistance_calibrated,1270.0,0.7260918099816585,5.830035736477877,4.169958664644359,0.1081762388368677,31.20186652213746,28.249247163272738
high_resistance_calibrated,1271.0,0.7264154951939653,5.822634607069119,4.1699587171188774,0.10804145413199508,31.201438386087506,28.25046226358607
high_resistance_calibrated,1272.0,0.7267387696688524,5.815249187584755,4.169958769482011,0.10790673904763103,31.20099358038044,28.25167403350938
high_resistance_calibrated,1273.0,0.727061634268712,5.807879102385415,4.169958821736424,0.10777210214780475,31.200532211805836,28.252882457705862
high_resistance_calibrated,1274.0,0.7273840898367283,5.800523998432491,4.169958873884618,0.10763755141280978,31.200054386081415,28.254087521018242
high_resistance_calibrated,1275.0,0.7277061371956653,5.793183546826707,4.169958925928927,0.10750309419882396,31.19956020781556,28.255289208468874
high_resistance_calibrated,1276.0,0.7280277771521829,5.78585743736098,4.1699589778715485,0.10736873738046575,31.19904978064586,28.25648750525571
high_resistance_calibrated,1277.0,0.7283490104954888,5.778545380230553,4.169959029714538,0.10723448730592418,31.19852320719872,28.25768239675223
high_resistance_calibrated,1278.0,0.7286698379966299,5.771247106938666,4.169959081459799,0.10710034977314414,31.197980589071744,28.25887386850697
high_resistance_calibrated,1279.0,0.7289902604150039,5.763962362069616,4.169959133109143,0.1069663302452071,31.197422027033223,28.260061906238025
high_resistance_calibrated,1280.0,0.7293102784954588,5.756690906967931,4.169959184664261,0.10683243375388876,31.196847620934594,28.261246495833706
high_resistance_calibrated,1281.0,0.7296298929704282,5.749432517045172,4.169959236126746,0.10669866497011109,31.196257469778832,28.262427623350153
high_resistance_calibrated,1282.0,0.7299491045613443,5.74218697999981,4.169959287498104,0.10656502825048696,31.19565167176918,28.26360527500977
high_resistance_calibrated,1283.0,0.7302679139740743,5.734954101593835,4.169959338779711,0.10643152748594589,31.19503032417167,28.264779437203234
high_resistance_calibrated,1284.0,0.7305863219067708,5.7277336957406675,4.169959389972886,0.10629816636125877,31.19439352355484,28.265950096482808
high_resistance_calibrated,1285.0,0.7309043290478814,5.720525587026217,4.169959441078875,0.10616494828893888,31.193741365732944,28.267117239562854
high_resistance_calibrated,1286.0,0.7312219360758107,5.713329611145017,4.16995949209884,0.10603187639774071,31.193073945755724,28.26828085331904
high_resistance_calibrated,1287.0,0.7315391436594688,5.706145614212947,4.169959543033874,0.10589895355058887,31.19239135792567,28.269440924786792
high_resistance_calibrated,1288.0,0.731855952461689,5.698973448459851,4.169959593885024,0.105766182457322,31.19169369591277,28.270597441158273
high_resistance_calibrated,1289.0,0.7321723631377766,5.691812974068414,4.169959644653282,0.10563356562645948,31.190981052705826,28.271750389782135
high_resistance_calibrated,1290.0,0.7324883763289887,5.684664067413814,4.169959695339523,0.10550110514932765,31.190253520421457,28.27289975816813
high_resistance_calibrated,1291.0,0.7328039926767957,5.677526603065012,4.169959745944638,0.10536880317139675,31.18951119073496,28.27404553397441
high_resistance_calibrated,1292.0,0.7331192128145941,5.6704004642550085,4.169959796469454,0.10523666161798738,31.188754154634236,28.275187705013465
high_resistance_calibrated,1293.0,0.7334340373681686,5.663285542302353,4.169959846914741,0.1051046822093572,31.187982502432575,28.276326259250677
high_resistance_calibrated,1294.0,0.7337484669566722,5.656181735383248,4.169959897281223,0.10497286649279404,31.187196323801405,28.277461184802597
high_resistance_calibrated,1295.0,0.7340625021965455,5.64908894359101,4.169959947569606,0.10484121597195241,31.18639570789716,28.278592469933145
high_resistance_calibrated,1296.0,0.7343761436983067,5.642007072994783,4.169959997780557,0.10470973200048934,31.185580743260786,28.279720103055023
high_resistance_calibrated,1297.0,0.7346893920629529,5.634936040187127,4.1699600479146675,0.10457841566289108,31.184751517714655,28.280844072732002
high_resistance_calibrated,1298.0,0.7350022478919415,5.627875759696658,4.1699600979725435,0.1044472681040945,31.18390811866364,28.281964367669477
high_resistance_calibrated,1299.0,0.7353147117808749,5.620826151962262,4.169960147954749,0.10431629032057367,31.183050632908827,28.283080976718978
high_resistance_calibrated,1300.0,0.7356267843200239,5.613787142680468,4.16996019786181,0.10418548317737128,31.18217914666256,28.284193888876757
high_resistance_calibrated,1301.0,0.7359384660956414,5.606758661154877,4.169960247694229,0.10405484745127015,31.1812937455924,28.285303093281776
high_resistance_calibrated,1302.0,0.7362497576914816,5.59974063838701,4.169960297452495,0.10392438388074184,31.18039451487171,28.28640857921358
high_resistance_calibrated,1303.0,0.736560659687152,5.592733009162291,4.16996034713707,0.10379409311125168,31.179481539129164,28.287510336092783
high_resistance_calibrated,1304.0,0.7368711726566648,5.585735713879832,4.169960396748376,0.10366397564728146,31.178554902408525,28.28860835348163
high_resistance_calibrated,1305.0,0.7371812971733727,5.578748692341577,4.169960446286841,0.10353403201494199,31.17761468831954,28.289702621078373
high_resistance_calibrated,1306.0,0.7374910338068338,5.571771887707456,4.169960495752867,0.1034042626583295,31.176660979945986,28.290793128719415
high_resistance_calibrated,1307.0,0.7378003831225267,5.564805246860778,4.169960545146831,0.10327466792990131,31.17569385983706,28.291879866378764
high_resistance_calibrated,1308.0,0.7381093456834782,5.557848718364847,4.1699605944690985,0.10314524814393931,31.174713410061262,28.292962824165546
high_resistance_calibrated,1309.0,0.7384179220506852,5.550902251939518,4.1699606437200245,0.10301600359021039,31.17371971222181,28.29404199232269
high_resistance_calibrated,1310.0,0.7387261127820338,5.543965799827143,4.169960692899949,0.1028869344981352,31.172712847424698,28.29511736122723
high_resistance_calibrated,1311.0,0.7390339184315435,5.537039317749073,4.169960742009184,0.10275804101168588,31.171692896258453,28.29618892139028
high_resistance_calibrated,1312.0,0.7393413395525538,5.530122760905212,4.16996079104805,0.10262932329411333,31.170659938893145,28.297256663452686
high_resistance_calibrated,1313.0,0.7396483766955921,5.523216086659577,4.169960840016847,0.10250078145755472,31.16961405501794,28.29832057818652
high_resistance_calibrated,1314.0,0.7399550304080184,5.516319254995207,4.169960888915859,0.1023724155510756,31.168555323830827,28.299380656494762
high_resistance_calibrated,1315.0,0.7402613012355842,5.509432226558781,4.169960937745366,0.10224422561182804,31.167483824090464,28.30043688940855
high_resistance_calibrated,1316.0,0.7405671897221646,5.502554963005995,4.1699609865056395,0.10211621165595872,31.16639963410964,28.301489268086712
high_resistance_calibrated,1317.0,0.7408726964092663,5.495687427623627,4.1699610351969385,0.10198837366226912,31.16530283174187,28.302537783815545
high_resistance_calibrated,1318.0,0.7411778218358493,5.488829585558862,4.169961083819512,0.1018607115661629,31.16419349437814,28.303582428008333
high_resistance_calibrated,1319.0,0.7414825665397977,5.481981401982428,4.169961132373606,0.10173322530770156,31.163071698994575,28.304623192202406
high_resistance_calibrated,1320.0,0.7417869310569134,5.4751428433545595,4.169961180859459,0.10160591479840936,31.161937522123466,28.305660068059808
high_resistance_calibrated,1321.0,0.7420909159206305,5.468313877787253,4.169961229277296,0.10147877991173594,31.160791039845183,28.306693047367
high_resistance_calibrated,1322.0,0.7423945216631248,5.461494473663628,4.169961277627341,0.10135182051917054,31.159632327826753,28.307722122032285
high_resistance_calibrated,1323.0,0.7426977488148709,5.454684600196811,4.1699613259098145,0.10122503647555785,31.158461461309223,28.3087472840857
high_resistance_calibrated,1324.0,0.7430005979044876,5.4478842276282275,4.1699613741249255,0.10109842761386377,31.157278515104654,28.309768525678596
high_resistance_calibrated,1325.0,0.7433030694587363,5.441093327235589,4.169961422272878,0.10097199374492154,31.15608356359815,28.310785839082815
high_resistance_calibrated,1326.0,0.7436051640032577,5.434311870418921,4.169961470353874,0.1008457346813206,31.154876680773594,28.311799216688584
high_resistance_calibrated,1327.0,0.7439068820620455,5.427539829362855,4.169961518368113,0.10071965022002395,31.153657940198702,28.3128086510047
high_resistance_calibrated,1328.0,0.7442082241571124,5.420777177457428,4.169961566315782,0.10059374013130346,31.15242741501547,28.313814134658525
high_resistance_calibrated,1329.0,0.7445091908095051,5.414023888040283,4.169961614197069,0.100468004191635,31.151185177976288,28.314815660393094
high_resistance_calibrated,1330.0,0.7448097825387269,5.40727993512057,4.1699616620121605,0.10034244216470149,31.149931301426452,28.315813221067547
high_resistance_calibrated,1331.0,0.7451099998626373,5.4005452935080775,4.1699617097612345,0.10021705379797104,31.14866585730254,28.316806809656754
high_resistance_calibrated,1332.0,0.7454098432975457,5.393819938702274,4.169961757444464,0.10009183882556202,31.14738891713758,28.317796419250286
high_resistance_calibrated,1333.0,0.745709313358744,5.387103846237059,4.169961805062023,0.09996679698535717,31.146100552081077,28.318782043050362
high_resistance_calibrated,1334.0,0.7460084105600471,5.380396992257376,4.1699618526140805,0.09984192800386704,31.144800832885227,28.319763674372254
high_resistance_calibrated,1335.0,0.7463071354139613,5.373699353312807,4.169961900100803,0.09971723160159433,31.143489829912667,28.32074130664313
high_resistance_calibrated,1336.0,0.746605488431719,5.367010906322723,4.169961947522354,0.09959270749390776,31.14216761313946,28.32171493340122
high_resistance_calibrated,1337.0,0.7469034701233096,5.36033162854144,4.169961994878894,0.09946835539191608,31.14083425215811,28.322684548295033
high_resistance_calibrated,1338.0,0.7472010809975282,5.353661497497384,4.169962042170583,0.09934417500402531,31.13948981618004,28.323650145082972
high_resistance_calibrated,1339.0,0.7474983215619878,5.347000490992249,4.169962089397579,0.09922016603591731,31.138134374039304,28.324611717631903
high_resistance_calibrated,1340.0,0.7477951923231461,5.340348587074637,4.169962136560036,0.09909632819120094,31.136767994195854,28.325569259916175
high_resistance_calibrated,1341.0,0.7480916937863564,5.333705763974467,4.169962183658111,0.09897266117309671,31.135390744737816,28.326522766017384
high_resistance_calibrated,1342.0,0.7483878264558941,5.327072000079473,4.169962230691954,0.09884916468501272,31.134002693384794,28.32747223012332
high_resistance_calibrated,1343.0,0.7486835908349884,5.320447273900248,4.16996227766172,0.09872583843142478,31.132603907490857,28.32841764652715
high_resistance_calibrated,1344.0,0.7489789874258547,5.3138315640352,4.169962324567559,0.09860268211875689,31.131194454047566,28.32935900962664
high_resistance_calibrated,1345.0,0.7492740167285379,5.307224851406222,4.169962371409608,0.09847969539615219,31.12977439988091,28.330296313836286
high_resistance_calibrated,1346.0,0.7495686792420312,5.300627116133489,4.169962418188006,0.09835687793870117,31.12834381117874,28.331229553780716
high_resistance_calibrated,1347.0,0.7498629754647399,5.294038337722618,4.1699624649029,0.09823422944188206,31.126902753729894,28.3321587242076
high_resistance_calibrated,1348.0,0.7501569058935977,5.287458496596383,4.169962511554427,0.09811174958106718,31.12545129302392,28.333083819940097
high_resistance_calibrated,1349.0,0.7504504710243374,5.280887573473307,4.169962558142726,0.09798943802799435,31.1239894941757,28.33400483590862
high_resistance_calibrated,1350.0,0.750743671351489,5.274325549366785,4.16996260466793,0.09786729445076699,31.122517421925426,28.334921767150874
high_resistance_calibrated,1351.0,0.7510365073683807,5.26777240558387,4.169962651130171,0.09774531851385401,31.121035140638597,28.335834608811844
high_resistance_calibrated,1352.0,0.7513289795689789,5.261228122428679,4.1699626975295905,0.09762350991119827,31.119542714661996,28.33674335602576
high_resistance_calibrated,1353.0,0.7516210884469966,5.2546926798294455,4.169962743866329,0.09750186835016568,31.118040208151157,28.337648003973342
high_resistance_calibrated,1354.0,0.7519128344904594,5.248166061161586,4.169962790140506,0.0973803934538096,31.116527684019424,28.33854854823016
high_resistance_calibrated,1355.0,0.7522042181884773,5.241648248480888,4.169962836352248,0.09725908488267074,31.11500520524761,28.33944498433248
high_resistance_calibrated,1356.0,0.7524952400290048,5.235139224098365,4.16996288250168,0.09713794229450054,31.11347283445092,28.340337307920837
high_resistance_calibrated,1357.0,0.7527859004988418,5.228638970579214,4.169962928588926,0.09701696534426117,31.111930633878977,28.341225514740024
high_resistance_calibrated,1358.0,0.7530762000836325,5.222147470741813,4.169962974614107,0.09689615368412545,31.110378665415773,28.34210960063911
high_resistance_calibrated,1359.0,0.7533661392764807,5.215664700967186,4.169963020577392,0.09677550713535583,31.108816992059385,28.34298956109159
high_resistance_calibrated,1360.0,0.7536557185593057,5.209190645675736,4.169963066478891,0.0966550253163198,31.10724567471962,28.34386539223386
high_resistance_calibrated,1361.0,0.7539449384139956,5.202725288665933,4.169963112318718,0.09653470786500042,31.10566477413355,28.344737090244017
high_resistance_calibrated,1362.0,0.7542337993229484,5.196268612691889,4.169963158096996,0.09641455444982813,31.104074350958786,28.345604651311653
high_resistance_calibrated,1363.0,0.7545223017675162,5.189820600671451,4.169963203813847,0.09629456473861525,31.10247446550601,28.346468071724566
high_resistance_calibrated,1364.0,0.7548104462280046,5.183381235685097,4.169963249469388,0.0961747383985561,31.10086517773901,28.347327347868738
high_resistance_calibrated,1365.0,0.7550982331847829,5.176950500244294,4.169963295063747,0.09605507511483606,31.099246547508432,28.348182476150015
high_resistance_calibrated,1366.0,0.7553856631203838,5.170528374907014,4.169963340597058,0.0959355746258499,31.097618634994223,28.349033452845806
high_resistance_calibrated,1367.0,0.755672736509854,5.16411484463303,4.169963386069431,0.09581623656137893,31.095981498672717,28.349880274786436
high_resistance_calibrated,1368.0,0.7559594538300348,5.157709892669669,4.169963431480982,0.09569706059823174,31.0943351972719,28.35072293869982
high_resistance_calibrated,1369.0,0.7562458155567828,5.151313502381982,4.16996347683183,0.09557804641362477,31.09267978918571,28.351561441407753
high_resistance_calibrated,1370.0,0.7565318221649694,5.144925657251912,4.169963522122093,0.09545919368518227,31.091015332474083,28.352395779825915
high_resistance_calibrated,1371.0,0.7568174741284805,5.138546340877326,4.1699635673518864,0.09534050209093627,31.089341884862918,28.353225950963886
high_resistance_calibrated,1372.0,0.757102771922756,5.132175535954882,4.169963612521332,0.09522197133418811,31.087659504481834,28.354051951668293
high_resistance_calibrated,1373.0,0.757387716020334,5.125813226062501,4.169963657630549,0.09510360109988387,31.08596824856964,28.354873779073472
high_resistance_calibrated,1374.0,0.7576723068916213,5.119459395350639,4.169963702679647,0.09498539106213934,31.08426817369765,28.355691430523745
high_resistance_calibrated,1375.0,0.7579565450071157,5.113114027651316,4.169963747668742,0.09486734090602267,31.08255933641607,28.356504903348373
high_resistance_calibrated,1376.0,0.7582404308363756,5.106777106889678,4.169963792597947,0.09474945031745945,31.08084179295441,28.357314194965866
high_resistance_calibrated,1377.0,0.7585239648480203,5.100448617083319,4.169963837467376,0.09463171898323267,31.07911559922148,28.358119302883978
high_resistance_calibrated,1378.0,0.7588071475098959,5.09412854231392,4.169963882277143,0.09451414659155327,31.077380810866437,28.358920224678013
high_resistance_calibrated,1379.0,0.7590899792914086,5.0878168663402255,4.169963927027361,0.09439673284011771,31.075637484140238,28.35971695768454
high_resistance_calibrated,1380.0,0.7593724606571189,5.081513573657344,4.169963971718142,0.09427947741399659,31.07388567353154,28.360509499841903
high_resistance_calibrated,1381.0,0.7596545920722466,5.075218648584933,4.169964016349594,0.09416238000463507,31.072125433798206,28.361297848967965
high_resistance_calibrated,1382.0,0.7599363740011037,5.068932075525735,4.169964060921831,0.09404544030444331,31.07035681938891,28.36208200296574
high_resistance_calibrated,1383.0,0.7602178069070941,5.062653838964818,4.169964105434961,0.09392865800679673,31.06857988444318,28.36286195982338
high_resistance_calibrated,1384.0,0.7604988912527136,5.056383923468738,4.169964149889095,0.09381203280603584,31.066794682791365,28.36363771761419
high_resistance_calibrated,1385.0,0.7607796275013599,5.050122313485823,4.169964194284342,0.09369556440099944,31.065001268660822,28.364409274245315
high_resistance_calibrated,1386.0,0.7610600161153191,5.043868993566764,4.169964238620811,0.09357925249109499,31.063199695890486,28.36517662773724
high_resistance_calibrated,1387.0,0.7613400575534505,5.037623948618404,4.169964282898611,0.09346309677177579,31.06139001702689,28.365939776545513
high_resistance_calibrated,1388.0,0.7616197522751518,5.031387163467,4.169964327117848,0.09334709694228528,31.059572284872072,28.366698719009865
high_resistance_calibrated,1389.0,0.7618991007389584,5.025158623011484,4.169964371278629,0.09323125270292003,31.05774655193643,28.367453453548944
high_resistance_calibrated,1390.0,0.7621781034025419,5.018938312222894,4.169964415381062,0.0931155637550295,31.05591287043879,28.368203978660283
high_resistance_calibrated,1391.0,0.7624567607227115,5.0127262161434265,4.169964459425252,0.09300002980101625,31.05407129230634,28.368950292920314
high_resistance_calibrated,1392.0,0.7627350731554134,5.006522319885868,4.169964503411305,0.09288465054433588,31.052221869174698,28.369692394984362
high_resistance_calibrated,1393.0,0.7630130411557309,5.000326608632856,4.169964547339325,0.09276942568949692,31.050364652387856,28.370430283586643
high_resistance_calibrated,1394.0,0.7632906651778835,4.994139067636068,4.169964591209418,0.09265435494206105,31.048499692998206,28.371163957540283
high_resistance_calibrated,1395.0,0.7635679456752291,4.987959682215632,4.169964635021687,0.09253943800864288,31.046627041766552,28.371893415737283
high_resistance_calibrated,1396.0,0.7638448831002617,4.98178843775939,4.1699646787762354,0.09242467459691006,31.04474674916207,28.372618657148553
high_resistance_calibrated,1397.0,0.7641214779046128,4.975625319722117,4.169964722473168,0.0923100644155833,31.042858865362348,28.373339680823893
high_resistance_calibrated,1398.0,0.764397730540537,4.969470313417405,4.169964766112587,0.09219560717853176,31.040963440856785,28.374056485675148
high_resistance_calibrated,1399.0,0.764673641460392,4.96332340408965,4.169964809694599,0.092081302603338,31.03906052623513,28.37476907055218
high_resistance_calibrated,1400.0,0.7649492111109651,4.957184577705531,4.169964853219301,0.09196715039566865,31.037150169884733,28.37547743507047
high_resistance_calibrated,1401.0,0.7652244399406805,4.951053819946994,4.169964896686797,0.09185315026913028,31.03523242091604,28.376181578559716
high_resistance_calibrated,1402.0,0.7654993283971135,4.944931116557569,4.169964940097186,0.09173930193842302,31.033307328153857,28.376881500426382
high_resistance_calibrated,1403.0,0.7657738769269921,4.938816453341707,4.16996498345057,0.0916256051193405,31.03137494013736,28.37757720015367
high_resistance_calibrated,1404.0,0.7660480859761952,4.932709816164217,4.169965026747049,0.0915120595287698,31.02943530512008,28.37826867730154
high_resistance_calibrated,1405.0,0.7663219559897544,4.9266111909494565,4.169965069986723,0.09139866488469164,31.02748847106992,28.378955931506695
high_resistance_calibrated,1406.0,0.7665954874118516,4.9205205636809755,4.16996511316969,0.09128542090618019,31.025534485669127,28.3796389624826
high_resistance_calibrated,1407.0,0.7668686806858218,4.914437920400557,4.169965156296051,0.09117232731340319,31.02357339631433,28.380317770019463
high_resistance_calibrated,1408.0,0.7671415362541513,4.908363247207831,4.169965199365903,0.09105938382762183,31.021605250116508,28.380992353984244
high_resistance_calibrated,1409.0,0.7674140545584779,4.902296530259656,4.1699652423793445,0.09094659017119083,31.01963009390102,28.381662714320658
high_resistance_calibrated,1410.0,0.7676862360395912,4.89623775576932,4.169965285336474,0.09083394606755851,31.01764797420757,28.382328851049166
high_resistance_calibrated,1411.0,0.7679580811415349,4.890186909711057,4.16996532823739,0.09072145124507319,31.015658938987976,28.382990763659947
high_resistance_calibrated,1412.0,0.7682295903222323,4.884143977054935,4.169965371082199,0.09060910544684461,31.01366304200428,28.383648449540313
high_resistance_calibrated,1413.0,0.7685007640045111,4.878108945289628,4.169965413870991,0.09049690838529427,31.011660322558214,28.384301911222572
high_resistance_calibrated,1414.0,0.7687716026267012,4.872081800781658,4.169965456603862,0.09038485978911082,31.00965082643329,28.384951148896043
high_resistance_calibrated,1415.0,0.769042106626332,4.8660625299477145,4.169965499280907,0.09027295938812015,31.007634599146932,28.385596162819823
high_resistance_calibrated,1416.0,0.7693122764401313,4.860051119254206,4.169965541902224,0.0901612069132856,31.00561168595047,28.386236953322747
high_resistance_calibrated,1417.0,0.7695821125040262,4.854047555216533,4.169965584467907,0.09004960209670775,31.00358213182914,28.386873520803444
high_resistance_calibrated,1418.0,0.7698516152531428,4.848051824398663,4.169965626978052,0.08993814467162457,31.00154598150208,28.387505865730283
high_resistance_calibrated,1419.0,0.7701207851218058,4.842063913412483,4.169965669432754,0.08982683437241136,30.999503279422335,28.3881339886414
high_resistance_calibrated,1420.0,0.7703896225435395,4.836083808917264,4.169965711832107,0.08971567093458073,30.997454069776847,28.38875789014471
high_resistance_calibrated,1421.0,0.7706581279510666,4.8301114976191775,4.169965754176207,0.08960465409478266,30.99539839648648,28.389377570917876
high_resistance_calibrated,1422.0,0.7709263017763087,4.824146966270697,4.169965796465146,0.08949378359080444,30.993336303205982,28.389993031708325
high_resistance_calibrated,1423.0,0.7711941444503868,4.818190201670027,4.169965838699017,0.0893830591615707,30.99126783332402,28.390604273333263
high_resistance_calibrated,1424.0,0.771461656404072,4.812241190660276,4.169965880877916,0.08927248054669698,30.989193030165822,28.39121129660699
high_resistance_calibrated,1425.0,0.7717288380911098,4.8062999201069365,4.169965923001935,0.08916204746343367,30.98711194745869,28.39181409858881
high_resistance_calibrated,1426.0,0.7719956899224172,4.80036637695928,4.169965965071165,0.08905175967171379,30.985024619805692,28.392412683168832
high_resistance_calibrated,1427.0,0.7722622123267256,4.794440548192692,4.1699660070857,0.08894161691420598,30.98293108989669,28.393007051312225
high_resistance_calibrated,1428.0,0.7725284057320038,4.788522420825713,4.169966049045631,0.08883161893467818,30.980831400172676,28.393597204047772
high_resistance_calibrated,1429.0,0.7727942705654575,4.782611981919554,4.169966090951051,0.08872176547799793,30.978725592825704,28.394183142467842
high_resistance_calibrated,1430.0,0.77305980725353,4.776709218577562,4.16996613280205,0.08861205629013212,30.976613709798965,28.394764867728416
high_resistance_calibrated,1431.0,0.7733250162219016,4.770814117944771,4.16996617459872,0.0885024911181471,30.974495792786737,28.395342381049055
high_resistance_calibrated,1432.0,0.7735898978954904,4.764926667207261,4.169966216341153,0.08839306971020877,30.972371883234416,28.395915683712932
high_resistance_calibrated,1433.0,0.7738544526984511,4.759046853591932,4.1699662580294365,0.08828379181558232,30.97024202233848,28.396484777066817
high_resistance_calibrated,1434.0,0.7741186810541761,4.753174664365822,4.169966299663663,0.08817465718463251,30.96810625104652,28.397049662521063
high_resistance_calibrated,1435.0,0.7743825833852952,4.747310086835659,4.1699663412439225,0.08806566556882346,30.965964610057235,28.39761034154964
high_resistance_calibrated,1436.0,0.774646160113675,4.741453108347466,4.169966382770304,0.08795681672071883,30.96381713982042,28.398166815690104
high_resistance_calibrated,1437.0,0.7749094116604199,4.735603716286017,4.169966424242897,0.08784811039398162,30.961663880536985,28.398719086543608
high_resistance_calibrated,1438.0,0.7751723384663082,4.729761899216391,4.169966465661783,0.08773954629183266,30.959504881899605,28.399267152285258
high_resistance_calibrated,1439.0,0.7754349409398317,4.723927643980183,4.1699665070270555,0.08763112419809499,30.95734017832713,28.399811016536518
high_resistance_calibrated,1440.0,0.7756972194977528,4.718100937961045,4.169966548338803,0.08752284387490933,30.955169808294944,28.400350681440006
high_resistance_calibrated,1441.0,0.775959174558942,4.712281768740076,4.169966589597115,0.0874147050782753,30.95299381139791,28.40088614871172
high_resistance_calibrated,1442.0,0.7762208065415445,4.706470123936944,4.169966630802078,0.08730670756519862,30.950812226999624,28.401417420124925
high_resistance_calibrated,1443.0,0.776482115862979,4.700665991209451,4.169966671953779,0.08719885109369122,30.94862509423242,28.40194449751017
high_resistance_calibrated,1444.0,0.7767431029399393,4.69486935825311,4.169966713052307,0.08709113542277118,30.946432451997353,28.402467382755287
high_resistance_calibrated,1445.0,0.7770037681883931,4.689080212800749,4.169966754097747,0.08698356031246281,30.944234338964215,28.402986077805405
high_resistance_calibrated,1446.0,0.7772641120235823,4.683298542622015,4.169966795090188,0.08687612552379652,30.942030793571522,28.40350058466292
high_resistance_calibrated,1447.0,0.7775241348600229,4.67752433552302,4.169966836029714,0.08676883081880893,30.939821854026526,28.40401090538751
high_resistance_calibrated,1448.0,0.7777838371115058,4.6717575793458375,4.169966876916414,0.08666167596054286,30.937607558305206,28.404517042096142
high_resistance_calibrated,1449.0,0.7780432191910955,4.665998261968234,4.169966917750371,0.08655466071304725,30.935387944152275,28.405018996963072
high_resistance_calibrated,1450.0,0.7783022815111313,4.66024637130303,4.169966958531673,0.08644778484137729,30.93316304908117,28.405516772219826
high_resistance_calibrated,1451.0,0.7785610244971805,4.654501896407231,4.169966999260397,0.0863410480675129,30.930932917292168,28.406010367685187
high_resistance_calibrated,1452.0,0.7788194485567214,4.648764824991946,4.169967039936629,0.08623445016929163,30.928697584145937,28.406499786308743
high_resistance_calibrated,1453.0,0.7790775540954903,4.643035144721438,4.169967080560457,0.08612799092876708,30.926457084268097,28.406985031277213
high_resistance_calibrated,1454.0,0.7793353415236159,4.637312843700417,4.169967121131966,0.08602167011283142,30.924211454590353,28.40746610492867
high_resistance_calibrated,1455.0,0.7795928112505328,4.63159791006927,4.16996716165124,0.08591548748928332,30.921960731828758,28.407943009652893
high_resistance_calibrated,1456.0,0.7798499636849812,4.625890332003738,4.169967202118363,0.0858094428268279,30.919704952483777,28.408415747891354
high_resistance_calibrated,1457.0,0.7801067992350073,4.620190097714432,4.169967242533417,0.08570353589507676,30.917444152840236,28.40888432213722
high_resistance_calibrated,1458.0,0.7803633183079628,4.6144971954466065,4.169967282896486,0.08559776646454799,30.915178368967325,28.409348734935353
high_resistance_calibrated,1459.0,0.7806195213105058,4.6088116134795865,4.169967323207655,0.08549213430666609,30.912907636718646,28.409808988882308
high_resistance_calibrated,1460.0,0.7808754086485997,4.60313334012658,4.169967363467005,0.0853866391937621,30.910631991732146,28.41026508662635
high_resistance_calibrated,1461.0,0.781130980727514,4.59746236373419,4.169967403674619,0.08528128089907352,30.908351469430173,28.41071703086742
high_resistance_calibrated,1462.0,0.7813862379518237,4.591798672682083,4.169967443830579,0.0851760591967443,30.90606610501943,28.411164824357176
high_resistance_calibrated,1463.0,0.7816411807254104,4.5861422553826,4.169967483934968,0.08507097386182486,30.903775933491023,28.41160846989895
high_resistance_calibrated,1464.0,0.7818958094585726,4.580493100771629,4.169967523987864,0.08496602464981563,30.901480993193744,28.41204796907697
high_resistance_calibrated,1465.0,0.7821501245558361,4.574851197466272,4.169967563989347,0.08486121133173315,30.899181319708788,28.412483324434742
high_resistance_calibrated,1466.0,0.7824041264146345,4.569216533673485,4.169967603939503,0.08475653369790186,30.89687694518733,28.412914539710634
high_resistance_calibrated,1467.0,0.7826578154367867,4.563589097982296,4.16996764383841,0.08465199152494239,30.89456790411706,28.41334161778706
high_resistance_calibrated,1468.0,0.7829111920234755,4.557968879016604,4.16996768368615,0.08454758459021665,30.892254230798923,28.413764561587872
high_resistance_calibrated,1469.0,0.7831642565752484,4.5523558654350165,4.169967723482804,0.08444331267182202,30.88993595934807,28.414183374078004
high_resistance_calibrated,1470.0,0.7834170094920201,4.546750045930701,4.169967763228451,0.0843391755485857,30.887613123694933,28.4145980582631
high_resistance_calibrated,1471.0,0.7836694511730748,4.541151409231068,4.169967802923171,0.08423517300005891,30.88528575758615,28.41500861718918
high_resistance_calibrated,1472.0,0.783921582017068,4.535559944097709,4.169967842567045,0.08413130480651118,30.88295389458563,28.415415053942258
high_resistance_calibrated,1473.0,0.7841734024220282,4.529975639326088,4.169967882160152,0.08402757074892475,30.880617568075504,28.415817371648
high_resistance_calibrated,1474.0,0.7844249127853594,4.524398483745388,4.169967921702569,0.08392397060898864,30.878276811257162,28.416215573471383
high_resistance_calibrated,1475.0,0.7846761135038425,4.518828466218387,4.169967961194378,0.08382050416909305,30.87593165715222,28.416609662616317
high_resistance_calibrated,1476.0,0.7849270049736378,4.5132655756412055,4.169968000635656,0.08371717121232368,30.87358213860355,28.41699964232529
high_resistance_calibrated,1477.0,0.7851775875913428,4.507709800934159,4.169968040026482,0.08361397152163072,30.87122828881138,28.41738551569478
high_resistance_calibrated,1478.0,0.785427861753098,4.502161131049268,4.169968079366934,0.08351090488052378,30.868870140880034,28.41776728583128
high_resistance_calibrated,1479.0,0.7856778278519404,4.496619554992488,4.169968118657091,0.0834079710751348,30.866507726477206,28.418144956312968
high_resistance_calibrated,1480.0,0.7859274862817176,4.491085061790398,4.16996815789703,0.08330516989115601,30.8641410778172,28.41851853050681
high_resistance_calibrated,1481.0,0.7861768374356791,4.48555764050187,4.169968197086828,0.08320250111493692,30.861770226946742,28.418888011814406
high_resistance_calibrated,1482.0,0.7864258817064778,4.480037280218134,4.1699682362265635,0.08309996453347818,30.859395205746218,28.419253403671657
high_resistance_calibrated,1483.0,0.7866746194861729,4.4745239700623705,4.169968275316313,0.08299755993442565,30.857016045930873,28.419614709548235
high_resistance_calibrated,1484.0,0.7869230511662324,4.469017699189723,4.169968314356153,0.08289528710606428,30.854632779052032,28.41997193294722
high_resistance_calibrated,1485.0,0.7871711771375349,4.463518456787035,4.169968353346161,0.082793145837312,30.85224543649831,28.420325077404645
high_resistance_calibrated,1486.0,0.7874189977903729,4.458026232072804,4.169968392286413,0.08269113591771378,30.849854049496837,28.42067414648907
high_resistance_calibrated,1487.0,0.7876665135144549,4.452541014296863,4.169968431176986,0.08258925713743547,30.847458649114476,28.42101914380115
high_resistance_calibrated,1488.0,0.7879137246989067,4.4470627927404,4.169968470017954,0.08248750928725777,30.845059266259018,28.421360072973204
high_resistance_calibrated,1489.0,0.788160631732276,4.44159155671566,4.169968508809395,0.08238589215857024,30.842655931680426,28.42169693766879
high_resistance_calibrated,1490.0,0.7884072350017015,4.436127295502545,4.169968547551385,0.08228440554591679,30.840248675567086,28.422029741729492
high_resistance_calibrated,1491.0,0.7886535348919244,4.430669998272728,4.169968586243998,0.08218304925003458,30.837837527063893,28.422358489350167
high_resistance_calibrated,1492.0,0.7888995317919305,4.425219654595784,4.169968624887312,0.08208182305746756,30.835422517507574,28.422683183902656
high_resistance_calibrated,1493.0,0.7891452260877715,4.419776253891762,4.169968663481398,0.08198072676260024,30.833003676930428,28.423003829206955
high_resistance_calibrated,1494.0,0.7893906181649158,4.414339785609723,4.169968702026333,0.08187976016044625,30.830581035204965,28.423320429115073
high_resistance_calibrated,1495.0,0.78963570840825,4.408910239227751,4.169968740522192,0.08177892304664404,30.828154622044828,28.423632987510683
high_resistance_calibrated,1496.0,0.7898804972020804,4.403487604252768,4.169968778969047,0.08167821521745254,30.825724467005763,28.42394150830882
high_resistance_calibrated,1497.0,0.7901249849301352,4.398071870220362,4.169968817366976,0.08157763646974693,30.823290599486498,28.42424599545554
high_resistance_calibrated,1498.0,0.7903691719755666,4.392663026694538,4.169968855716049,0.08147718660101436,30.820853048729727,28.424546452927583
high_resistance_calibrated,1499.0,0.7906130587209512,4.3872610632676565,4.169968894016343,0.0813768654093496,30.81841184382304,28.42484288473206
high_resistance_calibrated,1500.0,0.7908566455482946,4.381865969560172,4.169968932267929,0.08127667269345083,30.815967013699815,28.425135294906138
high_resistance_calibrated,1501.0,0.7910999328390302,4.37647773522054,4.169968970470883,0.08117660825261531,30.8135185871402,28.425423687516663
high_resistance_calibrated,1502.0,0.7913429209740229,4.371096349925049,4.169969008625276,0.08107667188673512,30.81106659277204,28.425708066659894
high_resistance_calibrated,1503.0,0.7915856103334673,4.365721803375835,4.169969046731182,0.08097686339644615,30.808611059025388,28.425988436478733
high_resistance_calibrated,1504.0,0.7918280012956533,4.360354085278957,4.169969084788673,0.08087718258495677,30.806152013578966,28.426264801372948
high_resistance_calibrated,1505.0,0.7920700942407785,4.35499318541133,4.1699691227978235,0.08077762925239192,30.80368948507089,28.42653716534972
high_resistance_calibrated,1506.0,0.7923118895473701,4.349639093557533,4.169969160758704,0.0806782032010983,30.801223501493297,28.426805532633153
high_resistance_calibrated,1507.0,0.7925533875933897,4.344291799529041,4.169969198671388,0.08057890423400581,30.798754090687723,28.42706990747619
high_resistance_calibrated,1508.0,0.792794588756234,4.338951293164186,4.169969236535946,0.0804797321546234,30.79628128034597,28.42733029416037
high_resistance_calibrated,1509.0,0.793035493412736,4.333617564327946,4.169969274352452,0.08038068676703528,30.79380509801091,28.4275866969955
high_resistance_calibrated,1510.0,0.7932761019391675,4.328290602911736,4.169969312120975,0.0802817678758969,30.791325571077344,28.427839120319387
high_resistance_calibrated,1511.0,0.7935164147112405,4.322970398833338,4.1699693498415895,0.08018297528643101,30.788842726792794,28.428087568497542
high_resistance_calibrated,1512.0,0.7937564321041083,4.31765694203675,4.169969387514365,0.08008430880442374,30.78635659225838,28.428332045922907
high_resistance_calibrated,1513.0,0.7939961544923682,4.31235022249204,4.169969425139373,0.07998576823622072,30.783867194429618,28.428572557015542
high_resistance_calibrated,1514.0,0.7942355822500619,4.307050230195174,4.169969462716684,0.07988735338872298,30.781374560117268,28.42880910622236
high_resistance_calibrated,1515.0,0.7944747157506776,4.301756955167971,4.169969500246369,0.07978906406938309,30.778878715988135,28.429041698016807
high_resistance_calibrated,1516.0,0.7947135553671518,4.296470387457816,4.169969537728499,0.07969090008620125,30.776379688565942,28.42927033689863
high_resistance_calibrated,1517.0,0.7949521014710992,4.291190517208221,4.169969575163143,0.07959286124659551,30.773877503941385,28.42949502750355
high_resistance_calibrated,1518.0,0.7951903544348011,4.285917334476937,4.169969612550372,0.07949494736029741,30.771372188521816,28.429715774319636
high_resistance_calibrated,1519.0,0.7954283146295671,4.28065082938587,4.169969649890257,0.07939715823695385,30.768863768413762,28.42993258192098
high_resistance_calibrated,1520.0,0.7956659824260973,4.275390992087932,4.169969687182866,0.07929949368665024,30.766352269559874,28.43014545491592
high_resistance_calibrated,1521.0,0.7959033581945442,4.270137812761357,4.16996972442827,0.07920195351999464,30.7638377177625,28.430354397938107
high_resistance_calibrated,1522.0,0.7961404423045143,4.2648912816096285,4.169969761626538,0.07910453754811367,30.76132013868449,28.430559415646286
high_resistance_calibrated,1523.0,0.7963772351250697,4.259651388861346,4.169969798777739,0.07900724558264843,30.758799557849972,28.43076051272395
high_resistance_calibrated,1524.0,0.79661373702473,4.254418124770133,4.169969835881943,0.07891007743575028,30.756276000645144,28.43095769387914
high_resistance_calibrated,1525.0,0.7968499483714728,4.249191479614529,4.169969872939218,0.07881303292007681,30.753749492319045,28.43115096384414
high_resistance_calibrated,1526.0,0.7970858695327365,4.243971443697863,4.169969909949632,0.07871611184878766,30.75122005798437,28.431340327375207
high_resistance_calibrated,1527.0,0.79732150087542,4.238758007348251,4.169969946913256,0.0786193140355404,30.74868772261821,28.4315257892523
high_resistance_calibrated,1528.0,0.7975568427658853,4.2335511609183625,4.169969983830156,0.0785226392944865,30.74615251106288,28.431707354278824
high_resistance_calibrated,1529.0,0.7977918955699601,4.228350894785355,4.1699700207004025,0.07842608744026706,30.74361444802668,28.43188502728134
high_resistance_calibrated,1530.0,0.7980266596529119,4.223157199272127,4.169970057524061,0.07832965829016102,30.741073558070536,28.432058813128698
high_resistance_calibrated,1531.0,0.7982611353795086,4.217970064828948,4.169970094301203,0.07823335165911091,30.73852986564145,28.43222871668698
high_resistance_calibrated,1532.0,0.798495323113985,4.212789481922302,4.169970131031893,0.07813716736275735,30.73598339505335,28.4323947428466
high_resistance_calibrated,1533.0,0.7987292232200388,4.207615441020839,4.1699701677162,0.07804110521781264,30.73343417048533,28.432556896525462
high_resistance_calibrated,1534.0,0.7989628360608395,4.202447932616885,4.1699702043541915,0.07794516504147063,30.73088221598633,28.432715182663365
high_resistance_calibrated,1535.0,0.7991961619990305,4.19728694722626,4.169970240945934,0.07784934665140257,30.728327555475914,28.432869606221782
high_resistance_calibrated,1536.0,0.7994292013967291,4.192132475388143,4.169970277491495,0.0777536498657538,30.725770212745047,28.433020172183557
high_resistance_calibrated,1537.0,0.7996619546155295,4.186984507665031,4.169970313990941,0.07765807450313988,30.723210211456855,28.43316688555266
high_resistance_calibrated,1538.0,0.7998944220165032,4.181843034642699,4.1699703504443395,0.07756262038264285,30.720647575147453,28.433309751353907
high_resistance_calibrated,1538.4545685848889,0.8,4.179508027137475,4.169970366999704,0.07751926997205326,30.719481816383997,28.4333734230148
