seed,update,environment_steps,elapsed_seconds,mean_step_reward,mean_episode_return,episodes_completed,minimum_tension,mean_command_speed,approximate_kl,clip_fraction,entropy,gradient_norm,loss,policy_loss,value_loss
2,1,2048,8.22231416683644,-0.006687992195971597,nan,0,-168.16026843046907,0.4622248642106008,0.01108228463128189,0.1678466796875,1.1996817527903052,0.6181677465921089,-0.0011492988069436091,-0.01682307735531973,0.03374692060233285
2,2,4096,8.323178874794394,-0.004231018474041266,nan,0,-197.04962139004402,0.47038519656238315,0.00800168870032734,0.1231689453125,1.2005164817448062,0.8536299017918172,0.007279435424189275,-0.012037811334948285,0.04103552648176473
2,3,6144,8.413243249990046,-0.00546899521077375,nan,0,-166.45108299403543,0.48175695846401423,0.01025201153255895,0.154052734375,1.1836690436995465,0.8791690375949318,0.001309116484022933,-0.016388842485251125,0.03776325602594721
2,4,8192,8.547443374991417,-0.005113989380373923,nan,0,-184.6236710365814,0.5216989230266211,0.009357987883506651,0.140625,1.167507342023314,0.9595876695792889,0.000893281694640825,-0.014793453852914577,0.03370848577915743
2,5,10240,8.656515416922048,-0.006027437767095864,nan,0,-179.0610417210147,0.5330667860170428,0.009926371066946047,0.1490478515625,1.1233779854409889,0.8956166310067778,0.0034661854204728858,-0.01423751966286042,0.037654166137548586
2,6,12288,8.79247933300212,-0.005755895376400335,nan,0,-181.3677365006027,0.492653781314367,0.00980253754211623,0.1444091796875,1.0994070306539991,1.057564074203091,0.000891922844352893,-0.01720704990326615,0.03839675955654608
2,7,14336,8.907585916807875,0.00013981986825863536,-8.42203860634044,8,-179.87597283046546,0.5049405506922339,0.011635484282833218,0.1678466796875,1.0390696206375745,1.0577591265480737,-0.0038220563496472147,-0.018715503453867625,0.03186503344971597
2,8,16384,9.048053999897093,-0.00490832891319959,nan,0,-183.11219432660684,0.48887377957271677,0.010064108949299157,0.1494140625,0.9974824125748059,1.074687170351754,-0.0009643564242837618,-0.014388146616936406,0.028842545210454894
2,9,18432,9.167071416974068,-0.0060307238839469755,nan,0,-208.00559267199395,0.4736807379722128,0.008978620423272828,0.129150390625,0.9339749407130972,0.9740100676634074,0.000574568856277114,-0.012828429802411315,0.02867394719880306
2,10,20480,9.253626332851127,-0.00538313861738997,nan,0,-192.75343243966495,0.4602612808489726,0.010563660946398254,0.1624755859375,0.8516642718787468,1.0860613441310547,-0.006312359985254482,-0.0168930808160443,0.022864770205337136
2,11,22528,9.328030874952674,-0.005139866602472608,nan,0,-191.0728256235327,0.46267695184446733,0.01053496020449769,0.15771484375,0.7164120921569725,1.2501851282771244,-0.007966310593058523,-0.016184238213755364,0.017868679425707627
2,12,24576,9.389117416925728,-0.005530741736584816,nan,0,-194.97763605208357,0.46831918538307593,0.011154973510137303,0.1722412109375,0.5882810284651576,1.1448376468890136,-0.009138936792834784,-0.01686749234328898,0.016633673157838695
2,13,26624,9.456566957989708,0.002873140825758515,-7.52717084375551,8,-201.04033296276378,0.5281331488386976,0.008656502173722568,0.1290283203125,0.49464347949914067,1.020174222246371,0.006700158302703285,-0.009939181233593507,0.034267966031591865
2,14,28672,9.562194249825552,-0.005638909158950656,nan,0,-202.8632216124983,0.4445791040139021,0.010701532521840884,0.1497802734375,0.38366532076458004,1.2703511339882814,-0.00819603255212693,-0.014365264041686674,0.01310579362064865
2,15,30720,9.622637499822304,-0.004951003262092683,nan,0,-203.119683534884,0.4549210510137136,0.011111248112213562,0.16064453125,0.22729813415287498,1.3603070732416043,-0.011234588026849145,-0.015867936873435268,0.009721293961477997
2,16,32768,9.67680108291097,-0.006073016513081409,nan,0,-161.9482851682542,0.47321894421626637,0.010343270592309311,0.1578369140625,0.09123585618919519,1.2183360016173113,-0.010268145831199848,-0.014451045191862216,0.008548270433703131
2,17,34816,9.733302666805685,-0.005250773391240625,nan,0,-199.28764922784117,0.44088339933051734,0.009066571978929492,0.138671875,-0.06351941926801005,1.3665552913879382,-0.00838903628973093,-0.011962644222664725,0.007020177027331578
2,18,36864,9.789492416894063,-0.005586205829137669,nan,0,-132.10575817937965,0.4427241130365631,0.008208419317602777,0.1234130859375,-0.14959446539649052,1.2922931746747826,-0.010944738678258977,-0.0137739694284037,0.0053592725694964595
2,19,38912,9.843807791825384,0.0038702892801577527,-6.959941653353167,8,-101.22626590779902,0.4709001158970777,0.00800195515667959,0.11572265625,-0.23026665763185525,1.075509538528917,0.011115735321263445,-0.00764791892822764,0.03706677518371846
2,20,40960,9.899562457809225,-0.0054925921112963655,nan,0,-162.45821884662146,0.44209410708392466,0.007399804382130594,0.1019287109375,-0.4715457377488167,1.5708527423115386,-0.007346022728803475,-0.00999714925338568,0.004359161573666786
2,21,43008,9.956605582963675,-0.005937686207027408,nan,0,-206.97630262329844,0.44420591855255925,0.00921347917902117,0.1298828125,-0.5749272056288308,1.2628972893244783,-0.009907793568089272,-0.012186433810233453,0.0034074260730307063
2,22,45056,10.013454541796818,-0.005515385120649175,nan,0,-60.035440672577664,0.4527430631038156,0.0082899466848733,0.115966796875,-0.761009092298738,1.5102038441419599,-0.00676194662141295,-0.009016811324790961,0.002987711222158544
2,23,47104,10.067262666998431,-0.005599730268851479,nan,0,-97.9566920206616,0.44831301472526336,0.008568104131412764,0.1243896484375,-0.8600439407177933,1.2532732967123554,-0.006152912278258877,-0.008226227446141245,0.0024265424543291492
2,24,49152,10.123025582870468,-0.00584860811212386,nan,0,103.66808342529951,0.46172830196044473,0.006272216971409073,0.0821533203125,-1.00544180057177,1.1317082882217284,-0.006387809278949526,-0.00827138062354924,0.0017562590880558931
2,25,51200,10.176699957810342,-0.005791306642110907,-6.551353165514213,8,131.33931431358673,0.44589575466448933,0.007082977965485654,0.1005859375,-1.161450061092355,1.4000507674574765,-0.006247489430760011,-0.008235363548652988,0.0016528481136012466
2,26,53248,15.648588249925524,0.0053590354800934405,nan,0,83.58500570632114,0.4263062973333628,0.005852977217805973,0.074462890625,-1.28930993205387,1.091815956997804,0.018646797154657942,-0.0029828476937124706,0.040680669832633076
2,27,55296,15.70443854201585,-0.0059209126644921015,nan,0,127.37818275242805,0.4353485562176468,0.007381753046111899,0.100830078125,-1.2265015941002808,1.4220145391477175,-0.008683246579173125,-0.010635804173203763,0.001452111999860711
2,28,57344,15.755797457881272,-0.0055810179988445355,nan,0,210.17139307936984,0.41596936840310805,0.008467436394377813,0.1180419921875,-1.357117111606441,1.2806391502500758,-0.005048342444946723,-0.007117795891135309,0.001424672669164285
2,29,59392,15.80720179178752,-0.005813427903203759,nan,0,163.37188848178363,0.4172484818323218,0.009312980421244076,0.1314697265625,-1.5241192905612586,1.3487851651595095,-0.008452053838857266,-0.010533869844935472,0.001115393431033894
2,30,61440,15.859918332891539,-0.005726866275289134,nan,0,120.77997776459627,0.43545357892808356,0.004641180233353774,0.048583984375,-1.6413581634592915,1.242512287350212,-0.0018492006886807332,-0.004127919348726693,0.0012747209931733344
2,31,63488,15.915888499934226,-0.0057961088100618435,nan,0,238.59319968349587,0.4160206698246135,0.005339254508467561,0.0626220703125,-1.7386271008455434,1.3884453205936111,-0.0031106793778955715,-0.005279826734663438,0.0008610405118446484
2,32,65536,15.969729041913524,0.005661637703999324,-6.381355403047289,8,174.73249910523452,0.433783998279608,0.003670526391210447,0.039306640625,-1.7849508492842348,1.184866664695336,0.021136787951827846,-0.0008381185121338038,0.04037991122935483
2,33,67584,16.022608208004385,-0.005794916095128633,nan,0,257.4069222587836,0.4212081004655962,0.006669451948680348,0.0867919921875,-1.8775052445146505,1.2789288506763046,-0.004935678421849166,-0.007477530431292791,0.0013286935298579537
2,34,69632,16.075133666861802,-0.005757470428353557,nan,0,305.48879887273296,0.4324253444335057,0.007639481208039915,0.1068115234375,-1.9586796369981845,1.4906506718950223,-0.0028607849186165577,-0.005292258667981943,0.0009455882247344046
2,35,71680,16.12670037499629,-0.005836736415276423,nan,0,334.9729190273463,0.4037229241562055,0.007000892079697129,0.0946044921875,-2.0758467731527546,1.1291316445119906,-0.004182504360593572,-0.006694937357391688,0.0008731724472907185
2,36,73728,16.17912262491882,-0.0057781354076595105,nan,0,325.40299354067486,0.46379346390062026,0.002523849030881253,0.01416015625,-2.180633495200977,0.9190746509847778,0.0013782943948272173,-0.0013359937398967105,0.0010673092790459008
2,37,75776,16.232309042010456,-0.005842933192392923,nan,0,309.17812386456194,0.4469413493814445,0.005815007765791666,0.0732421875,-2.2117670747097864,1.1106543436416445,-0.0024918995748228444,-0.0051978925838053434,0.0009884518685454348
2,38,77824,16.28656612499617,0.005803961551771033,-6.368520303608101,8,298.6019094730289,0.4451800351986025,0.005785470209516739,0.077880859375,-2.3729428892946043,1.0656804687052497,0.0216017333951349,-0.001112641262557612,0.040682863536795816
2,39,79872,16.339132249820977,-0.005877793645241741,nan,0,397.14401938203207,0.42868197523033413,0.0035047122697530212,0.031494140625,-2.3585217171555284,1.1239958666856305,0.0007543621482457505,-0.002100326540288744,0.000992333942757931
2,40,81920,16.39348820783198,-0.005732339721884899,nan,0,344.8579501504922,0.4082594755383873,0.0028996068996850763,0.0247802734375,-2.486848002426409,1.0275375839343397,0.0017110863673531836,-0.0011749805077384177,0.0007984377453303835
2,41,83968,16.447288791881874,-0.005813380657124006,nan,0,371.49603680765415,0.405118137550041,0.003774226980065066,0.0343017578125,-2.3839026642043226,1.250418509339696,0.0007148384796466746,-0.0020593156959908543,0.000780503022866411
2,42,86016,16.501330291852355,-0.005874810655544484,nan,0,293.41191733128716,0.4259419127967614,0.007149591251634597,0.09765625,-2.4543443662104396,1.4301250645563819,-0.0036275982325674402,-0.006443098699766589,0.0007223122019774158
2,43,88064,16.55693554179743,-0.00577874011324288,nan,0,333.27302010161253,0.4351385518898384,0.0059956348261123865,0.076171875,-2.5537404447556193,1.1866627872032525,-0.002845270615426115,-0.00585872187874685,0.0009194216371302285
2,44,90112,16.61395874992013,0.005892485412818232,-6.316216616835378,8,289.1538599633518,0.41913052214199026,0.004595659812428574,0.05029296875,-2.596640255956384,1.0815026183143635,0.021173152107861158,-0.001934599673917757,0.041022223051645074
2,45,92160,16.669190041953698,-0.005786964502137936,nan,0,400.09734816910384,0.41260494215705135,0.002017371635786042,0.0064697265625,-2.7252022977127313,1.1404892409921077,0.002810200461711829,-0.00022830656405334413,0.0006266094561048856
2,46,94208,16.72801920794882,-0.005827892679484594,nan,0,372.9364446738124,0.42660121739445944,0.002984030252370774,0.0230712890625,-2.674611312128313,1.0940451340973112,0.00226234554212959,-0.0008360057908098038,0.0008474800416221596
2,47,96256,16.791332207852975,-0.005833217917060103,nan,0,428.15514951437194,0.43600684842100723,0.004426802420584054,0.0457763671875,-2.7668394834335817,1.2678619530226372,0.0004174156567711487,-0.0027051222795646535,0.0007113969058044412
2,48,98304,16.849937749793753,-0.0059035168797219465,nan,0,400.22071011271817,0.43740483532403157,0.007647287609419549,0.1011962890625,-2.7782481982802016,1.440683289069581,-0.0010009075798123636,-0.004095572308247924,0.000632833060310718
2,49,100352,16.906494124792516,-0.005855808036889567,nan,0,386.4615995723869,0.42641663885474224,0.003565809615132998,0.0322265625,-2.8968418864892223,1.340442623427189,0.0016420922085923365,-0.0015693037384034332,0.0006291081210130971
2,50,102400,22.856615291908383,-0.005810510590405441,-6.335861069343284,8,409.36070172111,0.43177654181110736,0.0059784225147021045,0.0762939453125,-2.9309271771652394,1.320301631769409,-0.0006983228788898701,-0.003901618945220734,0.0005447377783312495
2,51,104448,22.91574929188937,0.005972490579203639,nan,0,344.5746782731402,0.4331839902606617,0.007998664853998163,0.106201171875,-3.0090867473734386,1.2348649471593343,0.02031162754647421,-0.0026309969525157304,0.039867075503233
2,52,106496,22.973874374991283,-0.005842428189201216,nan,0,388.7191353030401,0.4150740119828322,0.00427006881940541,0.0484619140625,-3.0682488863279644,1.1693288582549992,0.0008008106018426277,-0.0026664079899091867,0.0007979394108477019
2,53,108544,23.028979874914512,-0.005760035506601527,nan,0,421.4217291246246,0.42144344847016163,0.0013887589486161083,0.005615234375,-3.097985369517968,0.9164621537058918,0.0031238720565565075,-0.00032605171838842606,0.0007038768108539281
2,54,110592,23.085311916889623,-0.005873981022800923,nan,0,422.2961117028307,0.4014811543985055,0.0034455209965621658,0.0257568359375,-3.0637754731682723,0.9614592180541774,0.0025649489249983215,-0.0007643682058149992,0.0005310833152900945
2,55,112640,23.142005999805406,-0.005829824503784303,nan,0,393.24496790838964,0.44454785362369226,0.0012954867111402593,0.0023193359375,-3.1597667221913754,1.031951523343055,0.003956587160498339,0.0002997057680802235,0.0009942293404534785
2,56,114688,23.19655429199338,-0.00570589499446115,nan,0,326.70979181476986,0.4109096884721952,0.005154961628481509,0.0609130859375,-3.1988637901860772,1.320362841146674,0.0005665895982343953,-0.0029197787322552474,0.000575009080607134
2,57,116736,23.24985120794736,0.005872978959240063,-6.298437346219313,8,367.89978389337983,0.4136706276462273,0.0022740803604234102,0.016357421875,-3.154804815569147,1.1723633062327599,0.024271771999177814,0.0005500809305443565,0.04113377250612861
2,58,118784,23.304678082931787,-0.0058989690210000025,nan,0,416.9128049809378,0.4178496766709474,0.0027496450024369354,0.01171875,-3.0455722277773876,1.2741770558385408,0.002493167509459587,-0.000959839741151919,0.0008148700456682314
2,59,120832,23.360024207970127,-0.005695174718969939,nan,0,426.63126408961824,0.40550332986397536,0.004428292155016842,0.042724609375,-3.0863314417230097,1.144803976790235,0.0005836062545281672,-0.0028279832105126924,0.0006505160466356941
2,60,122880,23.41630974994041,-0.0057987234203493035,nan,0,426.7574591615927,0.41112501698763626,0.0033100831772448058,0.029296875,-3.2272058863911903,1.3162723831982133,0.0016959943718956034,-0.0018530196327582178,0.0006436162365252621
2,61,124928,23.471293249865994,-0.005809544764385549,nan,0,434.3844036196364,0.44061291942172076,0.0032331510095082085,0.0277099609375,-3.3542081139692668,1.2293999981565866,0.00314686550981446,-0.000576482482182678,0.0007382797560557426
2,62,126976,23.52722245780751,-0.0058196510703706385,nan,0,435.99578474383657,0.406792564011047,0.003482642934905206,0.0230712890625,-3.358624971293409,1.0220150862694015,0.002155927839690425,-0.0014624222149101258,0.000519450166614288
2,63,129024,23.581773416837677,0.006107018323556351,-6.28681076133824,8,381.73274311056286,0.4210622520129026,0.00572286359439128,0.0738525390625,-3.4075836139712616,1.23546258611804,0.01917061158219707,-0.0031885354929999743,0.037903126922451555
2,64,131072,23.63756866683252,-0.0058046912585466934,nan,0,424.5793811756369,0.37704175039467125,0.0033380277468226106,0.0335693359375,-3.281095208926498,1.3919832563908439,0.0028758320181878193,-0.0008173940520924384,0.000824261722707522
2,65,133120,23.704694082960486,-0.005890569473083851,nan,0,438.603885789105,0.4247108223982904,0.0027128108377184575,0.0186767578125,-3.394023796003741,1.1382516392146322,0.00277704934260217,-0.001041595894453829,0.0008492428821045121
2,66,135168,23.761941500008106,-0.005756795856542278,nan,0,445.11364569777385,0.40275765109134404,0.003632317618665326,0.03271484375,-3.4351535371637842,1.3013857578809658,0.0033059174609974115,-0.0004614609976353796,0.0006644498429380157
2,67,137216,23.828743832884356,-0.005861351432423032,nan,0,423.4882632590104,0.4296322519139324,0.004335433525984777,0.0421142578125,-3.443559624558689,1.3479623449617903,0.001209864526157638,-0.0026131746874943525,0.0007589591781866072
2,68,139264,23.887800707947463,-0.005762697228956509,nan,0,429.58587225007807,0.399965488353721,0.0019422123851861508,0.010009765625,-3.5037599661506755,1.2139173992756684,0.0031956472302426724,-0.0005492709199978831,0.0004823163681797646
2,69,141312,23.948142332956195,0.005968875663598083,-6.263151656450368,8,376.1030932584471,0.4290129587864463,0.00879147429837011,0.125244140625,-3.538589529204743,1.2076293387218207,0.01765340089370241,-0.004798367353011932,0.03782635743501919
2,70,143360,24.012796999886632,-0.005698110853893462,nan,0,430.8230035140597,0.3965429728692126,0.0037684471434682497,0.0333251953125,-3.676638062197573,1.2177853823608067,0.0011890153617239926,-0.0027377063752946924,0.0005001673496422244
2,71,145408,24.068466916913167,-0.005956602879834785,nan,0,439.00068075868734,0.44860949675296885,0.005146067190577004,0.05712890625,-3.6899395652707496,1.1045735288525398,0.0013993835399393581,-0.002699281201783316,0.0008174503529038515
2,72,147456,24.12936899997294,-0.005764136314256631,nan,0,443.76881225212367,0.42088838334545575,0.005668806092455568,0.0657958984375,-3.8143284578554812,1.1651553524911016,0.0010768641930579501,-0.0030707308595973046,0.0006665331895995474
2,73,149504,24.185540166916326,-0.00588132879229334,nan,0,447.3288326439457,0.4383367928516837,0.0054293374069698174,0.0714111328125,-3.927419500680684,1.2791870773819243,0.0017659611030408453,-0.002464796286527843,0.0006066757777760035
2,74,151552,24.243353582918644,-0.005954389313259234,nan,0,444.4072969158407,0.437397533395977,0.003115378019373077,0.020263671875,-3.927541139417529,1.0883848154035523,0.0034619202853095003,-0.0007713544462210889,0.000611467184226123
2,75,153600,30.013116749934852,-0.005758214929582008,-6.291248752855626,8,449.6539556269244,0.4138565605573136,0.0061740836190525925,0.0826416015625,-4.003964811074464,1.4191530823955456,0.0018703005257355793,-0.0024040845940477775,0.0005408406174177835
2,76,155648,30.072510916972533,0.006061409749854795,nan,0,367.96553860098624,0.4366230576047539,0.00543196911819639,0.069091796875,-4.007137115844511,1.1369252291280292,0.01870833117380115,-0.0035652855104113187,0.036532959136735904
2,77,157696,30.12935741688125,-0.005669016839873083,nan,0,441.8806572741764,0.3815425336517939,0.0035802414268833326,0.03466796875,-4.005581868750177,1.3184431472281513,0.00394562570556465,-0.0003827024094571023,0.0006454924925431542
2,78,159744,30.18810054194182,-0.005871462753232299,nan,0,444.11879546992316,0.4119035475477402,0.0041437507939231745,0.0528564453125,-3.9773046253871707,1.4699323888305904,0.002830071266072526,-0.0015164230911765917,0.0007383794637238928
2,79,161792,30.245227874955162,-0.00585224819711946,nan,0,451.36957208275265,0.3881917029211502,0.002455773252300777,0.0145263671875,-4.062904064203754,0.9939774265577449,0.003067667762264979,-0.0012028009608249565,0.00041512931777236536
2,80,163840,30.307209249818698,-0.005785385006341435,nan,0,445.6460665196581,0.4297983089889399,0.004584708098868013,0.0556640625,-4.051631433622064,1.387331205818477,0.000828601220811331,-0.0035236838874307063,0.0006013073492399468
2,81,165888,30.37169854179956,-0.0057749994652851475,nan,0,445.21001973041086,0.3918587462797609,0.0016420210868260425,0.0013427734375,-4.060963793760873,1.2837604799261653,0.004988249149443133,0.0007275669638154209,0.00039943678373367537
2,82,167936,30.429871207801625,0.00608448458631555,-6.241259994899124,8,364.06770508946454,0.40505833413764913,0.006831953919065546,0.0986328125,-4.1330808495300655,1.0141913093587758,0.019095813560019256,-0.002568050349954599,0.03506156612088758
2,83,169984,30.492611166788265,-0.005849966455480045,nan,0,454.0023995243499,0.4002814209651784,0.0008863818625986637,0.0015869140625,-4.24473280289218,1.1756950380336455,0.004952510020402523,0.00045362017129374184,0.0005083140924331967
2,84,172032,30.554190874798223,-0.0057648590262590685,nan,0,444.1863529678447,0.41420799168026085,0.002842521159220338,0.019287109375,-4.30983894425024,1.091839829997275,0.003743405751511839,-0.0008240910175720192,0.0005153156496672385
2,85,174080,30.614785416983068,-0.005794269531497302,nan,0,448.14232551905565,0.4051280956757586,0.004970439475145078,0.0560302734375,-4.371391437083563,1.344138054812844,0.0026015338909728455,-0.0020623857241692544,0.0005850563561170683
2,86,176128,30.677628707839176,-0.005865777284674596,nan,0,444.40466584328317,0.4136734928953628,0.0031249031672766396,0.0247802734375,-4.313693688985243,1.2894028511441153,0.0037414688593065647,-0.0008398471828611129,0.0005352447063648701
2,87,178176,30.743838207796216,-0.005801272656701326,nan,0,448.8637864686189,0.43170781717684864,0.003951350653234127,0.041015625,-4.435140547012248,1.2076308185572873,0.003515230972726572,-0.0011786272453283167,0.0005174353420852832
2,88,180224,30.804859875002876,0.006079243807104462,-6.2550323564889,8,382.2214357303023,0.45325549377458985,0.006335314917201957,0.084716796875,-4.321134371442429,1.2635827026770072,0.016643133541029496,-0.003901990215149738,0.032447978769473605
2,89,182272,30.88010587496683,-0.005831916963676021,nan,0,452.320991406839,0.4132034087692138,0.0018295438746751221,0.0072021484375,-4.292261742281575,0.9699523869336698,0.005050665030522006,0.00037097123195386226,0.000774864112573135
2,90,184320,30.973968124948442,-0.005913685896486451,nan,0,450.9723766464061,0.43632822145649675,0.0028317909857303097,0.0213623046875,-4.229578274106517,1.1723665802049608,0.004237917950222332,-0.0003715178617796928,0.0007597150757910198
2,91,186368,31.06432683300227,-0.005854697695004918,nan,0,447.24584244734166,0.39266278344720207,0.005400806546042412,0.0631103515625,-4.258392499498843,1.1583322264996583,0.0016172299486348094,-0.002943992725970593,0.000605660350213122
2,92,188416,31.148730791872367,-0.005679337222479617,nan,0,445.7038531491269,0.42432291831624497,0.0007713359415730643,0.000244140625,-4.304147431981791,1.20590596721036,0.004917879791147176,0.0003098915433369317,0.0006076816316569077
2,93,190464,31.229282749816775,-0.005813366846199253,nan,0,449.3973029409676,0.400609699694076,0.0031160411337988747,0.0228271484375,-4.403142764453255,1.1967973952529767,0.003790612550689406,-0.0008624995134735541,0.000499938599419412
2,94,192512,31.29286799998954,0.006092347607987797,-6.244413253911388,8,377.30855085200983,0.3976076957621751,0.0019511073394023574,0.013916015625,-4.526307972709803,1.2327152758644537,0.019127260417466645,-0.0006656024807624144,0.030533109851038513
2,95,194560,31.352173499995843,-0.005769499869945389,nan,0,447.9749357750353,0.42355969781383,0.004153305753333216,0.0462646484375,-4.461116108299118,1.4666472024375552,0.0034547032589828516,-0.0013497506888450334,0.0006866756790575323
2,96,196608,31.413765999954194,-0.005863625078886204,nan,0,452.8734693275963,0.39640065593992235,0.0024079055093406453,0.01416015625,-4.590803451546568,1.055079966050335,0.004441233083713917,-0.00036020713064787314,0.00042127352563044873
2,97,198656,31.47511574998498,-0.005735989506842407,nan,0,447.37319300411474,0.3935705225109035,0.0030611488452686455,0.0262451171875,-4.698261355471754,1.299177588755652,0.0039036394721780297,-0.0009929531489296776,0.0003966625312719095
2,98,200704,31.53205829183571,-0.005764427256132312,nan,0,446.8313056793964,0.4143379130404934,0.0024193802863433666,0.008056640625,-4.574737191950131,1.2130813157329863,0.004894609813249486,9.030089605525579e-05,0.0004591434504882008
2,99,202752,38.135719457874075,-0.0059218713554630405,nan,0,441.1334443294836,0.43660262121328913,0.005847784881146856,0.0738525390625,-4.646754841278607,1.4220300021491252,-0.0007623093664881125,-0.005733728627303766,0.0006493288390740908
2,100,204800,38.18593137501739,-0.0057832413088657764,-6.256012593787328,8,445.5720195277801,0.4129173580081231,0.004538693807811956,0.051513671875,-4.611807214000848,1.3181749961763294,0.003118283141216881,-0.001757580044158357,0.0005281119427487818
2,101,206848,38.234329083003104,0.006176962554597641,nan,0,365.0017604667893,0.4140077863019812,0.0030390267059598186,0.02880859375,-4.611068177460055,1.1631077092726732,0.0182803600406036,-0.0007157654434433551,0.0287701146131738
2,102,208896,38.28959804191254,-0.005826319704295091,nan,0,448.0401883654497,0.39853318667623705,0.006082802573374553,0.07568359375,-4.606734151565361,1.595298831667286,0.00036745831523359463,-0.0046734240776541165,0.0008682964826447065
2,103,210944,38.3403012920171,-0.005825712455766092,nan,0,444.8295869951953,0.40269354859707673,0.0065331973762521815,0.0909423828125,-4.649639832991888,1.4091028471240967,-0.002173576450353539,-0.007101682377713827,0.0005569321887367969
2,104,212992,38.39111666684039,-0.0057780359206138325,nan,0,450.62897131850735,0.3777637206665108,0.003265783618252252,0.0357666015625,-4.713768152977719,1.1034215018366242,0.0040856404511541,-0.0008482924705074373,0.00044032953736763503
2,105,215040,38.440983708016574,-0.005634642259875913,nan,0,453.0676946315685,0.390442349141477,0.0021787067811622047,0.014404296875,-4.674860066611865,1.2548764676425241,0.004670257738014982,-0.000226553993999133,0.000443903330804494
2,106,217088,38.489752708002925,-0.005798363788788783,nan,0,448.0408668966443,0.3927792146899811,0.00436248605364366,0.0506591796875,-4.674296276865003,1.4746632068354082,0.003655252604480894,-0.0012668218771643555,0.0004955564095604935
2,107,219136,38.53867766680196,0.006094888577192415,-6.19100063107186,8,372.26832411425437,0.4282847551157065,0.0010204678190391654,0.0008544921875,-4.748188969315658,1.1339415004839513,0.019165999687981876,0.0007227952927806435,0.027390030851771156
2,108,221184,38.5892952918075,-0.005798655443821191,nan,0,451.3352664078632,0.3962086091765774,0.004817145011830777,0.055419921875,-4.678743462261343,1.3078358098527012,0.005785503649067407,0.00016638129355339443,0.0018807577865053394
2,109,223232,38.637903791852295,-0.005753536424602405,nan,0,444.20191538032304,0.39766459384917574,0.002871561230056021,0.019287109375,-4.665791554473168,1.1612587888745736,0.003671712982140508,-0.001307536557329282,0.0006269159699932443
2,110,225280,38.68709324998781,-0.00576226074261027,nan,0,449.7703028117831,0.3930379229424704,0.002953392032805104,0.0142822265625,-4.7144011161877994,1.2712567389343359,0.004206593824609053,-0.0007002311627994362,0.00038484774244137163
2,111,227328,38.73493124986999,-0.005841792220486132,nan,0,446.77858586864227,0.4115913616632362,0.001631013712062943,0.0068359375,-4.679107273091702,1.1796703258361503,0.004911812889565053,-1.625783069533586e-05,0.000497926894337374
2,112,229376,38.78431870788336,-0.005712572578153569,nan,0,452.2517727264893,0.38645770417847913,0.004061579726448696,0.045654296875,-4.772737754586679,1.505047777875912,0.0030330342480637635,-0.001957234864275385,0.00043506271550494094
2,113,231424,38.833482541842386,0.006157155750792012,-6.191438547674267,8,380.53513409260927,0.3994703828047875,0.0018993224299058017,0.0098876953125,-4.854162637079492,1.2333501168909224,0.01760167327594523,0.000468782588487769,0.024557456100755937
2,114,233472,38.88190208282322,-0.00570893430137062,nan,0,454.240574571984,0.4084485702375271,0.004719782233591561,0.055419921875,-4.792760535239387,1.6306309639059902,0.004243206468459148,-0.0008888207123589572,0.0006785332911574337
2,115,235520,38.930280125001445,-0.005910320062803142,nan,0,453.86981958804387,0.391922047295966,0.0006574212036045968,0.0003662109375,-4.779076102365312,1.4861532510048183,0.00559608944845498,0.0006196404945754633,0.00039474570302841007
2,116,237568,38.97866649995558,-0.005836185005066493,nan,0,441.45325909681816,0.40654907438938115,0.004373750921133495,0.0491943359375,-4.808272510465647,1.5396069209398489,0.001855536583524742,-0.0032166104000649343,0.0005277489462480545
2,117,239616,39.026416999986395,-0.005753253300924982,nan,0,450.25447541408477,0.40438697470817536,0.004044837726220713,0.03955078125,-4.846527893275356,1.4297779518815288,0.0037733722168938754,-0.0013090108660083807,0.0004717103792537921
2,118,241664,39.07650595786981,-0.0058347853159729235,nan,0,448.246607570223,0.41912663322619176,0.003354984383652726,0.0294189453125,-4.907255830102395,1.1122822598790028,0.004780047486558182,-0.0004077031121741178,0.0005609895372598083
2,119,243712,39.124571832828224,0.006195132726209263,-6.232776373674569,8,378.14170309506204,0.41397113498599875,0.003590136195542746,0.03662109375,-4.855290666181103,1.1305490982298216,0.015288877145624742,-0.0007358136843897758,0.02233880032766683
2,120,245760,39.17369395797141,-0.005806498409375993,nan,0,457.7842160872384,0.391185292967124,0.004581647904542076,0.0618896484375,-4.768366740609153,1.3906120643758415,0.003021249096060323,-0.0019525058891713496,0.0004107764892450364
2,121,247808,39.23301837500185,-0.0058580308985779275,nan,0,448.5721301504429,0.3916289053376135,0.0034020802265977115,0.02685546875,-4.778242334980099,1.238766728149405,0.0028675892215816296,-0.002121877608939513,0.0004224489910820863
2,122,249856,39.30354179185815,-0.005751396349978977,nan,0,458.46172039571724,0.41341287625671,0.004216579546812984,0.041259765625,-4.8858710010974225,1.1419192538071572,0.002801167068751634,-0.0023088843351063326,0.00044836080552109424
2,123,251904,39.35579900001176,-0.0057929146057688775,nan,0,453.32364004795295,0.4005870567209029,0.0031793129958769795,0.02978515625,-4.8995751580898865,1.5460782249182015,0.004069137854924717,-0.0011016838523985602,0.0005424930984667827
2,124,253952,44.13212012499571,-0.005777891625486822,nan,0,452.4189087900231,0.39860918436954834,0.005761718086559285,0.07470703125,-4.9380732420722575,1.6200395471045683,0.0037300465300413614,-0.0014117908653304367,0.00040752830659908303
2,125,256000,44.18154958286323,-0.005762962531445148,-6.191421077849728,8,451.44226999535647,0.4073006194886774,0.002199342278228868,0.021484375,-4.935286049196964,1.2799238543700655,0.004802429639572959,-0.0003557209071471071,0.0004457289950462079
2,126,258048,44.22980716684833,0.006183607862798138,nan,0,379.66419370648697,0.42969156621646926,0.003808343260180843,0.041015625,-4.973410144024794,1.2442322211078363,0.014660565154396378,-0.0006225597992549777,0.020619429619253126
2,127,260096,44.27880133292638,-0.005828532405631817,nan,0,443.6737480354646,0.4048079249682053,0.003620840392809914,0.03173828125,-5.051915901141565,1.3292160713368795,0.003978244638036421,-0.0013780623451795822,0.0006087821641488707
2,128,262144,44.328295917017385,-0.005791895811234245,nan,0,456.9419044486888,0.36747595876815753,0.005806699004764804,0.0714111328125,-4.988123620657972,1.595352184302705,0.0006201801243896233,-0.0045796872884534025,0.00042348758437010824
2,129,264192,44.377249041805044,-0.00575532381317592,nan,0,455.37922184553145,0.4035087789837871,0.0032419682691663633,0.025634765625,-5.037693278828057,1.0786466906218535,0.004176119587598004,-0.0010625202235800147,0.0004018930646999218
2,130,266240,44.42616737494245,-0.005787420375034576,nan,0,455.6762561787412,0.3915573985765322,0.004797814693392783,0.0531005859375,-5.130897364161687,1.2630033468356232,0.0036467149730045594,-0.0016620877561645082,0.00035581073001476784
2,131,268288,44.4789076668676,-0.0057544320768079145,nan,0,454.926755227376,0.3690192348600112,0.006137298261224357,0.0806884765625,-5.1679901810718665,1.3839289555001917,0.0004927348920266243,-0.004852356590059789,0.00035420260202909245
2,132,270336,44.52758474997245,0.006256600174311662,-6.185925274843104,8,376.3543802720089,0.403090134380184,0.004361062312869435,0.044677734375,-5.244315226120495,1.2097358856186617,0.012113580627414279,-0.001991108262900448,0.01772074732838846
2,133,272384,44.57506737485528,-0.005805761275087314,nan,0,457.85640225213893,0.3833679096508031,0.0034605644984132848,0.028564453125,-5.1930826358716935,1.1283794799986793,0.004067350335288895,-0.0013188608988384445,0.00038625719651129247
2,134,274432,44.62316820793785,-0.005761513895292711,nan,0,450.4265062341136,0.3985354852161168,0.004215881419689127,0.04833984375,-5.19415610568939,1.3087323380733467,0.0034135128097625197,-0.0019865740718656147,0.0004118615518774857
2,135,276480,44.67100679199211,-0.005840009774011298,nan,0,454.02199317127344,0.3948371960048803,0.003449186247390367,0.03857421875,-5.129235764850152,1.6660511529199735,0.004795400805885068,-0.0005263208093680034,0.0003849717008058358
2,136,278528,44.718869499862194,-0.005732272762280563,nan,0,455.4441422456168,0.35273168510634256,0.004897469747835801,0.059814453125,-5.173807175165763,1.6443178706392896,0.0018264610846489043,-0.0034872721008753042,0.00027985202071689026
2,137,280576,44.767165374942124,-0.005731291247416783,nan,0,452.6070237339469,0.3771642932797749,0.0036558142937617253,0.0321044921875,-5.073589300212427,1.3504434968152492,0.003501773273249516,-0.0017348317583380703,0.0003260314627503187
2,138,282624,44.816061957972124,0.006155852281664264,-6.176510313954402,8,384.17825061153263,0.42251475778701786,0.0072485287920188435,0.097900390625,-5.09599050011939,1.1802472332324063,0.008110953182082279,-0.004833769895652103,0.015697465155229982
2,139,284672,44.86487662489526,-0.0058602306275441635,nan,0,453.5119969234688,0.40144324574697954,0.0031169669983193847,0.0208740234375,-5.074155572708288,1.3036766726077635,0.004553617893288344,-0.0007552300331485104,0.000469384707457132
2,140,286720,44.913443374913186,-0.005718379616363775,nan,0,451.80929923854916,0.36752009088191473,0.003597125323414229,0.03125,-5.02624576647038,1.4677847734139093,0.004648862665645032,-0.0005422406184580203,0.00032971503526534
2,141,288768,44.963000582996756,-0.0057209030460798746,nan,0,460.2054145349171,0.38057917347145553,0.0022161889317624927,0.010986328125,-5.109535911969369,1.1915972623669968,0.005180678410181478,-8.593639441195535e-05,0.00031415778524812815
2,142,290816,45.01250783284195,-0.005747959306612436,nan,0,452.02230713330374,0.3822306122558069,0.0025209600748778895,0.0205078125,-5.13236934512623,1.259901589067602,0.006017993724643572,0.0006650632166884775,0.00044112232565772015
2,143,292864,45.0615132919047,-0.005769784449902446,nan,0,452.92033449239665,0.39078673159181665,0.0017128300839819586,0.0126953125,-5.10534699851846,1.2586109995297865,0.00481405539423716,-0.0005281312060270247,0.00047367920349144956
2,144,294912,45.11319795786403,0.00616756070988124,-6.149928996929238,8,373.7088641065146,0.40007941733751695,0.004374910135078364,0.0413818359375,-5.186979866607473,1.3665111100677663,0.01182689317161345,-0.00026379111492604544,0.013807408839864043
2,145,296960,45.16355554200709,-0.00569206825426654,nan,0,452.69137750248973,0.3833556147520413,0.003329220090366909,0.025634765625,-5.262254221139176,1.2908487622216893,0.0041333973366123695,-0.0013281016413713865,0.0003984895136891607
2,146,299008,45.21394412498921,-0.005842165846582682,nan,0,453.1546120220964,0.3927366019202429,0.0033376159004624897,0.025634765625,-5.199212518888919,1.6376032074279188,0.004301779967893087,-0.0010944856679512777,0.0003941062339109008
2,147,301056,45.272100124973804,-0.00568247340614774,nan,0,452.6969989886706,0.3782429105936896,0.005501615610705723,0.0679931640625,-5.254216888241578,1.4399326329034086,0.0018071067423462875,-0.003627043769278487,0.000359867246766395
2,148,303104,50.07387816696428,-0.0057305820006720385,nan,0,456.12270944779067,0.37158086666224355,0.007507051459023143,0.105224609375,-5.235973701177549,1.426782413046492,-0.0012896806099585683,-0.0066570231390495815,0.0002627376558269264
2,149,305152,50.125619291793555,-0.0058831535270911966,nan,0,449.6451143619276,0.4080125556175723,0.004513374194689614,0.05078125,-5.315625808294564,1.2823651720514855,0.00336403651918885,-0.0021583726307753933,0.00041356668333935513
2,150,307200,50.174788291798905,-0.0057825837557413185,-6.1801451728197065,8,452.71076615789053,0.40725374519216484,0.006384772719635366,0.0830078125,-5.410475609980306,1.476320844850889,-0.000813344700168586,-0.0064976685564031925,0.0005476964925085956
2,151,309248,50.22571604186669,0.006195989216418895,nan,0,368.757257599641,0.41143875208441594,0.004921773546445948,0.0543212890625,-5.4580236751824085,1.2977444878103714,0.008820324292796713,-0.002748023987784098,0.0122206492107968
2,152,311296,50.27554408297874,-0.005706078824992937,nan,0,454.4615918697616,0.38271858892806615,0.006633579001257418,0.09033203125,-5.426258989336285,1.718521213237065,0.001148868734077877,-0.004529586642181478,0.0005043927738461371
2,153,313344,50.32620666688308,-0.00579663708951994,nan,0,450.88124616341025,0.38716017792959917,0.003567820119282904,0.0364990234375,-5.464860761437576,1.4031788940932763,0.004176215644301583,-0.0014890332842080155,0.0004007763341440566
2,154,315392,50.37495824997313,-0.005822229060597777,nan,0,449.9663839903088,0.38178888462935207,0.002854047783068477,0.0179443359375,-5.37928034062966,1.294822095658323,0.005566124857957358,3.588925356845518e-05,0.0003019105275184804
2,155,317440,50.42482824996114,-0.0057636560017653975,nan,0,451.5006936222281,0.3868595786312762,0.005317327166672806,0.061767578125,-5.376509983728662,1.2541745568019418,0.0025209643900920777,-0.003023027474655859,0.0003349637620385514
2,156,319488,50.47558287484571,-0.0057992003649878394,nan,0,455.9811277723193,0.38761936254604706,0.0015512734411511622,0.004150390625,-5.430974273273463,1.329974414334455,0.0057028636580619295,0.00010349692258701613,0.0003367849244029037
2,157,321536,50.52563633280806,0.006236953220570831,-6.161210768612493,8,369.6093152553932,0.4056872477456183,0.0004276545212516667,0.0,-5.474369331554059,1.4276330841737606,0.011277153130110741,0.0007127501443170113,0.010180067308479347
2,158,323584,50.576052916934714,-0.005743537550856238,nan,0,457.87887114040075,0.38951390541369235,0.004112177123409272,0.0406494140625,-5.49352826025868,1.2153099886905094,0.004482693756667767,-0.0012139222285207371,0.0004061754498596477
2,159,325632,50.628457916900516,-0.00576471465479606,nan,0,458.3827331332942,0.37704900123059226,0.005123030702133005,0.0606689453125,-5.522307158078519,1.6588948967750652,0.001196672099823247,-0.004479963430010473,0.00030865674351040557
2,160,327680,50.6793750829529,-0.005724677014727749,nan,0,454.6874762741199,0.3726152669767018,0.0037760614439204636,0.0343017578125,-5.573962952294351,1.3866754001379826,0.002683226671979816,-0.003056333892792723,0.000331195224956381
2,161,329728,50.73245733301155,-0.005774092663281834,nan,0,454.3027070801878,0.3627028067377297,0.008321559354364362,0.1175537109375,-5.521266750639612,1.6804336773726956,0.0027671786234742405,-0.002881900431486943,0.00025562460864315137
2,162,331776,50.79079929180443,-0.0057850489052989704,nan,0,450.9750216837927,0.38600122299985795,0.0037457723668819914,0.032958984375,-5.518439671023992,1.3941571603458534,0.004848743448391517,-0.0008771595683379364,0.0004149266914109283
2,163,333824,50.863104874966666,0.006263953924187342,-6.148064422201307,8,372.5014641293602,0.38642317806474213,0.00152873998940657,0.0015869140625,-5.486156556798969,1.3710192473838803,0.010380105800622203,0.0005837824284207279,0.008620333630805012
2,164,335872,50.91574199986644,-0.005732614648432636,nan,0,457.32425182036076,0.39039628735409915,0.0035676651304489687,0.03173828125,-5.4204086733297485,1.3036984720982243,0.004036160929208558,-0.0016092074667933172,0.0004499194453442408
2,165,337920,50.96996241691522,-0.005749395036741861,nan,0,458.0657541208267,0.3795249219839727,0.0024747179313467354,0.0093994140625,-5.3942697667470805,1.3214865694415843,0.00501461820608976,-0.0005206086535912903,0.00028191418586793923
2,166,339968,51.02083391696215,-0.005802784110720518,nan,0,450.2882312687181,0.38246928195289887,0.0018331905802247783,0.00439453125,-5.33960015603668,1.2262143784634223,0.005839995540677148,0.0003450552039914196,0.00031068036129809704
2,167,342016,51.07343633286655,-0.005755168770520526,nan,0,454.9361113282177,0.37344887122185494,0.003350965867474902,0.0264892578125,-5.366844719131644,1.287789294130779,0.003867656825219996,-0.001627930416557753,0.0002574850452922048
2,168,344064,51.12443562480621,-0.005697058641323144,nan,0,457.25955148425675,0.39797723695318094,0.0029359300029728527,0.0216064453125,-5.335460422826463,1.3604890165066341,0.004493241598425464,-0.0010436940101774233,0.00040295037155284856
2,169,346112,51.178488249890506,0.006181388690821958,-6.140475443290609,8,367.0646950836185,0.3917059096126869,0.006883438785691079,0.0966796875,-5.401798115887169,1.3573942725220212,0.004786566075607828,-0.004509416427612356,0.007788368774666032
2,170,348160,51.23744416679256,-0.00575026636126685,nan,0,451.5362982828345,0.3650660180334028,0.005195676691723791,0.0654296875,-5.434990132989784,1.5273639872667002,0.0038279027569181317,-0.001806250294871227,0.00039832583759914997
2,171,350208,51.29090999998152,-0.005726530006394613,nan,0,454.5364830713918,0.3684225253835902,0.003367457876735384,0.02783203125,-5.46010962290924,1.3438670050562371,0.005599530643430972,-0.00011996691145067014,0.0005187758639448046
2,172,352256,56.10793595784344,-0.005751522211842117,nan,0,446.10798618047903,0.36830883489640404,0.004120694651509443,0.0423583984375,-5.4462308929527055,1.389083589733592,0.003365768563023521,-0.0022594102960787304,0.00035789593229909177
2,173,354304,56.1670164167881,-0.005693843047970234,nan,0,460.57649171025326,0.35224681572883965,0.00355285406353173,0.0335693359375,-5.559658213339517,1.2509827104023903,0.004448064310456037,-0.0012040379603489703,0.00018488811493097914
2,174,356352,56.224129542009905,-0.005676449261895878,nan,0,452.4871169189127,0.3455186979080971,0.0005958074656541678,0.0,-5.541110659626799,1.0750107533676305,0.006332491560782107,0.0006914294149042112,0.00019990297250219294
2,175,358400,56.27476970781572,-0.005732179448315122,-6.092815413703394,8,457.6527739328531,0.351015052931584,0.0003938942920543798,0.0003662109375,-5.5697994959376285,1.4394845516446804,0.005754963146560094,6.575691836778713e-05,0.00023881346450935553
2,176,360448,56.329538207966834,0.00626718244533961,nan,0,375.11866377045055,0.3869568317491222,0.001924845946362484,0.01123046875,-5.4545142303959935,1.099697856833868,0.008943264805463437,0.0003162961153324543,0.006344908919469986
2,177,362496,56.379672791808844,-0.005757435641308868,nan,0,460.2761989231376,0.3796511256172369,0.002917968137343923,0.021728515625,-5.490934624347876,1.3498330735620399,0.005071694399573112,-0.0005777178758309357,0.00031695530211233835
2,178,364544,56.434103374835104,-0.00579294999117839,nan,0,459.1790454927533,0.3575623075453407,0.003384680448676996,0.0306396484375,-5.520435725568117,1.2837897085755308,0.0044774128098579126,-0.0011800874740710069,0.0002741291167216042
2,179,366592,56.48670329200104,-0.005650168560188169,nan,0,449.92812356046807,0.36510133851287685,0.004041707411187031,0.045166015625,-5.447877593839672,1.3892653652756362,0.004551457128845393,-0.001035982583720868,0.0002791242374531814
2,180,368640,56.541170249925926,-0.005784688641090741,nan,0,458.55772802210544,0.38607581132112273,0.0030748901526440535,0.02734375,-5.530799339679511,1.25448758988928,0.004818727505818253,-0.0008723554692019082,0.0003205672706813016
2,181,370688,56.60453979182057,-0.005737028877965708,nan,0,452.94249106349235,0.386238104630807,0.005201193716197728,0.0572509765625,-5.4328183204884235,1.343994887141879,0.0030577579683880992,-0.0025416435409014483,0.0003331663776022439
2,182,372736,56.66238812496886,0.006297632557741037,-6.108370776547605,8,382.256984922919,0.37366681463703344,0.004589473541537032,0.053466796875,-5.401993314095055,1.274651362237137,0.007563840998750967,-0.0006177000361055366,0.005559095441522894
2,183,374784,56.7222284169402,-0.005822953300703633,nan,0,443.55044464713563,0.3992563820830291,0.003929835355200307,0.03564453125,-5.280011371028393,1.596052803161916,0.004272709350206753,-0.0013051861709123197,0.0005957683001813609
2,184,376832,56.778724416857585,-0.005618618366011529,nan,0,459.42151140173286,0.3408037076589249,0.0031196634032508615,0.0230712890625,-5.332615706416926,1.5419104220638247,0.004155427817394796,-0.0012687402339421712,0.0001831046898400794
2,185,378880,56.84166779182851,-0.005751757148425627,nan,0,459.8690348786685,0.34054383833207114,0.004309034543190369,0.050537109375,-5.257045951867816,1.4661355728213104,0.0039639673983907905,-0.0013951359188945321,0.0002041147308350158
2,186,380928,56.90057491697371,-0.0056448168896133,nan,0,458.10722874125264,0.3426549325076223,0.005522370047097587,0.0628662109375,-5.25297943582482,1.3021936698147043,0.002295062957688679,-0.0030867492952413363,0.00025766563421039196
2,187,382976,56.962102541932836,-0.005686064547320203,nan,0,462.55944290691633,0.3668263667688533,0.005935484597734227,0.07080078125,-5.139705772674087,1.5733802689460636,0.004092153956857827,-0.0012129792250972294,0.00033085481856193514
2,188,385024,57.02722945786081,0.006210046607478018,-6.085026542000472,8,380.4831759622647,0.39447014690095694,0.005272596002404168,0.0584716796875,-5.17885345994482,1.2349039517326228,0.005575869184056026,-0.0021440264230152494,0.005082084294252909
2,189,387072,57.09289512480609,-0.005767651814049519,nan,0,451.7676616608709,0.3841915203070264,0.002997095246951724,0.0306396484375,-5.099989345412629,1.6826123006665759,0.005668886601686376,0.00031311819268190627,0.0005115581271836792
2,190,389120,57.162802750011906,-0.005680431826292735,nan,0,457.9579077647109,0.34240476987167723,0.005082338247201706,0.059814453125,-5.162374052434483,1.6586862763241284,0.0028923516222328144,-0.002390791360165656,0.00024153785992797545
2,191,391168,57.22849612496793,-0.005795924652876561,nan,0,449.9453191990306,0.3677309800940849,0.005795983463080379,0.070068359375,-5.08101986444391,1.4749839738092103,-9.102196836747664e-05,-0.005336735995647801,0.00032938832567282525
2,192,393216,57.293589332839474,-0.005736770912805347,nan,0,456.99504514458346,0.37801458727122644,0.0030332023062742772,0.0167236328125,-5.0911016515390735,1.4471421171413479,0.0048221994789266216,-0.000383672430437959,0.0002295405156510159
2,193,395264,57.34777774987742,-0.005715115288961501,nan,0,459.56567288326994,0.35500955271247997,0.004601154511466024,0.0509033203125,-5.167894279302145,1.437568236793206,0.0019947230204709543,-0.0032790224935096623,0.00021170246935694524
2,194,397312,57.403193457983434,0.006278486824569158,-6.090017079259237,8,380.87394048807715,0.3780631329261154,0.003791495359721881,0.0377197265625,-5.254954420167505,1.2324670364565473,0.00626427090472865,-0.0011835355855249231,0.004385704140172132
2,195,399360,57.46011758293025,-0.0057632198224579255,nan,0,454.0705528870621,0.3622592485803074,0.003685263764373832,0.0369873046875,-5.158574369403178,1.523139247492905,0.003978621327444354,-0.001372317062453905,0.0003847280409901636
2,196,401408,57.514138374943286,-0.005669708535807838,nan,0,462.67731385458063,0.34489633468928116,0.004495923771857699,0.052490234375,-5.157888571479475,1.8692061876251747,0.002255476392049437,-0.00299915919941652,0.0001934940399729609
2,197,403456,62.22862391686067,-0.005698334523170874,nan,0,457.11113251550034,0.35725687104476733,0.002216141975297806,0.014892578125,-5.228985116040969,1.2729888907037163,0.004195674461330273,-0.0011465718846605097,0.00022652245989962869
2,198,405504,62.278446124866605,-0.005724460736347272,nan,0,456.7080135145182,0.36470398943000015,0.0045508979827107165,0.0577392578125,-5.20650654260524,1.6032440353289434,0.0027683835730294157,-0.002574010116105247,0.000271774293058849
2,199,407552,62.3278393750079,-0.005686150608608982,nan,0,456.6207607723771,0.35829895578153503,0.0029938702777395155,0.0194091796875,-5.238348187668104,1.3543340805258994,0.004082563265325203,-0.0012846885337565563,0.0002578072228273077
2,200,409600,62.37730933283456,-0.0057272437154635165,-6.077070969365925,8,453.6852921946705,0.3515248366509653,0.0035511819526007973,0.0306396484375,-5.249958461110692,1.3450702767712273,0.0032281207310722784,-0.0021343611226018987,0.0002250467851269635
2,201,411648,62.42813983280212,0.006268608399185899,nan,0,376.0823576444056,0.3946760636642625,0.0026836001826924245,0.0264892578125,-5.226082497225002,1.308128292884328,0.007425076221226606,-3.019652932649379e-05,0.004458380506656192
2,202,413696,62.477870874805376,-0.005818149663044491,nan,0,443.5174048068151,0.4002257590170754,0.002744035582992487,0.0179443359375,-5.378122808523363,1.3568881349037931,0.004907686179115901,-0.0007004378831959486,0.0004600025075769784
2,203,415744,62.52898645796813,-0.005740672451436608,nan,0,453.28429934578077,0.372464394974484,0.0033494243988389785,0.0247802734375,-5.353673097276904,1.4514777904743656,0.004893171964533103,-0.000657395084660263,0.00039378790383291887
2,204,417792,62.58243658300489,-0.005714910525672613,nan,0,459.26980776529206,0.3713718359020437,0.004527933614297184,0.0584716796875,-5.374156402612076,1.611504580539669,0.004988402926634761,-0.000530646351901629,0.00028978575184862815
2,205,419840,62.63359562493861,-0.005729606803145602,nan,0,453.388095131105,0.35155410930605074,0.0038585024871017064,0.04150390625,-5.3577141836341315,1.3934929879471483,0.00438546358773174,-0.001076860962018136,0.00020922073223149414
2,206,421888,62.68645054195076,-0.005728979322198631,nan,0,459.1195537138353,0.3538249290221763,0.006244835430995249,0.0838623046875,-5.341654428226268,1.6436877925246662,0.002377315622088836,-0.003093802810563432,0.00025892800885200036
2,207,423936,62.737410499947146,0.006132828451302669,-6.136601824442538,8,379.9271592852762,0.3918528603282374,0.004449159436370854,0.0474853515625,-5.295177570453691,1.5097014176486896,0.005645856885839151,-0.0015487743809536334,0.003798907392678183
2,208,425984,62.786660249810666,-0.005723100281632785,nan,0,451.8325626238047,0.38326098553779464,0.0044462335119011005,0.04443359375,-5.200157383143249,1.6410678264499565,0.0028958524476323817,-0.002502215020925449,0.0003958201708291587
2,209,428032,62.83568733278662,-0.005708051117708166,nan,0,453.30218283118234,0.35027771120724815,0.003412261902309037,0.03515625,-5.141379451705147,1.7583297023930522,0.004167372502786287,-0.0010983049018404838,0.0002485959058432471
2,210,430080,62.886507249902934,-0.005707387820926743,nan,0,441.1337414168661,0.36208942088339113,0.004185561042560929,0.038330078125,-5.173109024421572,1.4589314021629618,0.005197683625077164,-0.00010075413905891346,0.00025065747942900913
2,211,432128,62.936514667002484,-0.005718805965174522,nan,0,462.57929301700574,0.35500644906930745,0.004175144348178899,0.037841796875,-5.104998967952293,1.3112472721233597,0.002870935661153797,-0.002332864889902878,0.00019760316620876366
2,212,434176,62.98608204186894,-0.005673811515956904,nan,0,460.81253171944377,0.3725096294006186,0.003730467078063238,0.03466796875,-5.180981546022766,1.2765477760620694,0.0045102537671685644,-0.0007911928550846225,0.0002409301524608409
2,213,436224,63.03567687491886,0.006194721076051785,-6.095941748486112,8,378.7942385343456,0.3697245376473516,0.0039361341371986725,0.0528564453125,-5.0770368598783095,1.2240089580738012,0.006030233859747419,-0.000815821387667939,0.003538036775074093
2,214,438272,63.08537954185158,-0.005727668170415467,nan,0,453.48880204534987,0.361889244956596,0.0077305655584443255,0.1072998046875,-5.145654378724053,1.7688385783462808,0.00033116005291456145,-0.004943419792251192,0.00025785093288340074
2,215,440320,63.13785870792344,-0.005709186340604773,nan,0,456.8252801015442,0.358078516473852,0.003745582513186995,0.0321044921875,-5.150931234215918,1.2989811389700683,0.0033254955225437703,-0.0019322408486093065,0.0002136102738743204
2,216,442368,63.19554999982938,-0.005677241752287712,nan,0,462.2018249414655,0.3448445589280915,0.001502199496098382,0.00634765625,-5.2188590540211015,1.4496001140742514,0.00534674187772017,1.351969480633576e-05,0.00022872625778546437
2,217,444416,63.250524499919266,-0.005720395067881237,nan,0,456.0585254630974,0.362786019273892,0.0002529529405778606,0.0,-5.209332360615512,1.2885611135043002,0.0057021445905234,0.00038772195836991787,0.00021018054307593963
2,218,446464,63.30538749997504,-0.005745105834664787,nan,0,454.1867721247676,0.36472021611389815,0.0048834477600776735,0.05712890625,-5.187321134345197,1.3893722837190778,0.002209448706450047,-0.003118526180129649,0.00028130750446900586
2,219,448512,63.37464095791802,0.006331976175921312,-6.063407662578376,8,383.6225968705532,0.3706577553607673,0.0054238236020376545,0.0721435546875,-5.146350963227714,1.1834634807352893,0.004146435977860934,-0.002778256351086725,0.0035566827314398885
2,220,450560,63.44236712483689,-0.005765026760511492,nan,0,462.1517461621567,0.357781039005991,0.0022233112586471718,0.0123291015625,-5.185931138573357,1.5143793612392171,0.004938756422980639,-0.0004924019906017776,0.0004904545500181182
2,221,452608,68.54926120792516,-0.005653872863362896,nan,0,455.91854615195973,0.35225597237709116,0.002952242275151255,0.02490234375,-5.131506072607555,1.5947457445498983,0.005313216403029174,-0.00015547924011669045,0.0006743791410766245
2,222,454656,68.60174433281645,-0.005712883513175624,nan,0,465.474880345848,0.3536834171536297,0.002452761744350376,0.0135498046875,-5.146918255086186,1.3764393194407618,0.005134218680798651,-0.00010853706997179628,0.00019167499136852278
2,223,456704,68.65719191683456,-0.005725864283452706,nan,0,457.8202238147428,0.36679903576772993,0.0035680452249822942,0.0323486328125,-5.16675603039439,1.3574404524498944,0.003076862186850695,-0.0022079029777319426,0.00023601826837649665
2,224,458752,68.70812537497841,-0.005669315082556725,nan,0,468.4156700328157,0.3312928879307929,0.0032444636005492297,0.0269775390625,-5.152501988814027,1.2523910357527233,0.004589435022497014,-0.0006312720610998027,0.00013641018956558066
2,225,460800,68.75885095796548,-0.005641909594361522,-6.045504285186821,8,459.3355044531288,0.34474735431182446,0.0031660865877606425,0.0311279296875,-5.050226568025138,1.5343528172328793,0.0038976949926728607,-0.0012769784126049348,0.0002488936745053146
2,226,462848,68.81040991679765,0.00631570660484111,nan,0,379.4110159972488,0.35635999618684877,0.0008734182981016727,0.0020751953125,-5.001259705310124,1.5648328878261242,0.006950055768957993,0.00034724533710688444,0.0032031014530819655
2,227,464896,68.8616173749324,-0.005734096904973665,nan,0,455.9835298977132,0.36332469384263466,0.0065805523990963635,0.0882568359375,-5.162216265299862,1.7011858231383248,0.0004588989136664447,-0.004962402005453375,0.0005181693076399137
2,228,466944,68.9121053328272,-0.005755048075591365,nan,0,453.9943336834348,0.38694453177387456,0.003360386009325052,0.0289306640625,-5.050155744831039,1.505648436187613,0.003933288274315803,-0.0012626944862784595,0.000291654031526447
2,229,468992,68.96419370779768,-0.005738702754899424,nan,0,452.4670077687866,0.38716022639487657,0.0036633539959103267,0.041259765625,-5.122329757259251,1.7418036463545514,0.004286842398688826,-0.0010169238128563901,0.0003628729085719299
2,230,471040,69.01395999989472,-0.0057084030014182005,nan,0,456.09732313547653,0.36360060269919836,0.002082441709861612,0.015380859375,-5.097041950288311,1.5197809749751432,0.005387092822214638,0.00016851323735735113,0.00024307526913795106
2,231,473088,69.06316833291203,-0.005766211634114792,nan,0,446.9759837333954,0.3600924635109866,0.0039081387761040875,0.04052734375,-5.032846955485949,1.6352099715343826,0.003389160885340124,-0.0017591639982152806,0.00023095585613891093
2,232,475136,69.11622879188508,0.006230638930710272,-6.106633621485418,8,371.55750176458076,0.36272666850964963,0.005317296610965371,0.06298828125,-5.119579121848892,1.2049649863569365,0.005303750018802107,-0.0016205410215371441,0.003609423836980717
2,233,477184,69.16753508290276,-0.005635589044829845,nan,0,461.5487692486365,0.35729091336279195,0.002563404029781745,0.015625,-5.109589424861114,1.3301020875775802,0.004927101570259945,-0.00032130683895948385,0.0002776379687166265
2,234,479232,69.21871562488377,-0.00574147908519066,nan,0,456.3755725255522,0.35051450973962117,0.004033635235426039,0.0406494140625,-5.220042771952631,1.5916629613667816,0.004433656323896409,-0.0008995764414742786,0.00022637998683611442
2,235,481280,69.26869391696528,-0.005727496259378765,nan,0,462.6231623861868,0.3586823137468951,0.0025995915916392897,0.0250244140625,-5.193642645839826,1.3271956180691669,0.004905064985071275,-0.00039948872486045284,0.00022182212818380623
2,236,483328,69.317077124957,-0.005710043758663533,nan,0,456.36187101914516,0.35616556936251953,0.0031540055025330916,0.026123046875,-5.0955676017373595,1.4199563963195954,0.004401015565951358,-0.0008165137283604115,0.00024392338514882202
2,237,485376,69.36646237480454,-0.005782320120984664,nan,0,453.821384968829,0.3841878461420932,0.0024485415537180218,0.0101318359375,-5.0779412639540045,1.4556688723189564,0.004937937581814132,-0.0002929828646730597,0.00030595836506637367
2,238,487424,69.41585374996066,0.006207374288108273,-6.080788945581837,8,376.6977558875178,0.3938287474948023,0.004368713461700811,0.0450439453125,-5.1006700969539045,1.218720602994447,0.005450982047484929,-0.001191921991004855,0.0030844678830717607
2,239,489472,69.46714362478815,-0.005596674607589799,nan,0,459.411353591135,0.34639879715264243,0.0027567252741470703,0.0167236328125,-5.055233908421723,1.4417191912345984,0.004782875834753389,-0.0005507135293310074,0.0005567109113253478
2,240,491520,69.52065762481652,-0.005729550333411142,nan,0,460.00185377789523,0.34281018486674814,0.006275262912564819,0.082275390625,-5.02202478358196,1.4293393674330193,0.0022946734257751743,-0.0028935809147118915,0.0003324591138102075
2,241,493568,69.57219920796342,-0.0056701782803558875,nan,0,457.6240961389826,0.35827236620058267,0.004045389112100354,0.0362548828125,-5.0752224138765225,1.4831770816001688,0.004136353907758862,-0.001068132708243949,0.0002585284042525692
2,242,495616,69.62610479188152,-0.005832571042707658,nan,0,456.0188757439456,0.3641763142424159,0.0008380208499612297,0.0020751953125,-5.054083533215363,1.5364427364881228,0.004991101075147938,-0.00018055500476713872,0.00023514509339941974
2,243,497664,69.68218879192136,-0.005669428367255691,nan,0,454.8892173070619,0.36293097743479596,0.003899362935622057,0.03955078125,-4.976953180091218,1.4771218238752244,0.0025047457418786064,-0.0025858350996496543,0.00022725532287408727
2,244,499712,69.73625174979679,0.006242128185213882,-6.069938576460024,8,380.23869835721155,0.38540711867014066,0.004207220872119992,0.0360107421875,-4.891992717688867,1.5200820346128117,0.006364749946210849,-5.345571620714654e-06,0.002956205600285395
2,245,501760,69.78937516687438,-0.005751345781558955,nan,0,458.2710729812166,0.3672594671542377,0.004232616200104662,0.0401611328125,-4.934334554440705,1.2690714675165564,0.005275010350069669,0.00022169860302944842,0.00023795438519903073
2,246,503808,75.07548541692086,-0.005652821079202449,nan,0,458.00801981198936,0.3782092313254987,0.0031564372806037787,0.018310546875,-5.017530293325778,1.3708093003764907,0.005530287256885129,0.00036857934198728654,0.0002883552431441307
2,247,505856,75.1263402919285,-0.00576048580326401,nan,0,461.0889820750201,0.35024608905033794,0.004604409193823852,0.056640625,-5.038198992075644,1.4505335872623217,0.0029413993396296325,-0.0021966761672565505,0.0001997530296210696
2,248,507904,75.17613145778887,-0.005720627255903725,nan,0,463.27904337874776,0.34851721618015075,0.0028810318302082616,0.028564453125,-5.027438341613643,1.492337213121493,0.004992222600480117,-0.00013815326182826417,0.00020587504138947464
2,249,509952,75.22502087499015,-0.005689041337217841,nan,0,463.3378522008226,0.3434983095931088,0.0024963382691021115,0.0107421875,-4.998383246504528,1.4788306775046272,0.004151551294742418,-0.0009394643470470262,0.00018526479056983232
2,250,512000,75.27520404197276,-0.0057189099288419264,-6.087004027283716,8,454.80337152052584,0.370363114818961,0.0026921031394111323,0.0281982421875,-4.9634167912013725,1.604707761529439,0.004835726017715558,-0.00024064757201978405,0.00022591359706793454
2,251,514048,75.32543754181825,0.006212239856028704,nan,0,371.66938412034017,0.39779173029686354,0.005257969296796533,0.0628662109375,-5.066300527838807,1.3269337018415501,0.005609626686307783,-0.0009380009698037907,0.002962654256545529
2,252,516096,75.37363991700113,-0.005688808449122762,nan,0,461.6962682791528,0.3584601438833505,0.0034357804330370388,0.0296630859375,-5.042776215224743,1.4724743516153276,0.004277845652624744,-0.0009176024405682486,0.0003053437559365036
2,253,518144,75.42205883283168,-0.00575512291131567,nan,0,455.02527924698114,0.37819783457815254,0.0037528209361815936,0.0380859375,-5.0626714669172195,1.5203045900014258,0.0036551414850700278,-0.0015265978593376438,0.00023813575498089925
2,254,520192,75.4695928748697,-0.005729065567494994,nan,0,458.58062865776736,0.3730491549219172,0.004026399851628576,0.0484619140625,-5.094826337323474,1.4075957124371543,0.003601135592230669,-0.0016246122975112492,0.0002618431048368898
2,255,522240,75.51728570787236,-0.005745433659278133,nan,0,453.6637386206659,0.35189206701382447,0.006044775498222431,0.075927734375,-5.093060523604078,1.2251507760715297,0.001099364226162759,-0.004080818723837102,0.00017424485279156858
2,256,524288,75.56589879188687,-0.00571689910298007,nan,0,459.05911562257967,0.3651344630005559,0.0027538741621569735,0.0206298828125,-5.097902430617153,1.433057914781065,0.004538434985423659,-0.0006991334337391074,0.00027933197709123085
2,257,526336,75.61471724999137,0.006254252736662983,-6.111628386549989,8,377.972505315193,0.3772095168074428,0.007131652987168333,0.10302734375,-5.074773207942387,1.2890558623108945,0.003219122224609002,-0.0032819476819101975,0.002852593397153621
2,258,528384,75.66352683282457,-0.005679775174168839,nan,0,462.0242906587043,0.3346724277846518,0.00026782529687841244,0.0,-5.206262021533709,1.367309619675185,0.005623611078563643,0.000321630960455916,0.0001914361931480341
2,259,530432,75.71268262481317,-0.005706630967564514,nan,0,453.0228093193667,0.3611547025407769,0.004840870327653915,0.06005859375,-5.189049854845175,1.5632800618809277,0.00251194090121008,-0.0028089965510424905,0.000263775194814788
2,260,532480,75.76118499995209,-0.005722245332073472,nan,0,458.1040332994873,0.36272877739656234,0.003094037778751438,0.0196533203125,-5.265434794360656,1.287822262277427,0.004371076156864371,-0.0010225705350024178,0.00025642379501225913
2,261,534528,75.8104240829125,-0.005725133747860331,nan,0,456.2624412799728,0.35479315571229275,0.00016695300939311125,0.0,-5.199911139585842,1.3323143284326053,0.005581327440523802,0.00026123838670729857,0.00024035582846132757
2,262,536576,75.85868799989112,-0.0057609538463391195,nan,0,458.00769913213475,0.35961523551806845,0.002827229392079595,0.0167236328125,-5.217207515679878,1.3842274283742344,0.0039245673533146236,-0.0013994931178677645,0.00021370591100501577
2,263,538624,75.91751441685483,0.006317005932138004,-6.060940913651894,8,368.25338891949633,0.3582845884087777,0.005492183467034574,0.0709228515625,-5.3039600249421035,1.3240891017196974,0.0031289784620541494,-0.003601022755896492,0.002852082386017079
2,264,540672,75.96655616699718,-0.005698453280029942,nan,0,459.647240398102,0.3731029765618868,0.006008030107512993,0.0751953125,-5.340064683090138,1.8263350911998821,0.0034760442804756316,-0.001989454024032715,0.00025086724283641823
2,265,542720,76.01300579193048,-0.005692328107003859,nan,0,462.339000899461,0.3508717041318713,0.004207983507471404,0.04150390625,-5.401772188969158,1.6000295103680395,0.0031025689634515577,-0.0024159097717395754,0.0002334130924439536
2,266,544768,76.0635854578577,-0.00570968876522264,nan,0,462.54353776937165,0.3479033042542913,0.0028515354114115304,0.0205078125,-5.563816577707486,1.4475802004583422,0.005304553859511664,-0.0003630806210884993,0.00020763580578535043
2,267,546816,76.11093279183842,-0.005625784656935801,nan,0,458.53471820721205,0.32173761279299995,0.004520425224446107,0.0477294921875,-5.591697706483245,1.7353348290625727,0.004822372447108656,-0.0008579118156665094,0.00017717311258383985
2,268,548864,76.15915266680531,-0.005706922158105712,nan,0,463.9265270439877,0.32839331087575835,0.00424144811142055,0.0479736328125,-5.692811695121764,1.5087454247444971,0.003564359385201928,-0.002193620005396718,0.00013033539095376093
2,269,550912,76.21204545791261,0.006260262228268977,-6.038104042469269,8,374.4689765068609,0.3592590103688377,0.008173581042187386,0.1162109375,-5.667068149178103,1.3665041105624622,0.003363657553408738,-0.003752150910157687,0.0028974806287766436
2,270,552960,81.07117412495427,-0.005631609464592792,nan,0,465.7189861537156,0.33681790851594723,0.003600346412732005,0.03515625,-5.799369486225418,1.1720726228142135,0.004629415389530003,-0.0013735465361121163,0.00040718487883340107
2,271,555008,81.12903991690837,-0.005634652003669471,nan,0,462.5953334792754,0.34098954833371664,0.003276066873562735,0.02880859375,-5.7317052413318645,1.5828368884554955,0.004508548173955424,-0.0013229054964348681,0.0001994968581168647
2,272,557056,81.18511724984273,-0.005745159009567985,nan,0,465.81274841789366,0.35347799522132173,0.004106233820561831,0.044677734375,-5.770198578750465,1.809692581560055,0.004876923491971682,-0.0010561906140458552,0.00032583105453414505
2,273,559104,81.24036341696046,-0.005693929884991147,nan,0,460.3042678184466,0.36539897388876175,0.005176336965924978,0.0626220703125,-5.8186878916819005,1.654326706817678,0.0031667902390339698,-0.002786896938009386,0.0002699985707229109
2,274,561152,81.29096229188144,-0.005676933703403484,nan,0,463.8014147216887,0.35585162902421397,0.00435983529288397,0.0582275390625,-5.835603498747431,1.6237009659312593,0.005231223044254987,-0.0007677035701518717,0.00032664623131885425
2,275,563200,81.34200816694647,-0.0057285876730203645,-6.040297975509318,8,462.64238164993,0.3534635920066553,0.0027261609986483784,0.01953125,-5.793226810656767,1.590528523370304,0.005092070052327842,-0.0007954301172601735,0.00018854671786249083
2,276,565248,81.39394187484868,0.006349103652467925,nan,0,383.33680490330613,0.3606175425309649,0.002796644307795996,0.020751953125,-5.733349772530408,1.5971092995610978,0.006184305375949099,-0.0009001933832925677,0.002702297973422516
2,277,567296,81.44535287492909,-0.00569464349930003,nan,0,463.70403447434427,0.32682654896572083,0.0009137302361454413,0.0,-5.651374202193154,1.3267652257711562,0.006163276679118255,0.000413048132851337,0.00019770868814752643
2,278,569344,81.49669458298013,-0.005711151863412381,nan,0,461.3436360726539,0.34757820845456877,0.0026592972639060426,0.0184326171875,-5.770517943104711,1.4471760443043897,0.005431263141843652,-0.0004281415393434726,0.00017777347616482867
2,279,571392,81.54936320800334,-0.005637004172610758,nan,0,461.56654473335857,0.3310759612583313,0.0029087971104967167,0.0213623046875,-5.783459676240746,1.6063654183008143,0.005111670255838254,-0.0007436548881656069,0.00014373093552623556
2,280,573440,81.60072345798835,-0.00570579134196682,nan,0,458.8168145932675,0.3565144717957241,0.004227218081055102,0.0516357421875,-5.6566118165594865,1.5892443175611515,0.00536402029964464,-0.00040571398046939256,0.0002262449271090905
2,281,575488,81.65156329190359,-0.005707489921883682,nan,0,459.0002874638237,0.3574904870252358,0.002960266388676926,0.0216064453125,-5.684140383194462,1.357775700018629,0.005039196269535003,-0.0008419645850318248,0.0003940409427447286
2,282,577536,81.70315791689791,0.006287629889986543,-6.0243152410626575,8,380.06757711368,0.37403545896677404,0.0035648479686573036,0.038818359375,-5.645092576384957,1.5491247358239904,0.007073196305513631,2.6098123069164675e-05,0.0028040112121190163
2,283,579584,81.7544105828274,-0.005674947011607676,nan,0,463.8528822101712,0.32598808165726445,0.004665921102411034,0.052978515625,-5.63191247363179,1.496599537616254,0.0030591069067791095,-0.002650637231650538,0.00015566332959571558
2,284,581632,81.80653716693632,-0.005592766717837407,nan,0,456.02056278612486,0.3314107896419006,0.0027557390798674084,0.020263671875,-5.568983116592655,1.5652076644487352,0.004819624427111083,-0.0008396111306231352,0.00018050488228313265
2,285,583680,81.85910295788199,-0.005709451688922406,nan,0,464.24202356251436,0.32883323371286005,0.0029832473850845967,0.02099609375,-5.6455354856362,1.180362577920567,0.0050823721970507715,-0.0006343299894256884,0.00014233340168052122
2,286,585728,81.91123829199933,-0.005756689741388112,nan,0,462.6791982833884,0.35904777108045094,0.003253205445784646,0.0281982421875,-5.576504820569764,1.56989988908913,0.00534133153306317,-0.00034302878565014953,0.00021571099628710824
2,287,587776,81.9626012078952,-0.005684843907882167,nan,0,451.46897727382554,0.36015350857574996,0.003962505352778832,0.03515625,-5.582689017562944,1.55164017962039,0.004246485814502274,-0.0014517401691681317,0.00023107393221491945
2,288,589824,82.01505404198542,0.006364179171161393,-6.014297451373846,8,379.17748325111495,0.35473342164147686,0.0033699806127427782,0.0338134765625,-5.543747530220682,1.8639834554604757,0.005432267798668879,-0.001500801742333322,0.002778644021563037
2,289,591872,82.0694119578693,-0.00568429388883632,nan,0,459.7401750115081,0.34143090036154955,0.005571403886723557,0.0738525390625,-5.581912830987129,1.6869125425094422,0.0035600687649141914,-0.0021351388713394975,0.00022658961053311841
2,290,593920,82.12196474988014,-0.005704324857189765,nan,0,458.58102364997046,0.3421986810533776,0.003137199807470511,0.029296875,-5.7201435411572605,1.3855234156673526,0.004664731184616056,-0.0011540392428889645,0.0001972537726955184
2,291,595968,82.17882154183462,-0.005681961766848054,nan,0,456.7548719038197,0.3414993371925434,0.0041287898170244645,0.04541015625,-5.685133570642364,1.5609658528202028,0.0030860516745896084,-0.002692120564710774,0.00018607733731603636
2,292,598016,82.24329262482934,-0.005714069501329884,nan,0,457.79000364955397,0.3545931860630509,0.004253388024233061,0.04736328125,-5.667717280981843,1.6342320487460038,0.0030792022629238204,-0.0027095033561000013,0.00024197667608395754
2,293,600064,82.29772074986249,-0.005684842850967518,nan,0,445.9147197308626,0.3428887812369385,0.00012751746753929353,0.0,-5.598174473705595,1.617596801979749,0.006041084829944259,0.00034944803207890315,0.0001869246483195195
2,294,602112,87.00107983290218,0.00629541946602994,-6.038468399707588,8,382.3610738537843,0.35265599025323224,0.003156592779235904,0.0250244140625,-5.5757730056811,1.255302721861999,0.006168270621584079,-0.0006698642543266999,0.0025247237404593583
2,295,604160,87.05202512489632,-0.005651469548887031,nan,0,462.7102226214873,0.32880683880028055,0.003612952551685024,0.0299072265625,-5.573249789644365,1.4848647615308876,0.004788201015663238,-0.0009547236036761822,0.00033934965939010726
2,296,606208,87.10176108288579,-0.005678641367712345,nan,0,459.412096648698,0.35060744178585534,0.0029158184900274805,0.026123046875,-5.553671579554221,1.753811924851992,0.004354924167445005,-0.0013110063836342099,0.0002245179430499948
2,297,608256,87.15229420782998,-0.00570886508893116,nan,0,463.9844238410914,0.34159036426500483,0.00352236609974537,0.0262451171875,-5.525188745636029,1.515511795621602,0.004148289383311536,-0.0014698219276370744,0.00018584513062516015
2,298,610304,87.2033023328986,-0.005676465476243571,nan,0,461.20402515414344,0.3459592777466173,0.0016918026711927538,0.0050048828125,-5.525956271435523,1.5481905572705752,0.005799580356448501,0.0001805908488090699,0.00018606647240781854
2,299,612352,87.25421899999492,-0.0056360341818525485,nan,0,460.9331470925003,0.34380162524912694,0.0006792554678143057,0.00048828125,-5.593777501155639,1.1938016318940827,0.005733958578515163,4.1813387232382364e-05,0.00019673538025428338
2,300,614400,87.30602370784618,-0.005763517286345011,-6.028629884446979,8,458.0404639095464,0.3561678744082055,0.004266227473326247,0.0458984375,-5.475575257381083,1.5504275134028727,0.0027198019849047467,-0.0028539962400201515,0.00019644593508763287
2,301,616448,87.35812808293849,0.006282235956402787,nan,0,375.9654317654198,0.3620554889965032,0.003816577604157171,0.0325927734375,-5.367751026976672,1.54135792939307,0.0067529859182992695,0.00010423369488188339,0.0025620023928814247
2,302,618496,87.40741429198533,-0.00572271703455254,nan,0,462.46913107869017,0.35725838463054094,0.0023719939538240893,0.0147705078125,-5.301793913480319,1.382517979824839,0.004759666161712633,-0.0006440180793937634,0.00020378065525215674
2,303,620544,87.45762595790438,-0.005691395250346948,nan,0,455.41444450738373,0.362720702536081,0.0038118545744250743,0.03857421875,-5.243144302278043,1.3449400848319732,0.0038564513286885186,-0.0014899491078061086,0.00020651226843316069
2,304,622592,87.50990991690196,-0.005681905079783169,nan,0,460.0377358958128,0.34882903711443325,0.0015726076896533888,0.005859375,-5.323903848707081,1.541227928549307,0.004818914229305573,-0.0005994237879446505,0.00018886833708628824
2,305,624640,87.56051412480883,-0.005725196481423597,nan,0,464.4815390047228,0.3422454575157959,0.003110514188799391,0.0234375,-5.378895408383442,1.8811612856515878,0.003887118794815182,-0.0015909286650132985,0.00019830410289007667
2,306,626688,87.61284558288753,-0.005766369120379435,nan,0,451.5636940407606,0.3681931609257964,0.0039640004964596,0.0430908203125,-5.429124372028153,1.808824099193487,0.004548480266990661,-0.000987241110512081,0.00021319401094917916
2,307,628736,87.66223362484016,0.006275956273392883,-6.069739072886076,8,382.72221807535925,0.38041354142817185,0.003759075952503198,0.0411376953125,-5.455827714150692,1.844407864677344,0.006486069444690705,-0.00022911152162578483,0.0025187065043315916
2,308,630784,87.71266929199919,-0.005645662987313361,nan,0,464.8274133303287,0.3457254022182248,0.0020126334559061173,0.0067138671875,-5.373819118563398,1.391565366504949,0.0056380609828333645,0.00015222440349911028,0.00022403492154171557
2,309,632832,87.7707917499356,-0.005726543656221666,nan,0,461.9078833778057,0.36863195093569423,0.0020883600179513787,0.01416015625,-5.44548024118411,1.6466745568955863,0.005405004152376664,-0.0001611789013869873,0.0002414056251590777
2,310,634880,87.82188979187049,-0.0057156862484557015,nan,0,462.33883589876024,0.3438074268738302,0.004324877184924182,0.048095703125,-5.50540386608674,1.3714971362545607,0.004025742032975464,-0.0015767090923695954,0.00019409451851663226
2,311,636928,87.87077033286914,-0.005613506089490012,nan,0,464.37872867104636,0.3310372426046545,0.003620328079709887,0.023681640625,-5.510142579414982,1.4488271265746961,0.004768999646068423,-0.0008324049609866133,0.0001825240552801052
2,312,638976,87.91881037480198,-0.005721408297628785,nan,0,456.67786992524304,0.35049461676489196,0.003866136996888505,0.0408935546875,-5.525850505142901,1.3814169820735933,0.0032497737216227104,-0.0023958594271757134,0.00023956528731104595
2,313,641024,87.97390258288942,0.006254232791348685,-6.04346259271782,8,367.67141469968965,0.3524122960650675,0.0033789013830144597,0.0296630859375,-5.570484726002867,1.4340288558693974,0.0056840199081349225,-0.0010842551529091377,0.0023955806700823854
2,314,643072,88.02298649982549,-0.005641595200392568,nan,0,463.9322462289951,0.3398320353389911,0.0028399381618250488,0.0234375,-5.462000538202878,1.460832994386444,0.004757387148300868,-0.0007963222251128844,0.00018341767042174647
2,315,645120,88.07689958298579,-0.0057125686496749435,nan,0,461.70235011790663,0.36237385691764223,0.0037499705124461793,0.039306640625,-5.392315680876264,1.5689590175303776,0.004431830073969158,-0.0010649442706331521,0.000208917327452092
2,316,647168,88.13375995797105,-0.0057221420461414756,nan,0,461.78354536890004,0.34517967529395543,0.0020856184215097802,0.0150146484375,-5.396131860964439,1.4655672117230247,0.004761481924586319,-0.0007336925799425378,0.0001980852871288409
2,317,649216,88.18525437498465,-0.005655287306787577,nan,0,467.50921072574306,0.3373094108121616,0.0038701185879722495,0.0343017578125,-5.442454235879667,1.3068827927424007,0.0043344600288985746,-0.0012081521473352773,0.0002003158807083654
2,318,651264,88.233659457881,-0.005710178351259476,nan,0,466.3725359846421,0.3215603480388598,0.004014929106026296,0.0372314453125,-5.409361189122251,1.6943895066609598,0.002973871571738689,-0.0025557730418373187,0.00024056684890751183
2,319,653312,92.91649024980143,0.006262673289970394,-6.02785600163988,8,385.3179087130425,0.35629606876903297,0.005649824015254636,0.0711669921875,-5.3419948603132665,1.3492852608302468,0.003253012013814706,-0.003318117977224542,0.002458270261451965
2,320,655360,92.9659330828581,-0.0056256371973524965,nan,0,459.4855692703603,0.36390933381517077,0.003304582239113964,0.030517578125,-5.497444719353638,1.628434041152881,0.0037812564190166324,-0.0018357454267138463,0.00023911425275367358
2,321,657408,93.01646149996668,-0.005689002382107403,nan,0,461.953545131625,0.3219503382032704,0.001525411386466456,0.0084228515625,-5.528536868697446,1.586081659938443,0.005188597234215695,-0.0004191353677100284,0.0001583914664565531
2,322,659456,93.06511966697872,-0.005636409444896323,nan,0,450.18573818621303,0.33220657374487295,0.0020398388009072953,0.0103759765625,-5.548087085754653,1.54678840035228,0.0053573013570319674,-0.0002796271180162844,0.00017768277858719675
2,323,661504,93.11427258281037,-0.005611719639020423,nan,0,465.9969757072922,0.32794429041143836,0.0012822259164957878,0.0045166015625,-5.553203788410887,1.3884497662823234,0.0048195727915008105,-0.0008072636693726471,0.00014726534492514394
2,324,663552,93.16311474982649,-0.005714879808162436,nan,0,457.4218152071517,0.32857044926765516,0.002104998998897845,0.0068359375,-5.476808104764912,1.3662436553583341,0.005733935685169858,0.0001799737840366823,0.0001543075927365265
2,325,665600,93.2121677917894,-0.005658742679809606,-6.003186720618041,8,461.1572094835207,0.3527228777098551,0.00339381398654437,0.0302734375,-5.334113775803463,1.6225059288069936,0.004641614684598744,-0.0007721694958294938,0.00015934080924955002
2,326,667648,93.26162458281033,0.006341545604727858,nan,0,378.34662655359864,0.3389523163236306,0.00356834550840572,0.03515625,-5.430489480138331,1.4140479400738672,0.006420748299443804,-0.00017293379427356717,0.0023263852271580765
2,327,669696,93.31004658294842,-0.0056874945468809255,nan,0,459.00959156318817,0.3456095626471588,0.0016872129286749475,0.00341796875,-5.4544590288773644,1.1894094083915907,0.005269952922527993,-0.0003038584897232248,0.00023870476674770402
2,328,671744,93.35915049980395,-0.005581049646184359,nan,0,462.5472480578105,0.32398904352288793,0.003378084481436401,0.02978515625,-5.455032435566848,1.4954486839833767,0.003777704771639382,-0.0017539262298647074,0.0001531971318744836
2,329,673792,93.40840499987826,-0.005745849396276537,nan,0,458.31828123606243,0.33912149194212216,0.002235939681481309,0.009033203125,-5.507784150197967,1.7100154336880098,0.005365134184173052,-0.00022518125032938794,0.00016506256860894237
2,330,675840,93.46265720785595,-0.005614429721948177,nan,0,461.23472464034893,0.34397279451663676,0.0040409063918708694,0.0496826171875,-5.46477575379283,1.4853666410913,0.002630510226638316,-0.002929608908755393,0.00019068676320176
2,331,677888,93.5116334578488,-0.005738649278825953,nan,0,461.14848984925493,0.36264334697009715,0.001395671978193144,0.006103515625,-5.567314094456584,1.6476691071634695,0.0059799346787359955,0.0002976311853868877,0.00022997879778504764
2,332,679936,93.55931874993257,0.006236498023262348,-6.011554775303975,8,376.84004751479733,0.3899273112372779,0.002553864897281482,0.017578125,-5.543752102502367,1.3655237252265342,0.005998173748661059,-0.0007670059808308795,0.002442855253979149
2,333,681984,93.60706666694023,-0.005764030668634677,nan,0,461.285437618394,0.3665386097597842,0.003806385211816191,0.031982421875,-5.487198651499833,1.4680776912911895,0.0034775343254987955,-0.0021104210001640176,0.00020151334832596235
2,334,684032,93.65488233300857,-0.005662246215835068,nan,0,464.7388518395581,0.3537510821773723,0.001950304414438571,0.00830078125,-5.4353452789647,1.5320435942230248,0.005546456908503004,1.7587607365607792e-05,0.00018704804434539505
2,335,686080,93.70272708288394,-0.005686677352060377,nan,0,451.06950254072774,0.34371278625267965,0.0035572010430318973,0.0382080078125,-5.427786939696955,1.5567171739772858,0.004140821158576003,-0.001372590900671477,0.00017125023910105223
2,336,688128,93.75046974979341,-0.005750374313530762,nan,0,459.2004804540482,0.3651317190849368,0.0024364260861945435,0.0123291015625,-5.457006799287328,1.5765728483381283,0.004636078401366814,-0.0009320369376269733,0.00022221707941291603
2,337,690176,93.80024745780975,-0.0057042103344545885,nan,0,461.76415241927424,0.3383182189063745,0.0024753261806766836,0.021728515625,-5.4221701985294235,1.6040853671373316,0.004806584619449326,-0.0007208645005286791,0.0002105578428971573
2,338,692224,93.84807670791633,0.006298277377837806,-6.069822504540749,8,376.62940770964155,0.34861466398158536,0.002567011808518799,0.0225830078125,-5.439846751021854,1.3459713279951635,0.005783664345817681,-0.0007978221822792066,0.002283279554150066
2,339,694272,93.8989734579809,-0.005616457379221107,nan,0,453.1720681993523,0.3498401453172908,0.0017147141289520116,0.009765625,-5.523320203823914,1.5898150450791535,0.005154718452429555,-0.000475313041637491,0.00021342258048626643
2,340,696320,93.94844108284451,-0.005805605473879349,nan,0,454.9886341927149,0.35573029543142765,0.003857319533516429,0.038818359375,-5.5861609110506025,1.549550606849575,0.0039650974215599604,-0.0017198909825622347,0.00019765498614318828
2,341,698368,93.99607799993828,-0.005659971546155898,nan,0,463.5591323845631,0.34136337520466353,0.003799375305412688,0.040283203125,-5.665527332629699,1.8579045793464173,0.003814053001749526,-0.001927731896349239,0.00015251513093812995
2,342,700416,94.05020974995568,-0.005663905731370022,nan,0,459.79378073105653,0.35676186218071215,0.004447761322006985,0.0487060546875,-5.680438840324497,1.7283800085553933,0.0029067651963168802,-0.00285309610706173,0.00015884492610822307
2,343,702464,99.18792900000699,-0.0057807830540103885,nan,0,459.7171800100006,0.36612778440747495,0.00545256561023048,0.0679931640625,-5.614969287139122,1.7601567544085621,0.0011615553521623803,-0.004544396212927423,0.00018196455590135566
2,344,704512,99.24171608290635,0.0062581205161221665,-6.055905737378712,8,379.48351896131487,0.353264445002274,0.006385902600690432,0.091064453125,-5.649766908776762,1.3377868196338043,0.003723938655489022,-0.003041815493105572,0.0022319744796356626
2,345,706560,99.29247187497094,-0.0056547036139279645,nan,0,461.5663391251633,0.32609375409890434,0.003727037790011503,0.04052734375,-5.5617388755871655,1.6103777417542653,0.0038301646506966646,-0.001796093165844028,0.00012903788190705382
2,346,708608,99.34590170788579,-0.005609564895245447,nan,0,464.1066507315748,0.33316104940285557,0.005006018591198293,0.0582275390625,-5.647011380824668,1.6569885678245417,0.0014974095987825165,-0.004221299558882723,0.00014339555368114238
2,347,710656,99.39509729179554,-0.005665832216405273,nan,0,464.7435847148669,0.32700844742013907,0.002188431619482004,0.0130615234375,-5.718846482761628,1.1196711154932708,0.004638343074525947,-0.0011473345031659038,0.00013366218986044236
2,348,712704,99.44433362479322,-0.005702225931797075,nan,0,456.5181285976873,0.33819693251804894,0.0024079059724313495,0.0166015625,-5.7224224417186305,1.539748872569577,0.004784951865351313,-0.0010302288952873497,0.00018551663784006564
2,349,714752,99.49403508286923,-0.005709776283483946,nan,0,463.88129520111494,0.33785306674955473,0.003397451043638695,0.031982421875,-5.815499086514899,1.5623291804202752,0.0030805542726712303,-0.002833303647841674,0.00019671766799600883
2,350,716800,99.54344391683117,-0.005635809182293158,-6.004849529457111,8,453.7180094732772,0.3377072805063671,0.004625455371613526,0.055419921875,-5.814792551992588,1.6807765199214608,0.004350188177767527,-0.0015527939597766408,0.00017637917110315855
2,351,718848,99.59368429193273,0.006281705730804524,nan,0,377.3725565207897,0.3450249660045632,0.0020813379118970387,0.009033203125,-5.8028090915139705,1.595281492329292,0.006373214408272498,-0.000534150080593045,0.0022091107947031416
2,352,720896,99.65622695791535,-0.005629506447949694,nan,0,463.9885648434765,0.3225676095343639,0.0042702341364423985,0.0430908203125,-5.84525142954402,1.8085959094402764,0.0032023113298245004,-0.0027159721420185598,0.00014606408459808136
2,353,722944,99.7069330830127,-0.005649283994866354,nan,0,451.98260724972414,0.3511102504671463,0.00235864779750098,0.01220703125,-5.839939251467703,1.356686449174217,0.0054888072052302825,-0.0004464632504260597,0.00019066240837727926
2,354,724992,99.75705537479371,-0.005704041803609547,nan,0,463.0323192259288,0.348755808086898,0.004064794286787216,0.0460205078125,-5.9800916466990035,1.735392819499049,0.003926429137551139,-0.0021390246876714387,0.00017072435704714204
2,355,727040,99.80595399998128,-0.005708040886593326,nan,0,458.1216551469947,0.3410660658240551,0.004731776620103465,0.0587158203125,-5.920180518152619,1.6424232585494853,0.0024060369537080867,-0.0035961733274194217,0.00016405952594977845
2,356,729088,99.85646695783362,-0.005653024484923149,nan,0,460.6571034341752,0.3396328275392425,0.002764158028217697,0.021484375,-5.9004115226778815,1.953758673105942,0.0040201080243541356,-0.0019608276735432607,0.00016104835043903077
2,357,731136,99.90581579180434,0.006276219546062511,-6.01700342834974,8,367.52641648271225,0.3499887908375108,0.0017608226547813296,0.0103759765625,-5.9499086032681285,1.8739040863975887,0.005865347766888456,-0.0011913201117568855,0.0022135185507544276
2,358,733184,99.95649937493727,-0.005616080425976592,nan,0,456.725558978781,0.3510550579929631,0.003932262186226987,0.0496826171875,-5.888271037995532,1.8419477889141875,0.004542186148531798,-0.0014495010925575612,0.00020683240618766082
2,359,735232,100.00707220798358,-0.0057675200678032066,nan,0,459.1266816201002,0.36116299975144267,0.0030675334800572343,0.021240234375,-5.928151083782238,1.447901554422536,0.004553145744562536,-0.0014678985139296296,0.00018578634941985315
2,360,737280,100.05741491680965,-0.005685051944562526,nan,0,459.41596617197393,0.32903865852046643,0.002703416815721605,0.0279541015625,-5.945333608022263,1.4462326857222583,0.004879372005439312,-0.0011566213337711462,0.00018131946237638944
2,361,739328,100.10695966682397,-0.0056660849588664065,nan,0,458.73470718592773,0.3393425553337109,0.003178880929031988,0.0308837890625,-5.976877929271913,1.5359746471459812,0.004357132074755386,-0.0017135025140651641,0.0001875133190972751
2,362,741376,100.16096387500875,-0.005681226633875202,nan,0,461.7870534243422,0.33807331813448493,0.0013082080506253866,0.0032958984375,-5.863013705390258,1.7408587575297398,0.005605386116506317,-0.00035249339689233947,0.00018973161601679723
2,363,743424,100.21292570792139,0.006269961048464953,-6.021821136710786,8,381.86617807125396,0.3720585224159343,0.004706986846203194,0.05615234375,-5.91588080984309,1.6463391958548756,0.005568202424352398,-0.0014596841866368927,0.002224011602292398
2,364,745472,100.26443204190582,-0.005735078930827912,nan,0,461.1067276661355,0.3648986018278143,0.0017784355623856017,0.009033203125,-5.882925485865453,1.7480225802880083,0.004906823751530341,-0.001108560314852907,0.0002649171610355948
2,365,747520,100.31974858301692,-0.005661118634296424,nan,0,464.1542057592828,0.3304717697509311,0.004369540175304486,0.0443115234375,-5.834434410082173,1.4706981478593315,0.004849986261080021,-0.0010565220251445278,0.00014414775228475127
2,366,749568,100.36858616699465,-0.005599858417446287,nan,0,465.0999460016411,0.3336231377675486,0.0012562418394201822,0.0029296875,-5.69967291095036,1.627033106105359,0.005291718159685117,-0.0004811178964110436,0.00014632629029159738
2,367,751616,100.41772029199637,-0.005706239019704079,nan,0,463.28115308025747,0.3452249557914083,0.003571303161734294,0.0386962890625,-5.687033178022831,1.5709742086142853,0.003671198324005857,-0.0020951180458696904,0.00015856638370543685
2,368,753664,105.49595362483524,-0.005620640550783736,nan,0,460.9744151791966,0.3387142185613007,0.002797709280417748,0.02978515625,-5.761355257308306,1.5232967628390193,0.0041947131588975966,-0.0016441523741832923,0.00015502055154516166
2,369,755712,105.54892087494954,0.006238134905569467,-6.02848257043045,8,379.078369155872,0.34796209648728504,0.00018441464394639774,0.0,-5.8262038787347645,1.6491843953986642,0.007163757453614207,0.0002797977294245902,0.002115511690909703
2,370,757760,105.60455241682939,-0.00564114942661432,nan,0,463.3701122957934,0.32995044640424237,0.002304012022116872,0.0164794921875,-5.872391111228305,1.5652470751157341,0.004967304778692244,-0.0009736441940459664,0.0001371157230198068
2,371,759808,105.65896583278663,-0.005679847730738609,nan,0,458.6493510194415,0.32843082100769305,0.002203862111695209,0.01904296875,-5.866338234725921,1.8025339234068274,0.0047415694266985196,-0.0011999465211732204,0.0001503554262916337
2,372,761856,105.71182637498714,-0.005664649586314673,nan,0,459.57344359874253,0.3374979330355746,0.0022525710373372605,0.010498046875,-5.942769720196772,1.2981573819839753,0.0051486333245850556,-0.000886579509421431,0.00018488622761942932
2,373,763904,105.76356170792133,-0.005708549358226034,nan,0,466.78814777595693,0.33887139620642115,0.0029308978576048075,0.026611328125,-5.958021439502067,1.7328060203785765,0.004782815783342187,-0.0012500119370941318,0.00014961256186850125
2,374,765952,105.8180060829036,-0.0056159220001881045,nan,0,461.96492976879597,0.3515723510672296,0.002686136274683476,0.0196533203125,-5.873697679062227,1.6436486793203815,0.005169763387620777,-0.000816528625797557,0.00022518866871221378
2,375,768000,105.86947670788504,-0.005735972972188908,-6.012786828145158,8,465.75046755320807,0.3518701028332063,0.00023053553399858957,0.0,-5.92212821140181,1.554173290030067,0.00610126080822894,6.538966874680262e-05,0.00022748585616066112
2,376,770048,105.92350641684607,0.006238688326857576,nan,0,368.8991327924863,0.3757461187779287,0.002764621099887186,0.024658203125,-5.865582991983038,1.620309135941162,0.00660766476312273,-0.00036942696254553195,0.0022230174673704465
2,377,772096,105.97675541695207,-0.005698588875783308,nan,0,463.95097052118024,0.3532166845461854,0.005495820356773662,0.06982421875,-5.77264903038723,1.6630701943582777,0.0009607331247474308,-0.004907797167447712,0.00019176252361582306
2,378,774144,106.02887083287351,-0.005601978773429767,nan,0,467.52212526354793,0.33102075067714726,0.0015360429175988908,0.003662109375,-5.844835127962274,1.4934212654945385,0.005427629494053865,-0.00048114981013384905,0.00012788835245087357
2,379,776192,106.0810285829939,-0.005652156204409439,nan,0,461.668477737183,0.3156260407681995,0.0017861950670267756,0.01123046875,-5.798838999151094,1.7805568984796947,0.004176233985252744,-0.0016937258437752165,0.0001422416597537262
2,380,778240,106.13216516701505,-0.0057065064598344,nan,0,465.22641113521166,0.3491910126154806,0.002211940339689929,0.009521484375,-5.806338172564253,1.6579593003365023,0.005995647020459797,0.00010366200185246872,0.00017129369208614966
2,381,780288,106.18391270795837,-0.00568719186976887,nan,0,456.7858731505409,0.33162921888958247,0.0038802174064044366,0.0499267578125,-5.827499119412778,1.5537536858612127,0.004054132261653184,-0.0018576720789590922,0.00016861044239899114
2,382,782336,106.23538874997757,0.0062958708002327345,-6.025951648129556,8,372.7735612702044,0.35116544159253826,0.00036799271825118215,0.0,-5.875505405116698,1.398382232859634,0.006752394583733244,-0.0001869405588983469,0.0021276594750297842
2,383,784384,106.29099008301273,-0.005647257751133158,nan,0,468.3480921261953,0.3414116680153675,0.0024011916596778276,0.0137939453125,-5.839143577062973,1.287134139162144,0.005043832402477548,-0.0008759844044820136,0.00016134645979317373
2,384,786432,106.34510008292273,-0.005668215774830879,nan,0,463.0144454036589,0.3254690229311382,0.0028768795547835934,0.02294921875,-5.845547209391073,1.4499411532464128,0.0050412004771320474,-0.000902336673941938,0.00019597988336582996
2,385,788480,106.39698087493889,-0.005680772470975424,nan,0,465.2778212304395,0.3401559355346031,0.0010674003125947674,0.002197265625,-5.774291744265956,1.5540162878711734,0.005421571373805822,-0.0004452190011943781,0.00018499726146848207
2,386,790528,106.45472862501629,-0.005720733986555656,nan,0,456.0304097635555,0.3403379628422003,0.003930990839752414,0.040283203125,-5.798622095367994,1.5471391287356608,0.0037991098442394233,-0.0020791193688591064,0.00015921423546107162
2,387,792576,106.51062529184856,-0.005606875822996776,nan,0,467.40528864527204,0.3329539956530254,0.0027940973529868565,0.0208740234375,-5.89342755818522,1.7407411625456408,0.00476997808790831,-0.0011898848891838511,0.0001328708378138817
2,388,794624,106.56276716687717,0.006251652947203407,-6.000515668484837,8,381.2602276562359,0.3567896485455217,0.002831208223730756,0.0247802734375,-5.828201418353222,1.4692346814709003,0.005255470080909388,-0.0016263168625605604,0.0021071710502334495
2,389,796672,106.61552720796317,-0.005627513647504727,nan,0,465.11056576549777,0.3293894319537118,0.0032509666345730197,0.0377197265625,-5.707170682995912,1.6716089561988858,0.004132793514138744,-0.001640688956990129,0.0001326235762659196
2,390,798720,106.66767116682604,-0.005651580803781581,nan,0,462.1805347211526,0.34081700577287233,0.005138638697122026,0.070068359375,-5.772417593115565,1.7255973203767114,0.0038797046020505573,-0.0019687212958764753,0.0001520166096229338
2,391,800768,106.71962945791893,-0.005736938381398743,nan,0,464.3419895074349,0.34420143944138104,0.0058505442165389205,0.0748291015625,-5.763172454405234,1.6905393337894083,0.003369020338368226,-0.002467757852953638,0.0001472114738332588
2,392,802816,111.32745970785618,-0.005657403793292196,nan,0,457.02766580900635,0.34581684845866334,0.00027644508813084805,0.0,-5.78673872701336,1.4741908774235342,0.006009336901373897,0.00013198544851496762,0.0001812254516911474
2,393,804864,111.37888099998236,-0.005644652639499401,nan,0,451.2289283788055,0.32936379636323054,0.002724888885537003,0.0263671875,-5.712021042260947,1.6003609745418728,0.0034491047068123237,-0.002339557988134327,0.0001532833053714216
2,394,806912,111.44096954190172,0.006238441426335303,-6.023651898666122,8,386.1284921240406,0.3451140077473965,0.0023707139636937233,0.0211181640625,-5.850729683259634,1.476810172365194,0.006125304529962861,-0.0007569759581105523,0.0020631016096275597
2,395,808960,111.49344350001775,-0.005648244261144533,nan,0,457.8003959441203,0.34710840255659836,0.002980661316145453,0.0306396484375,-5.869773229902167,1.8205299786994813,0.004349984116115766,-0.0016034785502050692,0.00016737887283733906
2,396,811008,111.54323733295314,-0.005693539069858699,nan,0,467.22643923673917,0.3265955449388023,0.0014357278903269527,0.0047607421875,-5.793538984466895,1.685487100373062,0.004898498269723174,-0.0009629077866100746,0.0001357341437327035
2,397,813056,111.59447516687214,-0.005647788127469344,nan,0,466.06353717682083,0.3338884892195817,0.0018647727543692823,0.00537109375,-5.759803156822379,1.5808488717036409,0.005035927990053095,-0.0007935715934173143,0.00013939285329605486
2,398,815104,111.6448106248863,-0.0056672342268717,nan,0,462.44986128667057,0.3193465414593048,0.003551706101579656,0.036376953125,-5.735445370554521,1.5142804272910069,0.0033827795639193104,-0.002428784351778952,0.00015223709028748745
2,399,817152,111.69548854185268,-0.005658525899044605,nan,0,464.70870427051915,0.3423589836464215,0.0036317936927542675,0.0362548828125,-5.834376424429349,1.3990161305665998,0.0035793089792147377,-0.0023352800161084855,0.00016042514178774334
2,400,819200,111.74612749996595,-0.0056234530690565795,-5.988920377170244,8,464.48928618197635,0.33210813475947304,0.0004375300464865529,0.000244140625,-5.877117612826796,1.6287892413595104,0.0060765054546328585,0.0001266388977518764,0.00014549788810837115
2,401,821248,111.79735879180953,0.006334190099634363,nan,0,378.1007266749681,0.340560317047456,0.002242145566120661,0.0189208984375,-5.831982637753227,1.3028838504394331,0.005826833021505369,-0.0010239115474112595,0.0020375238623268014
2,402,823296,111.84884920786135,-0.005729967414984103,nan,0,463.5840992284928,0.3457571417210086,0.00045398035726709274,0.000732421875,-5.874066238674425,1.8068075795064356,0.005990358948925418,3.664612877398105e-05,0.0001592931629540215
2,403,825344,111.89894758281298,-0.005621742397414815,nan,0,465.58150112998203,0.34678850085621565,0.0028260300649378405,0.02978515625,-5.889786528979425,1.5192243762997526,0.00464807006851124,-0.0013172649395190718,0.00015109695810177566
2,404,827392,111.95359691698104,-0.005648276333230863,nan,0,465.6385970101083,0.3073175306795511,0.0019472579088625735,0.0078125,-5.891936035690378,1.544554196441088,0.005506345422125031,-0.000440101583144678,0.00010902193915865701
2,405,829440,112.00482091680169,-0.0056064054149501386,nan,0,455.3202299424125,0.3500266578667012,0.002348502944486076,0.0162353515625,-5.963124867198779,1.455462905487803,0.005036488431147355,-0.0010420531702194271,0.00023083346833601047
2,406,831488,112.05570816691034,-0.005744855086664355,nan,0,465.17627980065834,0.3327682313185518,0.0006798901131014842,0.0001220703125,-5.8931909085633585,1.5781759116204226,0.005848885454843278,-0.0001282343582266627,0.00016785780901316038
2,407,833536,112.10680629196577,0.006306599625803726,-5.99622914934573,8,376.0133279037987,0.35676094333057906,0.0010650132038942577,0.0035400390625,-5.896109361163541,1.694174030555161,0.005790096954723769,-0.001122491063984122,0.0020329573150887027
2,408,835584,112.15722587495111,-0.005710930198957236,nan,0,460.4782806133167,0.35871311024363217,0.0029371710107968362,0.0218505859375,-5.856276121543962,1.6902947205842616,0.002779083794880446,-0.0031535499091601233,0.00015271516499320464
2,409,837632,112.20843254192732,-0.005654923295602116,nan,0,463.51960113609084,0.3184467319653379,0.0027173067249288306,0.0198974609375,-5.760788148293123,1.7713735793451075,0.0026498330502687933,-0.003172034054307927,0.00012215791256720262
2,410,839680,112.25927641685121,-0.005614154560968411,nan,0,460.2335058043258,0.320895431035369,0.0013595559783174806,0.00244140625,-5.845372833066455,1.5130909629039517,0.005155083763950892,-0.0007500273330189335,0.00011947652780674211
2,411,841728,112.31257912493311,-0.0056816056134413075,nan,0,459.8980792018124,0.33500485517718226,0.00016123569515802703,0.0,-5.857672998565663,1.6460057406003252,0.005859431315895771,-7.554687401734733e-05,0.00015461038269491586
2,412,843776,112.3652510419488,-0.005596056813561377,nan,0,463.64659025325324,0.3266835080983913,0.0018151732540548347,0.0050048828125,-5.902914581647334,1.6160358574807874,0.005353999290067366,-0.0006224679976218651,0.0001471054120837901
2,413,845824,112.41815854189917,0.006271071237764537,-6.001256907416485,8,387.0143336602785,0.3489432540811396,0.0026509846261637176,0.0194091796875,-5.899164205440618,1.6329583473524643,0.006022612018585739,-0.0008604159189497104,0.0019677274641896657
2,414,847872,112.47320987493731,-0.005663073243451382,nan,0,464.2129261261238,0.3407942208947833,0.002126372794437575,0.01171875,-5.959238392683581,1.2709425757339945,0.005611236753205729,-0.0004163246136482178,0.00013664594834072975
2,415,849920,112.52543154195882,-0.005711382419811072,nan,0,461.62172989327985,0.34805947692045913,0.003174429322042652,0.0228271484375,-5.909867879373676,1.4754825048712683,0.004102278762060991,-0.0018835283723904737,0.0001518785101555762
2,416,851968,112.57479416695423,-0.005746034524274362,nan,0,464.783030848202,0.35406990151306367,0.00040565427077223935,0.0,-5.91659127461563,1.5511098394100222,0.005897388436102557,-9.916918633136058e-05,0.0001599326956365689
2,417,854016,120.95747624989599,-0.005620538467329282,nan,0,467.39981132020114,0.33436814173953544,0.0013946146782409987,0.003662109375,-5.831888995731818,1.76674622674763,0.0051129720698335785,-0.0007871483357968791,0.00013646281979728
2,418,856064,121.13683733297512,-0.005663954966159421,nan,0,463.15227317953054,0.3337643028024614,0.002982590417051803,0.03271484375,-5.827680129547648,1.504023970663686,0.004022303268493841,-0.0018879988869787857,0.00016524405184995564
2,419,858112,121.32124604191631,0.006275071213352639,-6.027145201357978,8,384.86473902447966,0.3456341982066603,0.0003511396382653661,0.0,-5.796126629870593,1.7550594829563715,0.006895904746528353,0.00010913474216106209,0.0019812867489933947
2,420,860160,121.53033804195002,-0.005679404608989781,nan,0,465.5820688515959,0.33628222121399254,0.003426421069991214,0.0377197265625,-5.770400550120106,1.541210916514466,0.0037451073724760423,-0.00210049128089145,0.00015039620649477821
2,421,862208,121.74264591699466,-0.005711959583654263,nan,0,456.4034155027562,0.3351999428149145,0.0034563853129167582,0.035400390625,-5.70284225196659,1.8002899870500495,0.004185025481677738,-0.001598899504093662,0.00016216546760961865
2,422,864256,121.95216362481005,-0.005604081277572521,nan,0,464.0981598687434,0.33038226360635836,0.002505044964587086,0.0230712890625,-5.716171239535035,1.8277416576390209,0.003918266474679405,-0.0018685362125021804,0.00014126289529310687
2,423,866304,122.18196804192849,-0.005682514277134654,nan,0,463.4496182772344,0.3492608136234407,0.003683315874140299,0.0372314453125,-5.710029958116124,1.6074573902949223,0.0026232828541905787,-0.003168345845252059,0.00016319748265302913
2,424,868352,122.37165183294564,-0.0057087891030708805,nan,0,458.1809078390667,0.3375190906740101,0.0021823661906857526,0.0152587890625,-5.733462109020758,1.6433615371889274,0.005187652366160764,-0.0006198420372093263,0.0001480645886986676
2,425,870400,122.55195629200898,-0.005626104836895291,-5.998363240839783,8,464.1180798942086,0.34754727483796594,0.0025391704808410704,0.0228271484375,-5.797891048260201,1.672666390259284,0.004439259689731213,-0.0014503950422931284,0.00018352736752828694
2,426,872448,122.72371258283965,0.006303245364383432,nan,0,375.12868711791526,0.3641537399968464,0.0015241828517480124,0.0076904296875,-5.747664450491844,1.5725616306230221,0.005086544648081287,-0.001650663235786865,0.0019790868667526156
2,427,874496,122.90188437490724,-0.005659684549745825,nan,0,466.13553331918234,0.3151392688332745,0.00255203920855134,0.0186767578125,-5.720072046987356,1.5800650137478223,0.0044633832464275386,-0.0013228618362032907,0.0001323460712869441
2,428,876544,123.10995766683482,-0.005632426140319712,nan,0,460.8793508234953,0.33516599237246425,0.003491718150387733,0.0413818359375,-5.637401533284616,1.7165656521854549,0.002979696526145442,-0.0027303121961157694,0.0001452143779531877
2,429,878592,123.2869870827999,-0.005749696095316949,nan,0,462.09496819383344,0.36246610046261274,0.00013896666583366126,0.0,-5.633834382307244,1.373127492337354,0.005784037918302958,6.753616794622722e-05,0.00016533473609897523
2,430,880640,123.49492862494662,-0.005641691756985031,nan,0,464.2296983962749,0.3373412509380816,0.0012441559300984584,0.005859375,-5.660493493547646,1.5551213296516568,0.00504043129465096,-0.0006943488312858661,0.00014857326477836166
2,431,882688,123.67644299985841,-0.005685523012815177,nan,0,464.96978322634175,0.34129372679846837,0.0016032313418243582,0.0086669921875,-5.708924483373185,1.6104311459209102,0.00428882188958382,-0.0015108415712494997,0.00018147795492027017
2,432,884736,123.90810320782475,0.006345399202546132,-6.010185343705592,8,385.8495599156356,0.36388978667572486,0.0014184626294316315,0.0037841796875,-5.797517321063146,1.3449005972092891,0.0058521653025266854,-0.0009279714352870261,0.001965238833501133
2,433,886784,124.11671570781618,-0.005730716683241252,nan,0,466.1012549808802,0.3450769690506362,0.0010575582000083724,0.0020751953125,-5.827926309698669,1.648843444482607,0.004620147369405544,-0.0012858138970093993,0.00015606991343255065
2,434,888832,124.32980716694146,-0.005692464385712491,nan,0,461.3268815317605,0.34434475898055456,0.002861850230906605,0.02392578125,-5.850351530876001,1.7766303580615244,0.0035763753291452975,-0.0023601073764993744,0.0001722623495373406
2,435,890880,124.5974127498921,-0.005703009288658781,nan,0,459.129367264681,0.3479889487397504,0.00012996169300922593,0.0,-5.943150481045345,1.6770205725652643,0.0059830781955681565,-4.6498151503107654e-05,0.00017285173205184104
2,436,892928,124.78340262500569,-0.005696688161404386,nan,0,466.4103290216537,0.3404360770237492,0.0014286389677279554,0.0045166015625,-5.899291135417613,1.6082683413698455,0.005328576560327718,-0.0006343522157673288,0.00012727528135487586
2,437,894976,124.95190599979833,-0.005667038171701511,nan,0,455.64601020198563,0.33645000995392904,0.0011975158179495517,0.003173828125,-5.895224368492039,1.937598901002012,0.004535767582862497,-0.0014425613398744487,0.00016620910848981225
2,438,897024,125.16967716696672,0.006358039597499118,-6.029697252012713,8,377.5249303903129,0.35396264294639523,0.00013135399795207928,0.0,-5.855774866688312,1.5520060986984012,0.007031218861460445,0.00020018294024520085,0.0019505221090538659
2,439,899072,125.33957087481394,-0.005666980497260797,nan,0,464.4587275242631,0.34084488910590527,0.0014873332975543763,0.0062255859375,-5.882400969962646,1.4320496257756115,0.00498647012405615,-0.0009815738261862552,0.00017128596055951731
2,440,901120,125.47422691690736,-0.0056669076820322776,nan,0,464.32144265665636,0.3333342887187236,0.0016697625689266775,0.0103759765625,-5.8421585549609905,2.021701107781922,0.004417908199805027,-0.0015065562072266734,0.00016461170414141564
2,441,903168,139.77574474993162,-0.005660550256890774,nan,0,457.4937903522367,0.31945631752704523,0.0005686423056671394,0.0001220703125,-5.892974067977422,1.4727453529072383,0.005287608721740287,-0.000663523456009972,0.00011631621954567441
2,442,905216,139.97361383284442,-0.005647360870016421,nan,0,458.0192899978874,0.33324708345159226,0.0005300594320347479,0.0,-5.900184437669495,1.6000330031554746,0.005481177330896733,-0.0004915513197136113,0.00014508842588169875
2,443,907264,140.1405002498068,-0.005625736682581533,nan,0,455.8127888866251,0.3264452064773819,0.0002530439468530494,0.0,-5.903622522048627,1.702564975891026,0.005646553344546518,-0.0003243604137582335,0.00013458247251224654
2,444,909312,140.33799591683783,0.006304658286238553,-5.984559527782881,8,368.4505588063766,0.3370612792027579,0.0005410387429602371,0.0,-5.975427856634747,1.568808222992834,0.006618100889587715,-0.0003295482450774204,0.0019444425560607725
2,445,911360,140.4972749168519,-0.005719235077703282,nan,0,462.82133926720724,0.34756462780476205,5.788280174791666e-05,0.0,-5.928395889001506,1.4508867525724178,0.006008685593469583,-5.50371302337929e-06,0.00017158683498290955
2,446,913408,140.65011129179038,-0.005632974437333416,nan,0,460.8974419878431,0.3133697044213896,0.0012316109441576702,0.006103515625,-5.8796386203314706,1.8747957144294847,0.004467418020741592,-0.00147250692062124,0.00012057264206271972
2,447,915456,140.80325599992648,-0.005646323381511765,nan,0,468.60010003381313,0.3291377855959606,0.0006169805237291306,0.0,-5.899183505793962,1.6359467629652569,0.005551762159431822,-0.00040369048019918636,0.00011253826767409263
2,448,917504,140.99059987487271,-0.005662686035291838,nan,0,463.3810679280705,0.32673331385258336,0.002063793194888937,0.0157470703125,-5.964089323735071,1.8772758434492696,0.0038376332335244576,-0.0021897764387940897,0.0001266406971669451
2,449,919552,141.15626679197885,-0.005689314344003979,nan,0,460.77290816980104,0.3447928834730973,0.0003670825580926286,0.0,-5.947339006554485,1.8288282238011009,0.005640577740260308,-0.0003778731469067905,0.0001422237612252281
2,450,921600,141.31678429199383,-0.005645058689501514,-5.99110315633535,8,462.6272522141038,0.3392137701567184,0.0003073325048919838,0.0,-5.95562198105009,1.6500471804634744,0.00624126062701175,0.00021700258202970134,0.00013727212786391604
2,451,923648,141.51079916697927,0.006300233041788322,nan,0,383.8101762917738,0.364657126842741,0.00040726303324232284,0.0,-5.895614442240909,1.563338527985601,0.006529105309823295,-0.0003324272844415655,0.0019318363040478942
2,452,925696,141.66155137494206,-0.005651673484095204,nan,0,467.8258787234615,0.345659286223568,9.273405895154381e-05,0.0,-5.920519685613846,1.7132013801425297,0.005833770693066637,-0.000163166933754841,0.00015283588241526573
2,453,927744,141.82684533298016,-0.005721476979744761,nan,0,462.8260259285788,0.33277320672141053,0.0004444876197376866,0.0,-5.9379290118897465,1.3798485005641812,0.005601565549041537,-0.000406057080649805,0.00013938723560319522
2,454,929792,142.00521724997088,-0.005668320458389947,nan,0,468.74712514150485,0.3271688349905343,0.0005652381057678171,0.0001220703125,-5.95910321126059,1.690210227614735,0.005158184236674648,-0.0008594605908077185,0.00011708323244355227
2,455,931840,142.16675937501714,-0.005613929625854651,nan,0,463.16461234695583,0.34477492990184844,0.000873438324487752,0.0010986328125,-6.035254518952712,1.6143734656887112,0.004896541663571688,-0.0012287566584541706,0.00018008760614628708
2,456,933888,142.32447866699658,-0.0057110768318851144,nan,0,460.63576842460577,0.32995868818732554,7.305380829229679e-05,0.0,-6.065064058201756,1.5582394551284424,0.006047477521772507,-8.113285042968916e-05,0.00012709262800087709
2,457,935936,142.47681012493558,0.006305042005682081,-6.016299490417245,8,375.8214514711803,0.3516303670425791,0.0002817336045476726,0.0,-6.097546172444991,1.681588351425925,0.006741243592462691,-0.00030717629481491135,0.0019017474296652178
2,458,937984,142.6328362498898,-0.005657621115678954,nan,0,462.58719936727135,0.34074955069167845,7.035381897672186e-05,0.0,-6.112982198268881,1.549836074411553,0.006183686830667058,-3.8420020160956185e-06,0.000149093268828544
2,459,940032,142.80368258291855,-0.005683122026354749,nan,0,464.0380131639734,0.32797034100558864,4.8411723362082115e-05,0.0,-6.024273264728638,1.3402073802356755,0.0060935429836907066,4.318824811956265e-06,0.0001299017883002233
2,460,942080,143.06354174995795,-0.005662268113242851,nan,0,457.846761563397,0.3328310530344494,0.00013844058539153628,0.0,-6.090836772168897,1.6017282641262929,0.005922434022958939,-0.0002249128608067339,0.00011302022319354877
2,461,944128,143.21606849995442,-0.005701986225151489,nan,0,458.42418798588477,0.3433290577772766,6.169852994343582e-05,0.0,-6.051703089251251,1.4154123771054365,0.00594892202198858,-0.00018749129993355512,0.00016942046534176554
2,462,946176,143.399799332954,-0.0056249788520731725,nan,0,464.13443006717574,0.3388157410018004,0.00020533701001483135,0.0,-6.065988776537652,1.4534138826292122,0.006150450767653547,7.025399771806717e-06,0.00015487318268818162
2,463,948224,143.5701586669311,0.006314759256701189,-6.0011364074335365,8,378.5543829117602,0.3506214807025205,0.00017906573216858285,0.0,-6.08965882614973,1.477105334248619,0.00653467693876313,-0.0005081156900297226,0.0019062676052862453
2,464,950272,143.73087187483907,-0.005652196679075316,nan,0,462.1738760401908,0.3360540187387534,9.208192038081494e-05,0.0,-6.0124989793282335,1.7064582747521957,0.006262496592004375,0.00016972882552725513,0.00016053757429777108
2,465,952320,154.07714054198004,-0.005745675310716939,nan,0,462.9748869945543,0.3416946071845547,0.00020156238442997133,0.0,-6.0182271714559885,1.6147523097994996,0.005747658881342639,-0.0003415143803839893,0.00014189218054127837
2,466,954368,154.1878927918151,-0.005651568105100178,nan,0,457.49656524638453,0.34328889868356177,0.00019970139724110833,0.0,-6.007519345236905,1.645318725544921,0.0056182974383227864,-0.00047335316787611506,0.00016826252192399024
2,467,956416,154.2923013328109,-0.005673169255386757,nan,0,462.36281637707475,0.34374429159820585,4.201883242924727e-05,0.0,-6.029923890590125,1.640744127236871,0.006157577557973784,4.9944406656398776e-05,0.00015541852145451633
2,468,958464,154.38145987479948,-0.0056875966620184145,nan,0,460.3283013122717,0.33813825840234357,0.00038247952979281863,0.0,-5.934852043789512,1.7270536504980045,0.005150965820322431,-0.0008595696816169919,0.00015136691629981982
2,469,960512,154.45893483282998,0.006313082419617233,-6.018935874911407,8,369.67677715301704,0.3554571021127399,0.00024044795735975822,0.0,-5.959003707880367,2.0079746892711374,0.00623377888154099,-0.0006764658900548625,0.0019024821274309755
2,470,962560,154.53203437500633,-0.005639267477721237,nan,0,467.65819238286934,0.3075996060181442,2.9490831098108334e-05,0.0,-5.915083199560687,1.5851214015764965,0.005935219366133747,-2.5796959051133887e-05,9.186625124838718e-05
2,471,964608,154.60965229198337,-0.005666959189111361,nan,0,465.0353313933743,0.34250736068838494,0.00033627965960939877,0.0,-5.950880263792454,1.756195111918768,0.005067876510373379,-0.0009566763180166087,0.0001473451291950667
2,472,966656,154.68215637491085,-0.005664841580932768,nan,0,469.3083869499542,0.33196040659288206,0.00023939164840133565,0.0,-5.936324542634043,1.553267066252906,0.005584625330963221,-0.00041576855471031973,0.00012813868607899366
2,473,968704,154.76776062487625,-0.00568849918426347,nan,0,453.1412575050055,0.3313380355317125,6.47114168486357e-05,0.0,-5.9752159194145165,1.5400432380594875,0.005789900984124929,-0.0002635326424762132,0.00015643541437325366
2,474,970752,154.85479995794594,-0.005616400592449812,nan,0,467.5314903064832,0.3047841341228173,0.00017314166209731765,0.0,-6.0115398247886205,1.4796927250976726,0.005778702818364185,-0.0002804353074724237,9.519660209597684e-05
2,475,972800,154.93284849985503,-0.0056274445265330625,-5.970528848547608,8,461.7268540705081,0.316103343276895,6.364509585811625e-05,0.0,-5.9416152547742165,1.529102183419166,0.00589954200973815,-9.906624108473126e-05,0.0001139859920973274
2,476,974848,155.03103295783512,0.006308336614674606,nan,0,379.87967927735986,0.35732358928629365,4.0633974235482396e-05,0.0,-5.950622270573202,1.5166351011850403,0.0068150239156689486,-9.179909155749948e-05,0.001912401473306494
2,477,976896,155.10705741681159,-0.005632419460186274,nan,0,458.6429361711837,0.34230966160568577,5.775552150658159e-05,0.0,-5.931713851884041,1.517572565577424,0.005939310935893413,-8.808267362342675e-05,0.0001913595152656007
2,478,978944,155.18141249986365,-0.005699133942715092,nan,0,464.79338904221316,0.3256677940673241,5.026068640068608e-05,0.0,-5.972220008666941,1.6385486050800604,0.005788412969764801,-0.00024716610172329737,0.00012671812564231903
2,479,980992,155.25479174987413,-0.005680267271498826,nan,0,465.38947518746085,0.35278710740188957,4.1243923337672296e-05,0.0,-5.9251433545569645,1.3867703921300243,0.006056404046416279,4.5233783626870416e-05,0.00017205381646489136
2,480,983040,155.33321454189718,-0.005669106212624828,nan,0,460.30062067313713,0.34124168648962216,4.3407776306890515e-05,0.0,-5.9287669153195655,1.7452501517238996,0.0056863513260624644,-0.00032100457096445427,0.00015717796341470824
2,481,985088,155.41300337482244,-0.005744257581182629,nan,0,459.38397533270484,0.360371874422358,0.00011010302287162399,0.0,-5.944498511263575,1.4252050720685379,0.0057040907531780965,-0.0003285736352858608,0.00017633175440076544
2,482,987136,155.4904017499648,0.0062853433558168375,-6.035650800619697,8,384.6592466025244,0.3389319853202299,4.0525133155763904e-05,0.0,-5.913413456677924,1.837623867385106,0.006493384059490863,-0.00035763236995261377,0.001875205945531114
2,483,989184,155.56245445786044,-0.005674650551129106,nan,0,464.2916096331742,0.3353270169043684,1.0429218417186618e-05,0.0,-5.924120647177569,1.5507596330660032,0.005976076638702833,-1.892337355448217e-05,0.0001417587301594887
2,484,991232,155.63221991690807,-0.005758468582275287,nan,0,465.4027292052954,0.36559672790215236,1.1024114523686265e-06,0.0,-5.916782301282476,1.4763881214243562,0.006003081382777093,-8.402045519688948e-07,0.00017427857209316924
2,485,993280,155.7064259168692,-0.005588795241948903,nan,0,468.92150559939796,0.3100884351542925,6.174764773416726e-06,0.0,-5.924728290966259,1.363770447342096,0.0058956963199066625,-7.564543618985946e-05,9.322693026052701e-05
2,486,995328,155.7754167499952,-0.005666596861380976,nan,0,462.74761332681544,0.31262880948271493,5.885128301330161e-07,0.0,-5.931462912062351,1.482892949516068,0.005985243312974295,7.876954838184624e-06,9.180689214752713e-05
2,487,997376,155.85090333293192,-0.005593068675407159,nan,0,459.5806270307534,0.33622490767057395,8.344488014761387e-07,0.0,-5.914586366611925,1.8873199470251167,0.005967780097548475,-3.0095898813090743e-05,0.00016657925949928478
2,488,999424,155.94299816689454,0.006286897819629513,-5.992021551957285,8,376.41308316046445,0.3502712092841239,3.608042166843527e-07,0.0,-5.909074425664641,1.8512476225640877,0.006843904022150168,-1.015626068298029e-05,0.0018899717143370167
2,489,1001472,156.04608795791864,-0.005572850925546987,nan,0,466.72121938504563,0.3024119487748778,8.350265380435739e-07,0.0,-5.9051518358680255,2.047302740181056,0.005888312543763385,-6.690659685092398e-05,0.00010013460949257132
