seed,update,environment_steps,elapsed_seconds,mean_step_reward,mean_episode_return,episodes_completed,minimum_tension,mean_command_speed,approximate_kl,clip_fraction,entropy,gradient_norm,loss,policy_loss,value_loss
4,1,2048,7.663029707968235,-0.005260961129150826,nan,0,-160.4261973283017,0.4917166057190877,0.011427322496761382,0.1744384765625,1.2128397920989147,0.6910785013588465,-0.004457623869315955,-0.018333588807730967,0.03017760946102786
4,2,4096,7.729580250103027,-0.005821469609530132,nan,0,-171.81044423531472,0.45115804299947215,0.01064979822922419,0.1640625,1.2188132312796789,0.9097661554567971,0.00293656149038443,-0.014116127286403374,0.03654300401613497
4,3,6144,7.790848416974768,-0.004937625377854204,nan,0,-175.10147924440977,0.5065573591630064,0.008604421677146038,0.1326904296875,1.1860915201829227,0.970326599443077,0.0015580593805742992,-0.013594599210265622,0.032677500222045686
4,4,8192,7.850973875029013,-0.005359153531130173,nan,0,-174.28973426146553,0.48449276885024045,0.009041054246135077,0.135498046875,1.1527584838508051,0.9821459686306894,0.0022017995629733562,-0.012703488759649974,0.032116093612948274
4,5,10240,7.909811333054677,-0.006748500084658058,nan,0,-196.87699512718402,0.49166988608894646,0.010765876662624239,0.1627197265625,1.1374495380154115,0.9321804419851083,-0.0003613204220555902,-0.01694500902467233,0.035442276281264305
4,6,12288,7.973768500145525,-0.005106282502910647,nan,0,-190.5130948815805,0.47885107708062186,0.00941465452377211,0.1385498046875,1.1039837477050205,1.1304856640685068,-0.004385443851971709,-0.01666221195206033,0.026761503695587288
4,7,14336,8.032991375075653,-9.365381092835525e-05,-8.553920860426071,8,-187.70887772908816,0.4844491119966211,0.009471387718142718,0.1490478515625,1.0200247435523433,0.9775347865880807,0.0029295230219483874,-0.012815220658593543,0.033529536848188546
4,8,16384,8.093627500114962,-0.005821250830455486,nan,0,-187.69678686184807,0.44714752380743544,0.011183316703377301,0.159912109375,0.9730493130031685,1.1702170574087103,-0.006351869762401862,-0.01642003083289226,0.022082420766987135
4,9,18432,8.151607625186443,-0.004676659673195839,nan,0,-182.5728685121396,0.46333916433202393,0.011659354836430567,0.174560546875,0.8553797580670364,1.0563880337192122,-0.00969102968091317,-0.018936765534743195,0.020202231223794123
4,10,20480,8.21294895815663,-0.005226143087824773,nan,0,-194.40561937969107,0.4734048338277513,0.01030495997358806,0.1573486328125,0.7897143733371688,1.0378654852003368,-0.009113773127068826,-0.018319714389107497,0.019991311270751672
4,11,22528,8.273846875177696,-0.0051514769219033205,nan,0,-211.80968577523058,0.45605726571979077,0.008944500894509103,0.137939453125,0.6351664374953181,1.1544188467476726,-0.007238860926411233,-0.014986426455501476,0.016765463933171125
4,12,24576,8.331321667181328,-0.0063606212322542205,nan,0,-210.62912844628914,0.46506161856157824,0.011729655938389866,0.173583984375,0.563755279994685,1.318735035955021,-0.014774298176665746,-0.020293999709932085,0.012166913626522053
4,13,26624,8.390898208133876,0.0038117846148455594,-7.395343445877513,8,-192.38029575207537,0.46131439636703564,0.007057981396556437,0.09765625,0.4226095006597698,1.1111750679802623,0.005254988270372445,-0.00906321124672552,0.029481618035515474
4,14,28672,8.448298208182678,-0.006104627207254612,nan,0,-198.45144117171264,0.46915808558222505,0.011310040418154102,0.1636962890625,0.34060122747164656,1.1787154238550102,-0.01135707624946067,-0.016777607803508416,0.011522265563038784
4,15,30720,8.506708916975185,-0.005028833760071592,nan,0,-206.55969345234053,0.4757257233903377,0.008691448311033342,0.1334228515625,0.15891814401704218,1.155741613300237,-0.010984760401033604,-0.01484504555204616,0.00803840659005919
4,16,32768,8.564228750066832,-0.005894805787445484,nan,0,-181.96568197067793,0.460918936410459,0.011959153710268799,0.1639404296875,0.04525700067441529,1.4013942198460232,-0.010513257467965933,-0.01384197981037312,0.006747958686163204
4,17,34816,8.623063208069652,-0.005325105974686675,nan,0,-201.2225155607538,0.4484551642085913,0.00784089282135212,0.1143798828125,-0.09481780649085503,1.1669585956709208,-0.010994516800120733,-0.01439923452780888,0.006619799842394586
4,18,36864,8.683739042142406,-0.005783937841973083,nan,0,-199.2323630985479,0.45360036684256855,0.009400521311012704,0.1407470703125,-0.2505565721957084,1.3839129414623657,-0.010569389734980308,-0.013372699267849565,0.005105505921347095
4,19,38912,8.745636125095189,0.004604129062170241,-6.792377780012068,8,-194.36231516247707,0.4562397883522578,0.006288375930513676,0.086181640625,-0.392148877109877,1.094934257980867,0.015261647816743499,-0.003100955079090412,0.03594090803744807
4,20,40960,8.803444833029062,-0.005700682924540687,nan,0,-191.98876083891602,0.43335628429623846,0.009260707029009205,0.1339111328125,-0.4502951090628512,1.3159431267062103,-0.008535346380169293,-0.01088211634267414,0.0037929497068839926
4,21,43008,8.874374833190814,-0.005610854397324259,nan,0,-201.44628126710487,0.4212198034476604,0.00793972221625535,0.1085205078125,-0.580423839553562,1.2169277636259515,-0.009225378323470554,-0.011805564891773349,0.0039995254574984665
4,22,45056,8.94003800000064,-0.005619845235041913,nan,0,-186.08580870895335,0.45794998070082926,0.008180857444168327,0.1103515625,-0.6955855317379123,1.4769259176827774,-0.011009770049462877,-0.013132847668527528,0.002854984174653476
4,23,47104,8.998757667141035,-0.0056855839343947015,nan,0,-61.44919711630502,0.41444669877681184,0.00805322534995678,0.10986328125,-0.8623327910058884,1.3457337634526367,-0.007807632988861694,-0.009619687608006654,0.0018994436562781406
4,24,49152,9.057776875095442,-0.0055488958464516205,nan,0,-189.71086192978825,0.41185526872302175,0.004990229089569233,0.05224609375,-1.0614484760043852,1.0189502417884548,-0.0033978514792663977,-0.0053754541481699745,0.0018323083857983847
4,25,51200,9.116230875020847,-0.005872911404807073,-6.525293831449948,8,6.370124737326688,0.4398768526273634,0.006337926542613767,0.0821533203125,-1.0824338581832054,1.3214687475215414,-0.005946646012249996,-0.007998766867756881,0.0019393739946473578
4,26,53248,14.67550737503916,0.005453899311712424,nan,0,120.67464114630788,0.46252615884110937,0.006343417644234945,0.0799560546875,-1.2389619536663097,0.939440041752514,0.01805802683404343,-0.002852838166063468,0.03934380609288117
4,27,55296,14.741413417039439,-0.006070652728968999,nan,0,5.761984084872029,0.4529394039217277,0.007336630369665363,0.1025390625,-1.319675842781542,1.1978878491218423,-0.005953900347081336,-0.00812031612700317,0.001693479874280584
4,28,57344,14.800745458109304,-0.005710171726421391,nan,0,201.1706307751115,0.4613826530126428,0.007115268751618231,0.095703125,-1.4196394880815606,1.4421540612697688,-0.004375747012956291,-0.006644832398572304,0.0016988917950689075
4,29,59392,14.860443042125553,-0.005789550713272127,nan,0,261.81984990585,0.4089473879288867,0.007767293096010659,0.1104736328125,-1.5475779166598373,1.255478079467347,-0.007988039689623364,-0.010068171875370333,0.0010651085381742573
4,30,61440,14.919773708097637,-0.0057096564316469565,nan,0,156.64847362989468,0.4179899549751892,0.005491356835297066,0.070556640625,-1.688891769479019,1.2428523249022607,-0.003653380312580966,-0.0058148629245015,0.0009451816848830303
4,31,63488,14.98335645813495,-0.005879851353419306,nan,0,151.70187097550115,0.3948042963298164,0.0051956519999525955,0.0631103515625,-1.8411921974953787,1.2771399659939249,-0.0011580154633109524,-0.0034139873012099106,0.0008295592808071603
4,32,65536,15.045239000115544,0.00597932924234563,-6.396878887985043,8,193.09150235946524,0.4341447598811473,0.0036981405038338058,0.0343017578125,-1.8859098775577214,1.0225544031266023,0.019902584388112828,-0.0013042980514216943,0.038641945123953615
4,33,67584,15.105507417116314,-0.005938249215668224,nan,0,302.41346333261714,0.4119998356938247,0.0055794999759248565,0.0751953125,-1.8237554101395879,1.4333056322100948,-0.0025762648527717213,-0.004838390512728049,0.0008767404996334801
4,34,69632,15.16281925002113,-0.005802909294024791,nan,0,259.3393401685378,0.4390481367055533,0.006336206485381397,0.082275390625,-1.9059695070222435,1.3182960626217821,-0.0028675280353927498,-0.005227776397197994,0.0009085577095659988
4,35,71680,15.22024350007996,-0.005881512375574956,nan,0,267.6224858355955,0.46515677326658367,0.005251026321061009,0.064697265625,-2.0167909206754686,1.5627563367051647,-0.0010701518143779974,-0.0035553367057677447,0.0009367879414285555
4,36,73728,15.278372375061736,-0.005818032168856747,nan,0,264.38239833674817,0.4286623084890238,0.005552376763962825,0.065185546875,-2.1900532642232835,1.015641665798703,-0.0015664838813181118,-0.004199661363905265,0.0008862484367277363
4,37,75776,15.349407542031258,-0.005797147580977651,nan,0,364.64295856782155,0.41637790097059585,0.005094693639864891,0.064208984375,-2.254464337221121,1.1416830592921121,-0.0018984402256336363,-0.004567182728797239,0.0008285563318849655
4,38,77824,15.40766379213892,0.005909829170191352,-6.391263290531526,8,346.3848462352851,0.43662742935113186,0.004524381071833008,0.04931640625,-2.373116082354104,0.9889645545856501,0.018754717412043147,-0.003145115989095704,0.039053434637569495
4,39,79872,15.467860750155523,-0.00589318028008168,nan,0,289.6539237478668,0.4305981228983463,0.004658471599442979,0.0487060546875,-2.4007513093472466,1.2148969520316069,-0.001113274685146052,-0.003996070958653565,0.0009640899283205488
4,40,81920,15.523949875030667,-0.0058909597804611726,nan,0,365.6353071382897,0.44165741181686563,0.004732650758108907,0.0550537109375,-2.486931838934268,1.3831173338947182,0.0005679735034312371,-0.002423423368892702,0.0010089300667793376
4,41,83968,15.580889125121757,-0.005877972824451377,nan,0,384.83452096471285,0.425194421482344,0.004058824268602712,0.039306640625,-2.600286360093497,1.2946352951968938,0.001596497495473092,-0.0013628008870401297,0.0007180240448394493
4,42,86016,15.644870292162523,-0.005730024955921913,nan,0,369.9169443708774,0.4156388083103809,0.0043545329550001375,0.045166015625,-2.729306355669717,1.3055970133733195,-0.0004983321427399854,-0.0035511501391932493,0.0006470232815670959
4,43,88064,15.709169000154361,-0.005733934430951103,nan,0,352.93701574162503,0.4054995014572733,0.004432673057379153,0.0469970703125,-2.79015600337263,1.1892738327573107,-0.0005912103657449608,-0.003727839743745964,0.0006929467492567457
4,44,90112,15.775541041977704,0.005870156376101297,-6.330459724740538,8,344.3212210876588,0.4293164772652097,0.0030181418917473134,0.0252685546875,-2.8171255351287527,1.0265640092919959,0.02140646128999039,-0.0006132181337371776,0.03840510777719763
4,45,92160,15.850204708054662,-0.005824833791827646,nan,0,404.81612047304,0.42892783369759296,0.004067226325623157,0.0377197265625,-2.9186480003700828,1.3113253807151004,0.0020313384094462397,-0.0013857574332634577,0.0009968956846792224
4,46,94208,15.912784042069688,-0.005888520992966582,nan,0,308.5768455770773,0.4312047787883112,0.005553526836158862,0.0638427734375,-2.939727553166711,1.2699088430164758,-0.00027331642608136204,-0.0036182248886104376,0.0008103618187247295
4,47,96256,15.975234750192612,-0.005788522933897023,nan,0,423.8698760120015,0.40858759307815606,0.005797424324078633,0.07421875,-2.8826524424529167,1.2356148084943244,-0.0032883319569835968,-0.006595454164813567,0.0008489395307541053
4,48,98304,16.036131917033345,-0.005840759102814574,nan,0,428.69719669552074,0.43575357209099036,0.005417685645193667,0.064697265625,-2.9646942939027383,1.1717985497858658,0.00048138858794727866,-0.0028070972270631293,0.000647583042215336
4,49,100352,16.09506154200062,-0.005819134702491178,nan,0,400.8636965059284,0.40389249361338503,0.0025914202072299234,0.0166015625,-3.086883369164228,0.9690927580818874,0.002182528584657043,-0.0011453516527481318,0.0004819937364818892
4,50,102400,20.97351033310406,-0.005824999651058761,-6.301523008206166,8,423.9155975451896,0.4247928746539754,0.0025657643492783865,0.0130615234375,-3.1103508977015,1.0336923545909311,0.0026356940531766233,-0.0007837974202271635,0.0006182811514045708
4,51,104448,21.024032125016674,0.0059893032816945285,nan,0,349.07118178430983,0.44908095523141744,0.003605771670333476,0.0272216796875,-3.1531398880943926,1.3868997294555627,0.02018348816910646,-0.0017348162390359266,0.03753032904009599
4,52,106496,21.073633583029732,-0.005869429485171473,nan,0,403.5458400757996,0.4202071117504681,0.0040638314144054635,0.041259765625,-3.2536828142135374,1.1738673601791088,0.001218414471010966,-0.00249522682629999,0.0009199169661948337
4,53,108544,21.125301458174363,-0.0058635406113805785,nan,0,431.0556893561598,0.4400131148149581,0.006342495807693035,0.084228515625,-3.257191114336027,1.3111651447757828,-0.0014333951457203373,-0.005184407469223431,0.0009876424183341362
4,54,110592,21.173930749995634,-0.005824236938733549,nan,0,432.0692830606898,0.41629654336919375,0.004995770243651235,0.0533447265625,-3.2455311794732413,1.3570443813098116,0.0006621750280460044,-0.002909433009343799,0.000652153715833124
4,55,112640,21.222354541998357,-0.005872595141184312,nan,0,379.1379948217686,0.4219461475175261,0.004412907283470135,0.0440673828125,-3.3147834811334382,1.2261260565283807,0.00020566863846333341,-0.00343953330116343,0.0006608369169866513
4,56,114688,21.271070667076856,-0.005846309000069978,nan,0,441.1379135892435,0.4542853982766484,0.0015639199119639932,0.0025634765625,-3.4067502520618276,1.0638273583770086,0.0035109046433789304,-0.0002446117133433701,0.000697532209320941
4,57,116736,21.32030741707422,0.0062032191466744315,-6.304177868794542,8,374.7985460968402,0.4205584657991508,0.006487760873449426,0.0908203125,-3.4450762626802827,1.1179529385396285,0.019425442971797956,-0.0027539232771740586,0.03746857997258347
4,58,118784,21.369644875172526,-0.005914049547571827,nan,0,376.04755663112434,0.4378708347492669,0.003072163466134702,0.0257568359375,-3.521614969900398,1.1849619644344949,0.002510885495770107,-0.0013944300668526904,0.0007674011854448004
4,59,120832,21.418620417127386,-0.005785094068263018,nan,0,417.05433554809383,0.4084565772607711,0.005590280929650525,0.068603515625,-3.6307720339240004,1.2259283679960153,-0.0010978194142159943,-0.0049947501624619944,0.0005323174286439968
4,60,122880,21.465862000128254,-0.005773997491026745,nan,0,438.4993186201913,0.4311630233414767,0.004603547640280705,0.051025390625,-3.7208738735468154,1.3193415127321706,0.0009768204203303137,-0.003076535415344788,0.0006649639242565779
4,61,124928,21.514460542006418,-0.005886347237213956,nan,0,431.5365697608518,0.4266282872329582,0.0063285139745849015,0.0849609375,-3.646707200097396,1.3644234216828797,-0.0013517771434745289,-0.005282276875498423,0.0005675850638529969
4,62,126976,21.561864958144724,-0.005853786800478468,nan,0,427.2489413454041,0.422778041958626,0.0035939948377767235,0.029541015625,-3.670619057947891,1.3881691757087267,0.0024441821492522616,-0.0015403726246845258,0.0006278714319777926
4,63,129024,21.610433333087713,0.0061782323340009776,-6.281146069165352,8,367.96531643717765,0.437685443375326,0.0036280455107810953,0.030029296875,-3.713255492668207,0.9230539914513385,0.01969025490949481,-0.0004656417476983912,0.03288528232905
4,64,131072,21.657725250115618,-0.005890773980657239,nan,0,434.35021163234205,0.4209919694500402,0.003346804890410678,0.0194091796875,-3.7830800923173165,1.2478433641007434,0.003476819220058937,-0.0009694271306774612,0.0013263325168381603
4,65,133120,21.705779500072822,-0.005833024640468516,nan,0,441.253051297292,0.3984964255247012,0.0034848176725668766,0.02587890625,-3.6577625043514352,1.2097212327394185,0.003860952990756436,-0.00027716853692607603,0.0009607180466621515
4,66,135168,21.75451000011526,-0.005827964951660576,nan,0,445.2549122614454,0.4293065618339488,0.00514436079191269,0.0606689453125,-3.719760523419299,1.1993838776235846,-0.00036500437245045453,-0.004541830198045361,0.0009141306043512202
4,67,137216,21.80515891709365,-0.005832772997267167,nan,0,449.33273879480686,0.435046595775875,0.003878978643334729,0.03369140625,-3.7848575063897933,1.4422528913232573,0.0031530607586999085,-0.0009973067483030462,0.0007310200012263249
4,68,139264,21.8542982081417,-0.005786953344216258,nan,0,441.15770367751765,0.4216107854796735,0.0061903417432719494,0.0802001953125,-3.824795947163424,1.3510479600835759,-0.00020369445963669148,-0.004322819495822662,0.0005886581780450923
4,69,141312,21.90424120798707,0.006054928677099676,-6.287229877773994,8,366.4550674105479,0.4245940456515733,0.005115952591597352,0.0592041015625,-3.934945087916649,1.1601687465688717,0.0190690528693987,-0.0008591202414319392,0.03198645604582798
4,70,143360,21.956372166983783,-0.005804071777467773,nan,0,442.79504359601697,0.4177775329486306,0.004227540868113959,0.0428466796875,-3.8462270046862086,1.2477318689599488,0.002909777061763912,-0.0012355405417425443,0.0005981811976404928
4,71,145408,22.00675450009294,-0.005863710695058126,nan,0,439.15065144713776,0.4133337354400828,0.005744421519707919,0.06884765625,-3.8598896284189905,1.33881319709457,-0.0007734937419467194,-0.004925064181842174,0.0005833616229529257
4,72,147456,22.06119337514974,-0.0057923421580025215,nan,0,445.06496366169455,0.4232261476779938,0.003146414540672459,0.028076171875,-3.9449074044576835,1.132740989818517,0.00266386135819344,-0.0016249605066873604,0.0006878289208462349
4,73,149504,22.355163417058066,-0.005895502723594476,nan,0,431.40668009781587,0.4174925491814845,0.005473350926154946,0.066162109375,-3.8217517057657213,1.3531578821797663,4.13305944319234e-05,-0.003990292219174782,0.00041974221568196786
4,74,151552,22.463749792193994,-0.005913021756020761,nan,0,440.4348112812261,0.437797801769368,0.007256005995747617,0.10107421875,-3.8226808298232022,1.4043861986237827,-0.0016360785382563791,-0.005774750434859532,0.0006319821335599012
4,75,153600,28.282616458134726,-0.0059441238932942345,-6.3301254288950926,8,444.77765467794,0.4000908757630134,0.00551311525174147,0.0645751953125,-3.8906563251916753,1.4510914379914572,0.001687570924416586,-0.0024729513734191035,0.0005397319452880268
4,76,155648,28.353341666981578,0.006151016437381004,nan,0,367.20363573077293,0.41700965968105175,0.006110777455409714,0.0849609375,-3.9660524095634093,1.1959116807482137,0.017063083850223492,-0.0016629653498784012,0.029519993581076973
4,77,157696,28.429376041982323,-0.005822109756095043,nan,0,448.30122147227536,0.4009582718174678,0.00807809715080683,0.1097412109375,-3.9072456557298234,1.4162836118412514,-0.0008972826121211798,-0.005157644675735233,0.0007062328157684578
4,78,159744,28.51166670816019,-0.005873037342896196,nan,0,438.31538580592,0.436582572359293,0.004660295768323001,0.0567626953125,-3.880537445035256,1.3239793048411828,0.0020781790526643966,-0.0021661886558479553,0.0007276605269541938
4,79,161792,28.587281916989014,-0.0059582072825861,nan,0,444.2627567181795,0.40131867331843574,0.0034893132864965235,0.0360107421875,-3.907297957862575,1.4609706717782034,0.004091636586737051,-0.00015301346455759814,0.0006747041868641486
4,80,163840,28.66289379214868,-0.00565323211148791,nan,0,443.4151372258869,0.41643260937117055,0.0031817536419042293,0.0333251953125,-3.9145936977530984,1.1526950920041044,0.0030582595703998665,-0.0011216069627313784,0.000530545670756292
4,81,165888,28.747950457967818,-0.005764824397114761,nan,0,444.24066133010325,0.3778004122169658,0.00459190921772862,0.0516357421875,-3.953590063696029,1.3593982669534084,0.001204824949209868,-0.002910363673315743,0.00032319711765916486
4,82,167936,28.816290999995545,0.006080879424597825,-6.24985591811677,8,373.4281664531252,0.43009167211589683,0.0027768133171128685,0.025146484375,-4.089074574356375,1.2752219859242953,0.017971204144239937,4.1200085031899624e-05,0.027681858969703328
4,83,169984,28.887631167192012,-0.005899244684911301,nan,0,446.64696066404247,0.43444197647194066,0.0028157998047013506,0.0247802734375,-4.0523901707422105,1.4278775124557341,0.004068323974970107,-0.00031898103778395595,0.0006698296840237013
4,84,172032,28.955702500184998,-0.00589709130679048,nan,0,451.14455301859067,0.4361164422792598,0.002540745142200201,0.014892578125,-3.9765450909547035,1.354617795438048,0.0046488464739115,0.0003263259140028323,0.0006919509379079276
4,85,174080,29.035319667076692,-0.005833014128158048,nan,0,451.2773119358333,0.4239597703458118,0.0038218748762728905,0.032470703125,-3.908268033859896,1.2818081607796605,0.003455505117093957,-0.0008142860993303174,0.0007230463651287558
4,86,176128,29.109129375079647,-0.00583725557010111,nan,0,447.19704024410566,0.41498250363238237,0.00341457667774301,0.033935546875,-4.032352969752459,1.294312122743616,0.004038708328244047,-0.0002371531464861196,0.0004870170099554184
4,87,178176,29.17568058311008,-0.005786190368830186,nan,0,448.4644031134313,0.37567400036443976,0.002395110670280338,0.01611328125,-4.021708266548641,1.0167390735088082,0.0035679697232603733,-0.0006342962351672979,0.0003611153837580581
4,88,180224,29.250078917015344,0.006164630960064597,-6.280671027234478,8,362.13588085201144,0.4268159771673755,0.0028324296252896205,0.02099609375,-3.9850016836782807,1.1539166402254037,0.016158148782275814,-0.0002992683313007777,0.02494483085979662
4,89,182272,29.344192042015493,-0.005788432578954767,nan,0,448.5771799572929,0.3898249818650537,0.0030846629759105453,0.02392578125,-4.026672196294612,1.3622532434228363,0.0025331347149527036,-0.0018918855494234966,0.0007966961361631731
4,90,184320,29.427077250089496,-0.005801650642986737,nan,0,450.15463231325174,0.4052401391266568,0.004840782222881576,0.05615234375,-3.9827226387182484,1.4122682256445798,0.0016508435494984649,-0.0026351966613843694,0.0006066351443291692
4,91,186368,29.49482037499547,-0.005848997402954805,nan,0,446.57947042290937,0.4120423660360061,0.005495885712396065,0.072265625,-3.9927584813110237,1.33277317925625,-0.0003362644874874239,-0.004553755722152138,0.000449465506707377
4,92,188416,29.56647566705942,-0.005700289941059356,nan,0,449.44604542135494,0.3842462399764204,0.002090867558069153,0.0159912109375,-3.976401444835846,1.202106337713479,0.0036842337889429477,-0.0005144271473032664,0.0004445189828207297
4,93,190464,29.63318591704592,-0.005822496758592006,nan,0,441.7150794582855,0.3823943405295829,0.001307385692309586,0.0040283203125,-3.9996149900975917,1.3133544612488488,0.0044057426323330364,0.000206588702725931,0.0003990778790190309
4,94,192512,29.699121750192717,0.006103384827480589,-6.215303189973612,8,357.64574972098245,0.4241185732051482,0.001246678084352608,0.00048828125,-3.9318939946211566,1.3934663792377495,0.015507944267135997,0.0003064510602999188,0.022539198424429835
4,95,194560,29.774525417014956,-0.005768521207421259,nan,0,442.2952935759832,0.4061482620542045,0.003899718613054973,0.0390625,-3.8713241134528555,1.2999892923379293,0.003367398496665469,-0.0007351347431641397,0.0004624182527535063
4,96,196608,29.837599250022322,-0.005880203571894867,nan,0,442.5630786115867,0.42222271064366057,0.004344000714184637,0.0445556640625,-3.896780435453385,1.2057988680500686,0.00224150739637786,-0.0019235912219645237,0.0005366363657779978
4,97,198656,29.897865417180583,-0.005724345839151835,nan,0,439.14942651187124,0.3916086344402233,0.00566921192629736,0.0760498046875,-3.81424256834103,1.3678793275158,0.00221133762458476,-0.001755069897486021,0.0003043299074595079
4,98,200704,29.95556770800613,-0.005784174207614486,nan,0,446.6902527739053,0.3932038758962418,0.003711607156533643,0.032958984375,-3.7802664123745116,1.4114661315208523,0.00226983630119183,-0.0017337113952053344,0.0004465625680453078
4,99,202752,36.008614083053544,-0.005825013497632728,nan,0,441.20535683685154,0.3955395584112934,0.004774769693470299,0.052978515625,-3.8680114625239126,1.5045654529599748,0.0005979948818516205,-0.0034705459144085287,0.00040105866747246774
4,100,204800,36.05570095800795,-0.005825950512240236,-6.238328958422393,8,444.7513832018411,0.3847663618205812,0.0013616183075749115,0.007568359375,-4.004466692818445,1.3040432972146827,0.00472798071535969,0.0004967462591141999,0.0004535355268540857
4,101,206848,36.10477137519047,0.006142773925021775,nan,0,365.55742335451254,0.4084280807006052,0.004449749767482518,0.0406494140625,-4.020392478876077,1.1906271906839478,0.011629286731294021,-0.002572438071139431,0.020362664647114746
4,102,208896,36.15285783307627,-0.00575565236145994,nan,0,439.7417506970477,0.394843863204342,0.004342084220801829,0.0501708984375,-4.072967182284063,1.4283418764572309,0.0014173190268476667,-0.0030989747528346145,0.0008866531947964364
4,103,210944,36.200934417080134,-0.005763078379809211,nan,0,452.86678094928607,0.39964430954116226,0.003389171611924942,0.029541015625,-3.9508468310023925,1.2702402640047539,0.0032332483260984857,-0.0011017980174217502,0.0007683990250356781
4,104,212992,36.24974187510088,-0.00589266925546572,nan,0,439.1688006317014,0.4052995819995663,0.0033289568667592253,0.0230712890625,-3.96341099351929,1.1782533591639823,0.003670506522410758,-0.0005268124357895609,0.00046781592936205607
4,105,215040,36.2992174171377,-0.0057691036791884046,nan,0,447.32316220151165,0.40871831437706696,0.002879248941382512,0.0230712890625,-3.979946817708772,1.1517139705351023,0.0033352613106239384,-0.000878740242420406,0.0004681094706711455
4,106,217088,36.34810116700828,-0.005753891985950036,nan,0,450.4247278954995,0.39878837868536265,0.0031506722755624394,0.022216796875,-3.909408895806499,1.1632364212781463,0.0035035211240290673,-0.0006131523527871706,0.0004145291620194819
4,107,219136,36.39714650018141,0.005973390181619456,-6.228477133691727,8,374.81622811472687,0.4224687926268669,0.001576114658758169,0.0113525390625,-3.885904629610348,1.2787506513982818,0.01289516355737335,0.00027602940249144437,0.01746645905054311
4,108,221184,36.446382250171155,-0.005791770350982779,nan,0,417.41128949458533,0.41760449935670685,0.005871054238008825,0.0745849609375,-3.90791624454841,1.2858617969116974,-0.00016261878227675402,-0.004365449482002598,0.0005898289103548676
4,109,223232,36.49519616714679,-0.005809336024949312,nan,0,452.4884707377774,0.40697976871454367,0.00266404037222776,0.025390625,-3.8926768128733804,1.4517248295589429,0.004416643519402957,0.0003316605285375949,0.0003846123559839642
4,110,225280,36.5436959171202,-0.005777487114076494,nan,0,447.7189098376376,0.38358741699943855,0.006074077749407582,0.080322265625,-3.915901402370135,1.4323138072471853,-0.0014377262718619516,-0.005514740056267994,0.0003222247640718184
4,111,227328,36.59229137515649,-0.005770669946241394,nan,0,452.2142871932441,0.39014638810759944,0.005423002632304825,0.067626953125,-3.9586267458671163,1.4352378388042855,0.0017323837623956662,-0.002433325837323544,0.00041416570770418484
4,112,229376,36.64052416710183,-0.005792800894556355,nan,0,438.86294748919374,0.39005422327936623,0.0032110559475718352,0.0301513671875,-3.9539824437528304,1.4413136904858987,0.003255607199775164,-0.0009083870180163736,0.0004200235480774161
4,113,231424,36.68874050001614,0.006158766363945153,-6.221013567988509,8,375.96314216705076,0.41668819660973266,0.0005412583696636389,0.0,-3.931152656596993,1.237600849586539,0.011636007780833148,0.0005699588016963657,0.014269792645079575
4,114,233472,36.738245042040944,-0.005817998585399117,nan,0,443.5190429775751,0.3840536772693328,0.005982314408670057,0.0789794921875,-3.895101584243891,1.2126532458007833,-0.0010580521129772138,-0.005264650823329545,0.0006229942522168813
4,115,235520,36.78651895816438,-0.005722526967249068,nan,0,446.5307855426784,0.39838548530774864,0.0034739004155200106,0.0294189453125,-3.890746959177701,1.219870801530229,0.0032986661404574695,-0.000787503278427781,0.0003908449194150999
4,116,237568,36.83649929217063,-0.005865262186927456,nan,0,441.3452407241104,0.40201947600061594,0.005912836265523518,0.0732421875,-3.9047143144458616,1.5873339399145991,-0.0022883219667239763,-0.006402586137474589,0.00041909971260951066
4,117,239616,36.88450983306393,-0.0056643725859228874,nan,0,457.7963884851819,0.3810653924479728,0.00367638179892849,0.031494140625,-3.928839309265303,1.3512902387461017,0.0039750130384653744,-0.00010738303994524195,0.00030711353829062174
4,118,241664,36.93302837503143,-0.0059193802497892415,nan,0,447.16252231245693,0.3939212256015763,0.0029598271473389843,0.0225830078125,-3.9691269327232197,1.369969468075594,0.003950150128060628,-0.00024983401938524514,0.0004617144294453066
4,119,243712,36.98423866718076,0.006251579912191073,-6.201620642351476,8,386.8730949600822,0.41102445118392106,0.0025928679383157493,0.014404296875,-4.035946553643245,1.2756559067925468,0.010794386758755497,-0.00019079101881443097,0.013898462447853368
4,120,245760,37.03407116699964,-0.0058130288583238664,nan,0,446.6735048493152,0.3802338809277408,0.007204828240943436,0.0992431640625,-4.111949778536772,1.5686886139569314,-0.001261845755455221,-0.005693423289594876,0.000639255511205765
4,121,247808,37.08293625013903,-0.005749621467202723,nan,0,454.99910030291755,0.41500195163511044,0.004974890152456054,0.0693359375,-4.085951272056746,1.526865610512965,0.0017242122556346499,-0.0026380155820854845,0.0005525531313267826
4,122,249856,37.136506125098094,-0.005718369124971048,nan,0,455.4852099349018,0.35658371134438693,0.004148951014445063,0.0419921875,-4.00555831153357,1.5032841963771624,0.0014821386831229651,-0.002670732172390356,0.00029462508795949306
4,123,251904,37.187682250048965,-0.005774149014377908,nan,0,450.14456883740786,0.3692084496917982,0.0029441315417059874,0.0252685546875,-4.136151341213637,1.3869753611992826,0.0039015301956460656,-0.00038470250325709984,0.00030016271537906006
4,124,253952,42.26119854208082,-0.005808421639863731,nan,0,452.2559608015103,0.40970071909556754,0.002577052639825209,0.010009765625,-4.140680482083549,1.210340415838799,0.004100111287232285,-0.00024994433193507425,0.00041875027416761923
4,125,256000,42.34610745799728,-0.005820892663535407,-6.187025732055236,8,436.2687231534883,0.4013232754351902,0.008144581892519176,0.1171875,-4.097441865416387,1.2876920158529628,-0.0008064303205506749,-0.005111931850129781,0.00041611932832543726
4,126,258048,42.42458395799622,0.006128391079892711,nan,0,364.51357871520725,0.41481232207743357,0.005552834929774176,0.0733642578125,-4.159972162523006,1.1681547680104092,0.006727507509182721,-0.0027536073083651905,0.01064228531004981
4,127,260096,42.48738916707225,-0.005814158836260932,nan,0,449.7721702683978,0.4029112362740276,0.002946348383652312,0.0245361328125,-4.107960821224034,1.1709763642048738,0.004307559287934372,-1.3816353078451287e-05,0.0004268296395775795
4,128,262144,42.54742987500504,-0.0058796976816519846,nan,0,441.15938675209037,0.406924906741841,0.005086205875945546,0.0616455078125,-4.194124392181209,1.4843999746547232,0.0009196656391265486,-0.0035029950525959433,0.0004570725990825554
4,129,264192,42.60497104213573,-0.005773405449393727,nan,0,445.91565464159936,0.3963416566714467,0.005294699700813533,0.0631103515625,-4.200177097723614,1.4140701663006623,0.002075821328624467,-0.0023669183385054407,0.000485125138812585
4,130,266240,42.65725737507455,-0.00570395487348421,nan,0,447.5658668351697,0.38381427485197595,0.007021438659610283,0.099853515625,-4.169494186190003,1.3346739040400906,-4.9339713513210995e-05,-0.004446817548362903,0.0004559672973193785
4,131,268288,42.71211462514475,-0.005841330429000705,nan,0,444.71311116866985,0.4196063136858851,0.004272485571344214,0.0460205078125,-4.312620391027295,1.5004263128120539,0.0021482361531968202,-0.002401272621612803,0.00047377676756465455
4,132,270336,42.76631491701119,0.006250348509314116,-6.215306993761517,8,364.55454173780817,0.3898219696880435,0.0037114423899304973,0.0419921875,-4.386143997767345,1.0813384549926424,0.008091745439183708,-0.00039899618122231795,0.00820919524527736
4,133,272384,42.824660583166406,-0.005886470190919549,nan,0,453.4188578964826,0.39948203136960103,0.003556819289375703,0.03271484375,-4.450586491676832,1.3275120033146381,0.0034150303700538655,-0.0012552809784750945,0.0004394497137042546
4,134,274432,42.87972295819782,-0.0056703275788925755,nan,0,455.29035465427074,0.38571549870248045,0.0035069483031791755,0.027099609375,-4.452425528313183,1.3338562627842148,0.002947181246424289,-0.0016590506635531,0.0003076127633284065
4,135,276480,42.93420058302581,-0.005829540420552958,nan,0,450.68896595195883,0.3977411849457506,0.0034473638255021087,0.0323486328125,-4.400826414309668,1.5228989542391922,0.004063138530267595,-0.0006022703897542803,0.0005291650114244102
4,136,278528,42.98750666715205,-0.005795578545366527,nan,0,442.8701118649959,0.38905900959293344,0.00491458281682044,0.0689697265625,-4.371314015609694,1.2231623793464812,0.0011077760401715323,-0.00352857342831394,0.0005300709057515544
4,137,280576,43.04041137499735,-0.005711965752794763,nan,0,455.48653022107607,0.38284387588061397,0.0036226885063016163,0.034423828125,-4.459078525800616,1.3976980055668144,0.001565015814986187,-0.003048985003683386,0.0003098445857379081
4,138,282624,43.09341183304787,0.005994835528851845,-6.230076921297425,8,382.74881486913284,0.4220284331091214,0.003093021636164061,0.0274658203125,-4.4457068178802945,1.4434260017154816,0.007283701957785483,-0.0008356341107970048,0.007347258501404386
4,139,284672,43.15940504218452,-0.005762712530278397,nan,0,453.8392913554274,0.37509685705330137,0.005057701403716999,0.0576171875,-4.49997813369746,1.6785343145512304,0.0011085626619482649,-0.0035840784059891625,0.0003853258684799356
4,140,286720,43.21377200004645,-0.005780076762568269,nan,0,456.9839174183459,0.38557395545921436,0.003207557651292791,0.031005859375,-4.547999293086505,1.3310956416325492,0.004344216037272926,-0.00035884642636388464,0.0003101263411006159
4,141,288768,43.27007320802659,-0.005726447820923474,nan,0,448.87416600684384,0.3896479141603082,0.0002283218347473108,0.0,-4.500778001101203,1.3817442534919644,0.00491007171077315,0.00023975184240731693,0.0003390837345292628
4,142,290816,43.32376008317806,-0.005741364879225712,nan,0,452.5309506692262,0.3627949930376888,0.004217372034677164,0.04638671875,-4.5152499384753,1.3956623312725904,0.00275156889556095,-0.0018753942127957778,0.00022342633976285407
4,143,292864,43.38320920802653,-0.00577975521291418,nan,0,450.9330429334372,0.3958937130829113,0.001981008339946239,0.0054931640625,-4.480918815788552,1.2747505739511682,0.004399023912980308,-0.000260105231109883,0.000356420656603279
4,144,294912,43.44269900000654,0.006111858121563526,-6.171801325196005,8,374.58348654466454,0.4039399125758222,0.006421029519407601,0.0872802734375,-4.6264157741290255,1.1152322010291282,0.004844929546061909,-0.0026106840486682546,0.005658395641202272
4,145,296960,43.496085667051375,-0.0057480151080050255,nan,0,453.2863987931948,0.3843310937494331,0.0011599699852753095,0.0018310546875,-4.480088243002315,1.2052243100681088,0.004757691907742252,8.308637830405823e-05,0.0003890345728717609
4,146,299008,43.54803691711277,-0.005713491543304902,nan,0,459.42196156386836,0.3588599454283382,0.0016124315665754692,0.007568359375,-4.554527590275917,1.390025042366835,0.004572330546797104,-0.00016581053671378904,0.0003672269864699532
4,147,301056,43.600227292161435,-0.005641428969378914,nan,0,445.50989624566614,0.38354935726059275,0.005122174959128212,0.05712890625,-4.631315111411636,1.3326152963326061,0.0018927929446168768,-0.0030991024900885195,0.0007211606465875162
4,148,303104,48.4654601670336,-0.005849847979955558,nan,0,457.76055170978964,0.37340130206878186,0.0018929659218882154,0.0107421875,-4.691248541054845,1.270947578450732,0.00536029864211675,0.00048068813566573033,0.00037672393079235165
4,149,305152,48.51598358317278,-0.005888253741087648,nan,0,453.77167513833825,0.38452517633850103,0.004342973975709806,0.047119140625,-4.700549045794691,1.6652394484131556,0.0027276491519598557,-0.0022979352218132753,0.0006500706559568752
4,150,307200,48.565476041985676,-0.005591865136170357,-6.12374434758714,8,458.58574627596533,0.37127242081975287,0.002374121888290737,0.013427734375,-4.749676793049931,1.4985037285973277,0.004387793450542361,-0.000590585933230226,0.0004574051814453146
4,151,309248,48.61693750019185,0.006107601956170732,nan,0,370.06191115891903,0.4149033966128526,0.00507577491146189,0.0595703125,-4.804669347853883,1.2453858167603729,0.005872960704186006,-0.0014285698034284446,0.004993722319521134
4,152,311296,48.66800154210068,-0.005687469121536664,nan,0,456.3542481077941,0.3705253793739222,0.0031124691656469255,0.019287109375,-4.965042451143463,1.3459966175102704,0.005153327391498533,2.9227500998460325e-05,0.00031811487871321546
4,153,313344,48.71804520813748,-0.005756617300933712,nan,0,456.0623278908065,0.39016909271735795,0.0036354565480267048,0.025390625,-4.8432098008363855,1.4626158822552218,0.004224756340845431,-0.0007759411335212024,0.00031497534706049834
4,154,315392,48.76713104196824,-0.005765845304742355,nan,0,454.0777908696816,0.3781167673652708,0.004042566906236169,0.0458984375,-4.882590670969764,1.3274183453386512,0.002882196012809619,-0.002142173798461422,0.0002835582806025562
4,155,317440,48.81558066699654,-0.005814874821801816,nan,0,452.0937175146275,0.39000159698221254,0.005685547763617679,0.075439453125,-4.851000540926708,1.5444223357975218,0.0007377351344202603,-0.004287186034126034,0.0003478412552391746
4,156,319488,48.86422120803036,-0.005653231307585547,nan,0,460.380457517865,0.3674270148403538,0.002864638082907921,0.015625,-4.899870987795665,1.5745496190705706,0.004938252196245472,-8.060199057328098e-05,0.00023796639804617406
4,157,321536,48.91248458297923,0.006205007941560395,-6.15077523289346,8,376.16558843765375,0.38184848016066475,0.005728126575877183,0.0760498046875,-4.933987941487688,1.3523400732582525,0.005835863246185409,-0.0011876656923369006,0.0041790819940692465
4,158,323584,48.96072300011292,-0.0057657324215819854,nan,0,449.28937857034913,0.3686574108408237,0.006144515656818264,0.0787353515625,-4.926331784842038,1.5921605997887034,0.0010440668061350864,-0.004067335631578701,0.00037014130574349925
4,159,325632,49.00957474997267,-0.0056369120491551305,nan,0,458.275997882254,0.34693099283685025,0.0007401090659627833,0.0,-4.820492773619634,1.5328091352399111,0.005288524842838729,0.0003633440051094214,0.00020937612821934242
4,160,327680,49.05969675001688,-0.005722788562000182,nan,0,451.4327658976519,0.363490076911789,0.004554011419046789,0.0506591796875,-4.9672995371032735,1.2342019918408462,0.002591222437969179,-0.0025136881159744506,0.0002752220336807185
4,161,329728,49.1086227921769,-0.0057967199069779395,nan,0,452.8270634955956,0.37813663914541407,0.0037315808349109025,0.039794921875,-4.87199772624774,1.4902844678477736,0.002339541036901236,-0.0027059290608865585,0.00034694474308011054
4,162,331776,49.15917129209265,-0.005712841699574671,nan,0,451.83207610037624,0.3761621985511968,0.0016741506281287785,0.007080078125,-4.955802014229464,1.4584306175792907,0.004547236921408527,-0.0005308680160006109,0.00024460584635934763
4,163,333824,49.20981716713868,0.006147168903450637,-6.107088425427667,8,378.9689458361235,0.3828825989144331,0.005222007785325854,0.0682373046875,-4.987123784654036,1.4690219257522306,0.004594777007592804,-0.0022229356637299487,0.003661177773337432
4,164,335872,49.25993162509985,-0.005704741349726027,nan,0,456.63562001442176,0.38381312380110677,0.004587857634110709,0.046142578125,-4.983746966517581,1.5764005393498135,0.00254805790368688,-0.002626816633593456,0.00038225514152551767
4,165,337920,49.31041512498632,-0.005743528630643359,nan,0,459.61533149480175,0.3687968524544186,0.003881458184139271,0.0416259765625,-4.99069746251343,1.4590031596631763,0.003849069934926058,-0.001255238327482748,0.0002272215997907492
4,166,339968,49.36118629202247,-0.0056933605546447014,nan,0,446.23386172748366,0.3606693847767861,0.005512900796641625,0.0645751953125,-4.964493992411417,1.4943205611837662,0.0013161489569816919,-0.003795964608425193,0.00029523914599093303
4,167,342016,49.412018292117864,-0.0057231491262031585,nan,0,457.6900073190621,0.36988436316313267,0.0015679866623044363,0.0028076171875,-5.032084163423308,1.3409542033825774,0.00612494955283711,0.0009439752599559809,0.000297780258915642
4,168,344064,49.465589333092794,-0.005758504832590336,nan,0,452.7868695334902,0.3815017474014375,0.002499651234216779,0.0186767578125,-5.141765778206545,1.4479137355014604,0.005040162010857375,-0.0002534226369582033,0.00030363773921806224
4,169,346112,49.51758391712792,0.006081432278335652,-6.139611380491527,8,381.80856254809123,0.4122121933399756,0.0029141242316694806,0.030517578125,-5.129637867852914,1.2418825830487,0.006217171473675408,-0.0005262206435804159,0.0032275084988058218
4,170,348160,49.57228725007735,-0.00574428115841438,nan,0,460.3576885534569,0.3685860043843203,0.00496432348777447,0.05712890625,-5.179830181177653,1.477238469821985,0.003807404154589626,-0.0015070860600304124,0.00026932006688477254
4,171,350208,49.628469792194664,-0.005637973461705097,nan,0,456.2192453256329,0.3681509717709295,0.004540395292631219,0.0477294921875,-5.205515362455056,1.5914680814238222,0.0019620424941175934,-0.0034164490231689904,0.0003459523096630529
4,172,352256,54.81108929216862,-0.005775528361674536,nan,0,450.3559731368881,0.37055757046283666,0.004243153000547206,0.0484619140625,-5.1955372961408335,1.5719884285968746,0.0034535431256426125,-0.0018903212035173197,0.0002966540660382011
4,173,354304,54.86318083317019,-0.005776449370916101,nan,0,451.12011045158437,0.39654858881740085,0.0020251694079033216,0.0059814453125,-5.222231684754012,1.4607377192608086,0.005806666261188599,0.00041003523732847176,0.00034879867821222725
4,174,356352,54.913964667124674,-0.0057906645825717895,nan,0,458.1148793861342,0.3809665326367607,0.005072223637583491,0.0634765625,-5.254623049905383,1.30957785375945,0.0038233257656163254,-0.0015704888494356764,0.0002783831302932332
4,175,358400,54.96330966707319,-0.0057439042937405295,-6.1436851888232145,8,456.96432234981796,0.36719393038471715,0.004636160058264371,0.057373046875,-5.304712801566668,1.484184376621423,0.002056244320145691,-0.0034022865556004216,0.0003076361483588917
4,176,360448,55.01364145800471,0.006129205767173974,nan,0,369.3397370047147,0.3990445115551741,0.0038088160293009814,0.0399169921875,-5.288950693298574,1.1847923267387486,0.005816043370374797,-0.0009556906602118031,0.002965566674576052
4,177,362496,55.06703087501228,-0.005652548252445261,nan,0,446.6657306538191,0.3723147246133218,0.0032937287002031508,0.02880859375,-5.336354081201495,1.449310226830266,0.004806381191199885,-0.0007848212012519082,0.0005096966225005973
4,178,364544,55.13862408301793,-0.0057273612462539255,nan,0,457.6165870448666,0.3585445906104501,0.005842235250907634,0.0762939453125,-5.420069780060985,1.4090306602024953,0.0031916820632659666,-0.002348501451821451,0.0002402274700528613
4,179,366592,55.194686042144895,-0.0057456546235748335,nan,0,457.29016450872007,0.3546257665949707,0.004462450254051139,0.05126953125,-5.525679036061069,1.490517442980781,0.00427767849364589,-0.001365415308282074,0.00023482953173378833
4,180,368640,55.24698529206216,-0.005659379573895795,nan,0,458.47187134456397,0.354543545571105,0.004356216390569078,0.0518798828125,-5.5344706972234405,1.4373268295581707,0.004542030222064999,-0.001100468337626493,0.00021605572493610254
4,181,370688,55.30381179205142,-0.005687153513421018,nan,0,456.88480489185605,0.3461462040200301,0.0047149060343954375,0.0576171875,-5.573347646259823,1.472095731979254,0.002978950779744846,-0.0027039851780903627,0.00021917662315077622
4,182,372736,55.35993100004271,0.006354076089339153,-6.088445965442102,8,374.2677947066849,0.3722965208598161,0.0017652705967569435,0.0115966796875,-5.647750758368584,1.0942684118006845,0.007153229659838318,0.0001589370546553337,0.0026930836936287965
4,183,374784,55.412769332993776,-0.005854400414059591,nan,0,451.2637159190334,0.3818197798941297,0.002409970741226389,0.0145263671875,-5.5464513261786,1.2269766961963362,0.0048232530694619045,-0.0008819151670051268,0.0003174338205768623
4,184,376832,55.4658570419997,-0.005616505049151692,nan,0,458.5089664632321,0.33910298219633705,0.004127134334540792,0.0430908203125,-5.4417939367930295,1.4716496465648639,0.004760074293259564,-0.000830919588689704,0.0002983998903124741
4,185,378880,55.519760750001296,-0.005973810152574409,nan,0,456.9168494948283,0.4065501429507641,0.004124480929783934,0.047119140625,-5.50845919789415,1.577381854540325,0.004147133186398892,-0.001534033872399092,0.000345415721807672
4,186,380928,55.572690166998655,-0.005651649616114399,nan,0,456.2257984803754,0.3752606626210827,0.005036761346640401,0.062744140625,-5.566032186082236,1.25276411739996,0.0028963274374570504,-0.002810355464808038,0.00028130143236570267
4,187,382976,55.6262676671613,-0.0057136860370393784,nan,0,459.19365164338484,0.3738002126646657,0.0010254205690522573,0.000244140625,-5.513056374831871,1.3537284254039361,0.006004143119107798,0.00036876703821154644,0.00024463941212876476
4,188,385024,55.68024708307348,0.006204483311231321,-6.116513666356714,8,365.63047723567036,0.3936457364573802,0.0056775665474475875,0.0721435546875,-5.49365306922836,1.2821097282297211,0.0021810862454409814,-0.004596899110972631,0.0025686645743705078
4,189,387072,55.732662208145484,-0.005770577741572865,nan,0,458.8988261176456,0.3567190987780603,0.004490851164898113,0.0457763671875,-5.439242808722128,1.5405243002826983,0.0038032097412353232,-0.001770701666697523,0.0002693371984214428
4,190,389120,55.7907133330591,-0.005614786698090104,nan,0,455.3111639670094,0.37289005299527167,0.0027616001494710665,0.0198974609375,-5.501032838028227,1.3430648185655079,0.004087240469233361,-0.001546475129856892,0.00026536552212405216
4,191,391168,55.84833687497303,-0.005725313876383628,nan,0,448.6320469845638,0.3676991618131365,0.0027292326858708174,0.0321044921875,-5.4959582230354025,1.3758396390969971,0.004784706309700664,-0.0008385329069489388,0.0002545619872283991
4,192,393216,55.903929457999766,-0.005889948129579763,nan,0,452.95948492616003,0.37705790811346696,0.005543373558399517,0.0660400390625,-5.551808255943532,1.484829919195708,0.0025531013076909863,-0.0031547122643994963,0.00031201063229389757
4,193,395264,55.96335450001061,-0.005626319305384502,nan,0,458.24529205488085,0.3712342674475504,0.004702014986611089,0.053955078125,-5.55861898819221,1.656241154781083,0.002562989953384244,-0.0031456684141863535,0.0003000787587567796
4,194,397312,56.01889358297922,0.00624361418956528,-6.11175470045861,8,371.31639002112604,0.383902465877156,0.002415914312797059,0.0157470703125,-5.579958970064971,1.3146655966983407,0.006995080616078744,0.0001744040539854181,0.002481435184056708
4,195,399360,56.074394583003595,-0.00575346598106452,nan,0,452.38175088836846,0.37446754733565,0.006460487250224827,0.089599609375,-5.616745836533651,1.9099727712903314,0.0033162293730808565,-0.0024579558466145965,0.0003148787663236046
4,196,401408,56.12682487512939,-0.005783012204140219,nan,0,456.9261353947567,0.3653549922082657,0.0043499640872374954,0.0478515625,-5.655470691921422,1.5176559425293563,0.004675915832480651,-0.0011065172828984742,0.0002539248469154078
4,197,403456,60.9247342501767,-0.005718613364770616,nan,0,450.720834874523,0.3693699071712362,0.0005708841179541235,0.0009765625,-5.609398092843161,1.1094099291754735,0.005784536060523258,1.6316816125025576e-05,0.0003176423031101402
4,198,405504,60.97585825016722,-0.00567985062617562,nan,0,463.23763046596895,0.34137855203124695,0.0029985788019389397,0.026123046875,-5.627049787313303,1.2242087755072708,0.004630585346770197,-0.0010728591366307282,0.0001527893921752436
4,199,407552,61.025370500050485,-0.005762809934072283,nan,0,454.89075900232257,0.3711722964018947,0.004590073668608403,0.05224609375,-5.649545542619118,1.7355512266699469,0.004109756665519933,-0.0016804593305054256,0.0002813409068124823
4,200,409600,61.07471800013445,-0.005686926939935349,-6.096058511874427,8,454.4827221089681,0.36536888669668166,0.003697159749698669,0.033203125,-5.567133559500047,1.3263657676059277,0.004275496236676077,-0.0014372072704015235,0.00029113989515510693
4,201,411648,61.12585987499915,0.00625967491703837,nan,0,384.61959989532846,0.3705919175917577,0.003438276947541203,0.0372314453125,-5.5016471327159415,1.2806384350943374,0.005577141210569109,-0.0011270966978190358,0.002405181551344407
4,202,413696,61.17645120806992,-0.005771652408888279,nan,0,458.3276517041719,0.3758417193351385,0.005060987823089695,0.0606689453125,-5.497460948899996,1.6989201902064592,0.002119404566691678,-0.0035163111278552605,0.00027650949129388663
4,203,415744,61.22581175016239,-0.005650428989450987,nan,0,454.32246630266883,0.34527160183918343,0.0023195137715744394,0.010498046875,-5.398465314881985,1.639302029816211,0.0054105964999956605,-8.421387648267472e-05,0.00019269012319269191
4,204,417792,61.27544491714798,-0.0057154339281103115,nan,0,457.3053302136001,0.3671175306436696,0.002676045563040885,0.0263671875,-5.30340106560377,1.4504970313098342,0.004774138487127252,-0.0006631655437975433,0.0002678059306420584
4,205,419840,61.324821582995355,-0.005729169996638094,nan,0,453.893830402493,0.36652974373564196,0.0035415201833378022,0.0252685546875,-5.346483715683101,1.5036667574426401,0.004739086684683523,-0.0007494866626082649,0.0002841792632173768
4,206,421888,61.37570387497544,-0.005726877581273068,nan,0,460.22736816646415,0.3500765922636454,0.004335216941314371,0.044677734375,-5.259801206449017,1.3866082612628037,0.0023258762271745545,-0.003032297261269294,0.00019674456398966758
4,207,423936,61.42636779206805,0.006307387753140249,-6.070679392514206,8,372.585954997744,0.39096112339526734,0.0039513148237533945,0.0362548828125,-5.144639701546078,1.51022737369954,0.005438286299370258,-0.0010392810985520914,0.0026658553927525496
4,208,425984,61.47710725013167,-0.005821343978317715,nan,0,453.3815315571045,0.4000370957753237,0.0017265661992128417,0.0047607421875,-5.157166264496092,1.6210508219459783,0.004976705087538685,-0.00036291994349818514,0.0003649175330815579
4,209,428032,61.527137000113726,-0.005691810495198156,nan,0,453.07003430653384,0.34851120701089044,0.002575122852775401,0.024658203125,-5.124238000246612,1.6525236612575858,0.003855649813674948,-0.0014845173751841106,0.00043185837722489447
4,210,430080,61.57944354205392,-0.005713588969057118,nan,0,456.56802911795046,0.3460193553119654,0.0031471009006232274,0.025146484375,-5.218299813772674,1.3866410412374441,0.003575459213144337,-0.0017506911297509482,0.00021570105824522033
4,211,432128,61.63107550004497,-0.005642844521055676,nan,0,455.68417297396786,0.35265482173527174,0.0028651405162112955,0.01806640625,-5.24204770010083,1.7666603642392174,0.005797200486111595,0.00044162616687945175,0.00022705323826262887
4,212,434176,61.68732100003399,-0.005765272860808989,nan,0,457.6927502966728,0.3859424754781657,0.0036477672351835364,0.031982421875,-5.203593010766383,1.3190657895675288,0.003473045622223111,-0.001848479757684784,0.00023586473828301937
4,213,436224,61.741507292026654,0.006247492435732745,-6.101511915095376,8,382.716423407145,0.37134347439197746,0.0019161994811517247,0.0093994140625,-5.134776041955638,1.382137888199361,0.006513057468816001,0.00024870607324907305,0.0022591507072225805
4,214,438272,61.79469670797698,-0.005746040170030026,nan,0,459.2489751436076,0.3642433346066985,0.004929499965804784,0.0604248046875,-5.103372290477294,1.7267585381438866,0.002591181771911302,-0.002653657445398961,0.0002829338536659398
4,215,440320,61.84730129200034,-0.005742913284751388,nan,0,452.7719549071499,0.36394955511104404,0.0037139148671201383,0.0455322265625,-5.096660649849365,1.6233271774284739,0.004026676785472721,-0.0011893371666654626,0.0002387066045776418
4,216,442368,61.904494542162865,-0.0057130075924875364,nan,0,460.08877125702134,0.37517102100944505,0.00134884571478619,0.01025390625,-5.023583840823482,1.657226612736161,0.004979725033264849,-0.0001975601931048683,0.00030740277109247055
4,217,444416,61.95698029198684,-0.005739380955361807,nan,0,455.6578348509626,0.37702970632630295,0.0035939645835205087,0.0328369140625,-5.062996817150093,1.608925369474262,0.003602052557878872,-0.0016109787410532404,0.0003000689635640376
4,218,446464,62.008697000099346,-0.005690131674782757,nan,0,452.0200632742072,0.373151841312757,0.002659582133627521,0.02099609375,-5.121959543987008,1.392640288257247,0.0050646002537137955,-0.00019460721010892967,0.0002744958396714354
4,219,448512,62.06682900013402,0.006156651227643901,-6.099623530472335,8,380.393406650839,0.3803716611682566,0.00244248743125613,0.020751953125,-5.231554338505589,1.70895255598373,0.00484670770724826,-0.0014942332968513167,0.0022187733311879805
4,220,450560,62.12206679210067,-0.0057120894788699784,nan,0,459.03085661636385,0.3788413324795679,0.004607179809321119,0.0504150390625,-5.307181268397096,1.506149122200871,0.0025131063896908275,-0.002918565150960531,0.0002489805445085201
4,221,452608,67.03285795799457,-0.005691362153646946,nan,0,458.1596045845842,0.3678971714014336,0.0027633042934497483,0.0184326171875,-5.350584297069694,1.3347642725733797,0.003874653412835393,-0.0015994323029095165,0.00024700283735042496
4,222,454656,67.08421437512152,-0.005686903592593035,nan,0,459.49826129972513,0.3362835505328391,0.003209981150725509,0.0302734375,-5.364840746152598,1.483780481095065,0.004654983185956677,-0.0008086472946646876,0.0001975794689375326
4,223,456704,67.14493354200386,-0.005719699549200357,nan,0,461.24722859810754,0.355472548194267,0.006011137168548896,0.0771484375,-5.365439423343961,1.3867329110685167,0.002308568591874156,-0.00317829342963182,0.00024284519632402862
4,224,458752,67.19498175010085,-0.005713270749488552,nan,0,461.6567973945714,0.3589731575987273,0.0033150372183987607,0.0341796875,-5.390403347654871,1.4522097575593875,0.003929482654574724,-0.001572375916682819,0.00022291044720535222
4,225,460800,67.24507554201409,-0.0057563940395286926,-6.091298284730033,8,455.85344602768276,0.3733048096199574,0.004086288839214287,0.0523681640625,-5.408053432637313,1.676109306225651,0.004708018917854578,-0.0008414343757545354,0.0002827997219435979
4,226,462848,67.29557554214261,0.00623895870424156,nan,0,375.34599568211826,0.38355170759530555,0.004431387929492635,0.0518798828125,-5.4186521040200635,1.42919996548216,0.004721179098471844,-0.0019090780617480561,0.002423210112399671
4,227,464896,67.34500666707754,-0.005784252507063306,nan,0,455.9865768411178,0.3907578359101018,0.00097208782943063,0.0008544921875,-5.467600529432452,1.300928386768589,0.005718595928783956,6.0288983714231956e-05,0.00038141283127453903
4,228,466944,67.39674654207192,-0.005701834191728969,nan,0,460.4862800923112,0.35925620665782804,0.0017011991783058282,0.00634765625,-5.47411541848796,1.8321797502097779,0.005572532519827217,-1.347275310902181e-05,0.0002237797088965571
4,229,468992,67.4472934580408,-0.005712145921097485,nan,0,458.4612243425864,0.3589697432529821,0.0025069095453380567,0.0172119140625,-5.367887662656846,1.5020918553419838,0.004663392726320162,-0.0008253629670929659,0.00024173606151256164
4,230,471040,67.49845616705716,-0.005763645957023816,nan,0,457.3174583255333,0.36303266559555164,0.0032800183303225926,0.0328369140625,-5.44031743073209,1.7892634329718446,0.0051189146554023925,-0.0004335799030464448,0.0002243542554335019
4,231,473088,67.55037012510002,-0.00562526697010806,nan,0,454.6743740132017,0.349949749990375,0.0045120530039949374,0.0540771484375,-5.520164429947231,1.7404828727843562,0.0034542672645705578,-0.0024184322473225607,0.0007050701638917753
4,232,475136,67.60425237519667,0.006230227079440349,-6.084730250737437,8,379.7978566856226,0.3950809750018833,0.008569278910033201,0.12646484375,-5.598835096367565,1.2293134690523029,0.0018669372343909207,-0.004814920209369125,0.0021660446947849663
4,233,477184,67.65720370807685,-0.0057075905946679445,nan,0,459.8524887105637,0.35993347850844815,0.00338464572404465,0.028076171875,-5.528888070352435,1.3265892061259763,0.004103877732245929,-0.0015580498864202607,0.000266079096627511
4,234,479232,67.71009945799597,-0.005692499180299606,nan,0,457.0975018815572,0.34558114984191296,0.0022530661689781693,0.016357421875,-5.581094291332487,1.3325688642223674,0.005383589803268791,-0.00030069805337688306,0.00020638713062636946
4,235,481280,67.76287408312783,-0.0057674961075394,nan,0,458.8605433529059,0.37326186360995783,0.004122776427252994,0.0411376953125,-5.603221670598363,1.4593151817305068,0.002147699146927449,-0.003563856328739003,0.0002166676101361755
4,236,483328,67.81498941709287,-0.005687025843332288,nan,0,451.7510567189791,0.34275179405340017,0.0026391280490283765,0.0166015625,-5.559881050623566,1.3930649003737776,0.004809976773338197,-0.0008308987189672907,0.000161988883363842
4,237,485376,67.86870662518777,-0.005695588361681091,nan,0,459.2905703532196,0.3569664945829252,0.002435258361751449,0.01611328125,-5.550517335705871,1.5055116322225413,0.005067326535070101,-0.0005896681742267951,0.00021295474718204487
4,238,487424,67.92103204200976,0.0063631463877807486,-6.050951114218227,8,377.0132855101366,0.3551970989206935,0.007575723414756422,0.109130859375,-5.554793904644454,1.2904493973810323,0.0029263049868625884,-0.0037921977373006266,0.0023274176390375182
4,239,489472,67.97377479216084,-0.0056198777126194085,nan,0,458.18992193131436,0.3446476187668626,0.004901381084155774,0.05615234375,-5.611209047276148,1.6802866239072942,0.003015272914934068,-0.0031246644981509928,0.0010574567316178236
4,240,491520,68.02985991700552,-0.005735846492727892,nan,0,457.95543954050333,0.361549223218784,0.004111330479844824,0.040771484375,-5.579415927645039,1.638614262280529,0.004286424427497899,-0.001610424961502106,0.0006348669227099258
4,241,493568,68.08345562499017,-0.005758786416004294,nan,0,463.4625259126888,0.3538076894033459,0.0026243173678417004,0.015869140625,-5.614253548879225,1.4624250946704016,0.0058796296615966515,9.802006955984257e-05,0.00033471208631516615
4,242,495616,68.14122375007719,-0.0056941204136644365,nan,0,462.74306284271574,0.3533456471472009,0.005196412044528327,0.0635986328125,-5.550286010552667,1.5493244144936853,0.003392723539720717,-0.0022489906703689983,0.00018285639907409957
4,243,497664,68.20061204209924,-0.005669381261824734,nan,0,452.41573216984483,0.36131288850620336,0.0037156301293680694,0.0418701171875,-5.543065742950908,1.3623220550211066,0.00462433925458079,-0.0010457752045203014,0.00025409743230037085
4,244,499712,68.25624229200184,0.006286162403726281,-6.059420692064858,8,377.56937413272505,0.36447607472012494,0.004040522284953893,0.0494384765625,-5.643969494353673,1.3290432056038592,0.005621251758813469,-0.0010140327302471108,0.001982629989413813
4,245,501760,68.30970412516035,-0.005805476549637555,nan,0,453.53518693941123,0.36672713442766125,0.003947874469166334,0.038818359375,-5.574464896660301,1.5736975485572782,0.004977700669998171,-0.0007275839470691561,0.00026163944081405164
4,246,503808,73.09981283312663,-0.005625383280957677,nan,0,460.3542963714823,0.3486340402601867,0.004715172665481049,0.05517578125,-5.568111283981585,1.592778673512424,0.003209505147140126,-0.0024580556013005673,0.00019889892891821083
4,247,505856,73.15284012514167,-0.005682994124092986,nan,0,456.7383951486987,0.34403059468983,0.004256587209157129,0.0455322265625,-5.5018413250733325,1.5697355717148178,0.0037402811034896503,-0.0018464386819335185,0.0001697569206996713
4,248,507904,73.2059489581734,-0.005717746846602189,nan,0,463.69800585826937,0.353393350826409,0.002780166681158728,0.0208740234375,-5.448004146647886,1.5431682973682617,0.004836684937932495,-0.0007073505506568958,0.00019206268388300923
4,249,509952,73.25835254206322,-0.005735506594264382,nan,0,459.5641703622566,0.36941924882605237,0.003949685029453037,0.0377197265625,-5.402356337116425,1.4489864423964183,0.004219521233717007,-0.0012965683832415697,0.0002274665596843027
4,250,512000,73.30966429202817,-0.005708978387849106,-6.066772922716481,8,460.50892007052863,0.36711645569832096,0.0022601199611022417,0.0157470703125,-5.40335221130222,1.4600455113787274,0.004899413922307956,-0.00063007970904508,0.0002522828401016261
4,251,514048,73.36261770804413,0.006224473564772056,nan,0,374.67458171258073,0.38690747914929746,0.006676035684161375,0.0926513671875,-5.300844150828159,1.4646123023905506,0.0028688852496689997,-0.0034292914821397137,0.001994665161961102
4,252,516096,73.41451174998656,-0.005728081767207728,nan,0,455.1772731753915,0.3505127947752332,0.0031892577019058876,0.02880859375,-5.403900148421428,1.5803758022509096,0.003380968340564545,-0.0021162073009017724,0.0001865509860897761
4,253,518144,73.46550845797174,-0.005640600905940084,nan,0,455.20325601281115,0.3459379805724303,0.002289783858718024,0.012451171875,-5.346802804152972,1.5976907935884737,0.005641376813146436,0.00019366364883441171,0.00020182072031810496
4,254,520192,73.51680770819075,-0.005692911580906749,nan,0,462.74102489595845,0.34980952073570903,0.004083825754938765,0.0496826171875,-5.327013363120713,1.5009089682558767,0.0037601160127318494,-0.0016548033060669303,0.0001758119113561335
4,255,522240,73.56894895806909,-0.0057411657509982466,nan,0,456.8662996028126,0.37403714697217466,0.004608865270680888,0.05419921875,-5.295984684908587,1.669313909709014,0.004096786024145356,-0.0013072449616590362,0.0002160926017916135
4,256,524288,73.62199558317661,-0.005636402839385426,nan,0,461.60125126775273,0.33549348397127654,0.004691780330618966,0.0543212890625,-5.3655588097399916,1.33586051664843,0.004031927964161132,-0.0014222311552246642,0.00017720061929160663
4,257,526336,73.67460012505762,0.006324192153704505,-6.058970326959862,8,375.1011330692581,0.37682672051653165,0.00567523630648862,0.0721435546875,-5.471881888000681,1.2259490480988777,0.005861413624276848,-0.0005696414853356741,0.0019183464432236765
4,258,528384,73.72708316706121,-0.0058179595983624465,nan,0,461.2502316112673,0.377497894040505,0.0039824926834552965,0.0369873046875,-5.38391135689937,1.7380131399515044,0.0052671793642370965,-0.00025228606875534257,0.00027110815218614367
4,259,530432,73.778667292092,-0.005705135725410504,nan,0,457.94648249577824,0.33393409847012134,0.0015506265423990897,0.004638671875,-5.413241466057807,1.4575105489239863,0.005501549171361582,-7.511067343438094e-07,0.0001781176240762441
4,260,532480,73.83159287506714,-0.005744116912700214,nan,0,451.00211077342766,0.3521311378449564,0.004639807616779673,0.0572509765625,-5.355571668951126,1.6577581212377934,0.0005595254342714363,-0.004905094440322839,0.00021809641128630415
4,261,534528,73.884283374995,-0.005667564703771954,nan,0,455.15280032231806,0.35420905549601767,0.00069978249139997,0.0,-5.28516271814701,1.6569707381463172,0.006029607441297569,0.0006040506414136801,0.0002807881634737595
4,262,536576,73.94008754217066,-0.005642496837008749,nan,0,458.43763512559116,0.3394994627279566,0.0009923529248033237,0.0040283203125,-5.317229553798527,1.297608819434363,0.00514740385826017,-0.0002598560401839067,0.00018006068929110307
4,263,538624,73.99232062511146,0.006246890417827198,-6.072087132091545,8,382.10242237459744,0.37754602305193163,0.005007434718996843,0.06298828125,-5.413962926539502,1.6126403399257088,0.004539464293177833,-0.0018303872313569398,0.0019117771959905488
4,264,540672,74.0466065001674,-0.005724760479658834,nan,0,457.03199507593393,0.3549501918895177,0.0012120342614084204,0.001708984375,-5.441927460036226,1.6719401727237388,0.005168055465025483,-0.0004133897035554033,0.0002790354170893189
4,265,542720,74.10497625009157,-0.005794692441088638,nan,0,457.997508907628,0.39255674523897655,0.0036680955794386114,0.02734375,-5.431985372930434,1.4784534304464667,0.0046419386868443,-0.0011112267271566698,0.0006423600821410698
4,266,544768,74.15942870802246,-0.005694838376861899,nan,0,455.0460774066886,0.3606534646683813,0.0028213871851115215,0.0234375,-5.5897463543838715,1.3551404598686176,0.005117397914093197,-0.0006100560357105208,0.0002754151908396916
4,267,546816,74.21963333315216,-0.005723793100471495,nan,0,459.2799268341664,0.3572340696523938,0.0035448271394922,0.0294189453125,-5.416030068173447,1.6647381890719277,0.0030390867382243266,-0.0024726681144754212,0.00019144956905259774
4,268,548864,74.27852212497965,-0.00567947196494288,nan,0,463.6664332274598,0.3542187974042351,0.0014161792768050052,0.0050048828125,-5.5541301926069435,1.5192232598433362,0.005950385035210041,0.0002991295264497106,0.00019425063230677425
4,269,550912,74.33274533296935,0.006330495088688901,-6.070485080575496,8,384.44571678083264,0.35212474487725387,0.0031062354945578883,0.0260009765625,-5.52580154983968,1.725068740750804,0.005873693780239366,-0.0005193511173144311,0.0017344866954282314
4,270,552960,79.1188643751666,-0.005721806083329608,nan,0,454.0967541100382,0.360265814681721,0.002552476866991447,0.0277099609375,-5.603735287959804,1.3465729192174907,0.0049386979219744895,-0.0007629335361088105,0.00019579234024699282
4,271,555008,79.17175454203971,-0.005735117891298719,nan,0,462.523434529458,0.36294443957780503,0.003027872909873411,0.0218505859375,-5.689045203407989,1.6014131623620154,0.004486108842827639,-0.0012921855785194263,0.00017849843587815532
4,272,557056,79.22266170801595,-0.005674908659948046,nan,0,461.231135160463,0.3510601831999278,0.003932212607705501,0.03955078125,-5.726932862079021,1.5697865027539475,0.002943696721447401,-0.002880409414470318,0.00019434654767740047
4,273,559104,79.27401379216462,-0.0057233612571604975,nan,0,463.1575147959987,0.36940015227822237,0.0025122961298444132,0.016357421875,-5.763556666298204,1.3864842702053088,0.0055028414905117715,-0.0003700069127653446,0.00021858347395782685
4,274,561152,79.32404091698118,-0.0057680312139718,nan,0,459.2483735282737,0.377045479426969,0.004434006250596841,0.0489501953125,-5.866075838618135,1.6013827928742959,0.0033365865318217215,-0.0026596344564269792,0.0002602902992611328
4,275,563200,79.37531362497248,-0.005811849481855442,-6.103869645278643,8,459.9983070124671,0.37118608153392196,0.0015380533323963183,0.0091552734375,-5.791469945830963,1.4452674985163954,0.0060184652938503475,9.756604520446636e-05,0.00025885860562983203
4,276,565248,79.42564233299345,0.006176663199407024,nan,0,373.63607310764405,0.38700962597988353,0.00016248249837519472,0.0,-5.7375065370160705,1.3844891080496864,0.00685541691735608,0.00018761091672627253,0.0018605989272274645
4,277,567296,79.47572025004774,-0.005731791311569142,nan,0,452.87421143660896,0.3688366436599736,0.004254786327784591,0.05078125,-5.800528146082376,1.5204088744880502,0.0031319131005769756,-0.002792805060038527,0.0002483800290662427
4,278,569344,79.52671933313832,-0.005586163463910555,nan,0,459.82519602484643,0.34460215780187187,0.003729855372933466,0.0321044921875,-5.864417684924186,1.6899605324942168,0.004726059944373608,-0.001239727535683122,0.00020273959026509113
4,279,571392,79.57812704215758,-0.00578109384303925,nan,0,454.3552007137809,0.34563567129286393,0.004985366396844884,0.057373046875,-5.705493381070192,1.7655835760287395,0.0038252501328466903,-0.001999145242011828,0.00023780398757664739
4,280,573440,79.62878637504764,-0.005641240379982843,nan,0,458.25426318851373,0.3410724679240803,0.0039556390363601306,0.044921875,-5.688069260621647,1.5328116728595904,0.005025115518461672,-0.0007582257106584791,0.00019054393699701112
4,281,575488,79.6801397500094,-0.005584411861413193,nan,0,455.3676857188799,0.33181560563837487,0.003299234796237259,0.0308837890625,-5.686613074561069,1.6261328025259638,0.0036441175756299436,-0.0021275545602387367,0.00017011812261522066
4,282,577536,79.73264570813626,0.006232374546333094,-6.0444323372979625,8,372.4808019980891,0.3743376856408584,0.00598144411029774,0.08349609375,-5.676244930641239,1.2648809645309025,0.004904470207225731,-0.0016636353495434195,0.0017837212522558224
4,283,579584,79.78541725012474,-0.005682362169530178,nan,0,464.9828511166576,0.33192731639164297,0.0036086938287318076,0.0330810546875,-5.5937268539580955,1.5644650665503435,0.0035872486618958757,-0.002075661801956846,0.00013836721978924998
4,284,581632,79.8383360421285,-0.005649773793803553,nan,0,462.66809162147257,0.35249983839072235,0.001169343007404273,0.0010986328125,-5.616561776337881,1.5486424626015634,0.005709491515784409,-3.813835819032555e-06,0.0001934871505311224
4,285,583680,79.89008737518452,-0.00568837976599577,nan,0,454.6751315496668,0.3676112546495009,0.003468097942667973,0.034423828125,-5.581778621977551,1.5998622674357776,0.003164166444743206,-0.0025528496587403308,0.0002704749630119713
4,286,585728,79.94221825012937,-0.0057631089979213665,nan,0,459.05667608227964,0.3621673905746532,0.00682426787310054,0.095458984375,-5.700458110811615,1.917042044080697,0.0006219720641612182,-0.005204236221337062,0.0002515003493733213
4,287,587776,79.99443579209037,-0.0057428231296485985,nan,0,464.8109066979875,0.3389879144911475,0.0016214134998426984,0.014404296875,-5.753646761118521,1.7794431709490315,0.005476941605631603,-0.00034983812717716625,0.00014626594338049327
4,288,589824,80.04700695816427,0.0062895661085274595,-6.059587982615781,8,376.83645142171883,0.3548172209233078,0.0004753209067296893,0.0,-5.678371513134578,1.2837373560724834,0.006624501947747323,0.00013564072090132,0.0016209794274228543
4,289,591872,80.10216933302581,-0.005654449034037573,nan,0,464.51880726110824,0.3216255018413761,0.004612064526856992,0.0491943359375,-5.724415386531332,1.6502067272629937,0.0028577832407538535,-0.0029412507180838106,0.0001492371446126642
4,290,593920,80.15645975014195,-0.005594726960881076,nan,0,454.44826957797136,0.317120991970733,0.0032906484175305745,0.0303955078125,-5.812385625505801,1.6766283586424866,0.004428847228337482,-0.0014453704757005758,0.00012366415706451463
4,291,595968,80.21370570803992,-0.005725856792831127,nan,0,453.7698490819945,0.35427393061966317,0.004394734775210575,0.0577392578125,-5.77059576629871,1.619436499705981,0.004550764102355021,-0.0013360171880176814,0.00023237104814798006
4,292,598016,80.27913825004362,-0.005666085892143418,nan,0,456.6796244538764,0.3407957811688675,0.004058927929613402,0.0377197265625,-5.7944206849033755,1.748793844302693,0.004214764561865517,-0.0017440142667853535,0.00032871628749499163
4,293,600064,80.33831958309747,-0.005751111770454384,nan,0,457.2480798742006,0.3732032327324203,0.0033137658622470877,0.0286865234375,-5.824786457713206,1.530022911937597,0.004363462457091156,-0.0016017927933819455,0.0002809375855197969
4,294,602112,85.12818262516521,0.006236233880940416,-6.030986228192591,8,372.6434467242926,0.35878330138137704,0.00243241359343495,0.0172119140625,-5.843548354348474,1.3353245136877698,0.0053720911860718696,-0.0013378430979211118,0.0017327718592890149
4,295,604160,85.17925429204479,-0.005616242970051587,nan,0,459.8675377697452,0.3403069894868186,0.003032287367965298,0.02197265625,-5.7501318375694215,1.3792294244550536,0.005120062094136672,-0.0007214652954451116,0.00018279110402472494
4,296,606208,85.23116225004196,-0.005754583236086939,nan,0,458.74561910628677,0.3678079432354582,0.004513608853726436,0.0467529296875,-5.782265577234085,1.414853232822852,0.0042457092467851135,-0.001644486064987561,0.00021585946907717708
4,297,608256,85.28138825017959,-0.005718028467048537,nan,0,459.23607706313715,0.3536038670578965,0.0018068587128371467,0.0045166015625,-5.733812199489551,1.4570088467138225,0.005758321481271509,-6.583741677605552e-05,0.0001806933971160273
4,298,610304,85.33287729206495,-0.005690963446628084,nan,0,462.7057338259722,0.34460300294240065,0.003852922357303141,0.0401611328125,-5.783514754003296,1.4913992946917392,0.003797244485333879,-0.0020640592996642336,0.0001555780619896379
4,299,612352,85.38293541711755,-0.005696598923801013,nan,0,458.95513459849076,0.34525266928335696,0.001880945093280981,0.0069580078125,-5.7730893539147985,1.692275252553501,0.005416665033283888,-0.00044040748794515875,0.0001679663346284952
4,300,614400,85.43462270800956,-0.005657895399219716,-6.042364043839871,8,463.1583011149271,0.3421352972379488,0.0038661575894588097,0.0384521484375,-5.8596019073489405,1.7301460802481865,0.0039086865025782305,-0.0020402226939505654,0.00017861457835971
4,301,616448,85.48601966700517,0.006325880161041806,nan,0,378.18385021300736,0.3583430106134987,0.0011884574178568927,0.0006103515625,-5.838125532604117,1.429820231493025,0.006632481749581192,-3.010411422457379e-05,0.0016489206624033005
4,302,618496,85.53562575019896,-0.005745615488240423,nan,0,460.4980203642705,0.36143218142416855,0.003348347346540687,0.0313720703125,-5.883295320471131,1.5165687689348628,0.004711698081375115,-0.0013031873032464296,0.0002631801283008282
4,303,620544,85.58405970805325,-0.0057398015514162236,nan,0,462.01265877210585,0.3534581011480015,0.0009336085026644523,0.000732421875,-5.9662369186840545,1.4877777149171605,0.006273078848796526,0.00018030967813756522,0.0002530645039498086
4,304,622592,85.63345349999145,-0.00564489515404194,nan,0,454.8477569359701,0.35470707931704537,0.003461955041532496,0.0321044921875,-5.914380587100464,1.8007786567875936,0.003907960876758506,-0.0021373496624267118,0.0002618599041695021
4,305,624640,85.68240391719155,-0.005708608488931329,nan,0,464.94582517006944,0.33329989772753255,0.0019261108700844012,0.0096435546875,-5.997925235002072,1.2418112315539995,0.005913991980009899,-0.00015272554952889053,0.00013758458907342914
4,306,626688,85.73234125017188,-0.005743842845701551,nan,0,460.39282230560997,0.36476891962465086,0.0026991714105759172,0.0137939453125,-6.065137805428256,1.386304414946328,0.005904759386513214,-0.00024894029320789244,0.00017712374858570282
4,307,628736,85.782144542085,0.006280891055650552,-6.054243867520984,8,378.7705691479134,0.3605610749264334,0.005459393323376032,0.0673828125,-6.091836085232359,1.4836675739851972,0.005514812433982274,-0.0013818601128683375,0.001609672923236496
4,308,630784,85.8328803749755,-0.005631468838198411,nan,0,459.516840812416,0.35381619001132525,0.0016155840538736206,0.0057373046875,-6.172748002527157,1.5152320186573047,0.006285756740928569,2.1913800236908997e-05,0.0001821898763290103
4,309,632832,85.88272295799106,-0.005733072800895354,nan,0,463.44188158131135,0.3427819872250916,0.003469000689982314,0.0281982421875,-6.160706703984072,1.3774064946738782,0.005504676158686309,-0.0007340077368433433,0.00015595438309116134
4,310,634880,85.9327525831759,-0.00571671675061331,nan,0,453.4202922317381,0.3522620891793112,0.006203054202893236,0.0802001953125,-6.227831265932373,1.59699989795043,0.001875965512849279,-0.004450946314642218,0.00019816112311824604
4,311,636928,85.98151675006375,-0.005619359111180212,nan,0,463.5842698164968,0.32290673230821954,0.004692509281263866,0.054931640625,-6.1640403037293305,1.372221753580553,0.0018661256845002232,-0.0043664397788452675,0.0001370503192323222
4,312,638976,86.03318166709505,-0.005706091014397996,nan,0,453.9466209154089,0.3317936477814033,0.005032088368422326,0.0628662109375,-6.185899008165047,1.522787009651982,0.004114463693208121,-0.002197494220194229,0.0002521178104746025
4,313,641024,86.08755025011487,0.006391156591668129,-6.014051343810999,8,362.8854837415423,0.35310016418926515,0.0039839783762148,0.03564453125,-6.023543750451175,1.6094873754897017,0.005876660973920413,-0.0009386252684648452,0.0015834849838681662
4,314,643072,86.14598633302376,-0.0056463457286629985,nan,0,455.8229609882021,0.3291224159909756,0.003874685963744273,0.032470703125,-5.930251677676129,1.5511031617248494,0.004033357354620437,-0.0019815240854023676,0.00016925952469334877
4,315,645120,86.19956416706555,-0.005657437909130893,nan,0,459.80261132423783,0.328075728825003,0.0044476356401445295,0.055419921875,-5.989620159836925,1.61704357705898,0.004542603983889903,-0.0015122085083891245,0.00013038466488420413
4,316,647168,86.25871695810929,-0.005611372378601261,nan,0,463.3106583480822,0.3232667200725113,0.0027252838115528998,0.018310546875,-6.0292160058077116,1.4728415290794357,0.0049423701454448556,-0.0011623796219242194,0.0001510675231227279
4,317,649216,86.3148879581131,-0.005755947003078714,nan,0,457.7600169859783,0.3555600514458021,0.002685439714372549,0.023681640625,-6.052247184034956,1.777684189228218,0.005215858939043089,-0.0009365227595480546,0.00020026902911237456
4,318,651264,86.36923970817588,-0.005718472641760094,nan,0,457.5865621884033,0.36281503786687774,0.0015039468877421237,0.0079345703125,-6.095378926538969,1.3588522959908675,0.006250484298464096,4.504003136481145e-05,0.00022013068112063054
4,319,653312,91.16395175014623,0.006336024640308566,-6.004621581160721,8,379.6449641475599,0.36308009638707683,0.0029655664749006364,0.026123046875,-6.141993641393446,1.4122658586555383,0.005917292475005904,-0.0009930750394288885,0.001536747746082693
4,320,655360,91.21712741698138,-0.005674047734061265,nan,0,468.2845827890565,0.32893248526146934,0.002005425611957014,0.0059814453125,-6.073350894770625,1.4151354623752535,0.006450526830132429,0.0003147173654841689,0.00012491713975526825
4,321,657408,91.27165883313864,-0.005703572030538008,nan,0,457.24026823138087,0.3599740469364494,0.004771637760737482,0.064208984375,-6.062191206495288,2.0923232884078966,0.004353373700512594,-0.0018001733384350642,0.00018271166490474423
4,322,659456,91.32390299998224,-0.0056801317055364215,nan,0,459.9942124037998,0.34310671711850027,0.003319285305598723,0.02783203125,-6.123557413218371,1.5071196061175014,0.003940394330682891,-0.0022658146988605646,0.00016530323265017105
4,323,661504,91.37544516706839,-0.005707708229700603,nan,0,457.1935053658633,0.36524151051425113,0.00474566554153142,0.06103515625,-6.169989815824522,1.416006724553095,0.0025475746135127375,-0.0037939980471891604,0.00034316568975475433
4,324,663552,91.42839333298616,-0.005696589859239633,nan,0,461.5493977097379,0.3591226031546385,0.004999406843574684,0.0582275390625,-6.150031533196727,1.5982968611269128,0.002974113846724043,-0.0032716353726322555,0.0001914353723191432
4,325,665600,91.4802140831016,-0.005694849623518932,-6.042793783834074,8,462.1752201194678,0.3366450247767617,0.0027945315139517347,0.0157470703125,-6.180469246214441,1.5566020292725193,0.005193027918963669,-0.0010633908146384903,0.00015189897477543775
4,326,667648,91.53186079207808,0.006348999323881116,nan,0,373.8958010381869,0.3532027553916827,0.004368792011726153,0.0418701171875,-6.150986700596429,1.542573616512498,0.006371093879624285,-0.0006014157309464068,0.0016430458199485185
4,327,669696,91.58454358298331,-0.005761416698516077,nan,0,463.50455970447246,0.34380215082594023,0.005373755408609403,0.065673828125,-6.180158902637297,1.9138827364275728,0.0015026034185600433,-0.004855285446682818,0.00035545992521113527
4,328,671744,91.63657666719519,-0.005670357136548083,nan,0,456.8486824097604,0.3645150751202453,0.0043214318970075626,0.0419921875,-6.163025184379963,1.5180663311013007,0.0028673394921898574,-0.0034212391846425217,0.0002511069849048324
4,329,673792,91.68867679219693,-0.005726256614288635,nan,0,458.0554391705435,0.33791315411852985,0.0003806818056123645,0.0,-6.183124012188344,1.5083485979524358,0.0061966599301911405,-8.692761034566603e-05,0.0002009270566969287
4,330,675840,91.7405877080746,-0.005650082543080179,nan,0,464.24872369351795,0.35079996946675585,0.0012730064001918967,0.006103515625,-6.226084209745382,1.7046874310594904,0.005947614955988391,-0.00036305622547983234,0.00016917394344568388
4,331,677888,91.79106829199009,-0.005640630921362372,nan,0,459.612333371881,0.32353222159558565,0.003967538578352166,0.04541015625,-6.1334423492394095,1.5413568744286694,0.0047482569575551924,-0.0014635368248169783,0.0001567028662655191
4,332,679936,91.84104162501171,0.006249826692689425,-6.0242443905927345,8,379.61662598447515,0.3738875250274699,0.005370109590147535,0.0758056640625,-6.147232486664061,1.5984541598069748,0.004304152753385481,-0.0026323013195151818,0.0015784431724732107
4,333,681984,91.8919853749685,-0.005712036113697194,nan,0,464.0972584976513,0.34804990509729544,0.003330179168467405,0.028564453125,-6.090760235616198,1.876609168094925,0.00596231869058496,-0.00021204740207870316,0.000167211714094926
4,334,684032,91.94279816700146,-0.005690955644954598,nan,0,454.57098613647065,0.34719734760729604,0.0035111201983099574,0.0323486328125,-6.1106513912388705,1.6326816724269273,0.005021758137862804,-0.0011852883493501214,0.00019279019194810978
4,335,686080,91.99344408302568,-0.005678731191146353,nan,0,456.0774045866321,0.3238807835792996,0.004135330043885527,0.0457763671875,-6.041499564837531,1.5469371261515295,0.004787663042361693,-0.0013307745730079838,0.00015387610106429187
4,336,688128,92.04517954215407,-0.005693645392400874,nan,0,462.9202035295182,0.35559510768759467,0.0025969581191440825,0.0179443359375,-6.009053064793088,1.5037032773905865,0.004753465874439309,-0.001340866404461116,0.000170558428214671
4,337,690176,92.09687741706148,-0.005700879373224858,nan,0,464.8618378630525,0.35116522052296306,0.0012177490284987853,0.0042724609375,-5.992333642749285,1.4070395676159444,0.005794932195913876,-0.0002779881792592245,0.00016117346484762903
4,338,692224,92.15129479207098,0.00628721390070975,-6.041339759195972,8,380.71021290212315,0.3776548534265355,0.002745923208281664,0.0267333984375,-5.903466168792143,1.3977760330839624,0.005964946133764173,-0.0006854389566158391,0.0014938378431757382
4,339,694272,92.20359645807184,-0.005644488189659557,nan,0,459.0257779794122,0.3389753475662746,0.0022460335389899904,0.01220703125,-5.937491526226012,1.7353796423086147,0.005870565592643667,-0.00015902379054807698,0.00018419571393146167
4,340,696320,92.25926733319648,-0.005624804087439777,nan,0,465.6588694023461,0.3159164160645984,0.0037449889691268936,0.035888671875,-5.928774950472448,1.5065634547880198,0.004538644500490286,-0.001455082462981852,0.00012990402599937563
4,341,698368,92.31945387506858,-0.0056948411715194505,nan,0,462.79089619521767,0.34278707587907453,0.003428661638370212,0.032958984375,-6.093323032751729,1.6310858613578791,0.0050219132855143945,-0.0011583701487119973,0.00017392080294932337
4,342,700416,92.37420579208992,-0.00561775625588197,nan,0,469.59163128478593,0.31927991360818686,0.0026857412224717304,0.0147705078125,-6.104250023168212,1.649754360120654,0.005891166966696202,-0.0002821553970510536,0.00013814468115808446
4,343,702464,97.20804758300073,-0.005672532921075614,nan,0,462.69241951251837,0.3098145038122328,0.0016393699864952062,0.00244140625,-6.133271604828299,1.4400108999102659,0.006347666780523649,0.00015402996305248495,0.00012073042528573277
4,344,704512,97.2602587081492,0.00625917524310965,-6.000354451263412,8,366.1977308874319,0.364670741544006,0.002245768117330272,0.0142822265625,-6.022193781575771,2.0930263126034347,0.0058454831239944756,-0.0008934726833435889,0.0014335240515245878
4,345,706560,97.31174629204907,-0.005624329157076977,nan,0,463.14876906290715,0.3389197082061669,0.0009540470025096581,0.0006103515625,-6.087717360835079,1.3710561438193305,0.0060372353215938125,-0.00013105877880636042,0.0001611534791301849
4,346,708608,97.36471429211088,-0.00574647999740645,nan,0,463.00505159941207,0.35939910140798825,0.002046087493663887,0.0048828125,-6.085492310983938,1.6511620313194797,0.005883371610978827,-0.00028782762287362946,0.00017141384573704255
4,347,710656,97.41770833311602,-0.005649360001717287,nan,0,459.6425171322665,0.31527976634734656,0.0027620217241441395,0.0244140625,-6.183292554835617,1.7159808370504133,0.005232545941394828,-0.0010176640515825244,0.00013383487628347
4,348,712704,97.47221912513487,-0.005620929135924938,nan,0,464.6433847045542,0.32683751122628624,0.0046616941421521885,0.058349609375,-6.15553541369157,1.6456193715804042,0.004769098446661855,-0.0014476228822962612,0.00012237183053309073
4,349,714752,97.52892870805226,-0.005712610412634111,nan,0,459.2045406643556,0.3547908838080682,0.0005482535278005002,0.0,-6.175476008714914,1.623411460210913,0.006640497952809615,0.0003478142429064455,0.0002344154023765105
4,350,716800,97.58767900010571,-0.005659710803400251,-6.010251761204691,8,462.47188413539584,0.3485838431969992,0.0029394536444337016,0.0274658203125,-6.168975223366097,1.7555607537559321,0.004793907908679862,-0.0014596385967684004,0.0001691425641643305
4,351,718848,97.64772200002335,0.006365792797439628,nan,0,382.7981470443671,0.3464240423809319,0.004194965116894474,0.053466796875,-6.128467940947552,1.5544458677905193,0.004601863021779826,-0.002238349391824433,0.0014234889453134175
4,352,720896,97.70018866704777,-0.005725148875968278,nan,0,464.8780604135198,0.33588335819416504,0.004036487106523198,0.0396728515625,-6.15691545614031,1.3575726819241496,0.0053766440164402145,-0.000853623915005848,0.00014670495061150124
4,353,722944,97.75161300017498,-0.005656831060385501,nan,0,466.10042139125215,0.3326748262182685,0.0007555999775383194,0.0001220703125,-6.111937165626453,1.4369998750629955,0.006334762710133066,0.0001402560304735942,0.00016513902806603457
4,354,724992,97.80586129217409,-0.005689651459526107,nan,0,462.38558303550883,0.3652264816220244,0.000157616317397248,0.0,-6.152544506781718,1.4533257469822796,0.006298052924092864,3.302847063009918e-05,0.00022495989336209093
4,355,727040,97.86702708317898,-0.00567019139813824,nan,0,461.48926497080123,0.3255775764476677,0.0037193067061551026,0.0391845703125,-6.11498991525202,1.5603031064026889,0.004350153623029411,-0.001835539508636616,0.00014140643282801546
4,356,729088,97.93072358309291,-0.005672012479860477,nan,0,457.7504751104661,0.3500058017417038,0.0005875701653938112,0.0,-6.087774759470452,1.4521073433662524,0.006208858483967296,3.276157927353026e-05,0.00017664429044662413
4,357,731136,98.001137125073,0.006205647351262208,-6.025211674932622,8,386.1238174751856,0.36441719954125673,0.0035687224781252216,0.0281982421875,-6.15111621670482,1.5362295047970567,0.005447181150789203,-0.0013970503433076258,0.0013862305547840202
4,358,733184,98.06056075007655,-0.005579753856446946,nan,0,458.45015211166134,0.31528354455108343,0.0043262071307301146,0.0494384765625,-6.081403175768463,1.607726328939856,0.002957566143579576,-0.003194831062243001,0.0001419880601082265
4,359,735232,98.11462624999695,-0.00569167911270411,nan,0,461.57160860182876,0.3369038023485945,0.004120489844861692,0.046630859375,-6.108619278366203,1.5727636652062569,0.0028828791267718036,-0.0032877577564579515,0.0001240352097271017
4,360,737280,98.16834375006147,-0.005689207738699259,nan,0,455.45387938578307,0.354714803528319,0.002379172461996942,0.013427734375,-6.192842919309552,1.6205048799774686,0.005531312939541696,-0.0007550481734333759,0.0001870363873310376
4,361,739328,98.22596170799807,-0.005731051313348763,nan,0,461.06197588564714,0.3523009808912765,5.875461850168562e-05,0.0,-6.100243204998163,1.8502530038325604,0.006334701860914375,0.00015422934562197947,0.00016045862058846583
4,362,741376,98.27970645809546,-0.005611857849912784,nan,0,458.16183312710905,0.34544550875757407,0.000629543378416255,0.0006103515625,-6.134524076786761,1.7763830112288366,0.006008313726079195,-0.00020554422377712898,0.0001586677461391262
4,363,743424,98.34035220812075,0.006255588866776363,-6.010910422147353,8,376.5156065416754,0.3641350059913888,0.0007503464305347238,0.0001220703125,-6.192438796877664,1.7593769668409989,0.007279650294203976,0.00040460279096842184,0.0013652174127157793
4,364,745472,98.39861683314666,-0.005693036673984473,nan,0,461.4196826661943,0.36101257290691574,0.0009005725707596693,0.0006103515625,-6.144638204146633,1.6396067393653495,0.006119269637878074,-0.00012626302859225155,0.00020178892464738383
4,365,747520,98.45439912518486,-0.00567072022639204,nan,0,462.68461201873504,0.33897768058103117,0.002157130165481696,0.0091552734375,-6.168474200088886,1.382503653881554,0.00569620805841782,-0.0005622072192624861,0.00017988215518283677
4,366,749568,98.50925279199146,-0.005677319003048112,nan,0,464.2367000532535,0.3408988990512303,0.00011935964764207532,0.0,-6.046223711577629,1.385682083378085,0.006380250848943143,0.0002574022857898227,0.00015324970315137618
4,367,751616,98.56444904208183,-0.005724527912775635,nan,0,466.32108181108083,0.34873133959945674,0.0017181361617813365,0.0052490234375,-6.03406966116815,1.3249070808830337,0.005979687426485167,-0.0001246052523863313,0.00014044603540669414
4,368,753664,103.59037620807067,-0.005672534771161041,nan,0,462.7349841163647,0.3306894609534555,0.0026231923334956663,0.0230712890625,-6.086655095221312,1.3577908659120217,0.005216278256600324,-0.0009380306313107965,0.00013530758537961198
4,369,755712,103.64321825001389,0.006286195857172989,-6.039564108591828,8,375.8855034633581,0.3572599122021299,0.0016558751976754132,0.0086669921875,-5.9967307202610645,1.7568789446111523,0.0061048518968813345,-0.0005770579051023383,0.0013703581634452193
4,370,757760,103.69235691707581,-0.00568940355267188,nan,0,463.07643550926974,0.342430322482002,0.003322478112423414,0.036376953125,-5.9915146449336305,1.6602414051302157,0.004146259122969291,-0.0019225704688197506,0.00015462989371082042
4,371,759808,103.74620145815425,-0.005599700260592723,nan,0,462.8573229314581,0.3251229124491667,0.0016047613855943942,0.007568359375,-5.9228371519212395,1.7480261086589843,0.005295654474207411,-0.000698684495864005,0.00014300363630035203
4,372,761856,103.79789241706021,-0.0057005061263562164,nan,0,464.7027751019957,0.33943300517799857,0.001703504881694243,0.0096435546875,-5.8464706633827275,1.4725937815691903,0.004973232660938748,-0.0009333910161391521,0.00012030602739034526
4,373,763904,103.84975987509824,-0.0056987059921614425,nan,0,459.86748406730214,0.34165259086618377,0.0056745520418662815,0.069091796875,-5.875914274804439,1.6533309886391856,0.002028799605077994,-0.003916858967639386,0.00013948859582587595
4,374,765952,103.90153024997562,-0.005669365042917766,nan,0,463.5343942379853,0.3276149040016578,0.002030024299015374,0.0103759765625,-5.987996158435298,1.796174281486376,0.005672034841390606,-0.0004192888736156829,0.00020665511314198388
4,375,768000,103.95630629197694,-0.005654713209039982,-6.002315213448989,8,462.78678728084424,0.34363654463069926,0.005523529817817176,0.0718994140625,-6.068336782273418,1.6920341420360994,0.0024857706218805614,-0.0036555564393927343,0.00014598055799975516
4,376,770048,104.00976295815781,0.006383056035035361,nan,0,374.47890015689114,0.340347867145387,0.005063595027877587,0.07470703125,-6.038793344508951,1.5119813588144377,0.003263495012989234,-0.003442274807263767,0.001333952951488103
4,377,772096,104.0643665830139,-0.005762806093639779,nan,0,463.3430605862827,0.35391983439168556,0.004354219666687344,0.0443115234375,-5.927287081986075,1.6004622478665465,0.0037636340423338167,-0.0022674439229995406,0.00020758176669456564
4,378,774144,104.11800733301789,-0.005692970638855379,nan,0,459.9351660497106,0.34411641163210444,0.0012053081029074605,0.00244140625,-5.896905355563062,1.8001827526483143,0.005634208074715905,-0.0003416869316971137,0.00015797930169991504
4,379,776192,104.17367950011976,-0.005639445304819029,nan,0,454.2457619103525,0.3270886133613616,0.0015585167497954716,0.0087890625,-5.832292555901651,1.5677534708692553,0.004945133471483364,-0.0009716211913718621,0.00016892421390715418
4,380,778240,104.22742820810527,-0.005694695315489662,nan,0,461.7733279359553,0.35153887926766025,0.0010365024000890182,0.0029296875,-5.807167867936217,1.5456387184105258,0.005016324841010908,-0.0008729947169551023,0.00016430338005958778
4,381,780288,104.28096795803867,-0.005715847076660313,nan,0,462.02054423375785,0.368674701381407,0.0015955866209321165,0.009033203125,-5.917310598109296,1.6749677283443485,0.005002107991416615,-0.0010044620380849252,0.00017851886278449073
4,382,782336,104.33650204213336,0.006313306252184773,-6.0262570278843315,8,379.8193001564746,0.34824411866203214,0.004189232083331207,0.0465087890625,-5.8293425884476,1.4390835699076863,0.004851649013809254,-0.00163880516171583,0.001322223174154967
4,383,784384,104.39095945819281,-0.005697823748765286,nan,0,458.4457516368151,0.34590171754398497,0.0054415111868053034,0.0675048828125,-5.709344487778991,1.7530218829741016,0.0025762052045131497,-0.0032171398488448962,0.00016800113115810774
4,384,786432,104.44532775017433,-0.0056937929904722455,nan,0,465.37193462576636,0.3529037163555938,0.0008206329235308576,0.0018310546875,-5.751362979889107,1.3438274035350535,0.005807647861675623,-2.0726342139046686e-05,0.00015402244785111787
4,385,788480,104.50009908317588,-0.005688598685070037,nan,0,465.4796737129598,0.36161431464690835,0.0013942677616812652,0.0048828125,-5.734881933709507,1.703734705644946,0.005840667732186559,-2.4500628864465926e-05,0.00026057285468303803
4,386,790528,104.56237387517467,-0.005789911368613302,nan,0,460.35272653494906,0.371808080394341,0.0014815488923009268,0.00390625,-5.674172431715082,1.708555067725476,0.005639881523194583,-0.00016205747168680958,0.00025553312633261967
4,387,792576,104.62280483311042,-0.005661368414940449,nan,0,461.88871503250084,0.32771253375048937,0.0039855676867491694,0.0506591796875,-5.691262437840889,1.7615299928238612,0.0032993101914525606,-0.0024683031445598843,0.0001527017963431071
4,388,794624,104.6789643750526,0.006319212610243631,-6.043573130577765,8,377.9187409461201,0.36466644828913675,0.0020373897944526375,0.0078125,-5.780597535545085,1.2819287026732202,0.005591313234582037,-0.0008572890413050605,0.0013360094806840299
4,389,796672,104.74468404217623,-0.005681998791329276,nan,0,460.0910045184082,0.3533369974656912,0.0023121590416379256,0.016845703125,-5.657758673284061,1.82110748209807,0.00412766130751626,-0.001605832769021858,0.00015147080650811513
4,390,798720,104.8006368749775,-0.005698632051903504,nan,0,464.056051378008,0.345352543823687,0.001874407519033714,0.00537109375,-5.84495883204725,1.2691625695141946,0.005392694703826136,-0.0005394455368959009,0.00017436281734957228
4,391,800768,104.85797683312558,-0.005602479205393823,nan,0,467.5220735476331,0.3408788469237982,0.002713703006243246,0.0172119140625,-5.791927218183105,1.6457584023340646,0.004548677697954186,-0.0013192160342175973,0.00015193302797735937
4,392,802816,110.30341275013052,-0.005750709444222757,nan,0,462.88762774066754,0.34004393623615536,0.00031187860567597224,0.0,-5.741924260198314,1.624413387858883,0.005726677845178877,-0.00010290686109234223,0.00017532089214581178
4,393,804864,110.44150475016795,-0.005645968224440728,nan,0,463.6798246689173,0.3376798013578927,0.002739156072571713,0.0194091796875,-5.785376629383709,1.695208866971386,0.005149063757239817,-0.0007133653441164219,0.00015410494394506
4,394,806912,110.53837258298881,0.006210139388758677,-6.0387963392260176,8,372.99262703199724,0.3569307743338028,0.004685242753170751,0.06005859375,-5.751469323094485,1.5060411183935918,0.002766083846405091,-0.003630396075446805,0.001290021197514825
4,395,808960,110.63166141719557,-0.005660889528140169,nan,0,465.9627636148645,0.3453268886124161,0.0014100561164908025,0.0069580078125,-5.737884904068313,1.368394326538346,0.005197283133203327,-0.0006198596733727898,0.00015851580501560815
4,396,811008,110.73043912509456,-0.005645358958616935,nan,0,466.50335981375406,0.3280969784872095,0.0025087080564146023,0.027099609375,-5.771984858190606,1.671226026822835,0.004108025290042579,-0.0017283282689678644,0.00012873740163967814
4,397,813056,110.8251836670097,-0.0056444482438312545,nan,0,464.14301625461,0.3254959575130515,0.0010645504636312365,0.0015869140625,-5.702482325669465,1.697063601942533,0.005617562374946174,-0.0001512746877858108,0.0001327094741250354
4,398,815104,110.90985329216346,-0.005663628807505334,nan,0,462.81063074727376,0.33237544967492827,0.001097306504831954,0.0028076171875,-5.730331909884331,1.4132037744047605,0.005209358538294547,-0.0005810417510600102,0.00012013675894044893
4,399,817152,110.99344183318317,-0.0056960124464754255,nan,0,460.9835637449546,0.32696529196457,0.0033649313758639847,0.040283203125,-5.75979341769698,1.659630673450669,0.004862072811632645,-0.0009603664480291635,0.0001252916839296566
4,400,819200,111.07000425015576,-0.005637910888497863,-5.991106479325676,8,468.89037903865216,0.327793407231185,0.0008727888194130558,0.001953125,-5.758413747334682,1.7243910652639594,0.004918138676956127,-0.0009437901318605007,0.00020703012296389246
4,401,821248,111.15642500016838,0.0062701287634071064,nan,0,372.87469479274415,0.363911341224913,0.0008023671154049555,0.0010986328125,-5.748777219524419,1.8082634340321104,0.006110948071249825,-0.0002720537686585387,0.0012684492407678905
4,402,823296,111.2411835421808,-0.005677885617209912,nan,0,466.0622597916074,0.3452937032027614,0.00022464512182642307,0.0,-5.835943572700995,1.5654586661212682,0.006058347053825634,0.00013669591659495797,0.0001714151290593573
4,403,825344,111.34276629216038,-0.0056572504816768295,nan,0,462.7799060947166,0.33392827478460946,0.0018011374074754223,0.0123291015625,-5.7724436565445,1.7551903374112414,0.0049714765111247726,-0.0008771684577716151,0.00015240262470377623
4,404,827392,111.44646620796993,-0.0056536375015972615,nan,0,463.2795435391644,0.32957517998877023,6.0396603058491635e-05,0.0,-5.761971475700104,1.5894551935817234,0.005998904544826862,0.00017979820501982263,0.00011426972821387252
4,405,829440,111.53862704196945,-0.00568449624762008,nan,0,465.4754759947416,0.33476374996806907,0.00021576940046508312,0.0,-5.746332169531352,1.6925218841776437,0.0056327482596924055,-0.00019223266718939105,0.0001572975147008886
4,406,831488,111.62078050011769,-0.005677250547689775,nan,0,466.6185298781735,0.3592664964345975,0.00029255005572982487,0.0,-5.667948787300173,1.5160712992106489,0.005576365084379781,-0.00017540786102470405,0.00016764831620862355
4,407,833536,111.71748904208653,0.006360179238124493,-6.021099008399277,8,381.6289090727596,0.34935406350542997,0.0020926916949527328,0.0133056640625,-5.694801830334949,1.9012197816343455,0.004539956914457238,-0.0017725795087410244,0.001235469185726623
4,408,835584,111.80752033297904,-0.005709619841703527,nan,0,462.6040050963121,0.32997629616594837,0.0029917214022763096,0.0318603515625,-5.743889558065528,1.7760753634801143,0.004585193045781733,-0.0012541555500323316,0.0001909180754970688
4,409,837632,111.89352170797065,-0.005700620263657371,nan,0,464.2643687720823,0.3460532214676387,0.005097999231272412,0.065673828125,-5.732811979888436,1.8641290294199715,0.0021460801266378173,-0.0036740122474314286,0.00017456078836161683
4,410,839680,111.97119841701351,-0.005699760937366961,nan,0,462.42583729334837,0.3298162081831429,0.00045560739184813257,0.0,-5.763481620845308,1.3939397975087786,0.0058530951213549886,2.9384095802110523e-05,0.00012045880941514491
4,411,841728,112.046410625102,-0.005605310751912942,nan,0,458.76608735628685,0.34339040115045416,0.0022652313054141258,0.018310546875,-5.835982594503866,1.844842172358807,0.004617064781145638,-0.0013094233767295344,0.00018101112674261133
4,412,843776,112.11671141698025,-0.005701595237122865,nan,0,466.65937954037105,0.33814293639973086,0.0019108736797879323,0.0111083984375,-5.858012073625551,1.49003671955168,0.004674428979645488,-0.0012545845831489868,0.00014200297833784987
4,413,845824,112.18526187515818,0.0063255616911641575,-6.007503547525255,8,382.7820812440299,0.36920167081130983,0.0007025358844953433,0.0009765625,-5.854660057521167,1.527852352628301,0.0060145914235232995,-0.0004775810131223898,0.0012750247582490482
4,414,847872,112.26352633303031,-0.005749232332488058,nan,0,458.32381960477437,0.34203832411948654,0.002239161751709695,0.0120849609375,-5.793217278186005,1.574777005687503,0.005698926171093611,-0.0001859399356768836,0.00018329765716897916
4,415,849920,112.33896475005895,-0.005690954647611636,nan,0,457.3987176544061,0.3618273222836833,0.0021263974425790168,0.0186767578125,-5.725674703081709,1.7733296754486205,0.0037789878453322635,-0.002053592405600888,0.0002138110957028813
4,416,851968,112.41009095800109,-0.005697355432519006,nan,0,466.10978660711044,0.341166389781665,0.00026909459949869737,0.0,-5.695390698454915,1.6552850936104613,0.005543365777957835,-0.00022766771145276235,0.00015128558191136287
4,417,854016,118.52887683315203,-0.005720045791016098,nan,0,463.4505242577284,0.34568215721716256,0.0005571721103613128,0.0,-5.721928423434292,1.8371087773234427,0.005340205603557604,-0.00045751719493142794,0.00015158875010947803
4,418,856064,118.58361112512648,-0.005617116689641119,nan,0,445.60889738681317,0.35184698253227575,0.00023254682165146334,0.0,-5.774766855446364,2.0577493054096396,0.00630362936576007,0.0004253660522496687,0.00020699291612807523
4,419,858112,118.65480475011282,0.006266408629865904,-6.048533243100719,8,363.3941522847029,0.35289210844442154,0.0005821933798668272,0.0,-5.73776558400335,1.7921692085484122,0.0059078270153865775,-0.00044854364784956136,0.0012372101584655778
4,420,860160,118.78372112498619,-0.005743286199627577,nan,0,462.2810018600425,0.3432677025130016,0.000788514172637954,0.0008544921875,-5.815438929426859,1.531220026611995,0.005399561485020848,-0.00048347451711677845,0.00013519414542153562
4,421,862208,118.87105495808646,-0.005625951536109894,nan,0,464.08921587324147,0.32055645729930504,0.0032775142564777414,0.034912109375,-5.775475410721594,1.8535772001625528,0.0031720263861624784,-0.002666096649884254,0.00012529525065027537
4,422,864256,118.9462907500565,-0.005649402868027722,nan,0,458.2238313542302,0.338077762022024,0.0014465426765627718,0.005859375,-5.84044011424592,1.618900662576384,0.004327426822664649,-0.0015955267048643827,0.000165026826566223
4,423,866304,119.01718329219148,-0.005676996674665919,nan,0,464.8658602326133,0.3178701902956545,0.0016219399807767458,0.0076904296875,-5.8829970077434925,1.4535196029466815,0.005041618716649236,-0.0009032314286659161,0.0001237062751433174
4,424,868352,119.09508295799606,-0.005649215342187663,nan,0,462.6422767343555,0.34413057304648853,4.810885071032657e-05,0.0,-5.931887898041824,1.64160394684209,0.0059920470522740795,-2.297630269175368e-05,0.00016627091384802567
4,425,870400,119.16337454202585,-0.0057244009911236494,-6.009675749138388,8,464.3126118629206,0.3426351014235629,0.0013615862198814456,0.0035400390625,-5.940594582432217,1.6358590543280656,0.005671514975613875,-0.00033747816342147904,0.00013679711320626806
4,426,872448,119.23854512511753,0.006298986982631068,nan,0,376.7873265898398,0.3502591124493155,0.001168588219104242,0.002685546875,-5.968846287597091,1.790569020799294,0.005686093297852725,-0.0008775433461553411,0.001189580712821953
4,427,874496,119.31422316702083,-0.005676065589013906,nan,0,460.7537335273777,0.3603957592099838,0.0033469347535461636,0.0382080078125,-5.964273879455195,2.1139753587104866,0.0024447104015282188,-0.0036164503884567947,0.00019377382105963944
4,428,876544,119.38828708301298,-0.005687473828469691,nan,0,468.09033979488095,0.31854622483305867,0.0004557417245338905,0.0,-6.011202327277932,1.8291309957254391,0.005685499958340583,-0.0003843687729519077,0.00011733280802912082
4,429,878592,119.46182320802473,-0.005663850215037543,nan,0,460.6883422449811,0.34090607794799155,0.00048146682837128276,0.0003662109375,-5.9946653432670525,1.4733459986381616,0.005709541924829741,-0.00036159492474978935,0.0001529430126249523
4,430,880640,119.54381833318621,-0.005667788586112749,nan,0,465.20342443122985,0.33446529066829356,0.0004663248400086789,0.0,-5.946923795051657,1.785168158483215,0.005878118819555588,-0.00013682249138320147,0.0001360350317742666
4,431,882688,119.61468437500298,-0.005646099823979858,nan,0,467.2449316055288,0.3258121347636765,0.00018391676278537735,0.0,-5.935807677308418,1.3504229858351127,0.005870324484088134,-0.0001232441442498499,0.00011552190205912715
4,432,884736,119.70367416716181,0.006277402873689454,-6.0073414348312495,8,377.7800421724177,0.3631342393599604,0.0009188399105533637,0.0020751953125,-6.023859176661899,1.2859481732355014,0.006039318778264163,-0.0005949195813227393,0.0012207583658500067
4,433,886784,119.78152266703546,-0.0056474359107232495,nan,0,465.8577053634328,0.3270966442804377,0.000595754560942304,0.00048828125,-5.984757221902959,1.6433794681647553,0.00551396316614265,-0.0005480801788103062,0.00015457224609999554
4,434,888832,119.85817016707733,-0.005576644482703959,nan,0,461.0885541746742,0.3392885665221032,0.0014938285067076812,0.0048828125,-6.031895880975423,1.4779177190826724,0.004941459158024048,-0.0011635619028939961,0.00014625035988523864
4,435,890880,119.93085887515917,-0.005862708086885141,nan,0,455.9639916509089,0.3616339044284228,0.0028553576361977904,0.030517578125,-6.01791854883927,2.065424438217784,0.0027195428778336458,-0.00338171713974488,0.0001666829374785118
4,436,892928,120.0022496250458,-0.005602078927639782,nan,0,461.84278531769445,0.3271449876617195,0.0011792669500073326,0.0032958984375,-5.9797073751610945,1.5457262750376088,0.004788864533882685,-0.0012546291779275617,0.0001275726732983088
4,437,894976,120.07084008306265,-0.005679572611392485,nan,0,465.0241294632192,0.3312215933568142,0.0008414726205182338,0.00048828125,-5.864541080301164,1.73933007053412,0.00499517073556445,-0.0009421777605442857,0.00014561483161513265
4,438,897024,120.14024637499824,0.006246370879800593,-6.018769700785899,8,378.01395520283984,0.3841262045220694,0.0004065313650685501,0.0,-5.8889108166135955,1.6244657209695892,0.006365245759193464,-0.00015722861881524441,0.0012671271227902227
4,439,899072,120.20909083308652,-0.00565266761599206,nan,0,462.0644645776782,0.3364300661803506,0.0004255368264903774,0.0,-5.976836075528488,1.8082902312170432,0.0059634571769782005,-8.765179922792105e-05,0.00014854580135526473
4,440,901120,120.27864062506706,-0.005668846863556058,nan,0,465.8239472008501,0.32416588386336964,0.0015882014815477034,0.0079345703125,-5.95537884954564,1.8037196046090953,0.004294759401652026,-0.0017226091113645395,0.0001239793269418495
4,441,903168,127.26575695816427,-0.005649908750869211,nan,0,464.7568796282703,0.3493653319668543,0.0004391197156773704,0.0,-6.0123555831832505,1.4674417553880228,0.005717801244270812,-0.0003806468777458119,0.00017218507766674821
4,442,905216,127.35019483300857,-0.005748223085422779,nan,0,462.87991108866265,0.35491043922475773,7.104760838664052e-05,0.0,-6.031126699422402,1.855681339806344,0.0064158091607948555,0.0003092589365765704,0.0001508470495917699
4,443,907264,127.51185075007379,-0.0057154278888858125,nan,0,456.5398816298104,0.3570542344532994,0.0011682289845233438,0.0029296875,-6.02664786567809,1.7328203001562346,0.004925763418997351,-0.0011753445644495106,0.00014892023553754298
4,444,909312,127.58742445800453,0.006343059846420929,-6.034311148196581,8,380.69116277871245,0.34785466015266925,0.00023457576573539712,0.0,-6.032284210474941,1.3821422303008977,0.00648730567995536,-0.00014426341322646904,0.0011985697654137662
4,445,911360,127.66469554207288,-0.005708083438229512,nan,0,459.45124473799285,0.3448630203289204,0.0039819375577805904,0.05029296875,-6.023509114183822,1.9187195746458028,0.001382290170708473,-0.0047261146050106215,0.00016979132307054208
4,446,913408,127.75274770800024,-0.005635196304954746,nan,0,462.671709646037,0.3331222204592334,6.632262331919523e-05,0.0,-6.004008838987215,1.5598562572227794,0.006010194812325689,-6.607597416972283e-05,0.00014452389501639685
4,447,915456,127.82622308307327,-0.0056310271407197035,nan,0,466.4624753759984,0.3295388970076756,0.0005922624439428435,0.0,-5.9910583294963935,1.9301548003652589,0.005580692437011035,-0.0004728336777206762,0.00012493557047063211
4,448,917504,127.90306425001472,-0.005635872750688484,nan,0,461.38176548492726,0.3231191156521611,0.0005911514147639681,0.000244140625,-6.0010626274977374,1.9761656126516731,0.004998112589246819,-0.001067028155102315,0.000128156233702792
4,449,919552,127.97444866714068,-0.005726538636122699,nan,0,461.4126485868333,0.3363991974827135,0.000581408137031726,0.0,-6.012355635641471,1.4747360534894072,0.0055760611420324485,-0.0004988073379364336,0.00012502568865482028
4,450,921600,128.04622791707516,-0.005652314415661568,-5.995386835039123,8,458.8890613934776,0.33841772050114743,0.0023195082425318883,0.0203857421875,-6.081821069779145,1.5627832281903196,0.003507328321963819,-0.002646596538109034,0.00014420758058741434
4,451,923648,128.12055141711608,0.006279876037587053,nan,0,379.93171365194445,0.35858765918575863,0.000460131218067688,0.0,-6.103662405279836,1.638041460377322,0.006124478569866559,-0.0005566524217130633,0.0011549371725995715
4,452,925696,128.19875591713935,-0.005663542878105473,nan,0,461.42326760737103,0.33753234180528596,0.0014125736012095076,0.005126953125,-6.1398195758949345,1.755683200713928,0.004695994410198033,-0.001519475163730617,0.00015129999606742857
4,453,927744,128.26888170815073,-0.0056637807769093955,nan,0,465.39411125404166,0.33955639514629404,0.0005106972868862856,0.000244140625,-6.087448594474729,1.6946158483141076,0.00509074518167267,-0.0010649829669418629,0.0001365591082796054
4,454,929792,128.34358100011013,-0.005661652732181962,nan,0,466.9211810197383,0.3343363820365177,0.0012237790777964654,0.0023193359375,-6.076910863524535,1.7852738433050175,0.004519991356768265,-0.0016218656085135973,0.00012989220351465695
4,455,931840,128.41670454200357,-0.005688461470515957,nan,0,465.7028450361082,0.32796905049791925,0.0005062534642628848,0.000244140625,-6.121688352046636,1.9535128839753282,0.005069365700471168,-0.0011128758688369478,0.00012110643452296481
4,456,933888,128.49119625007734,-0.005664913251231608,nan,0,458.2669809696497,0.33660406370389373,0.0002784818414129371,0.0,-6.058489608480253,1.795013627927946,0.005948456089467444,-0.00018949142046009964,0.00015891580289458088
4,457,935936,128.60757362516597,0.006278207359502122,-6.008936080085151,8,378.2395357282208,0.3443617632293263,0.00010333822046040578,0.0,-6.082137252315469,1.9686390219165044,0.006501797115858144,-0.00015719518782780252,0.0011537101027409525
4,458,937984,128.72188354213722,-0.0056332957655646256,nan,0,459.76377310468195,0.32607354899860197,0.00013727672565586833,0.0,-6.080582358371695,1.5513667713968906,0.0060144844444509375,-0.00013815720950953719,0.00014411859117755628
4,459,940032,128.8080904581584,-0.00565097056016582,nan,0,461.5007106025207,0.3314371621529792,0.00010908262623584422,0.0,-6.0564627267005715,1.5615821484270498,0.006058541818127262,-6.228350041925183e-05,0.00012872518369188353
4,460,942080,128.87738266703673,-0.005648664991849405,nan,0,459.8411628737612,0.3388038801852822,0.001444486873152851,0.0032958984375,-6.00718244749455,1.6182520937432243,0.004426152428081467,-0.001650390135029562,0.00013872023123295723
4,461,944128,128.9487920831889,-0.005644302624249236,nan,0,465.6749855558391,0.3251264225673109,0.0004224119059343366,0.0,-6.043602422042653,1.4760783453250115,0.0057665876148428495,-0.0003433399997250239,0.00013265038505043901
4,462,946176,129.01986145810224,-0.005622155055090009,nan,0,465.1566566762768,0.3276279029720002,0.0007286705457804526,0.000732421875,-5.985075326565998,2.1561604223902826,0.004543344701885066,-0.001514315007226828,0.00014516876509179278
4,463,948224,129.0902853750158,0.0063024714521310145,-5.984029814604229,8,370.838176952849,0.3562492876995563,0.00037836654632060376,0.0,-6.06030439514171,1.4524896195863841,0.006572233226441046,-5.7647141180247694e-05,0.0011391519449591655
4,464,950272,129.17839741706848,-0.00563851933853237,nan,0,463.71221199368694,0.312922273791028,1.4777878190111598e-05,0.0,-6.063380778481378,1.4369231812420846,0.0061019616288043605,-1.4224639236691105e-05,0.00010561097911934795
4,465,952320,137.13996204198338,-0.005651495086911472,nan,0,466.446034627487,0.3119925401316984,9.714810622335297e-06,0.0,-6.030735033063978,1.4284712141427478,0.0061119735456897865,3.362194745292965e-05,9.523313034576298e-05
4,466,954368,137.20978783303872,-0.005653795386300741,nan,0,467.9776700429469,0.3352734892132789,0.00030122737840376925,0.0,-6.009474293301418,1.7333837436651798,0.00534150006214492,-0.0007284625793693017,0.00012097669642560246
4,467,956416,137.28017870802432,-0.005622789486204496,nan,0,463.1333026301826,0.33616164971925344,0.0014188899155998832,0.0045166015625,-6.016982230364457,1.954531148015933,0.003387191427390808,-0.0027009494700701107,0.00014231733419292462
4,468,958464,137.3485091670882,-0.0057326301796954676,nan,0,461.56618383541445,0.36029359774060266,0.00016496365214806256,0.0,-6.038635145187965,1.947367487028874,0.0059045636333226546,-0.00023083529734346103,0.00019352757095629963
4,469,960512,137.41588408313692,0.00626810117221912,-5.998329572250231,8,372.2521657217886,0.35594922967635345,0.0006042190471206869,0.000244140625,-6.047938211594042,1.976769003878766,0.005305027582198579,-0.001319648096222305,0.0011534749336536863
4,470,962560,137.49167375010438,-0.0056636374176265,nan,0,455.92958655637494,0.3366060695968288,0.00015301441037210336,0.0,-6.069232323732442,1.5367001825906568,0.0057838560264750665,-0.0003629421195092198,0.00015513164450368602
4,471,964608,137.56955670798197,-0.0056514080372450605,nan,0,461.9015121876705,0.3104975546001488,0.0002479853546809716,0.0,-6.025982566599471,2.0069761852931842,0.0050578430161893045,-0.0010212233397165022,0.00010616757861266825
4,472,966656,137.64489191700704,-0.005679815238023417,nan,0,456.2021265856769,0.34818036079853987,0.0005650838535623604,0.0,-5.965328095504591,1.9434373523653814,0.004966579122101725,-0.0010914500252473766,0.00018540210368901992
4,473,968704,137.71793487505056,-0.005693017527473187,nan,0,460.3744356130915,0.3468682034756638,7.341112577363033e-05,0.0,-5.974220690918285,1.6571865486897395,0.00593916364628517,-0.00011796634754451807,0.00016581860582280493
4,474,970752,137.7888390000444,-0.005669426842227872,nan,0,466.4442184573976,0.3406298698456543,8.528914590060497e-05,0.0,-6.022473452915428,1.5324877603077405,0.005885926801312912,-0.000202625224612475,0.00013215714601992127
4,475,972800,137.86092679202557,-0.005695057898377027,-6.012461722959092,8,464.73206291188774,0.3595855305594355,1.7964297888021656e-05,0.0,-6.035224719414597,1.4922030240731392,0.0060238202679237605,-9.868010815879558e-05,0.0001745513133359174
4,476,974848,137.93135408312082,0.006338718286275303,nan,0,372.9983388349625,0.35357010662956057,2.198528944827851e-05,0.0,-6.035553857576451,1.6583537928996532,0.006574273527021026,-4.000468236202664e-05,0.001157448703613204
4,477,976896,138.0116234580055,-0.005686394750126214,nan,0,463.2615532933258,0.3284048462082829,0.00013227724959731136,0.0,-5.973477987307174,2.2010731164020774,0.005268613450930914,-0.0007775341955451685,0.00014533931833781306
4,478,978944,138.08835508301854,-0.005662253204852724,nan,0,464.11671436950155,0.3328603796147901,0.00025319917197018686,0.0,-6.003900401468202,1.8129417645204073,0.005166061810433904,-0.0008967485991943271,0.00011782001632005587
4,479,980992,138.15915033314377,-0.005633501644193842,nan,0,458.6596284592958,0.33389911695152424,3.5505604551471214e-05,0.0,-6.020610120103554,1.7501527441282663,0.006096247161688796,-3.77934040977565e-07,0.00015202995125243775
4,480,983040,138.23505320819095,-0.005686036277686458,nan,0,461.41379920182857,0.3357124197438109,3.3978689258028506e-05,0.0,-6.00833725788544,1.4830411804963508,0.005952539591788507,-0.00012119992896148651,0.0001308045257291038
4,481,985088,138.31846125004813,-0.005636868246826797,nan,0,462.20722570014476,0.3084805439014421,2.131329519928478e-05,0.0,-6.018188460999541,1.766556254800793,0.005859491171639343,-0.0002244469770185044,0.00013149937531661368
4,482,987136,138.38872391707264,0.006334841096128406,-5.976391040749155,8,375.8822853702853,0.3634276298213429,8.473708577972498e-05,0.0,-6.041162321697575,1.694184706423411,0.006156924110451566,-0.0004405976416087332,0.0011127188607254505
4,483,989184,138.45922145806253,-0.0056848112647011825,nan,0,466.2734503093034,0.32227685627937425,1.4455594846903203e-05,0.0,-6.034291365464837,1.8175718568133368,0.005918001953751122,-0.00017809941844087606,0.0001236200134543203
4,484,991232,138.52788966707885,-0.005610116736944049,nan,0,462.49768867176226,0.3215014683682026,2.772410791813033e-05,0.0,-6.053033717070068,1.526370721041605,0.005826703970203903,-0.0002759388900143325,9.921828629633165e-05
4,485,993280,138.59985983301885,-0.005653522332000464,nan,0,464.6544683302148,0.33752573349474013,3.588637265217957e-05,0.0,-6.020477306188441,1.5301239127642696,0.005897014667830609,-0.00018858315103749412,0.0001302410253593225
4,486,995328,138.66525233304128,-0.005687990800210079,nan,0,462.6000490462214,0.329361027432707,2.761605594024834e-06,0.0,-6.018523466855401,1.6834295996426165,0.006058767143958317,-2.0367747107404022e-05,0.00012122284842063836
4,487,997376,138.73032808303833,-0.0056674955176336935,nan,0,466.1376414272256,0.33027809262732355,1.4787208219699043e-06,0.0,-6.008695487776448,1.4196173304627235,0.006035482536960882,-4.508747918090814e-05,0.00014374905673068448
4,488,999424,138.81258858297952,0.006316925882073903,-5.988845750175036,8,382.99173115841387,0.3455338251791825,1.348844487499679e-06,0.0,-6.032723551545988,1.650949265361889,0.006573859912922095,-1.6362123526872125e-05,0.0011149969698059509
4,489,1001472,138.8793037920259,-0.005651943401106729,nan,0,462.1006318838732,0.3510339573171668,7.28757093436985e-08,0.0,-6.074797955552237,1.1543164013547114,0.006157843089038798,4.583520739452271e-06,0.00015692322549421526
