time_seconds,angle_radians,angle_degrees,normalized_energy,axial_force_newtons,target_action_squat,target_action_lean,realized_command_squat,realized_command_lean,seat_radius_fraction,taut,cumulative_slack_time_seconds,cumulative_snap_energy_loss_joules
0.000000000000000000e+00,0.000000000000000000e+00,0.000000000000000000e+00,1.333072501879848937e-01,4.901714506055184302e+02,0.000000000000000000e+00,0.000000000000000000e+00,-5.749999999999999556e-01,0.000000000000000000e+00,1.000000000000000000e+00,1.000000000000000000e+00,0.000000000000000000e+00,0.000000000000000000e+00
2.000000000000000042e-02,-1.165588730520639160e-04,-6.678331490684407193e-03,1.332747893037855846e-01,4.526632694582155523e+02,7.609394192695617676e-02,-7.506058365106582642e-02,-5.747666547145822147e-01,-9.207057945558765662e-04,1.000000000000000000e+00,1.000000000000000000e+00,0.000000000000000000e+00,0.000000000000000000e+00
4.000000000000000083e-02,-5.144890440256233433e-04,-2.947805082838862029e-02,1.331788806421945193e-01,4.274084440266839806e+02,1.556076407432556152e-01,-1.521878838539123535e-01,-5.739365151961195455e-01,-4.180143603404849403e-03,1.000000000000000000e+00,1.000000000000000000e+00,0.000000000000000000e+00,0.000000000000000000e+00
5.999999999999999778e-02,-1.282084460837218387e-03,-7.345802858527829271e-02,1.330109645195922119e-01,4.113422090988281070e+02,2.370880097150802612e-01,-2.310265004634857178e-01,-5.722703556297330518e-01,-1.069517461329109846e-02,1.000000000000000000e+00,1.000000000000000000e+00,0.000000000000000000e+00,0.000000000000000000e+00
8.000000000000000167e-02,-2.469605693826260051e-03,-1.414979833177220925e-01,1.327662575199682060e-01,4.021430449978833508e+02,3.190514743328094482e-01,-3.112152814865112305e-01,-5.696285291636173920e-01,-2.100834721885682863e-02,1.000000000000000000e+00,1.000000000000000000e+00,0.000000000000000000e+00,0.000000000000000000e+00
1.000000000000000056e-01,-4.097984183139669057e-03,-2.347971982052692586e-01,1.324373304302080279e-01,3.981308842055833566e+02,3.999992609024047852e-01,-3.923883736133575439e-01,-5.659513048378120859e-01,-3.538510858231012912e-02,1.000000000000000000e+00,1.000000000000000000e+00,0.000000000000000000e+00,0.000000000000000000e+00
1.200000000000000094e-01,-6.165622558790051499e-03,-3.532641506893212657e-01,1.320130665381227253e-01,3.981249013554532326e+02,4.784328639507293701e-01,-4.741760194301605225e-01,-5.612431010814432630e-01,-5.388797427637095211e-02,1.000000000000000000e+00,1.000000000000000000e+00,0.000000000000000000e+00,0.000000000000000000e+00
1.400000000000000133e-01,-8.653757585456389734e-03,-4.958237865759729801e-01,1.314796187325034948e-01,4.013084378121454847e+02,5.528695583343505859e-01,-5.562057495117187500e-01,-5.555597601437359812e-01,-7.643283854269508626e-02,1.000000000000000000e+00,1.000000000000000000e+00,0.000000000000000000e+00,0.000000000000000000e+00
1.600000000000000033e-01,-1.153074378017704404e-02,-6.606629532508693226e-01,1.308218816894324288e-01,4.071179075992632193e+02,6.218578815460205078e-01,-6.381029486656188965e-01,-5.489981899604793325e-01,-1.028314825165022039e-01,1.000000000000000000e+00,1.000000000000000000e+00,0.000000000000000000e+00,0.000000000000000000e+00
1.799999999999999933e-01,-1.475553702362741859e-02,-8.454299959028795941e-01,1.300249424600274373e-01,4.151579856439608989e+02,6.839928030967712402e-01,-7.194923758506774902e-01,-5.416878452456284077e-01,-1.328234586351746682e-01,1.000000000000000000e+00,1.000000000000000000e+00,0.000000000000000000e+00,0.000000000000000000e+00
1.999999999999999833e-01,-1.828058908788632309e-02,-1.047400601748793347e+00,1.290753927922548283e-01,4.251397669539873050e+02,7.379303574562072754e-01,-7.999985218048095703e-01,-5.337836357886398542e-01,-1.660998267176502785e-01,1.000000000000000000e+00,1.000000000000000000e+00,0.000000000000000000e+00,0.000000000000000000e+00
2.199999999999999734e-01,-2.205430372266636851e-02,-1.263618523408442940e+00,1.279625513332058873e-01,4.368363733325877547e+02,7.824023365974426270e-01,-8.792470693588256836e-01,-5.254599401336528253e-01,-2.023206698740144804e-01,1.000000000000000000e+00,1.000000000000000000e+00,0.000000000000000000e+00,0.000000000000000000e+00
2.399999999999999634e-01,-2.602315327148030377e-02,-1.491016852077882371e+00,1.266796694184932903e-01,4.500522353072073543e+02,8.162297606468200684e-01,-9.568657279014587402e-01,-5.169054761813086651e-01,-2.411278912752485570e-01,1.000000000000000000e+00,1.000000000000000000e+00,0.000000000000000000e+00,0.000000000000000000e+00
2.599999999999999534e-01,-3.009303430771526067e-02,-1.724203858574475445e+00,1.250361090333547975e-01,4.869620042436050653e+02,8.060920834541320801e-01,-9.927739500999450684e-01,-5.084177156881386495e-01,-2.816673430230052788e-01,1.000000000000000000e+00,1.000000000000000000e+00,0.000000000000000000e+00,0.000000000000000000e+00
2.799999999999999711e-01,-3.411733762873003784e-02,-1.954779454349103052e+00,1.229555111418680902e-01,5.392995386906178510e+02,7.569265961647033691e-01,-9.872670769691467285e-01,-5.004315378251078528e-01,-3.223537959817163179e-01,1.000000000000000000e+00,1.000000000000000000e+00,0.000000000000000000e+00,0.000000000000000000e+00
2.999999999999999889e-01,-3.796913509145305454e-02,-2.175471192502330897e+00,1.206766255318476450e-01,5.781006696439550296e+02,7.030490040779113770e-01,-9.802231192588806152e-01,-4.933411584349099988e-01,-3.616563717644488696e-01,1.000000000000000222e+00,1.000000000000000000e+00,0.000000000000000000e+00,0.000000000000000000e+00
3.200000000000000067e-01,-4.157658013281295695e-02,-2.382162568197649932e+00,1.184124536826200585e-01,6.055745186491608365e+02,6.447947025299072266e-01,-9.716529250144958496e-01,-4.874074609205264474e-01,-3.985591426978386531e-01,1.000000000000000000e+00,1.000000000000000000e+00,0.000000000000000000e+00,0.000000000000000000e+00
3.400000000000000244e-01,-4.490627694986670804e-02,-2.572940142872973901e+00,1.163328191286009949e-01,6.236395251078822639e+02,5.825262665748596191e-01,-9.615700244903564453e-01,-4.827913690771232225e-01,-4.324250272108541293e-01,1.000000000000000000e+00,1.000000000000000000e+00,0.000000000000000000e+00,0.000000000000000000e+00
3.600000000000000422e-01,-4.795031618364786752e-02,-2.747350743640871062e+00,1.145600777159728328e-01,6.340258847950789232e+02,5.166314840316772461e-01,-9.499899744987487793e-01,-4.795793518387573839e-01,-4.628921615068217754e-01,1.000000000000000222e+00,1.000000000000000000e+00,0.000000000000000000e+00,0.000000000000000000e+00
3.800000000000000600e-01,-5.071659340141643213e-02,-2.905846753182201869e+00,1.131723233223908970e-01,6.382848753980021002e+02,4.475204646587371826e-01,-9.369308352470397949e-01,-4.778028299846711624e-01,-4.897954446253739436e-01,1.000000000000000000e+00,1.000000000000000000e+00,0.000000000000000000e+00,0.000000000000000000e+00
4.000000000000000777e-01,-5.322188369092550886e-02,-3.049389313226179787e+00,1.122103189221492631e-01,6.377742004975508507e+02,3.756234943866729736e-01,-9.224129319190979004e-01,-4.774528718690226325e-01,-5.131075378412792709e-01,1.000000000000000000e+00,1.000000000000000000e+00,0.000000000000000000e+00,0.000000000000000000e+00
4.200000000000000955e-01,-5.548710499918163563e-02,-3.179176933852358999e+00,1.116856557069611233e-01,6.336483215281449475e+02,3.013881146907806396e-01,-9.064589142799377441e-01,-4.784912631231951763e-01,-5.328948415406229433e-01,1.000000000000000000e+00,1.000000000000000000e+00,0.000000000000000000e+00,0.000000000000000000e+00
4.400000000000001132e-01,-5.761226006646902320e-02,-3.300939350018766483e+00,1.114549435852422027e-01,4.462785689232057393e+02,5.734843015670776367e-01,-9.600341320037841797e-01,-4.797910039813817473e-01,-5.501551255991981026e-01,1.000000000000000000e+00,1.000000000000000000e+00,0.000000000000000000e+00,0.000000000000000000e+00
4.600000000000001310e-01,-5.965075358813320960e-02,-3.417736425374884757e+00,1.111807787728469471e-01,5.222395958585331073e+02,4.614796638488769531e-01,-9.396407604217529297e-01,-4.808364669393082047e-01,-5.654793211897078953e-01,1.000000000000000000e+00,1.000000000000000000e+00,0.000000000000000000e+00,0.000000000000000000e+00
4.800000000000001488e-01,-6.156794727904735254e-02,-3.527583532373373743e+00,1.110344233996220925e-01,5.737743259823480457e+02,3.459156155586242676e-01,-9.161449074745178223e-01,-4.823320990656866369e-01,-5.784950641316265463e-01,1.000000000000000000e+00,1.000000000000000000e+00,0.000000000000000000e+00,0.000000000000000000e+00
5.000000000000001110e-01,-6.334365396769703338e-02,-3.629324031286151442e+00,1.111691332502250107e-01,6.060307892118540849e+02,2.288934886455535889e-01,-8.899420499801635742e-01,-4.847493371089204306e-01,-5.889620945134469432e-01,9.999999999999997780e-01,1.000000000000000000e+00,0.000000000000000000e+00,0.000000000000000000e+00
5.200000000000001288e-01,-6.496737790850914962e-02,-3.722356560189035601e+00,1.116893581775976474e-01,6.233263962814349952e+02,1.121851950883865356e-01,-8.613690733909606934e-01,-4.883768626133435653e-01,-5.967449768152234268e-01,1.000000000000000000e+00,1.000000000000000000e+00,0.000000000000000000e+00,0.000000000000000000e+00
5.400000000000001465e-01,-6.643469081853980995e-02,-3.806427397158851367e+00,1.126451390814044162e-01,6.291828989272042918e+02,-2.666808664798736572e-03,-8.307280540466308594e-01,-4.933618817004025159e-01,-6.017903133418354145e-01,1.000000000000000000e+00,1.000000000000000000e+00,0.000000000000000000e+00,0.000000000000000000e+00
5.600000000000001643e-01,-6.774473337691455654e-02,-3.881487306736245202e+00,1.140387925847851647e-01,6.264264164050512136e+02,-1.143040135502815247e-01,-7.983019948005676270e-01,-4.997436242820500474e-01,-6.041081666596058719e-01,1.000000000000000000e+00,1.000000000000000000e+00,0.000000000000000000e+00,0.000000000000000000e+00
5.800000000000001821e-01,-6.889865666172800829e-02,-3.947602240837928544e+00,1.158363433891227839e-01,6.173059577602767831e+02,-2.215378880500793457e-01,-7.643625140190124512e-01,-5.074803620989293274e-01,-6.037571770773522140e-01,1.000000000000000000e+00,1.000000000000000000e+00,0.000000000000000000e+00,0.000000000000000000e+00
6.000000000000001998e-01,-6.989876945832973476e-02,-4.004904483120233394e+00,1.179796426684586869e-01,6.036065992631633890e+02,-3.233501911163330078e-01,-7.291737794876098633e-01,-5.164711579923160212e-01,-6.008327768015315762e-01,1.000000000000000000e+00,1.000000000000000000e+00,0.000000000000000000e+00,0.000000000000000000e+00
6.200000000000002176e-01,-7.074816851466314560e-02,-4.053571464170532046e+00,1.203972088278972147e-01,5.867491036746326927e+02,-4.188993871212005615e-01,-6.929922103881835938e-01,-5.265733892786201853e-01,-5.954579056938951176e-01,1.000000000000000000e+00,1.000000000000000000e+00,0.000000000000000000e+00,0.000000000000000000e+00
6.400000000000002354e-01,-7.145066471863881219e-02,-4.093821531782299239e+00,1.230130054503176251e-01,5.678712222476162879e+02,-5.075253844261169434e-01,-6.560647487640380859e-01,-5.376168943744608075e-01,-5.877756845683772546e-01,1.000000000000000222e+00,1.000000000000000000e+00,0.000000000000000000e+00,0.000000000000000000e+00
6.600000000000002531e-01,-7.201086030982573050e-02,-4.125918374859145921e+00,1.257530036746170310e-01,5.478922660457182019e+02,-5.887508392333984375e-01,-6.186249852180480957e-01,-5.494154077966884042e-01,-5.779435753322099689e-01,1.000000000000000000e+00,1.000000000000000000e+00,0.000000000000000000e+00,0.000000000000000000e+00
6.800000000000002709e-01,-7.243427204679964149e-02,-4.150178080384054446e+00,1.285496826676991722e-01,5.275619667468371290e+02,-6.622774004936218262e-01,-5.808891057968139648e-01,-5.617757937523729650e-01,-5.661286383716700454e-01,1.000000000000000000e+00,1.000000000000000000e+00,0.000000000000000000e+00,0.000000000000000000e+00
7.000000000000002887e-01,-7.272742945850829699e-02,-4.166974762807939214e+00,1.313447520206510732e-01,5.074954618683064496e+02,-7.279750108718872070e-01,-5.430506467819213867e-01,-5.745054577906421045e-01,-5.525035734302365942e-01,1.000000000000000000e+00,1.000000000000000000e+00,0.000000000000000000e+00,0.000000000000000000e+00
7.200000000000003064e-01,-7.289790488380454292e-02,-4.176742285188112191e+00,1.340904224197374817e-01,4.881969228954615119e+02,-7.858651280403137207e-01,-5.052751302719116211e-01,-5.874182134711612990e-01,-5.372432936612118182e-01,9.999999999999997780e-01,1.000000000000000000e+00,0.000000000000000000e+00,0.000000000000000000e+00
7.400000000000003242e-01,-7.295425518273424004e-02,-4.179970919491084125e+00,1.367495430480189234e-01,4.700735588202084045e+02,-8.360977172851562500e-01,-4.676960110664367676e-01,-6.003388050469430359e-01,-5.205218623472920303e-01,1.000000000000000000e+00,1.000000000000000000e+00,0.000000000000000000e+00,0.000000000000000000e+00
7.600000000000003419e-01,-7.290587244025248381e-02,-4.177198792545611106e+00,1.392949087387625740e-01,4.534430369826425249e+02,-8.789231181144714355e-01,-4.304108023643493652e-01,-6.131062326206366819e-01,-5.025096823457235740e-01,1.000000000000000000e+00,1.000000000000000000e+00,0.000000000000000000e+00,0.000000000000000000e+00
7.800000000000003597e-01,-7.276275471220650104e-02,-4.168998750755075200e+00,1.417080079561611750e-01,4.385364688088545790e+02,-9.146606326103210449e-01,-3.934800028800964355e-01,-6.255759934882150208e-01,-4.833708925411502877e-01,1.000000000000000000e+00,1.000000000000000000e+00,0.000000000000000000e+00,0.000000000000000000e+00
8.000000000000003775e-01,-7.253521768987480911e-02,-4.155961839692495552e+00,1.439774612282492816e-01,4.255004486574543989e+02,-9.436667561531066895e-01,-3.569275140762329102e-01,-6.376213416127314293e-01,-4.632609822092672025e-01,1.000000000000000000e+00,1.000000000000000000e+00,0.000000000000000000e+00,0.000000000000000000e+00
8.200000000000003952e-01,-7.223357357511472898e-02,-4.138678905001783370e+00,1.460973610617491425e-01,4.143999210992266740e+02,-9.663051962852478027e-01,-3.207434415817260742e-01,-6.491336703488141957e-01,-4.423246686805647476e-01,1.000000000000000000e+00,1.000000000000000000e+00,0.000000000000000000e+00,0.000000000000000000e+00
8.400000000000004130e-01,-7.186780575234985591e-02,-4.117721952475666747e+00,1.480656845790101483e-01,4.052237118756881387e+02,-9.829211831092834473e-01,-2.848888635635375977e-01,-6.600221356500959313e-01,-4.206941097986121592e-01,1.000000000000000000e+00,1.000000000000000000e+00,0.000000000000000000e+00,0.000000000000000000e+00
8.600000000000004308e-01,-7.144726629038933297e-02,-4.093626816186626272e+00,1.498829020858555849e-01,3.978933845763430668e+02,-9.938215017318725586e-01,-2.493017911911010742e-01,-6.702126523633854527e-01,-3.984875238334654735e-01,1.000000000000000000e+00,1.000000000000000000e+00,0.000000000000000000e+00,0.000000000000000000e+00
8.800000000000004485e-01,-7.098041874994676093e-02,-4.066878422443203966e+00,1.515508544661957613e-01,3.922753546858376694e+02,-9.992612600326538086e-01,-2.139037251472473145e-01,-6.796464091064559065e-01,-3.758082722757604688e-01,1.000000000000000000e+00,1.000000000000000000e+00,0.000000000000000000e+00,0.000000000000000000e+00
9.000000000000004663e-01,-7.047464261380387285e-02,-4.037899584463782610e+00,1.530719221203260538e-01,3.881950847191781691e+02,-9.994369149208068848e-01,-1.786064356565475464e-01,-6.882780523450767740e-01,-3.527444365949186644e-01,1.000000000000000000e+00,1.000000000000000000e+00,0.000000000000000000e+00,0.000000000000000000e+00
9.200000000000004841e-01,-6.993610842787223447e-02,-4.007043848486386395e+00,1.544484710127773663e-01,3.854522786900971028e+02,-9.944849610328674316e-01,-1.433180421590805054e-01,-6.960736856596316802e-01,-3.293688873751232649e-01,1.000000000000000000e+00,1.000000000000000000e+00,0.000000000000000000e+00,0.000000000000000000e+00
9.400000000000005018e-01,-6.936972556847242899e-02,-3.974592501054225568e+00,1.556825340694273641e-01,3.838356854699391647e+02,-9.844852089881896973e-01,-1.079483777284622192e-01,-7.030088174045537874e-01,-3.057398122952696418e-01,1.000000000000000000e+00,1.000000000000000000e+00,0.000000000000000000e+00,0.000000000000000000e+00
9.600000000000005196e-01,-6.877915817488533534e-02,-3.940755481883643885e+00,1.567756742729550790e-01,3.831365156974388810e+02,-9.694675803184509277e-01,-7.241307944059371948e-02,-7.090663708461423242e-01,-2.819016420917382915e-01,1.000000000000000000e+00,1.000000000000000000e+00,0.000000000000000000e+00,0.000000000000000000e+00
9.800000000000005373e-01,-6.816689988530599820e-02,-3.905675665918848960e+00,1.577289724223309431e-01,3.831594970383617920e+02,-9.494211077690124512e-01,-3.663671389222145081e-02,-7.142348474002312431e-01,-2.578862951187108066e-01,1.000000000000000000e+00,1.000000000000000000e+00,0.000000000000000000e+00,0.000000000000000000e+00
1.000000000000000444e+00,-6.753439487921397699e-02,-3.869435798548880090e+00,1.585430884500138582e-01,3.837308611070209281e+02,-9.243034720420837402e-01,-5.546177271753549576e-04,-7.185067062480362532e-01,-2.337146507044229049e-01,1.000000000000000000e+00,1.000000000000000000e+00,0.000000000000000000e+00,0.000000000000000000e+00
1.020000000000000462e+00,-6.688219133610395772e-02,-3.832067288145197370e+00,1.592183576061253492e-01,3.847041080028581064e+02,-8.940519690513610840e-01,3.588572517037391663e-02,-7.218770014634227072e-01,-2.093981641121682447e-01,1.000000000000000000e+00,1.000000000000000000e+00,0.000000000000000000e+00,0.000000000000000000e+00
1.040000000000000480e+00,-6.621011367282658711e-02,-3.793560074534389148e+00,1.597548919899087483e-01,3.859629552003333401e+02,-8.585941195487976074e-01,7.272387295961380005e-02,-7.243422985049571272e-01,-1.849405480848336780e-01,1.000000000000000000e+00,1.000000000000000000e+00,0.000000000000000000e+00,0.000000000000000000e+00
1.060000000000000497e+00,-6.551744039765594607e-02,-3.753872819285607676e+00,1.601526703730627998e-01,3.874219236030530737e+02,-8.178575038909912109e-01,1.099867820739746094e-01,-7.258998722060742148e-01,-1.603394481019100870e-01,1.000000000000000000e+00,1.000000000000000000e+00,0.000000000000000000e+00,0.000000000000000000e+00
1.080000000000000515e+00,-6.480307680579899809e-02,-3.712942800434398283e+00,1.604116051186351699e-01,3.890259550660286436e+02,-7.717806696891784668e-01,1.476880311965942383e-01,-7.265471796542928296e-01,-1.355880640701275230e-01,9.999999999999997780e-01,1.000000000000000000e+00,0.000000000000000000e+00,0.000000000000000000e+00
1.100000000000000533e+00,-6.406571365787128158e-02,-3.670695004089659541e+00,1.605315834821292864e-01,3.907483413865339230e+02,-7.203228473663330078e-01,1.858283281326293945e-01,-7.262815937205483463e-01,-1.106766849341825204e-01,1.000000000000000000e+00,1.000000000000000000e+00,0.000000000000000000e+00,0.000000000000000000e+00
1.120000000000000551e+00,-6.330396494068146751e-02,-3.627050017545178751e+00,1.605124807017396515e-01,3.925886245117574163e+02,-6.634747385978698730e-01,2.243947833776473999e-01,-7.251003792202266318e-01,-8.559411796034588349e-02,1.000000000000000000e+00,1.000000000000000000e+00,0.000000000000000000e+00,0.000000000000000000e+00
1.140000000000000568e+00,-6.251647991372566437e-02,-3.581930449070865663e+00,1.603541475704707842e-01,3.945698239751918095e+02,-6.012691259384155273e-01,2.633608579635620117e-01,-7.230008939862380135e-01,-6.032900889085299895e-02,1.000000000000000000e+00,1.000000000000000000e+00,0.000000000000000000e+00,0.000000000000000000e+00
1.160000000000000586e+00,-6.170202613940611869e-02,-3.535265685193854868e+00,1.600563749936215474e-01,3.967351228106968506e+02,-5.337912440299987793e-01,3.026861846446990967e-01,-7.199809943749991836e-01,-3.487104832167287061e-02,9.999999999999997780e-01,1.000000000000000000e+00,0.000000000000000000e+00,0.000000000000000000e+00
1.180000000000000604e+00,-6.085954249688096951e-02,-3.486994928168355656e+00,1.596188353073552113e-01,3.991457263559850617e+02,-4.611916244029998779e-01,3.423151075839996338e-01,-7.160396317059165572e-01,-9.212082005704108970e-03,1.000000000000000000e+00,1.000000000000000000e+00,0.000000000000000000e+00,0.000000000000000000e+00
1.200000000000000622e+00,-5.998816169934428899e-02,-3.437068486120760102e+00,1.590410111741729082e-01,4.018766585494140600e+02,-3.836958706378936768e-01,3.821770250797271729e-01,-7.111776215368597054e-01,1.665286825543707203e-02,1.000000000000000000e+00,1.000000000000000000e+00,0.000000000000000000e+00,0.000000000000000000e+00
1.220000000000000639e+00,-5.908720308624149098e-02,-3.385447360074009815e+00,1.583221125386458372e-01,4.050142081221990793e+02,-3.016170859336853027e-01,4.221851527690887451e-01,-7.053985678610804610e-01,4.272466570725391710e-02,1.000000000000000000e+00,1.000000000000000000e+00,0.000000000000000000e+00,0.000000000000000000e+00
1.240000000000000657e+00,-5.815613806483854731e-02,-3.332101263895363541e+00,1.574609963690188352e-01,4.086517485949258344e+02,-2.153655290603637695e-01,4.622364044189453125e-01,-6.987099237456025902e-01,6.899919080816041550e-02,1.000000000000000000e+00,1.000000000000000000e+00,0.000000000000000000e+00,0.000000000000000000e+00
1.260000000000000675e+00,-5.719453142699659765e-02,-3.277005261995254770e+00,1.564561002334936834e-01,4.128859216655601472e+02,-1.254580020904541016e-01,5.022111535072326660e-01,-6.911241632796116807e-01,9.546654534648110757e-02,1.000000000000000000e+00,1.000000000000000000e+00,0.000000000000000000e+00,0.000000000000000000e+00
1.280000000000000693e+00,-5.620196331795046518e-02,-3.220135298467630580e+00,1.553054085488889124e-01,4.178120536310424882e+02,-3.252462297677993774e-02,5.419733524322509766e-01,-6.826600355899260508e-01,1.221103298422044764e-01,1.000000000000000000e+00,1.000000000000000000e+00,0.000000000000000000e+00,0.000000000000000000e+00
1.300000000000000711e+00,-5.517793803669013286e-02,-3.161462971736716199e+00,1.540064720347541216e-01,4.235194043569459268e+02,6.268694251775741577e-02,5.813709497451782227e-01,-6.733438638155372358e-01,1.489070002140330529e-01,1.000000000000000000e+00,1.000000000000000000e+00,0.000000000000000000e+00,0.000000000000000000e+00
1.320000000000000728e+00,-5.412178661142785785e-02,-3.100949952542461308e+00,1.525565078142432363e-01,4.300857042748551180e+02,1.593115925788879395e-01,6.202373504638671875e-01,-6.632108425512335259e-01,1.758253211098984303e-01,1.000000000000000000e+00,1.000000000000000000e+00,0.000000000000000000e+00,0.000000000000000000e+00
1.340000000000000746e+00,-5.303257148167261903e-02,-3.038542522625691689e+00,1.509525929934394106e-01,4.375732827743076427e+02,2.563683986663818359e-01,6.583918929100036621e-01,-6.523062863979264270e-01,2.028259235208506595e-01,1.000000000000000222e+00,1.000000000000000000e+00,0.000000000000000000e+00,0.000000000000000000e+00
1.360000000000000764e+00,-5.190900209427473655e-02,-2.974166738737693993e+00,1.491919822309273613e-01,4.460241410156710913e+02,3.527685105800628662e-01,6.956416964530944824e-01,-6.406867761531098715e-01,2.298609746178411628e-01,1.000000000000000000e+00,1.000000000000000000e+00,0.000000000000000000e+00,0.000000000000000000e+00
1.380000000000000782e+00,-5.074936921642203558e-02,-2.907724669052124344e+00,1.472725604160774193e-01,4.554563678067823389e+02,4.473264813423156738e-01,7.317837476730346680e-01,-6.284211427822298246e-01,2.568739790868426742e-01,1.000000000000000000e+00,1.000000000000000000e+00,0.000000000000000000e+00,0.000000000000000000e+00
1.400000000000000799e+00,-4.955150499567606559e-02,-2.839092104773653258e+00,1.451934286694091802e-01,4.658623880750350281e+02,5.387742519378662109e-01,7.666063904762268066e-01,-6.155912370420785207e-01,2.837997158103517936e-01,1.000000000000000000e+00,1.000000000000000000e+00,0.000000000000000000e+00,0.000000000000000000e+00
1.420000000000000817e+00,-4.831277399673128414e-02,-2.768118046582092706e+00,1.429556243622767120e-01,4.772075700132903080e+02,6.257799863815307617e-01,7.998913526535034180e-01,-6.022924348443319253e-01,3.105643082090505658e-01,1.000000000000000000e+00,1.000000000000000000e+00,0.000000000000000000e+00,0.000000000000000000e+00
1.440000000000000835e+00,-4.703009746857667039e-02,-2.694626095038339830e+00,1.405629502634169470e-01,4.894308846385233096e+02,7.069687247276306152e-01,8.314154148101806641e-01,-5.886338349938645687e-01,3.370854240933188750e-01,1.000000000000000000e+00,1.000000000000000000e+00,0.000000000000000000e+00,0.000000000000000000e+00
1.460000000000000853e+00,-4.570000995052536652e-02,-2.618417693870969565e+00,1.380228829165589255e-01,5.024464938573677273e+02,7.809457182884216309e-01,8.609518408775329590e-01,-5.747381172373560165e-01,3.632725912235079679e-01,1.000000000000000000e+00,1.000000000000000000e+00,0.000000000000000000e+00,0.000000000000000000e+00
1.480000000000000870e+00,-4.431874363021970353e-02,-2.539276963333889636e+00,1.353475180882663664e-01,5.161462116018875577e+02,8.463214039802551270e-01,8.882719278335571289e-01,-5.607410380657287252e-01,3.890276144286688442e-01,1.000000000000000000e+00,1.000000000000000000e+00,0.000000000000000000e+00,0.000000000000000000e+00
1.500000000000000888e+00,-4.288233311112410462e-02,-2.456976702941516155e+00,1.325545022272330287e-01,5.304020535879436693e+02,9.017385840415954590e-01,9.131458401679992676e-01,-5.467905498914508167e-01,4.142450739676836746e-01,1.000000000000000222e+00,1.000000000000000000e+00,0.000000000000000000e+00,0.000000000000000000e+00
1.520000000000000906e+00,-4.138673091395128623e-02,-2.371285009213020878e+00,1.296678941881073133e-01,5.450681896133509099e+02,9.459018111228942871e-01,9.353439211845397949e-01,-5.330455336561199520e-01,4.388128870158645722e-01,1.000000000000000000e+00,1.000000000000000000e+00,0.000000000000000000e+00,0.000000000000000000e+00
1.540000000000000924e+00,-3.982792283516234377e-02,-2.281971885227518371e+00,1.267188898220240889e-01,5.599819242696645460e+02,9.776094555854797363e-01,9.546376466751098633e-01,-5.196741367607224937e-01,4.626129187906988238e-01,1.000000000000000000e+00,1.000000000000000000e+00,0.000000000000000000e+00,0.000000000000000000e+00
1.560000000000000941e+00,-3.820203225838492145e-02,-2.188815217228080812e+00,1.237463416911018244e-01,5.749624506252069978e+02,9.957901835441589355e-01,9.708018898963928223e-01,-5.068517031284135443e-01,4.855216448911045535e-01,1.000000000000000000e+00,1.000000000000000000e+00,0.000000000000000000e+00,0.000000000000000000e+00
1.580000000000000959e+00,-3.650540430477189346e-02,-2.091605596082136476e+00,1.207969856540746373e-01,5.898076835886759000e+02,9.995445609092712402e-01,9.836175441741943359e-01,-4.947582724039116253e-01,5.074108826860265209e-01,1.000000000000000000e+00,1.000000000000000000e+00,0.000000000000000000e+00,0.000000000000000000e+00
1.600000000000000977e+00,-3.473466401609348608e-02,-1.990149650927086844e+00,1.179252725931718426e-01,6.042891903030083540e+02,9.881923198699951172e-01,9.928758144378662109e-01,-4.835756159116527120e-01,5.281486257496705861e-01,1.000000000000000000e+00,1.000000000000000000e+00,0.000000000000000000e+00,0.000000000000000000e+00
1.620000000000000995e+00,-3.288674630508880981e-02,-1.884271765199043269e+00,1.151926873209061092e-01,6.181454750504525464e+02,9.613257646560668945e-01,9.983850717544555664e-01,-4.734837688679564560e-01,5.476000501003179810e-01,1.000000000000000000e+00,1.000000000000000000e+00,0.000000000000000000e+00,0.000000000000000000e+00
1.640000000000001013e+00,-3.095890093937692100e-02,-1.773814362189897187e+00,1.126664140551291021e-01,6.310755260828983637e+02,9.188674092292785645e-01,9.999791979789733887e-01,-4.646570187950220254e-01,5.656287784779885364e-01,1.000000000000000000e+00,1.000000000000000000e+00,0.000000000000000000e+00,0.000000000000000000e+00
1.660000000000001030e+00,-2.894868077101531156e-02,-1.658637230650699346e+00,1.104172132653497701e-01,6.427343481938673904e+02,8.611274361610412598e-01,9.975294470787048340e-01,-4.572593303484951410e-01,5.820985111196324002e-01,1.000000000000000000e+00,1.000000000000000000e+00,0.000000000000000000e+00,0.000000000000000000e+00
1.680000000000001048e+00,-2.685392581575607451e-02,-1.538616612600229416e+00,1.085164019261786045e-01,6.527337549781880170e+02,7.888536453247070312e-01,9.909580349922180176e-01,-4.514392353229450539e-01,5.968751426446273767e-01,1.000000000000000000e+00,1.000000000000000000e+00,0.000000000000000000e+00,0.000000000000000000e+00
1.700000000000001066e+00,-2.467275966658233344e-02,-1.413644997835771910e+00,1.070319200963251449e-01,6.606512892812567088e+02,7.032638788223266602e-01,9.802529811859130859e-01,-4.473242985825088280e-01,6.098294631655696296e-01,1.000000000000000000e+00,1.000000000000000000e+00,0.000000000000000000e+00,0.000000000000000000e+00
1.720000000000001084e+00,-2.240361567377613383e-02,-1.283632623940512696e+00,1.060236224161329038e-01,6.660513313949239773e+02,6.060462594032287598e-01,9.654821157455444336e-01,-4.450153938171412249e-01,6.208404933970593786e-01,1.000000000000000000e+00,1.000000000000000000e+00,0.000000000000000000e+00,0.000000000000000000e+00
1.740000000000001101e+00,-2.004530867390075244e-02,-1.148511586051494060e+00,1.055381672837243934e-01,6.685188382132079141e+02,4.993172585964202881e-01,9.468033909797668457e-01,-4.445811678574447812e-01,6.297994120065689705e-01,1.000000000000000000e+00,1.000000000000000000e+00,0.000000000000000000e+00,0.000000000000000000e+00
1.760000000000001119e+00,-1.759716355959994871e-02,-1.008243203366485652e+00,1.056041269094081664e-01,6.677049954692997744e+02,3.855306208133697510e-01,9.244684576988220215e-01,-4.460532050993573083e-01,6.366139054703681133e-01,1.000000000000000222e+00,1.000000000000000000e+00,0.000000000000000000e+00,0.000000000000000000e+00
1.780000000000001137e+00,-1.505920237728863853e-02,-8.628287390520149591e-01,1.062281356454678194e-01,6.633774438847854071e+02,2.673391401767730713e-01,8.988169431686401367e-01,-4.494224884042323231e-01,6.412126264162325562e-01,1.000000000000000000e+00,1.000000000000000000e+00,0.000000000000000000e+00,0.000000000000000000e+00
1.800000000000001155e+00,-1.243237663243412783e-02,-7.123227103555427320e-01,1.073929176747421277e-01,6.554636615305036003e+02,1.474255174398422241e-01,8.702601194381713867e-01,-4.546377349762528164e-01,6.435493164402658062e-01,1.000000000000000000e+00,1.000000000000000000e+00,0.000000000000000000e+00,0.000000000000000000e+00
1.820000000000001172e+00,-9.718823795316300362e-03,-5.568475853029406508e-01,1.090578100040803106e-01,6.440838200427817810e+02,2.832450903952121735e-02,8.392550945281982422e-01,-4.616060430724741037e-01,6.436060766516261689e-01,9.999999999999997780e-01,1.000000000000000000e+00,0.000000000000000000e+00,0.000000000000000000e+00
1.840000000000001190e+00,-6.922120045640856034e-03,-3.966082638981258124e-01,1.111619261699500483e-01,6.295569046437365159e+02,-8.772823959589004517e-02,8.062746524810791016e-01,-4.701960073183834576e-01,6.413953124571655229e-01,1.000000000000000000e+00,1.000000000000000000e+00,0.000000000000000000e+00,0.000000000000000000e+00
1.860000000000001208e+00,-4.047495207797346950e-03,-2.319043930062140990e-01,1.136295265630086621e-01,6.123789101867523641e+02,-1.989003717899322510e-01,7.717763185501098633e-01,-4.802431115663413075e-01,6.369600225468020627e-01,1.000000000000000000e+00,1.000000000000000000e+00,0.000000000000000000e+00,0.000000000000000000e+00
1.880000000000001226e+00,-1.101978125290337118e-03,-6.313869569487495781e-02,1.163766795095031170e-01,5.931766963735113904e+02,-3.038082718849182129e-01,7.361769080162048340e-01,-4.915568901985570283e-01,6.303723242000245364e-01,9.999999999999997780e-01,1.000000000000000000e+00,0.000000000000000000e+00,0.000000000000000000e+00
1.900000000000001243e+00,1.905550588566562453e-03,1.091800063735340054e-01,1.193180907878871322e-01,5.726487961464368937e+02,-4.015090763568878174e-01,6.998344659805297852e-01,-5.039291370260279290e-01,6.217303500762224600e-01,1.000000000000000000e+00,1.000000000000000000e+00,0.000000000000000000e+00,0.000000000000000000e+00
1.920000000000001261e+00,4.964407664817649390e-03,2.844396069764479340e-01,1.223730614396416755e-01,5.515021458603317797e+02,-4.914481341838836670e-01,6.630395054817199707e-01,-5.171423641248333869e-01,6.111538539973115913e-01,1.000000000000000000e+00,1.000000000000000000e+00,0.000000000000000000e+00,0.000000000000000000e+00
1.940000000000001279e+00,8.062253202367308802e-03,4.619330818614791889e-01,1.254698893252386704e-01,5.303983784944729223e+02,-5.733857154846191406e-01,6.260142326354980469e-01,-5.309777845136612884e-01,5.987789921678716709e-01,1.000000000000000000e+00,1.000000000000000000e+00,0.000000000000000000e+00,0.000000000000000000e+00
1.960000000000001297e+00,1.118531637106467969e-02,6.408714205805919883e-01,1.285484454700894785e-01,5.099135925337824915e+02,-6.473157405853271484e-01,5.889176130294799805e-01,-5.452222674405027281e-01,5.847527769832802091e-01,1.000000000000000000e+00,1.000000000000000000e+00,0.000000000000000000e+00,0.000000000000000000e+00
1.980000000000001315e+00,1.431867488047045001e-02,8.203996388709452470e-01,1.315610399416669574e-01,4.905147741985676930e+02,-7.133904695510864258e-01,5.518536567687988281e-01,-5.596739273983967200e-01,5.692276496193326984e-01,1.000000000000000222e+00,1.000000000000000000e+00,0.000000000000000000e+00,0.000000000000000000e+00
2.000000000000001332e+00,1.744655926580929162e-02,9.996142129557326061e-01,1.344719347611783022e-01,4.725511757190818685e+02,-7.718575596809387207e-01,5.148810744285583496e-01,-5.741462185287510289e-01,5.523565179601768182e-01,1.000000000000000000e+00,1.000000000000000000e+00,0.000000000000000000e+00,0.000000000000000000e+00
2.020000000000001350e+00,2.055265441449538599e-02,1.177580355741505658e+00,1.372559553630861295e-01,4.562570408296034543e+02,-8.230108618736267090e-01,4.780225455760955811e-01,-5.884705728159159710e-01,5.342884868423526390e-01,1.000000000000000000e+00,1.000000000000000000e+00,0.000000000000000000e+00,0.000000000000000000e+00
2.040000000000001368e+00,2.362037572532127427e-02,1.353347839574169598e+00,1.398966383604312858e-01,4.417625449789085792e+02,-8.671554327011108398e-01,4.412728846073150635e-01,-6.024977361287673361e-01,5.151653923294879922e-01,1.000000000000000000e+00,1.000000000000000000e+00,0.000000000000000000e+00,0.000000000000000000e+00
2.060000000000001386e+00,2.663310400875973372e-02,1.525964455034886536e+00,1.423842600896977617e-01,4.291086075136861382e+02,-9.045829176902770996e-01,4.046056270599365234e-01,-6.160980181172742709e-01,4.951191572710523237e-01,1.000000000000000000e+00,1.000000000000000000e+00,0.000000000000000000e+00,0.000000000000000000e+00
2.080000000000001403e+00,2.957437013247776747e-02,1.694486590348733390e+00,1.447139845919186985e-01,4.182633610848045009e+02,-9.355553388595581055e-01,3.679780960083007812e-01,-6.291606900529101987e-01,4.742699171248299095e-01,1.000000000000000000e+00,1.000000000000000000e+00,0.000000000000000000e+00,0.000000000000000000e+00
2.100000000000001421e+00,3.242798736407737081e-02,1.857986814065196723e+00,1.468842673292874990e-01,4.091384809582054913e+02,-9.602950811386108398e-01,3.313355445861816406e-01,-6.415927570883359632e-01,4.527248288850016511e-01,1.000000000000000000e+00,1.000000000000000000e+00,0.000000000000000000e+00,0.000000000000000000e+00
2.120000000000001439e+00,3.517813466224550822e-02,2.015558647289537486e+00,1.488955708253585919e-01,4.016041377944987403e+02,-9.789786338806152344e-01,2.946140468120574951e-01,-6.533173054541470126e-01,4.305774569750399072e-01,1.000000000000000000e+00,1.000000000000000000e+00,0.000000000000000000e+00,0.000000000000000000e+00
2.140000000000001457e+00,3.780939802560645546e-02,2.166318932797517416e+00,1.507493936842294324e-01,3.955022070760307429e+02,-9.917331933975219727e-01,2.577429711818695068e-01,-6.642715918217287907e-01,4.079076274443079742e-01,1.000000000000000000e+00,1.000000000000000000e+00,0.000000000000000000e+00,0.000000000000000000e+00
2.160000000000001474e+00,4.030677948600214222e-02,2.309408350312408320e+00,1.524475826016678526e-01,3.906575067445622267e+02,-9.986349344253540039e-01,2.206467986106872559e-01,-6.744050081972250421e-01,3.847816497216334786e-01,1.000000000000000000e+00,1.000000000000000000e+00,0.000000000000000000e+00,0.000000000000000000e+00
2.180000000000001492e+00,4.265568467269753583e-02,2.443990703986443247e+00,1.539918826034220867e-01,3.868873968329003219e+02,-9.997090697288513184e-01,1.832468658685684204e-01,-6.836770257960348429e-01,3.612528183637259693e-01,1.000000000000000000e+00,1.000000000000000000e+00,0.000000000000000000e+00,0.000000000000000000e+00
2.200000000000001510e+00,4.484189997666776506e-02,2.569251614010847451e+00,1.553836737515676136e-01,3.840093172234658141e+02,-9.949302673339843750e-01,1.454627662897109985e-01,-6.920551938282403226e-01,3.373621218998169025e-01,1.000000000000000000e+00,1.000000000000000000e+00,0.000000000000000000e+00,0.000000000000000000e+00
2.220000000000001528e+00,4.685157016017837961e-02,2.684397233739287625e+00,1.566238497599830304e-01,3.818473511850509681e+02,-9.842249155044555664e-01,1.072140634059906006e-01,-6.995132489142945609e-01,3.131391032615132297e-01,1.000000000000000000e+00,1.000000000000000000e+00,0.000000000000000000e+00,0.000000000000000000e+00
2.240000000000001545e+00,4.867118615437515672e-02,2.788653550541264181e+00,1.577127983838519931e-01,3.802374021842820184e+02,-9.674740433692932129e-01,6.842141598463058472e-02,-7.060293758149808196e-01,2.886028257462206481e-01,1.000000000000000222e+00,1.000000000000000000e+00,0.000000000000000000e+00,0.000000000000000000e+00
2.260000000000001563e+00,5.028759192208198670e-02,2.881266779011469215e+00,1.586504486586939044e-01,3.790313571653122153e+02,-9.445175528526306152e-01,2.900866232812404633e-02,-7.115846475557208173e-01,2.637629156251254381e-01,1.000000000000000000e+00,1.000000000000000000e+00,0.000000000000000000e+00,0.000000000000000000e+00
2.280000000000001581e+00,5.168801797233468776e-02,2.961505281211124885e+00,1.594363630210793581e-01,3.781008223881569847e+02,-9.151601791381835938e-01,-1.109587121754884720e-02,-7.161616666930044062e-01,2.386206602939295596e-01,1.000000000000000000e+00,1.000000000000000000e+00,0.000000000000000000e+00,0.000000000000000000e+00
2.300000000000001599e+00,5.286014828360752205e-02,3.028663401086413742e+00,1.600698516080361344e-01,3.773401862052066349e+02,-8.791792392730712891e-01,-5.195672437548637390e-02,-7.197434258139475682e-01,2.131701540728640210e-01,1.000000000000000000e+00,1.000000000000000000e+00,0.000000000000000000e+00,0.000000000000000000e+00
2.320000000000001616e+00,5.379222656539095482e-02,3.082067552808409605e+00,1.605500974561017147e-01,3.766699357832584951e+02,-8.363354206085205078e-01,-9.362915903329849243e-02,-7.223124063126883376e-01,1.873994929982458479e-01,1.000000000000000000e+00,1.000000000000000000e+00,0.000000000000000000e+00,0.000000000000000000e+00
2.340000000000001634e+00,5.447320683867573621e-02,3.121084848399293232e+00,1.608762769356426592e-01,3.760396710928475272e+02,-7.863863706588745117e-01,-1.361557692289352417e-01,-7.238499371282524075e-01,1.612920277918347134e-01,1.000000000000000000e+00,1.000000000000000000e+00,0.000000000000000000e+00,0.000000000000000000e+00
2.360000000000001652e+00,5.489295284451101153e-02,3.145134523001127835e+00,1.610476646731530681e-01,3.754318188494054311e+02,-7.291049957275390625e-01,-1.795627623796463013e-01,-7.243358413953849828e-01,1.348276966634196217e-01,1.000000000000000000e+00,1.000000000000000000e+00,0.000000000000000000e+00,0.000000000000000000e+00
2.380000000000001670e+00,5.504248965462688048e-02,3.153702351102616319e+00,1.610637070055179754e-01,3.748655291601355657e+02,-6.643027067184448242e-01,-2.238552719354629517e-01,-7.237484080920789653e-01,1.079844652493538310e-01,1.000000000000000000e+00,1.000000000000000000e+00,0.000000000000000000e+00,0.000000000000000000e+00
2.400000000000001688e+00,5.491430940099650826e-02,3.146358163552679610e+00,1.609240454281614940e-01,3.744013185358235205e+02,-5.918588042259216309e-01,-2.690120339393615723e-01,-7.220647349659788938e-01,8.073990666816757700e-02,1.000000000000000000e+00,1.000000000000000000e+00,0.000000000000000000e+00,0.000000000000000000e+00
2.420000000000001705e+00,5.450273127723415101e-02,3.122776474121183643e+00,1.606284642597975987e-01,3.741463710252158421e+02,-5.117571353912353516e-01,-3.149787187576293945e-01,-7.192615003390265827e-01,5.307296252137713721e-02,1.000000000000000000e+00,1.000000000000000000e+00,0.000000000000000000e+00,0.000000000000000000e+00
2.440000000000001723e+00,5.380431128448082134e-02,3.082759956208860341e+00,1.601767339319747907e-01,3.742588388747282124e+02,-4.241290986537933350e-01,-3.616607785224914551e-01,-7.153162272893911489e-01,2.496592663864891440e-02,1.000000000000000000e+00,1.000000000000000000e+00,0.000000000000000000e+00,0.000000000000000000e+00
2.460000000000001741e+00,5.281829074042043715e-02,3.026265140521007257e+00,1.595683224901386921e-01,3.749508580299695382e+02,-3.293024003505706787e-01,-4.089163541793823242e-01,-7.102091012707041351e-01,-3.593323265307065643e-03,1.000000000000000000e+00,1.000000000000000000e+00,0.000000000000000000e+00,0.000000000000000000e+00
2.480000000000001759e+00,5.154706495618288642e-02,2.953429268275987063e+00,1.588019542418224739e-01,3.764889625559637238e+02,-2.278536558151245117e-01,-4.565487802028656006e-01,-7.039253911387902685e-01,-3.260883300271553986e-02,1.000000000000000000e+00,1.000000000000000000e+00,0.000000000000000000e+00,0.000000000000000000e+00
2.500000000000001776e+00,4.999664080923338361e-02,2.864596508200609737e+00,1.578750287925192730e-01,3.791875770341468410e+02,-1.206561848521232605e-01,-5.043017864227294922e-01,-6.964584828356619184e-01,-6.207384700449718878e-02,1.000000000000000000e+00,1.000000000000000000e+00,0.000000000000000000e+00,0.000000000000000000e+00
2.520000000000001794e+00,4.817703938730977242e-02,2.760341026328383407e+00,1.567829497968071251e-01,3.833963809677186987e+02,-8.920562453567981720e-03,-5.518561005592346191e-01,-6.878134766868374550e-01,-9.196792403827998286e-02,1.000000000000000000e+00,1.000000000000000000e+00,0.000000000000000000e+00,0.000000000000000000e+00
2.540000000000001812e+00,4.610258561853619597e-02,2.641483580582649981e+00,1.555185013769408708e-01,3.894749644592156983e+02,1.057889536023139954e-01,-5.988323092460632324e-01,-6.780112035000058768e-01,-1.222540394909410466e-01,1.000000000000000000e+00,1.000000000000000000e+00,0.000000000000000000e+00,0.000000000000000000e+00
2.560000000000001830e+00,4.379201540252131153e-02,2.509097658936366049e+00,1.540714825503551322e-01,3.977565536871792915e+02,2.215694636106491089e-01,-6.447991132736206055e-01,-6.670923873948458871e-01,-1.528759058325909748e-01,1.000000000000000000e+00,1.000000000000000000e+00,0.000000000000000000e+00,0.000000000000000000e+00
2.580000000000001847e+00,4.126832915301203997e-02,2.364501088024285380e+00,1.524288874810486305e-01,4.085009406881744098e+02,3.362373411655426025e-01,-6.892895698547363281e-01,-6.551215522404961744e-01,-1.837558152264271993e-01,1.000000000000000000e+00,1.000000000000000000e+00,0.000000000000000000e+00,0.000000000000000000e+00
2.600000000000001865e+00,3.855833115076690021e-02,2.209229640006753925e+00,1.505759336024954653e-01,4.218412760344585877e+02,4.474342167377471924e-01,-7.318248152732849121e-01,-6.421901474379302366e-01,-2.147933683757520251e-01,1.000000000000000000e+00,1.000000000000000000e+00,0.000000000000000000e+00,0.000000000000000000e+00
2.620000000000001883e+00,3.569182403831794304e-02,2.044990880519196530e+00,1.484981325484832915e-01,4.377358301471587083e+02,5.527722835540771484e-01,-7.719431519508361816e-01,-6.284183176899486023e-01,-2.458654506467314038e-01,1.000000000000000000e+00,1.000000000000000000e+00,0.000000000000000000e+00,0.000000000000000000e+00
2.640000000000001901e+00,3.270047432906775242e-02,1.873599167131474452e+00,1.461843829182007115e-01,4.559347916858711187e+02,6.500042676925659180e-01,-8.092319965362548828e-01,-6.139547944786446498e-01,-2.768277491744218777e-01,1.000000000000000000e+00,1.000000000000000000e+00,0.000000000000000000e+00,0.000000000000000000e+00
2.660000000000001918e+00,2.961642393870045353e-02,1.696896095957754369e+00,1.436307151365583679e-01,4.759762513063676579e+02,7.371867895126342773e-01,-8.433554172515869141e-01,-5.989745749477844994e-01,-3.075179338052574374e-01,1.000000000000000000e+00,1.000000000000000000e+00,0.000000000000000000e+00,0.000000000000000000e+00
2.680000000000001936e+00,2.647077820985055396e-02,1.516663871851301248e+00,1.408440203468595830e-01,4.972155605780383212e+02,8.128095865249633789e-01,-8.740748763084411621e-01,-5.836743592260578151e-01,-3.377603988594728990e-01,1.000000000000000000e+00,1.000000000000000000e+00,0.000000000000000000e+00,0.000000000000000000e+00
2.700000000000001954e+00,2.329213712878885900e-02,1.334541153319564799e+00,1.378449149035813059e-01,5.188872661497435956e+02,8.758654594421386719e-01,-9.012569785118103027e-01,-5.682660738229854402e-01,-3.673722130465913449e-01,1.000000000000000000e+00,1.000000000000000000e+00,0.000000000000000000e+00,0.000000000000000000e+00
2.720000000000001972e+00,2.010534070714609101e-02,1.151951168192041131e+00,1.346689959938834336e-01,5.401874526014460116e+02,9.258525371551513672e-01,-9.248691201210021973e-01,-5.529691302326923408e-01,-3.961697135325704111e-01,1.000000000000000000e+00,1.000000000000000000e+00,0.000000000000000000e+00,0.000000000000000000e+00
2.740000000000001990e+00,1.693056656622582423e-02,9.700500090100381279e-01,1.313660948446451482e-01,5.603591340825382758e+02,9.627174139022827148e-01,-9.449644088745117188e-01,-5.380022583868840913e-01,-4.239750834411335489e-01,1.000000000000000000e+00,1.000000000000000000e+00,0.000000000000000000e+00,0.000000000000000000e+00
2.760000000000002007e+00,1.378285868318895879e-02,7.896996321719667034e-01,1.279976106099025013e-01,5.787642438018669964e+02,9.867588281631469727e-01,-9.616593122482299805e-01,-5.235757714371744864e-01,-4.506222660727254858e-01,1.000000000000000000e+00,1.000000000000000000e+00,0.000000000000000000e+00,0.000000000000000000e+00
2.780000000000002025e+00,1.067209597835638846e-02,6.114660581183601895e-01,1.246324492929620914e-01,5.949300047044735038e+02,9.985172152519226074e-01,-9.751096367835998535e-01,-5.098849710228832155e-01,-4.759617055960997933e-01,1.000000000000000000e+00,1.000000000000000000e+00,0.000000000000000000e+00,0.000000000000000000e+00
2.800000000000002043e+00,7.603346419056578043e-03,4.356396599878497033e-01,1.213423326616052400e-01,6.085663229784248642e+02,9.986709356307983398e-01,-9.854884743690490723e-01,-4.971051483505872781e-01,-4.998636169568280163e-01,1.000000000000000000e+00,1.000000000000000000e+00,0.000000000000000000e+00,0.000000000000000000e+00
2.820000000000002061e+00,4.577510867137757344e-03,2.622720533622632244e-01,1.181972528089900859e-01,6.195573544365247471e+02,9.879534244537353516e-01,-9.929679632186889648e-01,-4.853883517922344404e-01,-5.222197019806358309e-01,1.000000000000000000e+00,1.000000000000000000e+00,0.000000000000000000e+00,0.000000000000000000e+00
2.840000000000002078e+00,1.592143650236188535e-03,9.122311153708671794e-02,1.152616730696188613e-01,6.279348791199349762e+02,9.670957922935485840e-01,-9.977072477340698242e-01,-4.748618431913166349e-01,-5.429434240625570229e-01,1.000000000000000000e+00,1.000000000000000000e+00,0.000000000000000000e+00,0.000000000000000000e+00
2.860000000000002096e+00,-1.357657803878531411e-03,-7.778806218523989791e-02,1.125918065569835869e-01,6.338423865971751638e+02,9.367943406105041504e-01,-9.998446106910705566e-01,-4.656279905251776707e-01,-5.619690818648749309e-01,1.000000000000000000e+00,1.000000000000000000e+00,0.000000000000000000e+00,0.000000000000000000e+00
2.880000000000002114e+00,-4.278382339971464887e-03,-2.451332512236702732e-01,1.102340480965562364e-01,6.374968389816356193e+02,8.976984620094299316e-01,-9.994947314262390137e-01,-4.577652511957724935e-01,-5.792499903124863625e-01,1.000000000000000222e+00,1.000000000000000000e+00,0.000000000000000000e+00,0.000000000000000000e+00
2.900000000000002132e+00,-7.177315492822522458e-03,-4.112298859725890265e-01,1.082244311131329711e-01,6.391542112607093031e+02,8.504124283790588379e-01,-9.967483878135681152e-01,-4.513298810697468078e-01,-5.947560898732251466e-01,1.000000000000000000e+00,1.000000000000000000e+00,0.000000000000000000e+00,0.000000000000000000e+00
2.920000000000002149e+00,-1.006186720919366451e-02,-5.765025251078731428e-01,1.065888782593706202e-01,6.390800187569204809e+02,7.955082058906555176e-01,-9.916748404502868652e-01,-4.463580297497048432e-01,-6.084712772072889964e-01,1.000000000000000000e+00,1.000000000000000000e+00,0.000000000000000000e+00,0.000000000000000000e+00
2.940000000000002167e+00,-1.293903183846012439e-02,-7.413519153291634467e-01,1.053439668295349657e-01,6.375279479740408988e+02,7.335416674613952637e-01,-9.843253493309020996e-01,-4.428679417885876823e-01,-6.203907054856510062e-01,1.000000000000000000e+00,1.000000000000000000e+00,0.000000000000000000e+00,0.000000000000000000e+00
2.960000000000002185e+00,-1.581497972401368912e-02,-9.061315912709558829e-01,1.044979590518373830e-01,6.347244835515442674e+02,6.650722026824951172e-01,-9.747375249862670898e-01,-4.408620529470557159e-01,-6.305182442072071458e-01,1.000000000000000000e+00,1.000000000000000000e+00,0.000000000000000000e+00,0.000000000000000000e+00
2.980000000000002203e+00,-1.869477037505040684e-02,-1.071131441456591338e+00,1.040518910035403283e-01,6.308596665878848171e+02,5.906820297241210938e-01,-9.629402756690979004e-01,-4.403288353681578116e-01,-6.388642367894847851e-01,1.000000000000000000e+00,1.000000000000000000e+00,0.000000000000000000e+00,0.000000000000000000e+00
3.000000000000002220e+00,-2.158217236845905163e-02,-1.236567389436567632e+00,1.040005766933501247e-01,6.260833015044489684e+02,5.109930634498596191e-01,-9.489586353302001953e-01,-4.412443102622900515e-01,-6.454436437730927123e-01,1.000000000000000000e+00,1.000000000000000000e+00,0.000000000000000000e+00,0.000000000000000000e+00
3.020000000000002238e+00,-2.447957450382176603e-02,-1.402576303345043574e+00,1.043334473719156053e-01,6.205043113054048263e+02,4.266812503337860107e-01,-9.328187704086303711e-01,-4.435731987853946401e-01,-6.502746187639217856e-01,1.000000000000000000e+00,1.000000000000000000e+00,0.000000000000000000e+00,0.000000000000000000e+00
3.040000000000002256e+00,-2.738797471395715277e-02,-1.569215360520762825e+00,1.050351980101479898e-01,6.141932371531805757e+02,3.384856581687927246e-01,-9.145529270172119141e-01,-4.472697262300330268e-01,-6.533775356705416870e-01,1.000000000000000000e+00,1.000000000000000000e+00,0.000000000000000000e+00,0.000000000000000000e+00
3.060000000000002274e+00,-3.030703393734235362e-02,-1.736465134169470792e+00,1.060862567751250790e-01,6.071878032066649666e+02,2.472123354673385620e-01,-8.942035436630249023e-01,-4.522781311714990649e-01,-6.547744539717874623e-01,1.000000000000000000e+00,1.000000000000000000e+00,0.000000000000000000e+00,0.000000000000000000e+00
3.080000000000002292e+00,-3.323518308863659954e-02,-1.904235722323444957e+00,1.074631257910440563e-01,5.995007533333629226e+02,1.537318974733352661e-01,-8.718268275260925293e-01,-4.585329571546971628e-01,-6.544889831917998224e-01,1.000000000000000000e+00,1.000000000000000000e+00,0.000000000000000000e+00,0.000000000000000000e+00
3.100000000000002309e+00,-3.616977412571342754e-02,-2.072375403344866474e+00,1.091386573814841082e-01,5.911282877653902688e+02,5.897157639265060425e-02,-8.474963307380676270e-01,-4.659592198860595946e-01,-6.525465016828789766e-01,1.000000000000000000e+00,1.000000000000000000e+00,0.000000000000000000e+00,0.000000000000000000e+00
3.120000000000002327e+00,-3.910726706293932153e-02,-2.240681350997397736e+00,1.110823395386221074e-01,5.820599489130867141e+02,-3.609943762421607971e-02,-8.213046193122863770e-01,-4.744725517676238180e-01,-6.489746645811333980e-01,1.000000000000000000e+00,1.000000000000000000e+00,0.000000000000000000e+00,0.000000000000000000e+00
3.140000000000002345e+00,-4.204344441738205873e-02,-2.408911921308854343e+00,1.132606600373027850e-01,5.722885811337840778e+02,-1.304902583360671997e-01,-7.933643460273742676e-01,-4.839794279681937650e-01,-6.438041199855845109e-01,1.000000000000000000e+00,1.000000000000000000e+00,0.000000000000000000e+00,0.000000000000000000e+00
3.160000000000002363e+00,-4.497364419295291071e-02,-2.576800001579245158e+00,1.156376032064043019e-01,5.618199187655358173e+02,-2.232129722833633423e-01,-7.638083100318908691e-01,-4.943775697469970365e-01,-6.370693534293497828e-01,1.000000000000000000e+00,1.000000000000000000e+00,0.000000000000000000e+00,0.000000000000000000e+00
3.180000000000002380e+00,-4.789300043148925212e-02,-2.744066792942564614e+00,1.181753143764145420e-01,5.506817339775575419e+02,-3.133105635643005371e-01,-7.327872514724731445e-01,-5.055566051770280511e-01,-6.288095641878680420e-01,1.000000000000000000e+00,1.000000000000000000e+00,0.000000000000000000e+00,0.000000000000000000e+00
3.200000000000002398e+00,-5.079667898245610047e-02,-2.910435318975627794e+00,1.208349311798795622e-01,5.389306931686849111e+02,-3.998851180076599121e-01,-7.004672288894653320e-01,-5.173990421292283814e-01,-6.190694782903722881e-01,1.000000000000000000e+00,1.000000000000000000e+00,0.000000000000000000e+00,0.000000000000000000e+00
3.220000000000002416e+00,-5.368009505367776768e-02,-3.075642890436822263e+00,1.235775541774817993e-01,5.266572641522326421e+02,-4.821248054504394531e-01,-6.670250296592712402e-01,-5.297815770344218578e-01,-6.079000079384623279e-01,1.000000000000000000e+00,1.000000000000000000e+00,0.000000000000000000e+00,0.000000000000000000e+00
3.240000000000002434e+00,-5.653909874228313370e-02,-3.239451735406244648e+00,1.263652926805198529e-01,5.139869832270277357e+02,-5.593261718750000000e-01,-6.326431035995483398e-01,-5.425767264919804100e-01,-5.953586748874698520e-01,1.000000000000000000e+00,1.000000000000000000e+00,0.000000000000000000e+00,0.000000000000000000e+00
3.260000000000002451e+00,-5.937011580265538768e-02,-3.401657064695107646e+00,1.291623071777111553e-01,5.010788256854254996e+02,-6.309112310409545898e-01,-5.975035429000854492e-01,-5.556547339145189168e-01,-5.815097334656914585e-01,1.000000000000000000e+00,1.000000000000000000e+00,0.000000000000000000e+00,0.000000000000000000e+00
3.280000000000002469e+00,-6.217023278112110418e-02,-3.562091949704117688e+00,1.319357558970977728e-01,4.881198050179521033e+02,-6.964367032051086426e-01,-5.617815256118774414e-01,-5.688856720849666537e-01,-5.664239431650703871e-01,1.000000000000000000e+00,1.000000000000000000e+00,0.000000000000000000e+00,0.000000000000000000e+00
3.300000000000002487e+00,-6.493721969512478154e-02,-3.720628621844456418e+00,1.346565563379308605e-01,4.753161110625361516e+02,-7.555950284004211426e-01,-5.256395339965820312e-01,-5.821416358519153622e-01,-5.501779725033383306e-01,1.000000000000000000e+00,1.000000000000000000e+00,0.000000000000000000e+00,0.000000000000000000e+00
3.320000000000002505e+00,-6.766948789199478398e-02,-3.877176058022926863e+00,1.372998969152372239e-01,4.628820041176169298e+02,-8.082074522972106934e-01,-4.892213940620422363e-01,-5.952989047145321733e-01,-5.328534401312693403e-01,1.000000000000000000e+00,1.000000000000000000e+00,0.000000000000000000e+00,0.000000000000000000e+00
3.340000000000002522e+00,-7.036598601892984917e-02,-4.031674020161237770e+00,1.398454593655122091e-01,4.510270485249761805e+02,-8.542101383209228516e-01,-4.526480734348297119e-01,-6.082399530211970440e-01,-5.145356287574200937e-01,1.000000000000000000e+00,1.000000000000000000e+00,0.000000000000000000e+00,0.000000000000000000e+00
3.360000000000002540e+00,-7.302604221919750671e-02,-4.184084013704181260e+00,1.422773523050723521e-01,4.399433426209295703e+02,-8.936347961425781250e-01,-4.160141348838806152e-01,-6.208551952938795582e-01,-4.953119334037172083e-01,1.000000000000000000e+00,1.000000000000000000e+00,0.000000000000000000e+00,0.000000000000000000e+00
3.380000000000002558e+00,-7.564916530342191692e-02,-4.334377895573579664e+00,1.445837851301506327e-01,4.297935249483733742e+02,-9.265854358673095703e-01,-3.793863356113433838e-01,-6.330443733815552809e-01,-4.752701273136571980e-01,1.000000000000000000e+00,1.000000000000000000e+00,0.000000000000000000e+00,0.000000000000000000e+00
3.400000000000002576e+00,-7.823482097199363494e-02,-4.482525052656816555e+00,1.467565467742776020e-01,4.207016566622478422e+02,-9.532143473625183105e-01,-3.428032696247100830e-01,-6.447175218993673740e-01,-4.544965431860544247e-01,1.000000000000000222e+00,1.000000000000000000e+00,0.000000000000000000e+00,0.000000000000000000e+00
3.420000000000002593e+00,-8.078220079266662523e-02,-4.628479165198171152e+00,1.487903627595628109e-01,4.127470447461863046e+02,-9.736983776092529297e-01,-3.062767982482910156e-01,-6.557954820505182969e-01,-4.330742711196368666e-01,1.000000000000000000e+00,1.000000000000000000e+00,0.000000000000000000e+00,0.000000000000000000e+00
3.440000000000002611e+00,-8.329000189444046853e-02,-4.772165584188069687e+00,1.506822100113909824e-01,4.059618446513255208e+02,-9.882174730300903320e-01,-2.697945833206176758e-01,-6.662099663712292008e-01,-4.110814734010615479e-01,1.000000000000000000e+00,1.000000000000000000e+00,0.000000000000000000e+00,0.000000000000000000e+00
3.460000000000002629e+00,-8.575623353291650375e-02,-4.913470248374380844e+00,1.524306608094360416e-01,4.003325619796757451e+02,-9.969369769096374512e-01,-2.333234846591949463e-01,-6.759032084512972549e-01,-3.885899018562888885e-01,1.000000000000000000e+00,1.000000000000000000e+00,0.000000000000000000e+00,0.000000000000000000e+00
3.480000000000002647e+00,-8.817806397774496929e-02,-5.052230911559342452e+00,1.540353070186686879e-01,3.958046300026687163e+02,-9.999938011169433594e-01,-1.968138068914413452e-01,-6.848272560516952545e-01,-3.656636882653852005e-01,1.000000000000000000e+00,1.000000000000000000e+00,0.000000000000000000e+00,0.000000000000000000e+00
3.500000000000002665e+00,-9.055171739890788274e-02,-5.188231234618766230e+00,1.554962982007201400e-01,3.922898012151687226e+02,-9.974873065948486328e-01,-1.602036952972412109e-01,-6.929429833348421663e-01,-3.423584570714847675e-01,1.000000000000000000e+00,1.000000000000000000e+00,0.000000000000000000e+00,0.000000000000000000e+00
3.520000000000002682e+00,-9.287242597863665239e-02,-5.321198041717024374e+00,1.568140036154289374e-01,3.896749355340591592e+02,-9.894739389419555664e-01,-1.234234273433685303e-01,-7.002189063428703175e-01,-3.187207831142911951e-01,1.000000000000000000e+00,1.000000000000000000e+00,0.000000000000000000e+00,0.000000000000000000e+00
3.540000000000002700e+00,-9.513443846042068941e-02,-5.450801810129163094e+00,1.579887938378218004e-01,3.878319275122086651e+02,-9.759664535522460938e-01,-8.639984577894210815e-02,-7.066298887380910720e-01,-2.947879989044290827e-01,1.000000000000000000e+00,1.000000000000000000e+00,0.000000000000000000e+00,0.000000000000000000e+00
3.560000000000002718e+00,-9.733108228319542476e-02,-5.576660230267638241e+00,1.590209239326123292e-01,3.866272108800137062e+02,-9.569358229637145996e-01,-4.905990138649940491e-02,-7.121558202809635807e-01,-2.705883335791335886e-01,1.000000000000000000e+00,1.000000000000000000e+00,0.000000000000000000e+00,0.000000000000000000e+00
3.580000000000002736e+00,-9.945487372857231279e-02,-5.698344516653722991e+00,1.599104944442644449e-01,3.859308852280906308e+02,-9.323167800903320312e-01,-1.133470237255096436e-02,-7.167803425740582046e-01,-2.461413573259730869e-01,9.999999999999997780e-01,1.000000000000000000e+00,0.000000000000000000e+00,0.000000000000000000e+00
3.600000000000002753e+00,-1.014976678144527966e-01,-5.815387996188959185e+00,1.606574662338182968e-01,3.856244656940973528e+02,-9.020152091979980469e-01,2.683790959417819977e-02,-7.204896859006797438e-01,-2.214586910323579905e-01,1.000000000000000000e+00,1.000000000000000000e+00,0.000000000000000000e+00,0.000000000000000000e+00
3.620000000000002771e+00,-1.034508382238610302e-01,-5.927296417317890587e+00,1.612617043307644216e-01,3.856073986333908579e+02,-8.659180998802185059e-01,6.551016122102737427e-02,-7.232716691117198060e-01,-1.965449372856334642e-01,1.000000000000000000e+00,1.000000000000000000e+00,0.000000000000000000e+00,0.000000000000000000e+00
3.640000000000002789e+00,-1.053054769620374032e-01,-6.033559389536865325e+00,1.617230321751262911e-01,3.858023811493161475e+02,-8.239057660102844238e-01,1.047219410538673401e-01,-7.251149058526999980e-01,-1.713987930082539191e-01,9.999999999999997780e-01,1.000000000000000000e+00,0.000000000000000000e+00,0.000000000000000000e+00
3.660000000000002807e+00,-1.070526030816694174e-01,-6.133662342468848117e+00,1.620412782452971268e-01,3.861588009262813443e+02,-7.758651375770568848e-01,1.444983631372451782e-01,-7.260082487390094874e-01,-1.460143030053032975e-01,9.999999999999997780e-01,1.000000000000000000e+00,0.000000000000000000e+00,0.000000000000000000e+00
3.680000000000002824e+00,-1.086833699292566457e-01,-6.227098400205449913e+00,1.622163035646027041e-01,3.866554724355208350e+02,-7.217056751251220703e-01,1.848477572202682495e-01,-7.259404957698059047e-01,-1.203822175847617110e-01,1.000000000000000000e+00,1.000000000000000000e+00,0.000000000000000000e+00,0.000000000000000000e+00
3.700000000000002842e+00,-1.101892613005932553e-01,-6.313379620188205976e+00,1.622479977979836840e-01,3.873020628300531030e+02,-6.613769531250000000e-01,2.257590144872665405e-01,-7.249003788023284933e-01,-9.449142946287224232e-02,1.000000000000000000e+00,1.000000000000000000e+00,0.000000000000000000e+00,0.000000000000000000e+00
3.720000000000002860e+00,-1.115622676479399722e-01,-6.392047089135846072e+00,1.621362376217100887e-01,3.881391096104858320e+02,-5.948871374130249023e-01,2.671998143196105957e-01,-7.228768453260553395e-01,-6.833046684520134584e-02,1.000000000000000000e+00,1.000000000000000000e+00,0.000000000000000000e+00,0.000000000000000000e+00
3.740000000000002878e+00,-1.127950341674641699e-01,-6.462679407829614142e+00,1.618808005245357673e-01,3.892376912468336059e+02,-5.223239660263061523e-01,3.091143667697906494e-01,-7.198596415094995482e-01,-4.188902182949636593e-02,1.000000000000000000e+00,1.000000000000000000e+00,0.000000000000000000e+00,0.000000000000000000e+00
3.760000000000002895e+00,-1.138809739012183186e-01,-6.524899171379287210e+00,1.614812332459919786e-01,3.906971551412188433e+02,-4.438752532005310059e-01,3.514217436313629150e-01,-7.158401972207204533e-01,-1.515949696985322524e-02,1.000000000000000000e+00,1.000000000000000000e+00,0.000000000000000000e+00,0.000000000000000000e+00
3.780000000000002913e+00,-1.148143403080426062e-01,-6.578377127229609656e+00,1.609366773947073503e-01,3.926419699481186854e+02,-3.598500490188598633e-01,3.940141797065734863e-01,-7.108128042999659613e-01,1.186144805048226260e-02,1.000000000000000000e+00,1.000000000000000000e+00,0.000000000000000000e+00,0.000000000000000000e+00
3.800000000000002931e+00,-1.155902554071102095e-01,-6.622833787666658090e+00,1.602456659743343170e-01,3.952165627890011592e+02,-2.706977725028991699e-01,4.367563128471374512e-01,-7.047760681474097844e-01,3.917137293754788946e-02,1.000000000000000000e+00,1.000000000000000000e+00,0.000000000000000000e+00,0.000000000000000000e+00
3.820000000000002949e+00,-1.162046920785209103e-01,-6.658038415716558411e+00,1.594059151080755299e-01,3.985780670505513399e+02,-1.770236939191818237e-01,4.794850647449493408e-01,-6.977345936470847887e-01,6.676058928976934259e-02,1.000000000000000000e+00,1.000000000000000000e+00,0.000000000000000000e+00,0.000000000000000000e+00
3.840000000000002967e+00,-1.166544120811696672e-01,-6.683805473830943811e+00,1.584141469982132122e-01,4.028875811229600004e+02,-7.960003614425659180e-02,5.220105648040771484e-01,-6.897008483667760315e-01,9.461078890119752061e-02,1.000000000000000000e+00,1.000000000000000000e+00,0.000000000000000000e+00,0.000000000000000000e+00
3.860000000000002984e+00,-1.169368647168864683e-01,-6.699988817769862770e+00,1.572660003673339579e-01,4.082983547930549548e+02,2.063224464654922485e-02,5.641186833381652832e-01,-6.806971186208294888e-01,1.226938223436646741e-01,1.000000000000000000e+00,1.000000000000000000e+00,0.000000000000000000e+00,0.000000000000000000e+00
3.880000000000003002e+00,-1.170500549286286329e-01,-6.706474139184880556e+00,1.559560796476771871e-01,4.149444252635245789e+02,1.225677654147148132e-01,6.055740118026733398e-01,-6.707574550804391578e-01,1.509706821673407195e-01,1.000000000000000000e+00,1.000000000000000000e+00,0.000000000000000000e+00,0.000000000000000000e+00
3.900000000000003020e+00,-1.169923926176266171e-01,-6.703170332127494468e+00,1.544782199099281883e-01,4.229262855435475217e+02,2.249551117420196533e-01,6.461255550384521484e-01,-6.599294794797707642e-01,1.793907584858950854e-01,1.000000000000000000e+00,1.000000000000000000e+00,0.000000000000000000e+00,0.000000000000000000e+00
3.920000000000003038e+00,-1.167625378583916351e-01,-6.690000624522334682e+00,1.528260068014767603e-01,4.322992244512723801e+02,3.264229297637939453e-01,6.855121850967407227e-01,-6.482759094660974775e-01,2.078914296095895065e-01,1.000000000000000000e+00,1.000000000000000000e+00,0.000000000000000000e+00,0.000000000000000000e+00
3.940000000000003055e+00,-1.163592577010623685e-01,-6.666894373545996011e+00,1.509935897137803518e-01,4.430622777771116603e+02,4.255180060863494873e-01,7.234700918197631836e-01,-6.358756576152173601e-01,2.363980406547638580e-01,1.000000000000000000e+00,1.000000000000000000e+00,0.000000000000000000e+00,0.000000000000000000e+00
3.960000000000003073e+00,-1.157813091399439998e-01,-6.633780360218254124e+00,1.489767707009932718e-01,4.551514018253991480e+02,5.207502245903015137e-01,7.597401142120361328e-01,-6.228243688321831728e-01,2.648243128329341167e-01,1.000000000000000000e+00,1.000000000000000000e+00,0.000000000000000000e+00,0.000000000000000000e+00
3.980000000000003091e+00,-1.150273599760729404e-01,-6.590582255161025138e+00,1.467743097799958374e-01,4.684371218609720700e+02,6.106424927711486816e-01,7.940751314163208008e-01,-6.092342898803433382e-01,2.930731973442553540e-01,1.000000000000000222e+00,1.000000000000000000e+00,0.000000000000000000e+00,0.000000000000000000e+00
4.000000000000002665e+00,-1.140959541216894912e-01,-6.537216630691077057e+00,1.443893384792430679e-01,4.827271700420995444e+02,6.937821507453918457e-01,8.262470364570617676e-01,-5.952334038743662958e-01,3.210381641223403193e-01,1.000000000000000000e+00,1.000000000000000000e+00,0.000000000000000000e+00,0.000000000000000000e+00
4.020000000000002238e+00,-1.129855216554274122e-01,-6.473593536939956650e+00,1.418307235466388649e-01,4.977751569532882172e+02,7.688679695129394531e-01,8.560521602630615234e-01,-5.809638184145613504e-01,3.486048811161682193e-01,1.000000000000000000e+00,1.000000000000000000e+00,0.000000000000000000e+00,0.000000000000000000e+00
4.040000000000001812e+00,-1.116944272274129624e-01,-6.399619275261872353e+00,1.391142144231340694e-01,5.132932303621664687e+02,8.347507715225219727e-01,8.833156228065490723e-01,-5.665794556915340063e-01,3.756532117757355183e-01,9.999999999999997780e-01,1.000000000000000000e+00,0.000000000000000000e+00,0.000000000000000000e+00
4.060000000000001386e+00,-1.102210452899021753e-01,-6.315200708631696358e+00,1.362632091670061829e-01,5.289678000412486654e+02,8.904645442962646484e-01,9.078934192657470703e-01,-5.522431461626023941e-01,4.020594324994617996e-01,1.000000000000000000e+00,1.000000000000000000e+00,0.000000000000000000e+00,0.000000000000000000e+00
4.080000000000000959e+00,-1.085638469531429173e-01,-6.220250238119290564e+00,1.333090091692707146e-01,5.444767741990664263e+02,9.352456927299499512e-01,9.296732544898986816e-01,-5.381232753902646104e-01,4.276985572945316560e-01,1.000000000000000000e+00,1.000000000000000000e+00,0.000000000000000000e+00,0.000000000000000000e+00
4.100000000000000533e+00,-1.067214824144984142e-01,-6.114690525730393844e+00,1.302904901758981104e-01,5.595062615838299962e+02,9.685409069061279297e-01,9.485732913017272949e-01,-5.243901657417996409e-01,4.524466515235614494e-01,1.000000000000000000e+00,1.000000000000000000e+00,0.000000000000000000e+00,0.000000000000000000e+00
4.120000000000000107e+00,-1.046928450522757181e-01,-5.998458166712481443e+00,1.272531906299010362e-01,5.737649030589479935e+02,9.900050163269042969e-01,9.645399451255798340e-01,-5.112123847182552527e-01,4.761830218210769683e-01,1.000000000000000000e+00,1.000000000000000000e+00,0.000000000000000000e+00,0.000000000000000000e+00
4.139999999999999680e+00,-1.024771075777008988e-01,-5.871505760910368465e+00,1.242478786929476497e-01,5.869955420731857885e+02,9.994897842407226562e-01,9.775441288948059082e-01,-4.987531655258333196e-01,4.987921813118298409e-01,1.000000000000000000e+00,1.000000000000000000e+00,0.000000000000000000e+00,0.000000000000000000e+00
4.159999999999999254e+00,-1.000737260583908217e-01,-5.733802143294161269e+00,1.213287258364727367e-01,5.989827507084485205e+02,9.970273375511169434e-01,9.875774383544921875e-01,-4.871671013859752986e-01,5.201655125333048968e-01,1.000000000000000000e+00,1.000000000000000000e+00,0.000000000000000000e+00,0.000000000000000000e+00
4.179999999999998828e+00,-9.748241328665407934e-02,-5.585330858075298721e+00,1.185512431497496438e-01,6.095568200800034901e+02,9.828101992607116699e-01,9.946478605270385742e-01,-4.765972376586726234e-01,5.402025794913506429e-01,1.000000000000000000e+00,1.000000000000000000e+00,0.000000000000000000e+00,0.000000000000000000e+00
4.199999999999998401e+00,-9.470308811990157949e-02,-5.426087256125886604e+00,1.159701522101465460e-01,6.185940848291094198e+02,9.571710228919982910e-01,9.987758398056030273e-01,-4.671726419087691706e-01,5.588120670877094742e-01,1.000000000000000000e+00,1.000000000000000000e+00,0.000000000000000000e+00,0.000000000000000000e+00
4.219999999999997975e+00,-9.173581104648365070e-02,-5.256074803173109267e+00,1.136373478778798934e-01,6.260142802985321850e+02,9.205640554428100586e-01,9.999908208847045898e-01,-4.590064854225130997e-01,5.759123552645170063e-01,9.999999999999997780e-01,1.000000000000000000e+00,0.000000000000000000e+00,0.000000000000000000e+00
4.239999999999997549e+00,-8.858071823806223932e-02,-5.075301301278484445e+00,1.116000800660796044e-01,6.317753966554399767e+02,8.735502362251281738e-01,9.983286857604980469e-01,-4.521946260409770990e-01,5.914317608775433444e-01,1.000000000000000000e+00,1.000000000000000000e+00,0.000000000000000000e+00,0.000000000000000000e+00
4.259999999999997122e+00,-8.523796649535109182e-02,-4.883775734461134554e+00,1.098994369869770032e-01,6.358669853807965637e+02,8.167863488197326660e-01,9.938303828239440918e-01,-4.468146468585173503e-01,6.053085045646622309e-01,9.999999999999997780e-01,1.000000000000000000e+00,0.000000000000000000e+00,0.000000000000000000e+00
4.279999999999996696e+00,-8.170770041616171042e-02,-4.681506387565385729e+00,1.085691676795897398e-01,6.383023783321783640e+02,7.510189414024353027e-01,9.865418076515197754e-01,-4.429252798401723257e-01,6.174904781830968803e-01,1.000000000000000000e+00,1.000000000000000000e+00,0.000000000000000000e+00,0.000000000000000000e+00
4.299999999999996270e+00,-7.799005132811842600e-02,-4.468500785109846163e+00,1.076348389342853679e-01,6.391113332008327461e+02,6.770811676979064941e-01,9.765145778656005859e-01,-4.405661324004152557e-01,6.279348944304722346e-01,1.000000000000000000e+00,1.000000000000000000e+00,0.000000000000000000e+00,0.000000000000000000e+00
4.319999999999995843e+00,-7.408517499755662428e-02,-4.244767851848123996e+00,1.071132981966581715e-01,6.383330403594424070e+02,5.958923697471618652e-01,9.638081192970275879e-01,-4.397576358045995892e-01,6.366079029114505294e-01,9.999999999999997780e-01,1.000000000000000000e+00,0.000000000000000000e+00,0.000000000000000000e+00
4.339999999999995417e+00,-6.999333178017996815e-02,-4.010322505063209420e+00,1.070123987278345928e-01,6.360108187476976127e+02,5.084571838378906250e-01,9.484927654266357422e-01,-4.405011478194853503e-01,6.434842567404880365e-01,1.000000000000000000e+00,1.000000000000000000e+00,0.000000000000000000e+00,0.000000000000000000e+00
4.359999999999994991e+00,-6.571500952098885406e-02,-3.765192696214683110e+00,1.073309490509881947e-01,6.321889002691771111e+02,4.158620536327362061e-01,9.306527972221374512e-01,-4.427791684791264060e-01,6.485470945339800730e-01,1.000000000000000000e+00,1.000000000000000000e+00,0.000000000000000000e+00,0.000000000000000000e+00
4.379999999999994564e+00,-6.125108614463004031e-02,-3.509428726679534538e+00,1.080588668996965152e-01,6.269119618972221133e+02,3.192662298679351807e-01,9.103898406028747559e-01,-4.465556615420295250e-01,6.517878812195881943e-01,1.000000000000000000e+00,1.000000000000000000e+00,0.000000000000000000e+00,0.000000000000000000e+00
4.399999999999994138e+00,-5.660302669682515386e-02,-3.243114537394406582e+00,1.091775404910256819e-01,6.202278181590313579e+02,2.198862284421920776e-01,8.878248333930969238e-01,-4.517765080467336380e-01,6.532065178469452782e-01,1.000000000000000000e+00,1.000000000000000000e+00,0.000000000000000000e+00,0.000000000000000000e+00
4.419999999999993712e+00,-5.177310665052425875e-02,-2.966380503355734000e+00,1.106604154639740933e-01,6.121915578012608421e+02,1.189743503928184509e-01,8.631000518798828125e-01,-4.583701410916971586e-01,6.528116070481209121e-01,1.000000000000000222e+00,1.000000000000000000e+00,0.000000000000000000e+00,0.000000000000000000e+00
4.439999999999993285e+00,-4.676464986005024471e-02,-2.679417067387934726e+00,1.124738394805448877e-01,6.028729174443927832e+02,1.778813451528549194e-02,8.363782167434692383e-01,-4.662484325563495680e-01,6.506208248985009268e-01,1.000000000000000000e+00,1.000000000000000000e+00,0.000000000000000000e+00,0.000000000000000000e+00
4.459999999999992859e+00,-4.158226681703336425e-02,-2.382488391202903344e+00,1.145781812302510416e-01,5.923623500098572094e+02,-8.244273066520690918e-02,8.078408241271972656e-01,-4.753079030129082616e-01,6.466613218121476381e-01,1.000000000000000000e+00,1.000000000000000000e+00,0.000000000000000000e+00,0.000000000000000000e+00
4.479999999999992433e+00,-3.623207700216202198e-02,-2.075945095216896075e+00,1.169292170205382952e-01,5.807769121591600197e+02,-1.805521696805953979e-01,7.776842713356018066e-01,-4.854313069900186850e-01,6.409700642882307786e-01,1.000000000000000000e+00,1.000000000000000000e+00,0.000000000000000000e+00,0.000000000000000000e+00
4.499999999999992006e+00,-3.072189872757880025e-02,-1.760235135718599242e+00,1.194797434022217414e-01,5.682644368757929669e+02,-2.754726707935333252e-01,7.461144328117370605e-01,-4.964896209071857913e-01,6.335940176575887151e-01,1.000000000000000000e+00,1.000000000000000000e+00,0.000000000000000000e+00,0.000000000000000000e+00
4.519999999999991580e+00,-2.506139162363485440e-02,-1.435911968758790902e+00,1.221813245850676688e-01,5.550036600115174679e+02,-3.662632107734680176e-01,7.133401036262512207e-01,-5.083444150365913350e-01,6.245900775945874006e-01,1.000000000000000000e+00,1.000000000000000000e+00,0.000000000000000000e+00,0.000000000000000000e+00
4.539999999999991154e+00,-1.926213996838388454e-02,-1.103639324578653547e+00,1.249860583520270019e-01,5.412016455943536357e+02,-4.521306753158569336e-01,6.795663237571716309e-01,-5.208505455753690283e-01,6.140246832033374735e-01,1.000000000000000000e+00,1.000000000000000000e+00,0.000000000000000000e+00,0.000000000000000000e+00
4.559999999999990727e+00,-1.333766977629524675e-02,-7.641921867209144903e-01,1.278482209758374788e-01,5.270870416848705418e+02,-5.324401259422302246e-01,6.449878215789794922e-01,-5.338590618066825222e-01,6.019730772843934208e-01,1.000000000000000000e+00,1.000000000000000000e+00,0.000000000000000000e+00,0.000000000000000000e+00
4.579999999999990301e+00,-7.303399017076994681e-03,-4.184539397785056458e-01,1.307256690578340319e-01,5.129012655519189821e+02,-6.067159175872802734e-01,6.097826361656188965e-01,-5.472201928945024108e-01,5.885182057932102362e-01,9.999999999999997780e-01,1.000000000000000000e+00,0.000000000000000000e+00,0.000000000000000000e+00
4.599999999999989875e+00,-1.176525912469195134e-03,-6.740996927226299007e-02,1.335808933504336882e-01,4.988871042827962015e+02,-6.746327280998229980e-01,5.741078853607177734e-01,-5.607862654075906894e-01,5.737492912308679305e-01,1.000000000000000000e+00,1.000000000000000000e+00,0.000000000000000000e+00,0.000000000000000000e+00
4.619999999999989448e+00,5.024134287094916829e-03,2.878616903575074160e-01,1.363816743389130448e-01,4.852772645718551985e+02,-7.359995841979980469e-01,5.380960702896118164e-01,-5.744144054850740533e-01,5.577601435829181442e-01,1.000000000000000000e+00,1.000000000000000000e+00,0.000000000000000000e+00,0.000000000000000000e+00
4.639999999999989022e+00,1.127834979184116904e-02,6.462018429447495826e-01,1.391013312554838510e-01,4.722832954480294916e+02,-7.907387614250183105e-01,5.018534660339355469e-01,-5.879689002799898256e-01,5.406472914209448088e-01,1.000000000000000000e+00,1.000000000000000000e+00,0.000000000000000000e+00,0.000000000000000000e+00
4.659999999999988596e+00,1.756469365162338647e-02,1.006382814678250304e+00,1.417186047338475086e-01,4.600862449886503782e+02,-8.388618230819702148e-01,4.654591083526611328e-01,-6.013231233125754249e-01,5.225080241600079667e-01,1.000000000000000000e+00,1.000000000000000000e+00,0.000000000000000000e+00,0.000000000000000000e+00
4.679999999999988169e+00,2.386076999479724847e-02,1.367121416634273556e+00,1.442172406469023338e-01,4.488294517707816453e+02,-8.804451227188110352e-01,4.289658367633819580e-01,-6.143609648122081435e-01,5.034384410079117966e-01,1.000000000000000000e+00,1.000000000000000000e+00,0.000000000000000000e+00,0.000000000000000000e+00
4.699999999999987743e+00,3.014343099676164428e-02,1.727091376158266467e+00,1.465853670030372313e-01,4.386143102829405507e+02,-9.156063795089721680e-01,3.924013972282409668e-01,-6.269777456677421146e-01,4.835315932318250409e-01,1.000000000000000000e+00,1.000000000000000000e+00,0.000000000000000000e+00,0.000000000000000000e+00
4.719999999999987317e+00,3.638897348431546774e-02,2.084934601464738080e+00,1.488147525706452756e-01,4.294985601760717486e+02,-9.444832205772399902e-01,3.557707369327545166e-01,-6.390806265335520209e-01,4.628757900050667895e-01,1.000000000000000000e+00,1.000000000000000000e+00,0.000000000000000000e+00,0.000000000000000000e+00
4.739999999999986890e+00,4.257330825172056521e-02,2.439270882733069801e+00,1.509000323371567920e-01,4.214973352540019960e+02,-9.672146439552307129e-01,3.190584182739257812e-01,-6.505885506550673769e-01,4.415531238167541561e-01,1.000000000000000000e+00,1.000000000000000000e+00,0.000000000000000000e+00,0.000000000000000000e+00
4.759999999999986464e+00,4.867209962008400836e-02,2.788705888271111100e+00,1.528379671318591815e-01,4.145865314075185779e+02,-9.839259386062622070e-01,2.822316884994506836e-01,-6.614317800245164136e-01,4.196382550781381227e-01,1.000000000000000000e+00,1.000000000000000000e+00,0.000000000000000000e+00,0.000000000000000000e+00
4.779999999999986038e+00,5.466087642948158631e-02,3.131837523895415476e+00,1.546267860439964892e-01,4.087078512887591160e+02,-9.947164654731750488e-01,2.452430874109268188e-01,-6.715510962389029670e-01,3.971974753482542808e-01,1.000000000000000000e+00,1.000000000000000000e+00,0.000000000000000000e+00,0.000000000000000000e+00
4.799999999999985612e+00,6.051511905542517056e-02,3.467260918607567355e+00,1.562656389214484853e-01,4.037751127475837052e+02,-9.996507763862609863e-01,2.080337107181549072e-01,-6.808967428335395145e-01,3.742880561267743489e-01,1.000000000000000000e+00,1.000000000000000000e+00,0.000000000000000000e+00,0.000000000000000000e+00
4.819999999999985185e+00,6.621032956562888927e-02,3.793572444280788325e+00,1.577541722565472815e-01,3.996814167359183898e+02,-9.987526535987854004e-01,1.705358773469924927e-01,-6.894271869626134031e-01,3.509578782151250853e-01,1.000000000000000000e+00,1.000000000000000000e+00,0.000000000000000000e+00,0.000000000000000000e+00
4.839999999999984759e+00,7.172209339801050021e-02,4.109373249549107321e+00,1.590922246411539120e-01,3.963064333403774526e+02,-9.920016527175903320e-01,1.326759606599807739e-01,-6.971077740764557440e-01,3.272453246880657196e-01,1.000000000000000000e+00,1.000000000000000000e+00,0.000000000000000000e+00,0.000000000000000000e+00
4.859999999999984333e+00,7.702614202428259560e-02,4.413272850166659822e+00,1.602796304655294268e-01,3.935236643355892738e+02,-9.793322086334228516e-01,9.437725692987442017e-02,-7.039093430582473720e-01,3.031794196632294214e-01,9.999999999999997780e-01,1.000000000000000000e+00,0.000000000000000000e+00,0.000000000000000000e+00
4.879999999999983906e+00,8.209842555524016205e-02,4.703893288984243526e+00,1.613161163949949906e-01,3.912073685895086328e+02,-9.606349468231201172e-01,5.556214973330497742e-02,-7.098068619822273106e-01,2.787801846155385510e-01,1.000000000000000000e+00,1.000000000000000000e+00,0.000000000000000000e+00,0.000000000000000000e+00
4.899999999999983480e+00,8.691520456294909991e-02,4.979874396973178463e+00,1.622012688197475572e-01,3.892389379146645751e+02,-9.357604980468750000e-01,1.615545898675918579e-02,-7.147781377389723634e-01,2.540591931225289479e-01,1.000000000000000000e+00,1.000000000000000000e+00,0.000000000000000000e+00,0.000000000000000000e+00
4.919999999999983054e+00,9.145316931365776725e-02,5.239880624767921269e+00,1.629345567527643313e-01,3.875128272718105222e+02,-9.045255780220031738e-01,-2.391345426440238953e-02,-7.188026464561753093e-01,2.290203021627313928e-01,1.000000000000000000e+00,1.000000000000000000e+00,0.000000000000000000e+00,0.000000000000000000e+00
4.939999999999982627e+00,9.568959357703477053e-02,5.482609855286242784e+00,1.635153895716388583e-01,3.859418800433754768e+02,-8.667218089103698730e-01,-6.470736861228942871e-02,-7.218605266892270667e-01,2.036605410404951078e-01,1.000000000000000000e+00,1.000000000000000000e+00,0.000000000000000000e+00,0.000000000000000000e+00
4.959999999999982201e+00,9.960252971632055363e-02,5.706804581571532253e+00,1.639431952364309719e-01,3.844625164117338727e+02,-8.221279382705688477e-01,-1.062781289219856262e-01,-7.239317759461307844e-01,1.779711500919528844e-01,1.000000000000000000e+00,1.000000000000000000e+00,0.000000000000000000e+00,0.000000000000000000e+00
4.979999999999981775e+00,1.031710508925240966e-01,5.911265784071055407e+00,1.642175016059127524e-01,3.830397278934678980e+02,-7.705259919166564941e-01,-1.486625224351882935e-01,-7.249956922379611202e-01,1.519387692383150357e-01,1.000000000000000000e+00,1.000000000000000000e+00,0.000000000000000000e+00,0.000000000000000000e+00
4.999999999999981348e+00,1.063755443712866011e-01,6.094869735881342621e+00,1.643380054141377888e-01,3.816717492150930298e+02,-7.117213606834411621e-01,-1.918784677982330322e-01,-7.250306031710741506e-01,1.255467789459727979e-01,9.999999999999997780e-01,1.000000000000000000e+00,0.000000000000000000e+00,0.000000000000000000e+00
5.019999999999980922e+00,1.091980584980793978e-01,6.256587882962622693e+00,1.643046084324320810e-01,3.803950318432621884e+02,-6.455686688423156738e-01,-2.359196245670318604e-01,-7.240139299194369160e-01,9.877680631672805522e-02,1.000000000000000000e+00,1.000000000000000000e+00,0.000000000000000000e+00,0.000000000000000000e+00
5.039999999999980496e+00,1.116227038619967971e-01,6.395509829131051482e+00,1.641173996827173798e-01,3.792892146216297533e+02,-5.720036029815673828e-01,-2.807499468326568604e-01,-7.219226405995076146e-01,7.161041705221526943e-02,1.000000000000000000e+00,1.000000000000000000e+00,0.000000000000000000e+00,0.000000000000000000e+00
5.059999999999980069e+00,1.136361049529233114e-01,6.510869214108176095e+00,1.637765570627736922e-01,3.784812892115771774e+02,-4.910801947116851807e-01,-3.262974321842193604e-01,-7.187341495204412345e-01,4.403101156010528344e-02,9.999999999999997780e-01,1.000000000000000000e+00,0.000000000000000000e+00,0.000000000000000000e+00
5.079999999999979643e+00,1.152278926119443270e-01,6.602071928851089844e+00,1.632821435630733009e-01,3.781481821237743475e+02,-4.030125737190246582e-01,-3.724480867385864258e-01,-7.144277138585978237e-01,1.602593672701108779e-02,1.000000000000000000e+00,1.000000000000000000e+00,0.000000000000000000e+00,0.000000000000000000e+00
5.099999999999979217e+00,1.163912203561201508e-01,6.668725698782838940e+00,1.626337764886886250e-01,3.785175607751446023e+02,-3.082209825515747070e-01,-4.190396964550018311e-01,-7.089863710318937695e-01,-1.241118594630723042e-02,1.000000000000000000e+00,1.000000000000000000e+00,0.000000000000000000e+00,0.000000000000000000e+00
5.119999999999978790e+00,1.171232774454660230e-01,6.710669480364988893e+00,1.618301691521224217e-01,3.798633048361410829e+02,-2.073751986026763916e-01,-4.658571779727935791e-01,-7.023994315021342416e-01,-4.127793978571684536e-02,1.000000000000000000e+00,1.000000000000000000e+00,0.000000000000000000e+00,0.000000000000000000e+00
5.139999999999978364e+00,1.174257590365908044e-01,6.728000398916840652e+00,1.608685757637658142e-01,3.824951886065532562e+02,-1.014318242669105530e-01,-5.126302242279052734e-01,-6.946654928655234817e-01,-7.056046743356940432e-02,1.000000000000000222e+00,1.000000000000000000e+00,0.000000000000000000e+00,0.000000000000000000e+00
5.159999999999977938e+00,1.173052419140674374e-01,6.721095276437190513e+00,1.597442226803595100e-01,3.867399476725904037e+02,8.343801833689212799e-03,-5.590342283248901367e-01,-6.857958716018534018e-01,-1.002308145675667450e-01,1.000000000000000222e+00,1.000000000000000000e+00,0.000000000000000000e+00,0.000000000000000000e+00
5.179999999999977511e+00,1.167734034054963566e-01,6.690623174513535609e+00,1.584498769545080454e-01,3.929125394536869749e+02,1.203802227973937988e-01,-6.046967506408691406e-01,-6.758182528015689305e-01,-1.302444429253128422e-01,1.000000000000000000e+00,1.000000000000000000e+00,0.000000000000000000e+00,0.000000000000000000e+00
5.199999999999977085e+00,1.158470174306223122e-01,6.637545167953140535e+00,1.569757583227844311e-01,4.012790439813282433e+02,2.328339517116546631e-01,-6.492089629173278809e-01,-6.647802545241644490e-01,-1.605381483345302840e-01,1.000000000000000000e+00,1.000000000000000000e+00,0.000000000000000000e+00,0.000000000000000000e+00
5.219999999999976659e+00,1.145476674948997520e-01,6.563097900525643347e+00,1.553100396843611619e-01,4.120129890864303093e+02,3.436620235443115234e-01,-6.921440362930297852e-01,-6.527525038464374596e-01,-1.910286670380352270e-01,1.000000000000000000e+00,1.000000000000000000e+00,0.000000000000000000e+00,0.000000000000000000e+00
5.239999999999976232e+00,1.129011373724249090e-01,6.468758673666676451e+00,1.534401259621099856e-01,4.251538861775498503e+02,4.507274031639099121e-01,-7.330794930458068848e-01,-6.398307665663963695e-01,-2.216122607528719646e-01,9.999999999999997780e-01,1.000000000000000000e+00,0.000000000000000000e+00,0.000000000000000000e+00
5.259999999999975806e+00,1.109364757222235376e-01,6.356191852938930076e+00,1.513547895305583368e-01,4.405734840008460083e+02,5.519322752952575684e-01,-7.716227769851684570e-01,-6.261366809516035747e-01,-2.521655250213569177e-01,1.000000000000000000e+00,1.000000000000000000e+00,0.000000000000000000e+00,0.000000000000000000e+00
5.279999999999975380e+00,1.086847769588246138e-01,6.227179017061344801e+00,1.490470022779492032e-01,4.579621643310642298e+02,6.453559994697570801e-01,-8.074361681938171387e-01,-6.118167508853933345e-01,-2.825475710996831480e-01,1.000000000000000000e+00,1.000000000000000000e+00,0.000000000000000000e+00,0.000000000000000000e+00
5.299999999999974953e+00,1.061777714152110086e-01,6.083538180196384815e+00,1.465170627768127287e-01,4.768402027641062091e+02,7.293785214424133301e-01,-8.402559757232666016e-01,-5.970394566600060182e-01,-3.126035597384478892e-01,1.000000000000000000e+00,1.000000000000000000e+00,0.000000000000000000e+00,0.000000000000000000e+00
5.319999999999974527e+00,1.034463567457573063e-01,5.927039647536567202e+00,1.437754302449407440e-01,4.965953376898759757e+02,8.027677536010742188e-01,-8.699050545692443848e-01,-5.819905997706262823e-01,-3.421693846138242900e-01,9.999999999999997780e-01,1.000000000000000000e+00,0.000000000000000000e+00,0.000000000000000000e+00
5.339999999999974101e+00,1.005192206432772295e-01,5.759327102804085108e+00,1.408446281713341408e-01,5.165418643170012274e+02,8.647173643112182617e-01,-8.962947726249694824e-01,-5.668672665024738766e-01,-3.710771309962174191e-01,1.000000000000000000e+00,1.000000000000000000e+00,0.000000000000000000e+00,0.000000000000000000e+00
5.359999999999973674e+00,9.742169550070212125e-02,5.581851985198873045e+00,1.377597426342831999e-01,5.359892899070075600e+02,9.148347973823547363e-01,-9.194179773330688477e-01,-5.518709993383645873e-01,-3.991608095548985213e-01,1.000000000000000000e+00,1.000000000000000000e+00,0.000000000000000000e+00,0.000000000000000000e+00
5.379999999999973248e+00,9.417494892781252958e-02,5.395827109423735557e+00,1.345673338082816750e-01,5.543085965845457395e+02,9.530867934226989746e-01,-9.393349289894104004e-01,-5.372008609432785686e-01,-4.262618381412368040e-01,1.000000000000000000e+00,1.000000000000000000e+00,0.000000000000000000e+00,0.000000000000000000e+00
5.399999999999972822e+00,9.079556127101851004e-02,5.202202459350832697e+00,1.313229359938803964e-01,5.709840651442053741e+02,9.797198176383972168e-01,-9.561547636985778809e-01,-5.230470442644548079e-01,-4.522337961317260402e-01,1.000000000000000000e+00,1.000000000000000000e+00,0.000000000000000000e+00,0.000000000000000000e+00
5.419999999999972395e+00,8.729548468215497792e-02,5.001662842836406497e+00,1.280876054993724811e-01,5.856439805187308139e+02,9.951727986335754395e-01,-9.700164794921875000e-01,-5.095855398046987839e-01,-4.769461027133760078e-01,1.000000000000000000e+00,1.000000000000000000e+00,0.000000000000000000e+00,0.000000000000000000e+00
5.439999999999971969e+00,8.368233129755164867e-02,4.794644403165227331e+00,1.249241051422572552e-01,5.980697843571405201e+02,9.999956488609313965e-01,-9.810712337493896484e-01,-4.969741708092518251e-01,-5.002864317497970337e-01,1.000000000000000000e+00,1.000000000000000000e+00,0.000000000000000000e+00,0.000000000000000000e+00
5.459999999999971543e+00,7.995990795949170504e-02,4.581365256333392644e+00,1.218933001969642743e-01,6.081859818677694420e+02,9.947839975357055664e-01,-9.894685149192810059e-01,-4.853500944816372953e-01,-5.221618407492253366e-01,1.000000000000000000e+00,1.000000000000000000e+00,0.000000000000000000e+00,0.000000000000000000e+00
5.479999999999971116e+00,7.612890397301841361e-02,4.361864896610679665e+00,1.190511886134392877e-01,6.160376451359513794e+02,9.801323413848876953e-01,-9.953460097312927246e-01,-4.748286868371470182e-01,-5.424987280386360800e-01,1.000000000000000000e+00,1.000000000000000000e+00,0.000000000000000000e+00,0.000000000000000000e+00
5.499999999999970690e+00,7.218764385193976452e-02,4.136047325709653499e+00,1.164468010618627397e-01,6.217606728522564481e+02,9.566069245338439941e-01,-9.988234043121337891e-01,-4.655036005728723225e-01,-5.612418210579934730e-01,1.000000000000000000e+00,1.000000000000000000e+00,0.000000000000000000e+00,0.000000000000000000e+00
5.519999999999970264e+00,6.813283289932225983e-02,3.903723771401249820e+00,1.141210092532432135e-01,6.255512640456977351e+02,9.247335791587829590e-01,-9.999993443489074707e-01,-4.574477174021777115e-01,-5.783524446071037772e-01,1.000000000000000000e+00,1.000000000000000000e+00,0.000000000000000000e+00,0.000000000000000000e+00
5.539999999999969837e+00,6.396024384654275252e-02,3.664652029034494163e+00,1.121061448830260737e-01,6.276374485473725144e+02,8.849980235099792480e-01,-9.989511966705322266e-01,-4.507147003924674156e-01,-5.938063277765907033e-01,1.000000000000000000e+00,1.000000000000000000e+00,0.000000000000000000e+00,0.000000000000000000e+00
5.559999999999969411e+00,5.966531331311530906e-02,3.418570636167229893e+00,1.104262438149871961e-01,6.282552253600465519e+02,8.378546833992004395e-01,-9.957361817359924316e-01,-4.453408696383678866e-01,-6.075911850425503857e-01,1.000000000000000000e+00,1.000000000000000000e+00,0.000000000000000000e+00,0.000000000000000000e+00
5.579999999999968985e+00,5.524363391024555980e-02,3.165227068022867574e+00,1.090977028841339513e-01,6.276300504770107409e+02,7.837404012680053711e-01,-9.903943538665771484e-01,-4.413471673275564666e-01,-6.197042741733677085e-01,1.000000000000000000e+00,1.000000000000000000e+00,0.000000000000000000e+00,0.000000000000000000e+00
5.599999999999968558e+00,5.069134057831492512e-02,2.904399872997694754e+00,1.081301468335408439e-01,6.259635575579691249e+02,7.230913639068603516e-01,-9.829518795013427734e-01,-4.387410294584563886e-01,-6.301500910407339395e-01,1.000000000000000222e+00,1.000000000000000000e+00,0.000000000000000000e+00,0.000000000000000000e+00
5.619999999999968132e+00,4.600539821145099850e-02,2.635915152334848077e+00,1.075273386254247954e-01,6.234256019384997671e+02,6.563596725463867188e-01,-9.734249114990234375e-01,-4.375180372410564233e-01,-6.389383146597262808e-01,1.000000000000000000e+00,1.000000000000000000e+00,0.000000000000000000e+00,0.000000000000000000e+00
5.639999999999967706e+00,4.118380152911527148e-02,2.359658011922731280e+00,1.072880152749386834e-01,6.201493570449576964e+02,5.840308666229248047e-01,-9.618238806724548340e-01,-4.376632683457329920e-01,-6.460820817160013441e-01,1.000000000000000000e+00,1.000000000000000000e+00,0.000000000000000000e+00,0.000000000000000000e+00
5.659999999999967280e+00,3.622569940994102566e-02,2.075579686099177312e+00,1.074065730721525946e-01,6.162303753680384943e+02,5.066384077072143555e-01,-9.481578469276428223e-01,-4.391523111099623899e-01,-6.515966380919343548e-01,1.000000000000000000e+00,1.000000000000000000e+00,0.000000000000000000e+00,0.000000000000000000e+00
5.679999999999966853e+00,3.113145564067831828e-02,1.783701018309607811e+00,1.078735721044304929e-01,6.117283037085803699e+02,4.247751533985137939e-01,-9.324387311935424805e-01,-4.419519454378650347e-01,-6.554983860297992626e-01,1.000000000000000000e+00,1.000000000000000000e+00,0.000000000000000000e+00,0.000000000000000000e+00
5.699999999999966427e+00,2.590265688536419475e-02,1.484112917706850610e+00,1.086760642210749389e-01,6.066705981433422039e+02,3.391013741493225098e-01,-9.146852493286132812e-01,-4.460205225274626040e-01,-6.578043214901390101e-01,1.000000000000000000e+00,1.000000000000000000e+00,0.000000000000000000e+00,0.000000000000000000e+00
5.719999999999966001e+00,2.054207677514652275e-02,1.176974301649604371e+00,1.097977751652649964e-01,6.010580161651793105e+02,2.503478527069091797e-01,-8.949269652366638184e-01,-4.513080992194920538e-01,-6.585318434993097103e-01,1.000000000000000000e+00,1.000000000000000000e+00,0.000000000000000000e+00,0.000000000000000000e+00
5.739999999999965574e+00,1.505360348530038195e-02,8.625079461711382400e-01,1.112191912372184760e-01,5.948715537954004731e+02,1.593138128519058228e-01,-8.732074499130249023e-01,-4.577564014832553041e-01,-6.576989013722099875e-01,1.000000000000000000e+00,1.000000000000000000e+00,0.000000000000000000e+00,0.000000000000000000e+00
5.759999999999965148e+00,9.442137015686746793e-03,5.409946005831010041e-01,1.129176128755964986e-01,5.880803699117748238e+02,6.685895472764968872e-02,-8.495872020721435547e-01,-4.652987045520493581e-01,-6.553244333186603043e-01,9.999999999999997780e-01,1.000000000000000000e+00,0.000000000000000000e+00,0.000000000000000000e+00
5.779999999999964722e+00,3.713462026723401976e-03,2.127657015133478657e-01,1.148672401187369740e-01,5.806501830737677210e+02,-2.610952593386173248e-02,-8.241453170776367188e-01,-4.738597223066097763e-01,-6.514290377818785505e-01,1.000000000000000222e+00,1.000000000000000000e+00,0.000000000000000000e+00,0.000000000000000000e+00
5.799999999999964295e+00,-2.125897421384248531e-03,-1.218049499230621641e-01,1.170393550257562976e-01,5.725525955361678143e+02,-1.186565905809402466e-01,-7.969803810119628906e-01,-4.833556015949584950e-01,-6.460358076051971876e-01,1.000000000000000000e+00,1.000000000000000000e+00,0.000000000000000000e+00,0.000000000000000000e+00
5.819999999999963869e+00,-8.068834234716160125e-03,-4.623101472399074319e-01,1.194026472097948904e-01,5.637732907759412910e+02,-2.098418623208999634e-01,-7.682104110717773438e-01,-4.936941088329834804e-01,-6.391712548028611884e-01,1.000000000000000000e+00,1.000000000000000000e+00,0.000000000000000000e+00,0.000000000000000000e+00
5.839999999999963443e+00,-1.410781713591457986e-02,-8.083183800302463640e-01,1.219237142663561896e-01,5.543200265108462190e+02,-2.987456321716308594e-01,-7.379710078239440918e-01,-5.047750795078126407e-01,-6.308662423733559788e-01,1.000000000000000000e+00,1.000000000000000000e+00,0.000000000000000000e+00,0.000000000000000000e+00
5.859999999999963016e+00,-2.023504202686998710e-02,-1.159382506409497138e+00,1.245677397585429474e-01,5.442288659534606268e+02,-3.844955861568450928e-01,-7.064126729965209961e-01,-5.164911808929778525e-01,-6.211568374798516201e-01,1.000000000000000000e+00,1.000000000000000000e+00,0.000000000000000000e+00,0.000000000000000000e+00
5.879999999999962590e+00,-2.644256518856691329e-02,-1.515047384804435904e+00,1.272993260847189168e-01,5.335685931685361538e+02,-4.662928581237792969e-01,-6.736968755722045898e-01,-5.287290112736433567e-01,-6.100850068402212667e-01,1.000000000000000000e+00,1.000000000000000000e+00,0.000000000000000000e+00,0.000000000000000000e+00
5.899999999999962164e+00,-3.272240757245237219e-02,-1.874855849408446407e+00,1.300834250465738862e-01,5.224416575210891551e+02,-5.434333086013793945e-01,-6.399912238121032715e-01,-5.413705237928662095e-01,-5.976990820469677557e-01,1.000000000000000000e+00,1.000000000000000000e+00,0.000000000000000000e+00,0.000000000000000000e+00
5.919999999999961737e+00,-3.906662034501406922e-02,-2.238352465609222186e+00,1.328862991508350244e-01,5.109829797621790135e+02,-6.153250336647033691e-01,-6.054638624191284180e-01,-5.542947319101196868e-01,-5.840539348240784134e-01,1.000000000000000000e+00,1.000000000000000000e+00,0.000000000000000000e+00,0.000000000000000000e+00
5.939999999999961311e+00,-4.546730418380606764e-02,-2.605084635569598017e+00,1.356764245887248921e-01,4.993547518338746727e+02,-6.814978718757629395e-01,-5.702778100967407227e-01,-5.673796237333020853e-01,-5.692108224882651557e-01,1.000000000000000000e+00,1.000000000000000000e+00,0.000000000000000000e+00,0.000000000000000000e+00
5.959999999999960885e+00,-5.191657816303107964e-02,-2.974600815502733031e+00,1.384252586085567283e-01,4.877389429188715440e+02,-7.416063547134399414e-01,-5.345851778984069824e-01,-5.805041880220911388e-01,-5.532368857155809394e-01,1.000000000000000000e+00,1.000000000000000000e+00,0.000000000000000000e+00,0.000000000000000000e+00
5.979999999999960458e+00,-5.840649834230227100e-02,-3.346445851151758966e+00,1.411078031609940830e-01,4.763272971740100274e+02,-7.954251766204833984e-01,-4.985222816467285156e-01,-5.935504425021123076e-01,-5.362043077272115044e-01,1.000000000000000000e+00,1.000000000000000000e+00,0.000000000000000000e+00,0.000000000000000000e+00
5.999999999999960032e+00,-6.492893088901707799e-02,-3.720153708237282864e+00,1.437029215718363118e-01,4.653097494528165612e+02,-8.428375124931335449e-01,-4.622054100036621094e-01,-6.064053490986923700e-01,-5.181891697688665310e-01,1.000000000000000000e+00,1.000000000000000000e+00,0.000000000000000000e+00,0.000000000000000000e+00
6.019999999999959606e+00,-7.147538859427626790e-02,-4.095238105509531934e+00,1.461934019969919618e-01,4.548631986377887415e+02,-8.838191032409667969e-01,-4.257276058197021484e-01,-6.189625102840811133e-01,-4.992700557074873924e-01,1.000000000000000000e+00,1.000000000000000000e+00,0.000000000000000000e+00,0.000000000000000000e+00
6.039999999999959179e+00,-7.803684348280270910e-02,-4.471181778087578884e+00,1.485657826389607250e-01,4.451405844663487414e+02,-9.184179902076721191e-01,-3.891570270061492920e-01,-6.311235581062740740e-01,-4.795264796497563653e-01,1.000000000000000000e+00,1.000000000000000000e+00,0.000000000000000000e+00,0.000000000000000000e+00
6.059999999999958753e+00,-8.460353079708449187e-02,-4.847425246578023206e+00,1.508099867118060655e-01,4.362623384488013016e+02,-9.467331767082214355e-01,-3.525364995002746582e-01,-6.427991717526178039e-01,-4.590372235156046088e-01,9.999999999999997780e-01,1.000000000000000000e+00,0.000000000000000000e+00,0.000000000000000000e+00
6.079999999999958327e+00,-9.116476039156617972e-02,-5.223356010758156032e+00,1.529188276022226955e-01,4.283104430601879358e+02,-9.688931703567504883e-01,-3.158842027187347412e-01,-6.539096896102418732e-01,-4.378786724867115843e-01,1.000000000000000222e+00,1.000000000000000000e+00,0.000000000000000000e+00,0.000000000000000000e+00
6.099999999999957900e+00,-9.770875119529032204e-02,-5.598299064983972784e+00,1.548874500846365021e-01,4.213255890639699146e+02,-9.850360155105590820e-01,-2.791955769062042236e-01,-6.643853105808140702e-01,-4.161232344793706073e-01,1.000000000000000000e+00,1.000000000000000000e+00,0.000000000000000000e+00,0.000000000000000000e+00
6.119999999999957474e+00,-1.042225025806833294e-01,-5.971509528164485658e+00,1.567127703348645817e-01,4.153076447294559443e+02,-9.952920675277709961e-01,-2.424459755420684814e-01,-6.741659070388886787e-01,-3.938379208842781587e-01,1.000000000000000000e+00,1.000000000000000000e+00,0.000000000000000000e+00,0.000000000000000000e+00
6.139999999999957048e+00,-1.106917135456644274e-01,-6.342168013237657220e+00,1.583929643290613032e-01,4.102190326721222959e+02,-9.997701048851013184e-01,-2.055939882993698120e-01,-6.832004947965412134e-01,-3.710831512746465277e-01,9.999999999999997780e-01,1.000000000000000000e+00,0.000000000000000000e+00,0.000000000000000000e+00
6.159999999999956621e+00,-1.171007570829747380e-01,-6.709379158641133323e+00,1.599270383254418615e-01,4.059905105754426700e+02,-9.985471367835998535e-01,-1.685850918292999268e-01,-6.914464220422841256e-01,-3.479118279727880236e-01,1.000000000000000000e+00,1.000000000000000000e+00,0.000000000000000000e+00,0.000000000000000000e+00
6.179999999999956195e+00,-1.234327131931469701e-01,-7.072173519816076670e+00,1.613144977708537708e-01,4.025285758229986186e+02,-9.916617870330810547e-01,-1.313553452491760254e-01,-6.988683489111426894e-01,-3.243687064365869399e-01,9.999999999999997780e-01,1.000000000000000000e+00,0.000000000000000000e+00,0.000000000000000000e+00
6.199999999999955769e+00,-1.296694605229982145e-01,-7.429512819706038051e+00,1.625551161864278726e-01,3.997239241819636391e+02,-9.791114926338195801e-01,-9.383539110422134399e-02,-7.054370938940843772e-01,-3.004900733749833464e-01,1.000000000000000000e+00,1.000000000000000000e+00,0.000000000000000000e+00,0.000000000000000000e+00
6.219999999999955342e+00,-1.357918232052823804e-01,-7.780298362049315131e+00,1.636487944909215675e-01,3.974600572730968793e+02,-9.608526825904846191e-01,-5.595392361283302307e-02,-7.111284219226684522e-01,-2.763037272086797391e-01,1.000000000000000000e+00,1.000000000000000000e+00,0.000000000000000000e+00,0.000000000000000000e+00
6.239999999999954916e+00,-1.417797668088809360e-01,-8.123382258497869657e+00,1.645954942071360949e-01,3.956218259902734076e+02,-9.368044734001159668e-01,-1.764138042926788330e-02,-7.159218449914490634e-01,-2.518292443556801596e-01,1.000000000000000000e+00,1.000000000000000000e+00,0.000000000000000000e+00,0.000000000000000000e+00
6.259999999999954490e+00,-1.476126354558982001e-01,-8.457581014426141408e+00,1.653952243728166460e-01,3.941031718997527946e+02,-9.068549871444702148e-01,2.116672135889530182e-02,-7.197994998867649485e-01,-2.270785089114641109e-01,1.000000000000000000e+00,1.000000000000000000e+00,0.000000000000000000e+00,0.000000000000000000e+00
6.279999999999954063e+00,-1.532694206991438435e-01,-8.781690934476001686e+00,1.660480615254482650e-01,3.928138451441071197e+02,-8.708701729774475098e-01,6.052662804722785950e-02,-7.227451584850264066e-01,-2.020564760211903399e-01,1.000000000000000000e+00,1.000000000000000000e+00,0.000000000000000000e+00,0.000000000000000000e+00
6.299999999999953637e+00,-1.587290522397371006e-01,-9.094504779448502774e+00,1.665541838488247550e-01,3.916854896720080319e+02,-8.287060260772705078e-01,1.004828885197639465e-01,-7.247434205793193973e-01,-1.767621431595101378e-01,9.999999999999997780e-01,1.000000000000000000e+00,0.000000000000000000e+00,0.000000000000000000e+00
6.319999999999953211e+00,-1.639706999675647481e-01,-9.394829071947365051e+00,1.669139021890857777e-01,3.906763526946106140e+02,-7.802229523658752441e-01,1.410654485225677490e-01,-7.257791324229906360e-01,-1.511897016532845472e-01,1.000000000000000000e+00,1.000000000000000000e+00,0.000000000000000000e+00,0.000000000000000000e+00
6.339999999999952784e+00,-1.689740767807732524e-01,-9.681501446657827969e+00,1.671276715576024696e-01,3.897751922404549987e+02,-7.253033518791198730e-01,1.822862476110458374e-01,-7.258370681524327628e-01,-1.253298441222145398e-01,9.999999999999997780e-01,1.000000000000000000e+00,0.000000000000000000e+00,0.000000000000000000e+00
6.359999999999952358e+00,-1.737197318016256986e-01,-9.953407450377740773e+00,1.671960690860996024e-01,3.890041251647817830e+02,-6.638719439506530762e-01,2.241360545158386230e-01,-7.249019074076152869e-01,-9.917120882284140293e-02,1.000000000000000000e+00,1.000000000000000000e+00,0.000000000000000000e+00,0.000000000000000000e+00
6.379999999999951932e+00,-1.781893238694687298e-01,-1.020949621201029700e+01,1.671197243559700563e-01,3.884205227923413872e+02,-5.959190726280212402e-01,2.665808796882629395e-01,-7.229585382490404388e-01,-7.270194627865170234e-02,1.000000000000000000e+00,1.000000000000000000e+00,0.000000000000000000e+00,0.000000000000000000e+00
6.399999999999951505e+00,-1.823658650510364687e-01,-1.044879439467671034e+01,1.668991923890188467e-01,3.881174944611180990e+02,-5.215260386466979980e-01,3.095591664314270020e-01,-7.199927084003728828e-01,-4.591138936853117469e-02,1.000000000000000000e+00,1.000000000000000000e+00,0.000000000000000000e+00,0.000000000000000000e+00
6.419999999999951079e+00,-1.862339245173130209e-01,-1.067041787699998245e+01,1.665347616645240780e-01,3.882225398305058093e+02,-4.408914148807525635e-01,3.529787063598632812e-01,-7.159920372627817109e-01,-1.879180587692016319e-02,1.000000000000000000e+00,1.000000000000000000e+00,0.000000000000000000e+00,0.000000000000000000e+00
6.439999999999950653e+00,-1.897797841477268932e-01,-1.087358066856851657e+01,1.660261971554933824e-01,3.888950742972494368e+02,-3.543588817119598389e-01,3.967140913009643555e-01,-7.109473924896517749e-01,8.659786899179539033e-03,1.000000000000000000e+00,1.000000000000000000e+00,0.000000000000000000e+00,0.000000000000000000e+00
6.459999999999950226e+00,-1.929915381724689460e-01,-1.105760061902039126e+01,1.653724360418680761e-01,3.903199756920034815e+02,-2.624407112598419189e-01,4.406056702136993408e-01,-7.048546124184055239e-01,3.643978542262027442e-02,1.000000000000000000e+00,1.000000000000000000e+00,0.000000000000000000e+00,0.000000000000000000e+00
6.479999999999949800e+00,-1.958591316431030904e-01,-1.122190162224699961e+01,1.645712662052448982e-01,3.926988880254597802e+02,-1.658375412225723267e-01,4.844593107700347900e-01,-6.977165274026874142e-01,6.453619459108293765e-02,1.000000000000000000e+00,1.000000000000000000e+00,0.000000000000000000e+00,0.000000000000000000e+00
6.499999999999949374e+00,-1.983743358475926755e-01,-1.136601220777781229e+01,1.636190438796871482e-01,3.962378363652345001e+02,-6.544961035251617432e-02,5.280480980873107910e-01,-6.895452026065866935e-01,9.292692105972041872e-02,1.000000000000000000e+00,1.000000000000000000e+00,0.000000000000000000e+00,0.000000000000000000e+00
6.519999999999948948e+00,-2.005306630337106988e-01,-1.148956065479169553e+01,1.625105281547356839e-01,4.011316048840254780e+02,3.762334212660789490e-02,5.711159706115722656e-01,-6.803642853985923944e-01,1.215782516021631093e-01,1.000000000000000000e+00,1.000000000000000000e+00,0.000000000000000000e+00,0.000000000000000000e+00
6.539999999999948521e+00,-2.023232274654591656e-01,-1.159226703123614932e+01,1.612389302677744163e-01,4.075451809756743842e+02,1.420969963073730469e-01,6.133841872215270996e-01,-6.702112997068153666e-01,1.504436238623853839e-01,1.000000000000000000e+00,1.000000000000000000e+00,0.000000000000000000e+00,0.000000000000000000e+00
6.559999999999948095e+00,-2.037485656556996538e-01,-1.167393289391574562e+01,1.597962690206568837e-01,4.155946673534043612e+02,2.465324550867080688e-01,6.545588374137878418e-01,-6.591396973848909768e-01,1.794627950376517234e-01,1.000000000000000000e+00,1.000000000000000000e+00,0.000000000000000000e+00,0.000000000000000000e+00
6.579999999999947669e+00,-2.048044323942685985e-01,-1.173442960176398842e+01,1.581741115682506749e-01,4.253290361702208315e+02,3.493819534778594971e-01,6.943414211273193359e-01,-6.472204586024210560e-01,2.085615150128242723e-01,1.000000000000000000e+00,1.000000000000000000e+00,0.000000000000000000e+00,0.000000000000000000e+00
6.599999999999947242e+00,-2.054895917160970420e-01,-1.177368633919880381e+01,1.563647218925839077e-01,4.367157289546609036e+02,4.490475058555603027e-01,7.324394583702087402e-01,-6.345430348365929119e-01,2.376517920907267600e-01,1.000000000000000000e+00,1.000000000000000000e+00,0.000000000000000000e+00,0.000000000000000000e+00
6.619999999999946816e+00,-2.058036217624836794e-01,-1.179167893549705504e+01,1.543625699140823704e-01,4.496327881705262826e+02,5.439471602439880371e-01,7.685780525207519531e-01,-6.212154596475494284e-01,2.666328029497336272e-01,1.000000000000000000e+00,1.000000000000000000e+00,0.000000000000000000e+00,0.000000000000000000e+00
6.639999999999946390e+00,-2.057467489730022692e-01,-1.178842036469063537e+01,1.521660638902993246e-01,4.638696526766890997e+02,6.325821876525878906e-01,8.025097846984863281e-01,-6.073635141168928220e-01,2.953924500357579253e-01,1.000000000000000000e+00,1.000000000000000000e+00,0.000000000000000000e+00,0.000000000000000000e+00
6.659999999999945963e+00,-2.053197212495745383e-01,-1.176395347840314543e+01,1.497793052570964845e-01,4.791362709777268378e+02,7.135998010635375977e-01,8.340233564376831055e-01,-5.931289133838115735e-01,3.238095139955448065e-01,1.000000000000000000e+00,1.000000000000000000e+00,0.000000000000000000e+00,0.000000000000000000e+00
6.679999999999945537e+00,-2.045237218933189105e-01,-1.171834607479456736e+01,1.472136089831765915e-01,4.950811352371215435e+02,7.858430147171020508e-01,8.629492521286010742e-01,-5.786665753764083098e-01,3.517562964861754016e-01,1.000000000000000000e+00,1.000000000000000000e+00,0.000000000000000000e+00,0.000000000000000000e+00
6.699999999999945111e+00,-2.033603187747021757e-01,-1.165168798622547186e+01,1.444885425027645220e-01,5.113154472430550754e+02,8.483838438987731934e-01,8.891622424125671387e-01,-5.641411284495464473e-01,3.791015963470047434e-01,1.000000000000000000e+00,1.000000000000000000e+00,0.000000000000000000e+00,0.000000000000000000e+00
6.719999999999944684e+00,-2.018314375791319115e-01,-1.156408954634238029e+01,1.416322963624842834e-01,5.274398894719195141e+02,9.005385637283325195e-01,9.125808477401733398e-01,-5.497228877103352840e-01,4.057138317318413900e-01,1.000000000000000000e+00,1.000000000000000000e+00,0.000000000000000000e+00,0.000000000000000000e+00
6.739999999999944258e+00,-1.999393450407875861e-01,-1.145568062944705545e+01,1.386812909718799780e-01,5.430712553361329356e+02,9.418644905090332031e-01,9.331640601158142090e-01,-5.355835763264393812e-01,4.314641115222628831e-01,1.000000000000000000e+00,1.000000000000000000e+00,0.000000000000000000e+00,0.000000000000000000e+00
6.759999999999943832e+00,-1.976866285601484030e-01,-1.132660948266686596e+01,1.356790443034785187e-01,5.578653093824743792e+02,9.721421003341674805e-01,9.509059190750122070e-01,-5.218920799547728251e-01,4.562290700974808155e-01,1.000000000000000000e+00,1.000000000000000000e+00,0.000000000000000000e+00,0.000000000000000000e+00
6.779999999999943405e+00,-1.950761623199892547e-01,-1.117704078454436178e+01,1.326744294752723596e-01,5.715341099334571027e+02,9.913462996482849121e-01,9.658283591270446777e-01,-5.088104989630949371e-01,4.798933043706332668e-01,1.000000000000000000e+00,1.000000000000000000e+00,0.000000000000000000e+00,0.000000000000000000e+00
6.799999999999942979e+00,-1.921110549372340159e-01,-1.100715264570940555e+01,1.297195345611016903e-01,5.838562540217510559e+02,9.996122717857360840e-01,9.779738783836364746e-01,-4.964907118206822179e-01,5.023512974296638900e-01,1.000000000000000000e+00,1.000000000000000000e+00,0.000000000000000000e+00,0.000000000000000000e+00
6.819999999999942553e+00,-1.887945786955995686e-01,-1.081713255420834230e+01,1.268673669071296861e-01,5.946805547562054244e+02,9.971997141838073730e-01,9.873984456062316895e-01,-4.850715953836607919e-01,5.235087691267052978e-01,1.000000000000000000e+00,1.000000000000000000e+00,0.000000000000000000e+00,0.000000000000000000e+00
6.839999999999942126e+00,-1.851300858267834748e-01,-1.060717257876939357e+01,1.241696366221544112e-01,6.039237460309497010e+02,9.844600558280944824e-01,9.941642284393310547e-01,-4.746769733531197577e-01,5.432834328229529941e-01,1.000000000000000000e+00,1.000000000000000000e+00,0.000000000000000000e+00,0.000000000000000000e+00
6.859999999999941700e+00,-1.811209200051266954e-01,-1.037746429782036017e+01,1.216748160109540067e-01,6.115630590152651394e+02,9.618092775344848633e-01,9.983346462249755859e-01,-4.654142915790769330e-01,5.616051904580903198e-01,1.000000000000000000e+00,1.000000000000000000e+00,0.000000000000000000e+00,0.000000000000000000e+00
6.879999999999941274e+00,-1.767703323394860249e-01,-1.012819398617747702e+01,1.194265955269421392e-01,6.176261273896831199e+02,9.297071099281311035e-01,9.999698996543884277e-01,-4.573739608439124082e-01,5.784158367665629408e-01,1.000000000000000000e+00,1.000000000000000000e+00,0.000000000000000000e+00,0.000000000000000000e+00
6.899999999999940847e+00,-1.720814115865767491e-01,-9.859538616564471170e+00,1.174627944726746587e-01,6.221785962988074061e+02,8.886445760726928711e-01,9.991240501403808594e-01,-4.506292626933299239e-01,5.936683603709234092e-01,1.000000000000000000e+00,1.000000000000000000e+00,0.000000000000000000e+00,0.000000000000000000e+00
6.919999999999940421e+00,-1.670570363536194591e-01,-9.571663121025958176e+00,1.158147144687544927e-01,6.253113666871425949e+02,8.391382098197937012e-01,9.958441257476806641e-01,-4.452366869451712117e-01,6.073259552996559396e-01,1.000000000000000000e+00,1.000000000000000000e+00,0.000000000000000000e+00,0.000000000000000000e+00
6.939999999999939995e+00,-1.616998553837092345e-01,-9.264719261362301950e+00,1.145068735379441149e-01,6.271284653316045024e+02,7.817307114601135254e-01,9.901698231697082520e-01,-4.412365609761477181e-01,6.193608576235368757e-01,1.000000000000000000e+00,1.000000000000000000e+00,0.000000000000000000e+00,0.000000000000000000e+00
6.959999999999939568e+00,-1.560123002468469799e-01,-8.938846356272144078e+00,1.135570320157298363e-01,6.277356223298838813e+02,7.169973254203796387e-01,9.821350574493408203e-01,-4.386538325986671927e-01,6.297531189017873121e-01,1.000000000000000000e+00,1.000000000000000000e+00,0.000000000000000000e+00,0.000000000000000000e+00
6.979999999999939142e+00,-1.499966324713368770e-01,-8.594173981782562421e+00,1.129764053592391543e-01,6.272316735875115228e+02,6.455537676811218262e-01,9.717702865600585938e-01,-4.374988887423906792e-01,6.384894227229928054e-01,1.000000000000000000e+00,1.000000000000000000e+00,0.000000000000000000e+00,0.000000000000000000e+00
6.999999999999938716e+00,-1.436550260790121492e-01,-8.230826700169171062e+00,1.127699722461741327e-01,6.257008793321692792e+02,5.680679082870483398e-01,9.591057896614074707e-01,-4.377683141359961505e-01,6.455620341856157518e-01,1.000000000000000000e+00,1.000000000000000000e+00,0.000000000000000000e+00,0.000000000000000000e+00
7.019999999999938289e+00,-1.369896852976841828e-01,-7.848930804382647786e+00,1.129367999179312076e-01,6.232095073263358245e+02,4.852677881717681885e-01,9.441753625869750977e-01,-4.394455289043944224e-01,6.509679535300445519e-01,1.000000000000000000e+00,1.000000000000000000e+00,0.000000000000000000e+00,0.000000000000000000e+00
7.039999999999937863e+00,-1.300029964199223009e-01,-7.448623018915898619e+00,1.134703427824647615e-01,6.198036362711068250e+02,3.979495763778686523e-01,9.270204901695251465e-01,-4.425012781341085000e-01,6.547083252767242900e-01,1.000000000000000000e+00,1.000000000000000000e+00,0.000000000000000000e+00,0.000000000000000000e+00
7.059999999999937437e+00,-1.226977120436112401e-01,-7.030061056010414866e+00,1.143586972672770569e-01,6.155107442085688945e+02,3.069794476032257080e-01,9.076943397521972656e-01,-4.468939790111586263e-01,6.567881318241941546e-01,1.000000000000000000e+00,1.000000000000000000e+00,0.000000000000000000e+00,0.000000000000000000e+00
7.079999999999937010e+00,-1.150771646435493345e-01,-6.593435852407475650e+00,1.155848297061986274e-01,6.103436446638119151e+02,2.132899463176727295e-01,8.862650990486145020e-01,-4.525699671913123168e-01,6.572161716065560988e-01,1.000000000000000222e+00,1.000000000000000000e+00,0.000000000000000000e+00,0.000000000000000000e+00
7.099999999999936584e+00,-1.071455046211950979e-01,-6.138985208593937593e+00,1.171268154120291421e-01,6.043061310536473911e+02,1.178701892495155334e-01,8.628190755844116211e-01,-4.594637073305205544e-01,6.560053025641131574e-01,9.999999999999997780e-01,1.000000000000000000e+00,0.000000000000000000e+00,0.000000000000000000e+00
7.119999999999936158e+00,-9.890795582318379076e-02,-5.667008428934825481e+00,1.189581465557370682e-01,5.974012627451269282e+02,2.174759842455387115e-02,8.374619483947753906e-01,-4.674980549834990007e-01,6.531729040841000034e-01,1.000000000000000000e+00,1.000000000000000000e+00,0.000000000000000000e+00,0.000000000000000000e+00
7.139999999999935731e+00,-9.037107947019240584e-02,-5.177881443683384433e+00,1.210481591469378809e-01,5.896386821095095456e+02,-7.403365522623062134e-02,8.103194236755371094e-01,-4.765846594564745464e-01,6.487414916866612868e-01,1.000000000000000000e+00,1.000000000000000000e+00,0.000000000000000000e+00,0.000000000000000000e+00
7.159999999999935305e+00,-8.154303527790185413e-02,-4.672071770110157729e+00,1.233626334134543950e-01,5.810441701927046552e+02,-1.684423983097076416e-01,7.815353274345397949e-01,-4.866245969768421831e-01,6.427393975437724061e-01,1.000000000000000000e+00,1.000000000000000000e+00,0.000000000000000000e+00,0.000000000000000000e+00
7.179999999999934879e+00,-7.243382669050424383e-02,-4.150152563347949020e+00,1.258645796231886438e-01,5.716657363551212256e+02,-2.604890167713165283e-01,7.512694597244262695e-01,-4.975093048603968504e-01,6.352014259710813127e-01,1.000000000000000222e+00,1.000000000000000000e+00,0.000000000000000000e+00,0.000000000000000000e+00
7.199999999999934452e+00,-6.305551712177637214e-02,-3.612815006092686243e+00,1.285152061407066892e-01,5.615793305159244255e+02,-3.492553830146789551e-01,7.196926474571228027e-01,-5.091218551720474439e-01,6.261693868876776481e-01,1.000000000000000000e+00,1.000000000000000000e+00,0.000000000000000000e+00,0.000000000000000000e+00
7.219999999999934026e+00,-5.342240450337110147e-02,-3.060878309483846760e+00,1.312750221784165783e-01,5.508910512993974180e+02,-4.339209496974945068e-01,6.869819164276123047e-01,-5.213385744383890463e-01,6.156924176187441589e-01,1.000000000000000222e+00,1.000000000000000000e+00,0.000000000000000000e+00,0.000000000000000000e+00
7.239999999999933600e+00,-4.355114369505574956e-02,-2.495296726694479439e+00,1.341049977298577611e-01,5.397357032384690001e+02,-5.137817263603210449e-01,6.533145308494567871e-01,-5.340309703249980222e-01,6.038270273067697369e-01,1.000000000000000000e+00,1.000000000000000000e+00,0.000000000000000000e+00,0.000000000000000000e+00
7.259999999999933173e+00,-3.346081014986701518e-02,-1.917163200675887635e+00,1.369676974750841103e-01,5.282732740888717444e+02,-5.882636904716491699e-01,6.188616752624511719e-01,-5.470678928236846206e-01,5.906368124391970786e-01,1.000000000000000000e+00,1.000000000000000000e+00,0.000000000000000000e+00,0.000000000000000000e+00
7.279999999999932747e+00,-2.317290224369417118e-02,-1.327709497632911795e+00,1.398282867080975211e-01,5.166813503604430480e+02,-6.569262146949768066e-01,5.837830901145935059e-01,-5.603178281241292247e-01,5.761918276417967721e-01,1.000000000000000222e+00,1.000000000000000000e+00,0.000000000000000000e+00,0.000000000000000000e+00
7.299999999999932321e+00,-1.271128461442705415e-02,-7.283029605962481057e-01,1.426553321249503237e-01,5.051459391869169053e+02,-7.194579839706420898e-01,5.482220649719238281e-01,-5.736512027305677996e-01,5.605676270644250891e-01,1.000000000000000000e+00,1.000000000000000000e+00,0.000000000000000000e+00,0.000000000000000000e+00
7.319999999999931894e+00,-2.102079151048652506e-03,-1.204402635575308605e-01,1.454213446930119891e-01,4.938513305646732761e+02,-7.756663560867309570e-01,5.123015642166137695e-01,-5.869425751524389723e-01,5.438440151871364314e-01,1.000000000000000000e+00,1.000000000000000000e+00,0.000000000000000000e+00,0.000000000000000000e+00
7.339999999999931468e+00,8.626486244077913312e-03,4.942612538133258071e-01,1.481030396094380197e-01,4.829694531003430598e+02,-8.254605531692504883e-01,4.761214554309844971e-01,-6.000726001207818960e-01,5.261035683046230149e-01,1.000000000000000000e+00,1.000000000000000000e+00,0.000000000000000000e+00,0.000000000000000000e+00
7.359999999999931042e+00,1.944425933275750751e-02,1.114073995524867300e+00,1.506813256877743146e-01,4.726504741652735220e+02,-8.688319921493530273e-01,4.397574067115783691e-01,-6.129296703563148485e-01,5.074300075951012623e-01,1.000000000000000000e+00,1.000000000000000000e+00,0.000000000000000000e+00,0.000000000000000000e+00
7.379999999999930616e+00,3.031936338564555911e-02,1.737171559520969133e+00,1.531410645865486919e-01,4.630152406863239207e+02,-9.058328270912170410e-01,4.032603204250335693e-01,-6.254111696598159131e-01,4.879065073790908036e-01,9.999999999999997780e-01,1.000000000000000000e+00,0.000000000000000000e+00,0.000000000000000000e+00
7.399999999999930189e+00,4.121840397912457377e-02,2.361640586269076802e+00,1.554706560150407868e-01,4.541500301504276536e+02,-9.365546703338623047e-01,3.666572570800781250e-01,-6.374243014508073069e-01,4.676140207766716350e-01,1.000000000000000000e+00,1.000000000000000000e+00,0.000000000000000000e+00,0.000000000000000000e+00
7.419999999999929763e+00,5.210667394478329939e-02,2.985492501500375262e+00,1.576615139622992989e-01,4.461038344877928807e+02,-9.611083269119262695e-01,3.299529850482940674e-01,-6.488864862447861759e-01,4.466297009704729981e-01,1.000000000000000000e+00,1.000000000000000000e+00,0.000000000000000000e+00,0.000000000000000000e+00
7.439999999999929337e+00,6.294835068379134313e-02,3.606674821490693628e+00,1.597074996827770044e-01,4.388885451083046974e+02,-9.796062707901000977e-01,2.931323051452636719e-01,-6.597253489966503626e-01,4.250254835797562247e-01,9.999999999999997780e-01,1.000000000000000000e+00,0.000000000000000000e+00,0.000000000000000000e+00
7.459999999999928910e+00,7.370668308697281290e-02,4.223081862791827845e+00,1.616043662450086793e-01,4.324813694365602146e+02,-9.921475648880004883e-01,2.561624348163604736e-01,-6.698783386671421924e-01,4.028668778103694503e-01,1.000000000000000000e+00,1.000000000000000000e+00,0.000000000000000000e+00,0.000000000000000000e+00
7.479999999999928484e+00,8.434416866223770626e-02,4.832564890885799436e+00,1.633492547781055237e-01,4.268291894023453210e+02,-9.988059997558593750e-01,2.189963310956954956e-01,-6.792920369180834861e-01,3.802120036261569247e-01,1.000000000000000000e+00,1.000000000000000000e+00,0.000000000000000000e+00,0.000000000000000000e+00
7.499999999999928058e+00,9.482272374279920868e-02,5.432941872397339722e+00,1.649402721035747588e-01,4.218545304263354865e+02,-9.996212720870971680e-01,1.815752089023590088e-01,-6.879212222559477619e-01,3.571108920317992430e-01,1.000000000000000000e+00,1.000000000000000000e+00,0.000000000000000000e+00,0.000000000000000000e+00
7.519999999999927631e+00,1.051038518267524147e-01,6.022007120241281264e+00,1.663761597557686933e-01,4.174623761827873523e+02,-9.945933818817138672e-01,1.438320279121398926e-01,-6.957277601428439873e-01,3.336050545201899031e-01,9.999999999999997780e-01,1.000000000000000000e+00,0.000000000000000000e+00,0.000000000000000000e+00
7.539999999999927205e+00,1.151488163157474709e-01,6.597541190819483425e+00,1.676560563584295893e-01,4.135472973758210173e+02,-9.836794137954711914e-01,1.056941524147987366e-01,-7.026793880128262559e-01,3.097273171506877976e-01,1.000000000000000000e+00,1.000000000000000000e+00,0.000000000000000000e+00,0.000000000000000000e+00
7.559999999999926779e+00,1.249188246025303428e-01,7.157321431459982009e+00,1.687793457444693723e-01,4.100008703438441557e+02,-9.667936563491821289e-01,6.708658486604690552e-02,-7.087484614913885927e-01,2.855019056830510049e-01,1.000000000000000000e+00,1.000000000000000000e+00,0.000000000000000000e+00,0.000000000000000000e+00
7.579999999999926352e+00,1.343752308477221824e-01,7.699133598670628409e+00,1.697455769717256535e-01,4.067184755610998081e+02,-9.438096880912780762e-01,2.793486416339874268e-02,-7.139107225232976806e-01,2.609447664639530928e-01,1.000000000000000000e+00,1.000000000000000000e+00,0.000000000000000000e+00,0.000000000000000000e+00
7.599999999999925926e+00,1.434797643034206871e-01,8.220784940117811246e+00,1.705544423075763816e-01,4.036059979247643241e+02,-9.145656824111938477e-01,-1.183199044317007065e-02,-7.181441445296208315e-01,2.360641020222633002e-01,1.000000000000000000e+00,1.000000000000000000e+00,0.000000000000000000e+00,0.000000000000000000e+00
7.619999999999925500e+00,1.521947900906730489e-01,8.720119136075048516e+00,1.712057956608597498e-01,4.005858673682911899e+02,-8.788723945617675781e-01,-5.227811634540557861e-02,-7.214279058744992312e-01,2.108611058425501894e-01,1.000000000000000000e+00,1.000000000000000000e+00,0.000000000000000000e+00,0.000000000000000000e+00
7.639999999999925073e+00,1.604836085263650070e-01,9.195033449590427566e+00,1.716996964203203191e-01,3.976027065914748277e+02,-8.365243673324584961e-01,-9.345758706331253052e-02,-7.237415388683612338e-01,1.853308821127462591e-01,1.000000000000000000e+00,1.000000000000000000e+00,0.000000000000000000e+00,0.000000000000000000e+00
7.659999999999924647e+00,1.683107987789806970e-01,9.643498416511244287e+00,1.720364615685666121e-01,3.946287923364595827e+02,-7.873152494430541992e-01,-1.354101896286010742e-01,-7.250643014464308589e-01,1.594635456090580383e-01,1.000000000000000000e+00,1.000000000000000000e+00,0.000000000000000000e+00,0.000000000000000000e+00
7.679999999999924221e+00,1.756426109597293284e-01,1.006358031065074776e+01,1.722167102802920347e-01,3.916689658200998565e+02,-7.310568094253540039e-01,-1.781576871871948242e-01,-7.253748181735567568e-01,1.332454973624027095e-01,1.000000000000000000e+00,1.000000000000000000e+00,0.000000000000000000e+00,0.000000000000000000e+00
7.699999999999923794e+00,1.824474094458610196e-01,1.045346654434310629e+01,1.722413802837270691e-01,3.887656851820727866e+02,-6.676035523414611816e-01,-2.216984927654266357e-01,-7.246510400957323350e-01,1.066608816909201951e-01,1.000000000000000000e+00,1.000000000000000000e+00,0.000000000000000000e+00,0.000000000000000000e+00
7.719999999999923368e+00,1.886961678508325413e-01,1.081149402814487459e+01,1.721116953356580659e-01,3.860035146459226780e+02,-5.968822240829467773e-01,-2.660025954246520996e-01,-7.228705761802851626e-01,7.969323634258786149e-02,1.000000000000000000e+00,1.000000000000000000e+00,0.000000000000000000e+00,0.000000000000000000e+00
7.739999999999922942e+00,1.943630116586869683e-01,1.113618026149477735e+01,1.718290583973477725e-01,3.835130351787453833e+02,-5.189268589019775391e-01,-3.110057413578033447e-01,-7.200114496042484546e-01,5.232734370454397710e-02,1.000000000000000000e+00,1.000000000000000000e+00,0.000000000000000000e+00,0.000000000000000000e+00
7.759999999999922515e+00,1.994257988782135449e-01,1.142625660174642377e+01,1.713948460787761696e-01,3.814731587336090683e+02,-4.339180290699005127e-01,-3.566037714481353760e-01,-7.160533283943261162e-01,2.455128788469952694e-02,1.000000000000000000e+00,1.000000000000000000e+00,0.000000000000000000e+00,0.000000000000000000e+00
7.779999999999922089e+00,2.038667212309559496e-01,1.168070270970387092e+01,1.708100843478824460e-01,3.801109789107115375e+02,-3.422247171401977539e-01,-4.026470482349395752e-01,-7.109792673346663205e-01,-3.641288654021580719e-03,1.000000000000000000e+00,1.000000000000000000e+00,0.000000000000000000e+00,0.000000000000000000e+00
7.799999999999921663e+00,2.076728983189131128e-01,1.189878059292320955e+01,1.700750018594262836e-01,3.796977833969915537e+02,-2.444456219673156738e-01,-4.489363729953765869e-01,-7.047779743904870609e-01,-3.224875893779886177e-02,1.000000000000000000e+00,1.000000000000000000e+00,0.000000000000000000e+00,0.000000000000000000e+00
7.819999999999921236e+00,2.108369251788499987e-01,1.208006597826362416e+01,1.691884865475317135e-01,3.805387874147983212e+02,-1.414434611797332764e-01,-4.952207803726196289e-01,-6.974465702968574154e-01,-6.125898053140509808e-02,1.000000000000000000e+00,1.000000000000000000e+00,0.000000000000000000e+00,0.000000000000000000e+00
7.839999999999920810e+00,2.133573211081460919e-01,1.222447402771424407e+01,1.681475175941540001e-01,3.829554141738917679e+02,-3.436597436666488647e-02,-5.411989688873291016e-01,-6.889937445146946393e-01,-9.064677137774487803e-02,1.000000000000000000e+00,1.000000000000000000e+00,0.000000000000000000e+00,0.000000000000000000e+00
7.859999999999920384e+00,2.152388182809641393e-01,1.233227587488251409e+01,1.669466974712447982e-01,3.872597261125739578e+02,7.535320520401000977e-02,-5.865244269371032715e-01,-6.794431322190055411e-01,-1.203715513617677063e-01,9.999999999999997780e-01,1.000000000000000000e+00,0.000000000000000000e+00,0.000000000000000000e+00
7.879999999999919957e+00,2.164924237682646080e-01,1.240410217847927221e+01,1.655780714158194833e-01,3.937201780992286331e+02,1.860230863094329834e-01,-6.308165788650512695e-01,-6.688366433199979255e-01,-1.503753642037015115e-01,9.999999999999997780e-01,1.000000000000000000e+00,0.000000000000000000e+00,0.000000000000000000e+00
7.899999999999919531e+00,2.171351943772070747e-01,1.244093022156672923e+01,1.640314412331617677e-01,4.025230655909049915e+02,2.957552969455718994e-01,-6.736760139465332031e-01,-6.572373894401735139e-01,-1.805815257445928523e-01,1.000000000000000000e+00,1.000000000000000000e+00,0.000000000000000000e+00,0.000000000000000000e+00
7.919999999999919105e+00,2.171896820654293236e-01,1.244405213613728911e+01,1.622953645455127991e-01,4.137337189836402445e+02,4.025562405586242676e-01,-7.147051692008972168e-01,-6.447318016552100461e-01,-2.108941537096546137e-01,1.000000000000000000e+00,1.000000000000000000e+00,0.000000000000000000e+00,0.000000000000000000e+00
7.939999999999918678e+00,2.166830399532226892e-01,1.241502368138425538e+01,1.603589178705989993e-01,4.272660751755803403e+02,5.044417977333068848e-01,-7.535307407379150391e-01,-6.314305371442655579e-01,-2.411988007225408237e-01,1.000000000000000000e+00,1.000000000000000000e+00,0.000000000000000000e+00,0.000000000000000000e+00
7.959999999999918252e+00,2.156458231719677876e-01,1.235559553737820515e+01,1.582141296726929103e-01,4.428677391817559510e+02,5.995609760284423828e-01,-7.898257374763488770e-01,-6.174678572281658839e-01,-2.713643171470669913e-01,1.000000000000000000e+00,1.000000000000000000e+00,0.000000000000000000e+00,0.000000000000000000e+00
7.979999999999917826e+00,2.141105653597166203e-01,1.226763174427172487e+01,1.558587757762694426e-01,4.601266707822222770e+02,6.863095760345458984e-01,-8.233280181884765625e-01,-6.029993207838993952e-01,-3.012459412176360929e-01,1.000000000000000000e+00,1.000000000000000000e+00,0.000000000000000000e+00,0.000000000000000000e+00
7.999999999999917399e+00,2.121102514589510157e-01,1.215302220005650469e+01,1.532990534017489304e-01,4.785009951386905982e+02,7.634162902832031250e-01,-8.538520932197570801e-01,-5.881978551413195033e-01,-3.306894540622313805e-01,1.000000000000000000e+00,1.000000000000000000e+00,0.000000000000000000e+00,0.000000000000000000e+00
8.019999999999917861e+00,2.096768292938659961e-01,1.201359738022354762e+01,1.505515838905694403e-01,4.973685198288566198e+02,8.299878835678100586e-01,-8.812931180000305176e-01,-5.732484988670445425e-01,-3.595360876905442926e-01,1.000000000000000000e+00,1.000000000000000000e+00,0.000000000000000000e+00,0.000000000000000000e+00
8.039999999999917435e+00,2.068398997541214257e-01,1.185105329082019132e+01,1.476442868451623980e-01,5.160868809743896009e+02,8.855108618736267090e-01,-9.056223034858703613e-01,-5.583423006637932007e-01,-3.876277630136955588e-01,1.000000000000000000e+00,1.000000000000000000e+00,0.000000000000000000e+00,0.000000000000000000e+00
8.059999999999917009e+00,2.036256976419177356e-01,1.166689307528888619e+01,1.446158968208217654e-01,5.340534289944765760e+02,9.298148751258850098e-01,-9.268761873245239258e-01,-5.436699608183435117e-01,-4.148121961073303887e-01,1.000000000000000000e+00,1.000000000000000000e+00,0.000000000000000000e+00,0.000000000000000000e+00
8.079999999999916582e+00,2.000564303134604316e-01,1.146238912141434696e+01,1.415141771549797423e-01,5.507554226189723749e+02,9.630091190338134766e-01,-9.451410174369812012e-01,-5.294158022499670935e-01,-4.409474416456462542e-01,1.000000000000000000e+00,1.000000000000000000e+00,0.000000000000000000e+00,0.000000000000000000e+00
8.099999999999916156e+00,1.961499895910869817e-01,1.123856655510431324e+01,1.383931545620103454e-01,5.658030504086777910e+02,9.854070544242858887e-01,-9.605360627174377441e-01,-5.157525621290645068e-01,-4.659055374161756857e-01,1.000000000000000000e+00,1.000000000000000000e+00,0.000000000000000000e+00,0.000000000000000000e+00
8.119999999999915730e+00,1.919200054729595095e-01,1.099620631772824098e+01,1.353098500970832951e-01,5.789434056382771132e+02,9.974523186683654785e-01,-9.731974005699157715e-01,-5.028373339068937797e-01,-4.895750484962789195e-01,1.000000000000000000e+00,1.000000000000000000e+00,0.000000000000000000e+00,0.000000000000000000e+00
8.139999999999915303e+00,1.873761767319592764e-01,1.073586410803868496e+01,1.323210078532876255e-01,5.900572792959468416e+02,9.996546506881713867e-01,-9.832642674446105957e-01,-4.908088091482371018e-01,-5.118624487885768959e-01,9.999999999999997780e-01,1.000000000000000000e+00,0.000000000000000000e+00,0.000000000000000000e+00
8.159999999999914877e+00,1.825247963562994791e-01,1.045790048770078684e+01,1.294802388070400712e-01,5.991428200160383994e+02,9.925411939620971680e-01,-9.908686280250549316e-01,-4.797858025669732296e-01,-5.326924033490402222e-01,1.000000000000000000e+00,1.000000000000000000e+00,0.000000000000000000e+00,0.000000000000000000e+00
8.179999999999914451e+00,1.773693882852565018e-01,1.016251736356234403e+01,1.268358461773234358e-01,6.062913424862080092e+02,9.766242504119873047e-01,-9.961280822753906250e-01,-4.698669152557615192e-01,-5.520071056413342614e-01,1.000000000000000222e+00,1.000000000000000000e+00,0.000000000000000000e+00,0.000000000000000000e+00
8.199999999999914024e+00,1.719113818685986672e-01,9.849796631332527141e+00,1.244294347224593339e-01,6.116601589199393629e+02,9.523839950561523438e-01,-9.991418123245239258e-01,-4.611311114810473510e-01,-5.697648772084459301e-01,1.000000000000000000e+00,1.000000000000000000e+00,0.000000000000000000e+00,0.000000000000000000e+00
8.219999999999913598e+00,1.661507668429273998e-01,9.519737702961917236e+00,1.222952672417957493e-01,6.154464403066752993e+02,9.202627539634704590e-01,-9.999890923500061035e-01,-4.536389528421943540e-01,-5.859382571531318584e-01,1.000000000000000000e+00,1.000000000000000000e+00,0.000000000000000000e+00,0.000000000000000000e+00
8.239999999999913172e+00,1.600866898628003909e-01,9.172291685358201718e+00,1.204602422027864772e-01,6.178637636743645771e+02,8.806692361831665039e-01,-9.987295866012573242e-01,-4.474342349011779518e-01,-6.005118000633704600e-01,1.000000000000000222e+00,1.000000000000000000e+00,0.000000000000000000e+00,0.000000000000000000e+00
8.259999999999912745e+00,1.537179703738038583e-01,8.807390937735986469e+00,1.189443165088192866e-01,6.191231165626096526e+02,8.339888453483581543e-01,-9.954051375389099121e-01,-4.425457968408966769e-01,-6.134797759924445204e-01,1.000000000000000000e+00,1.000000000000000000e+00,0.000000000000000000e+00,0.000000000000000000e+00
8.279999999999912319e+00,1.470435272016388240e-01,8.424973513371021738e+00,1.177611909888001129e-01,6.194191139664368393e+02,7.805967330932617188e-01,-9.900423884391784668e-01,-4.389893199431756932e-01,-6.248439317242222568e-01,1.000000000000000000e+00,1.000000000000000000e+00,0.000000000000000000e+00,0.000000000000000000e+00
8.299999999999911893e+00,1.400627168275132561e-01,8.025002541352485252e+00,1.169191016197731470e-01,6.189197823566006491e+02,7.208741903305053711e-01,-9.826560616493225098e-01,-4.367689741809973047e-01,-6.346114350454779007e-01,1.000000000000000000e+00,1.000000000000000000e+00,0.000000000000000000e+00,0.000000000000000000e+00
8.319999999999911466e+00,1.327755903073524202e-01,7.607480946969414681e+00,1.164215878575742130e-01,6.177606128599140902e+02,6.552249193191528320e-01,-9.732525348663330078e-01,-4.358788150057453237e-01,-6.427930882983948768e-01,1.000000000000000000e+00,1.000000000000000000e+00,0.000000000000000000e+00,0.000000000000000000e+00
8.339999999999911040e+00,1.251830787718559712e-01,7.172462080081076330e+00,1.162681517413084037e-01,6.160420157880535044e+02,5.840900540351867676e-01,-9.618338346481323242e-01,-4.363038770587850390e-01,-6.494018685127798118e-01,1.000000000000000000e+00,1.000000000000000000e+00,0.000000000000000000e+00,0.000000000000000000e+00
8.359999999999910614e+00,1.172871182356503006e-01,6.720056866154636488e+00,1.164547592574673301e-01,6.138290535900545137e+02,5.079621076583862305e-01,-9.484016895294189453e-01,-4.380209457068250378e-01,-6.544518270061103760e-01,1.000000000000000000e+00,1.000000000000000000e+00,0.000000000000000000e+00,0.000000000000000000e+00
8.379999999999910187e+00,1.090907243841217067e-01,6.250438091235070992e+00,1.169741679943180762e-01,6.111538731926929131e+02,4.273955225944519043e-01,-9.329610466957092285e-01,-4.409990174815868191e-01,-6.579573527451569870e-01,1.000000000000000000e+00,1.000000000000000000e+00,0.000000000000000000e+00,0.000000000000000000e+00
8.399999999999909761e+00,1.005980262989134566e-01,5.763842334273802770e+00,1.178160932504067754e-01,6.080192033082081480e+02,3.430142700672149658e-01,-9.155244231224060059e-01,-4.451994852388310164e-01,-6.599327948717681469e-01,1.000000000000000000e+00,1.000000000000000000e+00,0.000000000000000000e+00,0.000000000000000000e+00
8.419999999999909335e+00,9.181426663747727090e-02,5.260569977416247767e+00,1.189672449741297905e-01,6.044037943633718442e+02,2.555147111415863037e-01,-8.961152434349060059e-01,-4.505761035387052527e-01,-6.603924260382527667e-01,1.000000000000000000e+00,1.000000000000000000e+00,0.000000000000000000e+00,0.000000000000000000e+00
8.439999999999908908e+00,8.274577484667311467e-02,4.740983671254135778e+00,1.204112850848992888e-01,6.002688882970221584e+02,1.656634360551834106e-01,-8.747710585594177246e-01,-4.570748067892365096e-01,-6.593507107108148579e-01,1.000000000000000000e+00,1.000000000000000000e+00,0.000000000000000000e+00,0.000000000000000000e+00
8.459999999999908482e+00,7.339991911025345317e-02,4.205505581619159550e+00,1.221287633975668974e-01,5.955654742994487378e+02,7.429008185863494873e-02,-8.515459299087524414e-01,-4.646334624931452439e-01,-6.568228328795568949e-01,1.000000000000000000e+00,1.000000000000000000e+00,0.000000000000000000e+00,0.000000000000000000e+00
8.479999999999908056e+00,6.378504214881397516e-02,3.654613711191108116e+00,1.240970944663965236e-01,5.902422936863076757e+02,-1.772597245872020721e-02,-8.265127539634704590e-01,-4.731816491763398691e-01,-6.528254344216097849e-01,1.000000000000000000e+00,1.000000000000000000e+00,0.000000000000000000e+00,0.000000000000000000e+00
8.499999999999907629e+00,5.391038681402449129e-02,3.088837636361327910e+00,1.262906347866080692e-01,5.842541603100115708e+02,-1.094734072685241699e-01,-7.997634410858154297e-01,-4.826405484527377943e-01,-6.473774975550389277e-01,1.000000000000000000e+00,1.000000000000000000e+00,0.000000000000000000e+00,0.000000000000000000e+00
8.519999999999907203e+00,4.378601800477133210e-02,2.508754033357230906e+00,1.286809075212879683e-01,5.775698950893844312e+02,-2.000313848257064819e-01,-7.714092135429382324e-01,-4.929230336765467735e-01,-6.405013004586750380e-01,1.000000000000000000e+00,1.000000000000000000e+00,0.000000000000000000e+00,0.000000000000000000e+00
8.539999999999906777e+00,3.342274844222403729e-02,1.914982425466884131e+00,1.312370070669617306e-01,5.701798707049008499e+02,-2.884948253631591797e-01,-7.415786385536193848e-01,-5.039340251436611462e-01,-6.322233696085018950e-01,1.000000000000000000e+00,1.000000000000000000e+00,0.000000000000000000e+00,0.000000000000000000e+00
8.559999999999906350e+00,2.283207666713282791e-02,1.308181630545834029e+00,1.339261870828318268e-01,5.621016880093344525e+02,-3.740004003047943115e-01,-7.104154229164123535e-01,-5.155711598376708782e-01,-6.225753504543704020e-01,1.000000000000000000e+00,1.000000000000000000e+00,0.000000000000000000e+00,0.000000000000000000e+00
8.579999999999905924e+00,1.202614599194529177e-02,6.890474091466360917e-01,1.367146138932932575e-01,5.533842758382239708e+02,-4.557516872882843018e-01,-6.780743002891540527e-01,-5.277257969115378700e-01,-6.115947206278631310e-01,1.000000000000000000e+00,1.000000000000000000e+00,0.000000000000000000e+00,0.000000000000000000e+00
8.599999999999905498e+00,1.017732928769721212e-03,5.831180148999346585e-02,1.395682376057071072e-01,5.441092257846662505e+02,-5.330410599708557129e-01,-6.447164416313171387e-01,-5.402843498155649460e-01,-5.993252737151039122e-01,1.000000000000000000e+00,1.000000000000000000e+00,0.000000000000000000e+00,0.000000000000000000e+00
8.619999999999905071e+00,-1.017972806578937295e-02,-5.832554547606039197e-01,1.424537161379500205e-01,5.343895539555434198e+02,-6.052671074867248535e-01,-6.105041503906250000e-01,-5.531299057743648273e-01,-5.858173190008232334e-01,9.999999999999997780e-01,1.000000000000000000e+00,0.000000000000000000e+00,0.000000000000000000e+00
8.639999999999904645e+00,-2.155207918871582251e-02,-1.234843177245152024e+00,1.453393101416223798e-01,5.243649983217420640e+02,-6.719447970390319824e-01,-5.755952596664428711e-01,-5.661440625786304803e-01,-5.711275585874648897e-01,1.000000000000000000e+00,1.000000000000000000e+00,0.000000000000000000e+00,0.000000000000000000e+00
8.659999999999904219e+00,-3.308433249266595766e-02,-1.895592619837294102e+00,1.481956711442164454e-01,5.141948024069104122e+02,-7.327088117599487305e-01,-5.401377081871032715e-01,-5.792088882021386720e-01,-5.553186256126445564e-01,1.000000000000000000e+00,1.000000000000000000e+00,0.000000000000000000e+00,0.000000000000000000e+00
8.679999999999903793e+00,-4.476052517434236933e-02,-2.564589181278891239e+00,1.509964596523476754e-01,5.040487486286766625e+02,-7.873106002807617188e-01,-5.042647719383239746e-01,-5.922088982710186356e-01,-5.384582937520404622e-01,1.000000000000000000e+00,1.000000000000000000e+00,0.000000000000000000e+00,0.000000000000000000e+00
8.699999999999903366e+00,-5.656354453156575701e-02,-3.240852375959005105e+00,1.537187438456464605e-01,4.940961566120120096e+02,-8.356074690818786621e-01,-4.680906236171722412e-01,-6.050329391561571901e-01,-5.206183866968555618e-01,1.000000000000000000e+00,1.000000000000000000e+00,0.000000000000000000e+00,0.000000000000000000e+00
8.719999999999902940e+00,-6.847493434934825984e-02,-3.923324740653045151e+00,1.563431675310929247e-01,4.844955011205144046e+02,-8.775483369827270508e-01,-4.317077696323394775e-01,-6.175758729698910265e-01,-5.018734432445980387e-01,1.000000000000000000e+00,1.000000000000000000e+00,0.000000000000000000e+00,0.000000000000000000e+00
8.739999999999902514e+00,-8.047469737776236087e-02,-4.610860517338296383e+00,1.588538951987644166e-01,4.753841915357554626e+02,-9.131544828414916992e-01,-3.951849341392517090e-01,-6.297399771399398993e-01,-4.822992089676424454e-01,1.000000000000000000e+00,1.000000000000000000e+00,0.000000000000000000e+00,0.000000000000000000e+00
8.759999999999902087e+00,-9.254111002802511976e-02,-5.302215036061618925e+00,1.612383723707214167e-01,4.668705834717921448e+02,-9.424993395805358887e-01,-3.585665822029113770e-01,-6.414359930408739530e-01,-4.619710326315240589e-01,1.000000000000000000e+00,1.000000000000000000e+00,0.000000000000000000e+00,0.000000000000000000e+00
8.779999999999901661e+00,-1.046505657189666927e-01,-5.996035739353247074e+00,1.634869531993257685e-01,4.590284994230030975e+02,-9.656881093978881836e-01,-3.218735158443450928e-01,-6.525837881876782598e-01,-4.409622536488759792e-01,1.000000000000000000e+00,1.000000000000000000e+00,0.000000000000000000e+00,0.000000000000000000e+00
8.799999999999901235e+00,-1.167774618676320486e-01,-6.690855707265224162e+00,1.655924526733054680e-01,4.518945198784290369e+02,-9.828383326530456543e-01,-2.851044237613677979e-01,-6.631126233404954773e-01,-4.193426619178653447e-01,9.999999999999997780e-01,1.000000000000000000e+00,0.000000000000000000e+00,0.000000000000000000e+00
8.819999999999900808e+00,-1.288941429426873064e-01,-7.385090394571927952e+00,1.675496795468763844e-01,4.454683237176118951e+02,-9.940628409385681152e-01,-2.482383102178573608e-01,-6.729610415742894869e-01,-3.971771032179947647e-01,1.000000000000000000e+00,1.000000000000000000e+00,0.000000000000000000e+00,0.000000000000000000e+00
8.839999999999900382e+00,-1.409709083682910702e-01,-8.077038083628536924e+00,1.693549978599493688e-01,4.397160018652114104e+02,-9.994561076164245605e-01,-2.112374305725097656e-01,-6.820764199834901120e-01,-3.745242900819330534e-01,1.000000000000000000e+00,1.000000000000000000e+00,0.000000000000000000e+00,0.000000000000000000e+00
8.859999999999899956e+00,-1.529760900379764088e-01,-8.764884325589324732e+00,1.710059477478754197e-01,4.345753179035261837e+02,-9.990835189819335938e-01,-1.740505993366241455e-01,-6.904142404429075563e-01,-3.514358615645992723e-01,1.000000000000000000e+00,1.000000000000000000e+00,0.000000000000000000e+00,0.000000000000000000e+00
8.879999999999899529e+00,-1.648762003635839690e-01,-9.446710422986690503e+00,1.725009435938640590e-01,4.299626803434002227e+02,-9.929742813110351562e-01,-1.366168409585952759e-01,-6.979371454643246153e-01,-3.279557210401872758e-01,1.000000000000000000e+00,1.000000000000000000e+00,0.000000000000000000e+00,0.000000000000000000e+00
8.899999999999899103e+00,-1.766361479559437342e-01,-1.012050578732393902e+01,1.738390546285324134e-01,4.257811307249416473e+02,-9.811177849769592285e-01,-9.886888414621353149e-02,-7.046138508366249775e-01,-3.041196641783360244e-01,1.000000000000000222e+00,1.000000000000000000e+00,0.000000000000000000e+00,0.000000000000000000e+00
8.919999999999898677e+00,-1.882195148516969674e-01,-1.078418382300215228e+01,1.750198617769465059e-01,4.219286674855764545e+02,-9.634633064270019531e-01,-6.073672324419021606e-02,-7.104179873225799913e-01,-2.799552948526990992e-01,1.000000000000000000e+00,1.000000000000000000e+00,0.000000000000000000e+00,0.000000000000000000e+00
8.939999999999898250e+00,-1.995888872486997201e-01,-1.143560087706294759e+01,1.760433768812472988e-01,4.183062549281807492e+02,-9.399226307868957520e-01,-2.215135842561721802e-02,-7.153269401035686759e-01,-2.554822209280220302e-01,1.000000000000000000e+00,1.000000000000000000e+00,0.000000000000000000e+00,0.000000000000000000e+00
8.959999999999897824e+00,-2.107062296604502727e-01,-1.207257767665804593e+01,1.769100096212285755e-01,4.148254531022157607e+02,-9.103757739067077637e-01,1.695217750966548920e-02,-7.193207494340270181e-01,-2.307125084995773623e-01,1.000000000000000000e+00,1.000000000000000000e+00,0.000000000000000000e+00,0.000000000000000000e+00
8.979999999999897398e+00,-2.215332917512200517e-01,-1.269292263898524276e+01,1.776205624319717180e-01,4.114151338236536048e+02,-8.746796250343322754e-01,5.663106963038444519e-02,-7.223811303082854351e-01,-2.056513729369114918e-01,1.000000000000000000e+00,1.000000000000000000e+00,0.000000000000000000e+00,0.000000000000000000e+00
8.999999999999896971e+00,-2.320320370627366735e-01,-1.329445643551790646e+01,1.781762371138079781e-01,4.080276182353607624e+02,-8.326800465583801270e-01,9.693120419979095459e-02,-7.244906644148462194e-01,-1.802980893419143527e-01,1.000000000000000000e+00,1.000000000000000000e+00,0.000000000000000000e+00,0.000000000000000000e+00
9.019999999999896545e+00,-2.421650822766827638e-01,-1.387503715989225483e+01,1.785786354781273011e-01,4.046433867569623999e+02,-7.842262387275695801e-01,1.378839015960693359e-01,-7.256322106517144599e-01,-1.546470979937595858e-01,1.000000000000000000e+00,1.000000000000000000e+00,0.000000000000000000e+00,0.000000000000000000e+00
9.039999999999896119e+00,-2.518961358841305120e-01,-1.443258546181456659e+01,1.788297376357353419e-01,4.012754364111793848e+02,-7.291893362998962402e-01,1.795021146535873413e-01,-7.257885770952293703e-01,-1.286892858774096593e-01,1.000000000000000000e+00,1.000000000000000000e+00,0.000000000000000000e+00,0.000000000000000000e+00
9.059999999999895692e+00,-2.611904253021934963e-01,-1.496510901904267676e+01,1.789318412834519645e-01,3.979725471043494167e+02,-6.674842238426208496e-01,2.217766344547271729e-01,-7.249424958104493388e-01,-1.024134314857879646e-01,1.000000000000000000e+00,1.000000000000000000e+00,0.000000000000000000e+00,0.000000000000000000e+00
9.079999999999895266e+00,-2.700151015224183659e-01,-1.547072572203102148e+01,1.788874454059131147e-01,3.948213343744604913e+02,-5.990943908691406250e-01,2.646720707416534424e-01,-7.230769362550926171e-01,-7.580780162852052140e-02,1.000000000000000000e+00,1.000000000000000000e+00,0.000000000000000000e+00,0.000000000000000000e+00
9.099999999999894840e+00,-2.783396098884893810e-01,-1.594768491792823539e+01,1.786990644471962986e-01,3.919472361360463424e+02,-5.241000056266784668e-01,3.081232011318206787e-01,-7.201757881447707899e-01,-4.886188559557650551e-02,9.999999999999997780e-01,1.000000000000000000e+00,0.000000000000000000e+00,0.000000000000000000e+00
9.119999999999894413e+00,-2.861360151585148337e-01,-1.639438603527424831e+01,1.783689630382921665e-01,3.895133409284405275e+02,-4.427071809768676758e-01,3.520316779613494873e-01,-7.162249346243236836e-01,-2.156824399545499704e-02,1.000000000000000000e+00,1.000000000000000000e+00,0.000000000000000000e+00,0.000000000000000000e+00
9.139999999999893987e+00,-2.933792696867811856e-01,-1.680939394968293144e+01,1.778988081114202535e-01,3.877174666340211502e+02,-3.552783727645874023e-01,3.962626755237579346e-01,-7.112137235651062594e-01,6.075549811161070138e-03,1.000000000000000000e+00,1.000000000000000000e+00,0.000000000000000000e+00,0.000000000000000000e+00
9.159999999999893561e+00,-3.000474136604731612e-01,-1.719145045656107484e+01,1.772892578314864132e-01,3.867851620438402165e+02,-2.623586654663085938e-01,4.406438469886779785e-01,-7.051368195756231305e-01,3.406492121596486899e-02,1.000000000000000000e+00,1.000000000000000000e+00,0.000000000000000000e+00,0.000000000000000000e+00
9.179999999999893134e+00,-3.061216979083356549e-01,-1.753948130752639400e+01,1.765395229987669623e-01,3.869595016529937084e+02,-1.646969467401504517e-01,4.849650859832763672e-01,-6.979963858330913151e-01,6.238632553842268086e-02,1.000000000000000000e+00,1.000000000000000000e+00,0.000000000000000000e+00,0.000000000000000000e+00
9.199999999999892708e+00,-3.115866231902715278e-01,-1.785259846153565988e+01,1.756469691476295614e-01,3.884865694059370753e+02,-6.325704604387283325e-02,5.289806723594665527e-01,-6.898045062920121762e-01,9.101538084059375422e-02,1.000000000000000222e+00,1.000000000000000000e+00,0.000000000000000000e+00,0.000000000000000000e+00
9.219999999999892282e+00,-3.164298941219407801e-01,-1.813009744495870379e+01,1.746068561783813977e-01,3.915968603045738519e+02,4.078501462936401367e-02,5.724139213562011719e-01,-6.805857108940365219e-01,1.199152102876817061e-01,1.000000000000000000e+00,1.000000000000000000e+00,0.000000000000000000e+00,0.000000000000000000e+00
9.239999999999891855e+00,-3.206422912144706316e-01,-1.837145001999384419e+01,1.734123401865848291e-01,3.964826497673196855e+02,1.460625678300857544e-01,6.149654388427734375e-01,-6.703794133937175381e-01,1.490351306069796766e-01,9.999999999999997780e-01,1.000000000000000000e+00,0.000000000000000000e+00,0.000000000000000000e+00
9.259999999999891429e+00,-3.242174714131622615e-01,-1.857629275637761523e+01,1.720548448494894633e-01,4.032759401396678527e+02,2.510559260845184326e-01,6.563224792480468750e-01,-6.592420372996264932e-01,1.783098190432301222e-01,1.000000000000000000e+00,1.000000000000000000e+00,0.000000000000000000e+00,0.000000000000000000e+00
9.279999999999891003e+00,-3.271517131471965989e-01,-1.874441242380893158e+01,1.705249017047748006e-01,4.120267150889278582e+02,3.541497290134429932e-01,6.961718201637268066e-01,-6.472485860648081735e-01,2.076590868099940090e-01,1.000000000000000000e+00,1.000000000000000000e+00,0.000000000000000000e+00,0.000000000000000000e+00
9.299999999999890576e+00,-3.294436259253670229e-01,-1.887572935301020038e+01,1.688134715339651704e-01,4.226875780242785368e+02,4.537020921707153320e-01,7.342126369476318359e-01,-6.344934232018375475e-01,2.369883626599745552e-01,1.000000000000000000e+00,1.000000000000000000e+00,0.000000000000000000e+00,0.000000000000000000e+00
9.319999999999890150e+00,-3.310938463290584721e-01,-1.897028001740809700e+01,1.669136817598897982e-01,4.351056773949428020e+02,5.481224060058593750e-01,7.701699137687683105e-01,-6.210900730123625202e-01,2.661899392814465193e-01,1.000000000000000222e+00,1.000000000000000000e+00,0.000000000000000000e+00,0.000000000000000000e+00
9.339999999999889724e+00,-3.321047401654282361e-01,-1.902819996776787193e+01,1.648227865315033402e-01,4.490269034796131677e+02,6.359449028968811035e-01,8.038054704666137695e-01,-6.071699369769776311e-01,2.951449692998743268e-01,1.000000000000000000e+00,1.000000000000000000e+00,0.000000000000000000e+00,0.000000000000000000e+00
9.359999999999889297e+00,-3.324801252723035283e-01,-1.904970795008389217e+01,1.625440906347167536e-01,4.641103439295059729e+02,7.158929109573364258e-01,8.349267840385437012e-01,-5.928799309990120392e-01,3.237261247462985270e-01,1.000000000000000000e+00,1.000000000000000000e+00,0.000000000000000000e+00,0.000000000000000000e+00
9.379999999999888871e+00,-3.322250229023024914e-01,-1.903509166093904881e+01,1.600885285575047168e-01,4.799527983206944555e+02,7.869250774383544922e-01,8.633914589881896973e-01,-5.783791627276838598e-01,3.518007634055798638e-01,1.000000000000000000e+00,1.000000000000000000e+00,0.000000000000000000e+00,0.000000000000000000e+00
9.399999999999888445e+00,-3.313454383463683151e-01,-1.898469517815913221e+01,1.574756242988868127e-01,4.961197611588302721e+02,8.482593894004821777e-01,8.891084194183349609e-01,-5.638348768952662349e-01,3.792343935055421111e-01,1.000000000000000000e+00,1.000000000000000000e+00,0.000000000000000000e+00,0.000000000000000000e+00
9.419999999999888018e+00,-3.298481664299668381e-01,-1.889890781656586327e+01,1.547336464641660414e-01,5.121784373444529592e+02,8.993750810623168945e-01,9.120343923568725586e-01,-5.494179729063768391e-01,4.058941942061463082e-01,1.000000000000000000e+00,1.000000000000000000e+00,0.000000000000000000e+00,0.000000000000000000e+00
9.439999999999887592e+00,-3.277406146896924000e-01,-1.877815399674268448e+01,1.518989124287606629e-01,5.277282309600163899e+02,9.399948716163635254e-01,9.321681261062622070e-01,-5.352984323344917028e-01,4.316523491448851502e-01,1.000000000000000000e+00,1.000000000000000000e+00,0.000000000000000000e+00,0.000000000000000000e+00
9.459999999999887166e+00,-3.250306368053732520e-01,-1.862288370139740579e+01,1.490143326002704438e-01,5.424251908084239631e+02,9.700529575347900391e-01,9.495421648025512695e-01,-5.216409820946130704e-01,4.563889821750196085e-01,1.000000000000000000e+00,1.000000000000000000e+00,0.000000000000000000e+00,0.000000000000000000e+00
9.479999999999886739e+00,-3.217263714116151974e-01,-1.843356323994393620e+01,1.461273994452747249e-01,5.559985194297634052e+02,9.896541833877563477e-01,9.642137885093688965e-01,-5.086012691997279234e-01,4.799945305527561490e-01,1.000000000000000000e+00,1.000000000000000000e+00,0.000000000000000000e+00,0.000000000000000000e+00
9.499999999999886313e+00,-3.178360852393229408e-01,-1.821066626117348619e+01,1.432878953696420654e-01,5.682578162755748963e+02,9.990319013595581055e-01,9.762557148933410645e-01,-4.963227429329947205e-01,5.023714517445285743e-01,1.000000000000000000e+00,1.000000000000000000e+00,0.000000000000000000e+00,0.000000000000000000e+00
9.519999999999885887e+00,-3.133680227659589868e-01,-1.795466513884894866e+01,1.405455960926220438e-01,5.790925403691039719e+02,9.985077977180480957e-01,9.857481718063354492e-01,-4.849343499484797815e-01,5.234352304084985974e-01,1.000000000000000000e+00,1.000000000000000000e+00,0.000000000000000000e+00,0.000000000000000000e+00
9.539999999999885461e+00,-3.083302673128911486e-01,-1.766602301316914492e+01,1.379482053878459402e-01,5.884650418397245630e+02,9.884580373764038086e-01,9.927715659141540527e-01,-4.745490616627461855e-01,5.431147081537115451e-01,1.000000000000000000e+00,1.000000000000000000e+00,0.000000000000000000e+00,0.000000000000000000e+00
9.559999999999885034e+00,-3.027306199438299927e-01,-1.734518685216040623e+01,1.355396887000396289e-01,5.963989490144913361e+02,9.692875146865844727e-01,9.974011778831481934e-01,-4.652631777543907443e-01,5.613518047375278819e-01,1.000000000000000000e+00,1.000000000000000000e+00,0.000000000000000000e+00,0.000000000000000000e+00
9.579999999999884608e+00,-2.965765019501414024e-01,-1.699258186449653252e+01,1.333590871234222597e-01,6.029650430647908479e+02,9.414127469062805176e-01,9.997035861015319824e-01,-4.571562943513949873e-01,5.781007396795776465e-01,1.000000000000000000e+00,1.000000000000000000e+00,0.000000000000000000e+00,0.000000000000000000e+00
9.599999999999884182e+00,-2.898748859654958210e-01,-1.660860755265893118e+01,1.314398139354278350e-01,6.082666544237886228e+02,9.052526950836181641e-01,9.997341036796569824e-01,-4.502917928743445652e-01,5.933268747426713174e-01,1.000000000000000000e+00,1.000000000000000000e+00,0.000000000000000000e+00,0.000000000000000000e+00
9.619999999999883755e+00,-2.826322589763288207e-01,-1.619363559359211990e+01,1.298093825108816435e-01,6.124248240325323422e+02,8.612278699874877930e-01,9.975364208221435547e-01,-4.447176891987554281e-01,6.070053084075794914e-01,9.999999999999997780e-01,1.000000000000000000e+00,0.000000000000000000e+00,0.000000000000000000e+00
9.639999999999883329e+00,-2.748546186142566405e-01,-1.574800962627478107e+01,1.284894658207152707e-01,6.155657582105086476e+02,8.097640872001647949e-01,9.931430220603942871e-01,-4.404676873285540695e-01,6.191193515666162384e-01,1.000000000000000000e+00,1.000000000000000000e+00,0.000000000000000000e+00,0.000000000000000000e+00
9.659999999999882903e+00,-2.665475030995407835e-01,-1.527204696735391565e+01,1.274961803874626043e-01,6.178095270318654002e+02,7.513018846511840820e-01,9.865768551826477051e-01,-4.375622965784946583e-01,6.296589986325763499e-01,1.000000000000000000e+00,1.000000000000000000e+00,0.000000000000000000e+00,0.000000000000000000e+00
9.679999999999882476e+00,-2.577160544729144576e-01,-1.476604223406162042e+01,1.268404826733988688e-01,6.192616863999850239e+02,6.863078474998474121e-01,9.778537154197692871e-01,-4.360098946168221579e-01,6.386194929720919733e-01,1.000000000000000000e+00,1.000000000000000000e+00,0.000000000000000000e+00,0.000000000000000000e+00
9.699999999999882050e+00,-2.483651144298564262e-01,-1.423027283511451380e+01,1.265285851667014572e-01,6.200068433037666864e+02,6.152880191802978516e-01,9.669855833053588867e-01,-4.358076477687943262e-01,6.460000692408378598e-01,1.000000000000000000e+00,1.000000000000000000e+00,0.000000000000000000e+00,0.000000000000000000e+00
9.719999999999881624e+00,-2.384993522415235212e-01,-1.366500630004328798e+01,1.265623194649023453e-01,6.201050717110699679e+02,5.388005375862121582e-01,9.539843201637268066e-01,-4.369422306588196525e-01,6.518029367853892531e-01,1.000000000000000000e+00,1.000000000000000000e+00,0.000000000000000000e+00,0.000000000000000000e+00
9.739999999999881197e+00,-2.281234247177317265e-01,-1.307050944439639117e+01,1.269394037330683345e-01,6.195908261637447367e+02,4.574664235115051270e-01,9.388653635978698730e-01,-4.393903207038933889e-01,6.560325430406588332e-01,1.000000000000000000e+00,1.000000000000000000e+00,0.000000000000000000e+00,0.000000000000000000e+00
9.759999999999880771e+00,-2.172421680307845548e-01,-1.244705936043581396e+01,1.276536000761673284e-01,6.184738113977726925e+02,3.719773888587951660e-01,9.216520786285400391e-01,-4.431188725398482742e-01,6.586951418598301355e-01,1.000000000000000000e+00,1.000000000000000000e+00,0.000000000000000000e+00,0.000000000000000000e+00
9.779999999999880345e+00,-2.058608209716790149e-01,-1.179495620877543516e+01,1.286947736411252485e-01,6.167423750566043736e+02,2.830986678600311279e-01,9.023793935775756836e-01,-4.480852062779495104e-01,6.597986717377108956e-01,9.999999999999997780e-01,1.000000000000000000e+00,0.000000000000000000e+00,0.000000000000000000e+00
9.799999999999879918e+00,-1.939852784873243863e-01,-1.111453774499361025e+01,1.300488874359312375e-01,6.143682289932277172e+02,1.916669756174087524e-01,8.810974955558776855e-01,-4.542369667303226555e-01,6.593529301232524675e-01,1.000000000000000000e+00,1.000000000000000000e+00,0.000000000000000000e+00,0.000000000000000000e+00
9.819999999999879492e+00,-1.816223729073613846e-01,-1.040619543274299375e+01,1.316979866763140217e-01,6.113135801139605974e+02,9.858094900846481323e-02,8.578742146492004395e-01,-4.615120322750318471e-01,6.573700093941015066e-01,1.000000000000000000e+00,1.000000000000000000e+00,0.000000000000000000e+00,0.000000000000000000e+00
9.839999999999879066e+00,-1.687801783468709793e-01,-9.670391884741031063e+00,1.336202319792439974e-01,6.075384332668702427e+02,4.786576610058546066e-03,8.327968716621398926e-01,-4.698384632916849379e-01,6.538649421614881607e-01,1.000000000000000000e+00,1.000000000000000000e+00,0.000000000000000000e+00,0.000000000000000000e+00
9.859999999999878639e+00,-1.554683311153843839e-01,-8.907679220853939484e+00,1.357900454657167411e-01,6.030093623687890840e+02,-8.874478191137313843e-02,8.059726953506469727e-01,-4.791345853224991402e-01,6.488564906426830259e-01,9.999999999999997780e-01,1.000000000000000000e+00,0.000000000000000000e+00,0.000000000000000000e+00
9.879999999999878213e+00,-1.416983566205423095e-01,-8.118717798296701815e+00,1.381784133098296341e-01,5.977066324580736136e+02,-1.810403466224670410e-01,7.775282263755798340e-01,-4.893092922456134808e-01,6.423680038349118826e-01,1.000000000000000000e+00,1.000000000000000000e+00,0.000000000000000000e+00,0.000000000000000000e+00
9.899999999999877787e+00,-1.274839911318843555e-01,-7.304294647340188185e+00,1.407533860549488591e-01,5.916325688034149834e+02,-2.711560130119323730e-01,7.476064562797546387e-01,-5.002626435317648612e-01,6.344282504802273293e-01,1.000000000000000000e+00,1.000000000000000000e+00,0.000000000000000000e+00,0.000000000000000000e+00
9.919999999999877360e+00,-1.128414851720571654e-01,-6.465340854346935728e+00,1.434807663442586589e-01,5.848156034504595482e+02,-3.582026958465576172e-01,7.163636684417724609e-01,-5.118868005583703251e-01,6.250721389706376252e-01,1.000000000000000000e+00,1.000000000000000000e+00,0.000000000000000000e+00,0.000000000000000000e+00
9.939999999999876934e+00,-9.778987483825929417e-02,-5.602947107344821376e+00,1.463249666011111616e-01,5.773139831906978543e+02,-4.413734674453735352e-01,6.839645504951477051e-01,-5.240673133544015982e-01,6.143412439483411092e-01,1.000000000000000000e+00,1.000000000000000000e+00,0.000000000000000000e+00,0.000000000000000000e+00
9.959999999999876508e+00,-8.235120852952437787e-02,-4.718376686543493292e+00,1.492499738216135352e-01,5.692152412687851211e+02,-5.199637413024902344e-01,6.505765914916992188e-01,-5.366847346904638494e-01,6.022840648339158331e-01,1.000000000000000000e+00,1.000000000000000000e+00,0.000000000000000000e+00,0.000000000000000000e+00
9.979999999999876081e+00,-6.655071844745830134e-02,-3.813075290602791156e+00,1.522203499541059657e-01,5.606335159214343093e+02,-5.933866500854492188e-01,6.163646578788757324e-01,-5.496165018824008541e-01,5.889559694882222640e-01,1.000000000000000000e+00,1.000000000000000000e+00,0.000000000000000000e+00,0.000000000000000000e+00
9.999999999999875655e+00,-5.041692979850997958e-02,-2.888677293461977769e+00,1.552021809839571886e-01,5.517034768979867749e+02,-6.611794829368591309e-01,5.814849734306335449e-01,-5.627389972255495421e-01,5.744187965952820552e-01,1.000000000000000000e+00,1.000000000000000000e+00,0.000000000000000000e+00,0.000000000000000000e+00
1.001999999999987523e+01,-3.398170485179630163e-02,-1.947008268667160813e+00,1.581638976152934251e-01,5.425723673049029685e+02,-7.230032086372375488e-01,5.460801124572753906e-01,-5.759296762793995050e-01,5.587401163056761044e-01,1.000000000000000222e+00,1.000000000000000000e+00,0.000000000000000000e+00,0.000000000000000000e+00
1.003999999999987480e+01,-1.728022266067963386e-02,-9.900838275032690650e-01,1.610769054890589247e-01,5.333904954592854892e+02,-7.786346077919006348e-01,5.102747678756713867e-01,-5.890691462947426071e-01,5.419921804427952905e-01,1.000000000000000000e+00,1.000000000000000000e+00,0.000000000000000000e+00,0.000000000000000000e+00
1.005999999999987438e+01,-3.508990026732661249e-04,-2.010503188852794110e-02,1.639159907765453950e-01,5.243014825578000000e+02,-8.279528617858886719e-01,4.741725623607635498e-01,-6.020430806858494410e-01,5.242506145676265605e-01,1.000000000000000000e+00,1.000000000000000000e+00,0.000000000000000000e+00,0.000000000000000000e+00
1.007999999999987395e+01,1.676474613160783278e-02,9.605491979494021892e-01,1.666594931289070991e-01,5.154329293754580021e+02,-8.709216713905334473e-01,4.378539919853210449e-01,-6.147438698682832214e-01,5.055929205276401550e-01,9.999999999999997780e-01,1.000000000000000000e+00,0.000000000000000000e+00,0.000000000000000000e+00
1.009999999999987352e+01,3.402226475692016194e-02,1.949332180048208851e+00,1.692892670738645744e-01,5.068887784617001557e+02,-9.075694084167480469e-01,4.013756215572357178e-01,-6.270719322790631045e-01,4.860968692286634640e-01,1.000000000000000000e+00,1.000000000000000000e+00,0.000000000000000000e+00,0.000000000000000000e+00
1.011999999999987310e+01,5.137449189233800340e-02,2.943541560060033646e+00,1.717904698618422654e-01,4.987435948669795494e+02,-9.379681944847106934e-01,3.647703826427459717e-01,-6.389366371091524943e-01,4.658388676498958492e-01,1.000000000000000000e+00,1.000000000000000000e+00,0.000000000000000000e+00,0.000000000000000000e+00
1.013999999999987267e+01,6.877178330024902309e-02,3.940332932692545143e+00,1.741512296329254250e-01,4.910397187717998122e+02,-9.622142910957336426e-01,3.280487954616546631e-01,-6.502568201582634710e-01,4.448923804382803326e-01,1.000000000000000000e+00,1.000000000000000000e+00,0.000000000000000000e+00,0.000000000000000000e+00
1.015999999999987224e+01,8.616227353158789626e-02,4.936734626611748666e+00,1.763622457038719615e-01,4.837867217266496027e+02,-9.804098010063171387e-01,2.912009656429290771e-01,-6.609609012604440448e-01,4.233264775619705045e-01,1.000000000000000000e+00,1.000000000000000000e+00,0.000000000000000000e+00,0.000000000000000000e+00
1.017999999999987182e+01,1.034921497313514571e-01,5.929663392342415129e+00,1.784163727278406664e-01,4.769636085140352293e+02,-9.926473498344421387e-01,2.541989982128143311e-01,-6.709866346935741133e-01,4.012045652308969257e-01,1.000000000000000000e+00,1.000000000000000000e+00,0.000000000000000000e+00,0.000000000000000000e+00
1.019999999999987139e+01,1.207059388361533259e-01,6.915940857475841419e+00,1.803082269549148298e-01,4.705229174012795283e+02,-9.989975094795227051e-01,2.169999033212661743e-01,-6.802805420951776316e-01,3.785833429208741996e-01,1.000000000000000000e+00,1.000000000000000000e+00,0.000000000000000000e+00,0.000000000000000000e+00
1.021999999999987097e+01,1.377468076420140797e-01,7.892310719287801923e+00,1.820338426835442502e-01,4.643964571489898390e+02,-9.994993805885314941e-01,1.795485764741897583e-01,-6.887970885583502012e-01,3.555120139785585276e-01,1.000000000000000000e+00,1.000000000000000000e+00,0.000000000000000000e+00,0.000000000000000000e+00
1.023999999999987054e+01,1.545568769984257962e-01,8.855456746732389917e+00,1.835903938435471117e-01,4.585021253735927758e+02,-9.941544532775878906e-01,1.417810916900634766e-01,-6.964976695482418823e-01,3.320317645317392152e-01,1.000000000000000000e+00,1.000000000000000000e+00,0.000000000000000000e+00,0.000000000000000000e+00
1.025999999999987011e+01,1.710775524785526081e-01,9.802021726448920447e+00,1.849759849877268270e-01,4.527511178626399442e+02,-9.829232096672058105e-01,1.036277487874031067e-01,-7.033494774017461371e-01,3.081755121022723420e-01,9.999999999999997780e-01,1.000000000000000000e+00,0.000000000000000000e+00,0.000000000000000000e+00
1.027999999999986969e+01,1.872498747294617516e-01,1.072862753635152622e+01,1.861895080891459442e-01,4.470553225719772286e+02,-9.657248854637145996e-01,6.501631438732147217e-02,-7.093243145056580268e-01,2.839679157330459724e-01,1.000000000000000000e+00,1.000000000000000000e+00,0.000000000000000000e+00,0.000000000000000000e+00
1.029999999999986926e+01,2.030148932777717796e-01,1.163189656311515030e+01,1.872305555004506461e-01,4.413342717155398987e+02,-9.424397349357604980e-01,2.587509714066982269e-02,-7.143974160353760983e-01,2.594256335930853474e-01,1.000000000000000000e+00,1.000000000000000000e+00,0.000000000000000000e+00,0.000000000000000000e+00
1.031999999999986883e+01,2.183140680601889372e-01,1.250847470818063378e+01,1.880993773585363515e-01,4.355218411823273641e+02,-9.129145741462707520e-01,-1.386368833482265472e-02,-7.185463408623923298e-01,2.345578122822849776e-01,1.000000000000000000e+00,1.000000000000000000e+00,0.000000000000000000e+00,0.000000000000000000e+00
1.033999999999986841e+01,2.330897030244885038e-01,1.335505623126093155e+01,1.887968699532239225e-01,4.295722652648788085e+02,-8.769711256027221680e-01,-5.426076054573059082e-02,-7.217499850654549576e-01,2.093667902546713089e-01,1.000000000000000000e+00,1.000000000000000000e+00,0.000000000000000000e+00,0.000000000000000000e+00
1.035999999999986798e+01,2.472854162341198148e-01,1.416841068535091708e+01,1.893245792831700913e-01,4.234654975218580830e+02,-8.344175815582275391e-01,-9.536587446928024292e-02,-7.239877678939191652e-01,1.838490033849103922e-01,1.000000000000000000e+00,1.000000000000000000e+00,0.000000000000000000e+00,0.000000000000000000e+00
1.037999999999986755e+01,2.608466504926245655e-01,1.494541217335146399e+01,1.896847070775281030e-01,4.172124964063776815e+02,-7.850645184516906738e-01,-1.372142434120178223e-01,-7.252390399120735021e-01,1.579960819998110222e-01,1.000000000000000000e+00,1.000000000000000000e+00,0.000000000000000000e+00,0.000000000000000000e+00
1.039999999999986713e+01,2.737212277940130889e-01,1.568307111573595414e+01,1.898800994060494129e-01,4.108595861350426617e+02,-7.287443876266479492e-01,-1.798218190670013428e-01,-7.254827620020708467e-01,1.317961365120777772e-01,1.000000000000000000e+00,1.000000000000000000e+00,0.000000000000000000e+00,0.000000000000000000e+00
1.041999999999986670e+01,2.858599487579276399e-01,1.637856859565523138e+01,1.899142012862725382e-01,4.044926904567360566e+02,-6.653360128402709961e-01,-2.231811285018920898e-01,-7.246975039062382162e-01,1.052352289657768891e-01,1.000000000000000000e+00,1.000000000000000000e+00,0.000000000000000000e+00,0.000000000000000000e+00
1.043999999999986628e+01,2.972172360273028779e-01,1.702929322290809466e+01,1.897909521126764920e-01,3.982410305083453750e+02,-5.947942733764648438e-01,-2.672554850578308105e-01,-7.228618137794747822e-01,7.829903654854458717e-02,1.000000000000000000e+00,1.000000000000000000e+00,0.000000000000000000e+00,0.000000000000000000e+00
1.045999999999986585e+01,3.077518157780776420e-01,1.763288018157146553e+01,1.895145997562880102e-01,3.922793606148799768e+02,-5.171835422515869141e-01,-3.119741380214691162e-01,-7.199550064945042793e-01,5.097471076220520814e-02,1.000000000000000000e+00,1.000000000000000000e+00,0.000000000000000000e+00,0.000000000000000000e+00
1.047999999999986542e+01,3.174274246769357433e-01,1.818725173569525566e+01,1.890894086685095954e-01,3.868290313141118304e+02,-4.327156543731689453e-01,-3.572268784046173096e-01,-7.159584129121477902e-01,2.325292489127394127e-02,1.000000000000000000e+00,1.000000000000000000e+00,0.000000000000000000e+00,0.000000000000000000e+00
1.049999999999986500e+01,3.262135208663705654e-01,1.869065796574584581e+01,1.885192478713871023e-01,3.821553883697629317e+02,-3.417878448963165283e-01,-4.028598368167877197e-01,-7.108571153312995827e-01,-4.869910135588739752e-03,1.000000000000000000e+00,1.000000000000000000e+00,0.000000000000000000e+00,0.000000000000000000e+00
1.051999999999986457e+01,3.340859675004099749e-01,1.914171593231827728e+01,1.878070581089753555e-01,3.785620163265678570e+02,-2.450201064348220825e-01,-4.486716389656066895e-01,-7.046421681832680806e-01,-3.338929755060666277e-02,1.000000000000000000e+00,1.000000000000000000e+00,0.000000000000000000e+00,0.000000000000000000e+00
1.053999999999986414e+01,3.410276449117559672e-01,1.953944475072970022e+01,1.869542351575962380e-01,3.763783321263938433e+02,-1.432837694883346558e-01,-4.944129288196563721e-01,-6.973132589250866653e-01,-6.229024788543291447e-02,1.000000000000000000e+00,1.000000000000000000e+00,0.000000000000000000e+00,0.000000000000000000e+00
1.055999999999986372e+01,3.470289345970765105e-01,1.988329332133396221e+01,1.859600082769764240e-01,3.759400349605310794e+02,-3.771576657891273499e-02,-5.397888422012329102e-01,-6.888816970168830656e-01,-9.154493709307742755e-02,1.000000000000000000e+00,1.000000000000000000e+00,0.000000000000000000e+00,0.000000000000000000e+00
1.057999999999986329e+01,3.520880108881074833e-01,2.017315704104473539e+01,1.848209420917506229e-01,3.775630364728785935e+02,7.028641551733016968e-02,-5.844652056694030762e-01,-6.793735474086383119e-01,-1.211105877702841893e-01,1.000000000000000000e+00,1.000000000000000000e+00,0.000000000000000000e+00,0.000000000000000000e+00
1.059999999999986287e+01,3.562108744516674363e-01,2.040937972274498691e+01,1.835307411210680417e-01,3.815106038544084299e+02,1.790967881679534912e-01,-6.280795335769653320e-01,-6.688326460959513886e-01,-1.509277709841337634e-01,1.000000000000000000e+00,1.000000000000000000e+00,0.000000000000000000e+00,0.000000000000000000e+00
1.061999999999986244e+01,3.594110695882872797e-01,2.059273739769159661e+01,1.820805516651426981e-01,3.879574864833551260e+02,2.869216203689575195e-01,-6.702566146850585938e-01,-6.573231651969166922e-01,-1.809193550769395975e-01,1.000000000000000000e+00,1.000000000000000000e+00,0.000000000000000000e+00,0.000000000000000000e+00
1.063999999999986201e+01,3.617090487010528044e-01,2.072440190226227585e+01,1.804599203215863645e-01,3.969560564958539430e+02,3.918870091438293457e-01,-7.106273770332336426e-01,-6.449313601806044849e-01,-2.109903214134121741e-01,1.000000000000000000e+00,1.000000000000000000e+00,0.000000000000000000e+00,0.000000000000000000e+00
1.065999999999986159e+01,3.631311820300076043e-01,2.080588413991627661e+01,1.786584599066215751e-01,4.084119212153689773e+02,4.921435713768005371e-01,-7.488491535186767578e-01,-6.317661554091864584e-01,-2.410286184026761147e-01,1.000000000000000000e+00,1.000000000000000000e+00,0.000000000000000000e+00,0.000000000000000000e+00
1.067999999999986116e+01,3.637084539943971073e-01,2.083895938710702112e+01,1.766681168773171495e-01,4.220743409782353979e+02,5.859766602516174316e-01,-7.846249938011169434e-01,-6.179583127932801734e-01,-2.709071378650261819e-01,1.000000000000000000e+00,1.000000000000000000e+00,0.000000000000000000e+00,0.000000000000000000e+00
1.069999999999986073e+01,3.634749317682093306e-01,2.082557954912396170e+01,1.744857475016940995e-01,4.375464002982788543e+02,6.719052195549011230e-01,-8.177193999290466309e-01,-6.036580790674587194e-01,-3.004867791137935673e-01,1.000000000000000000e+00,1.000000000000000000e+00,0.000000000000000000e+00,0.000000000000000000e+00
1.071999999999986031e+01,3.624661287699391110e-01,2.076777939496293612e+01,1.721155617527305726e-01,4.543158913053587185e+02,7.487537264823913574e-01,-8.479673266410827637e-01,-5.890314046502771461e-01,-3.296204207913565054e-01,1.000000000000000000e+00,1.000000000000000000e+00,0.000000000000000000e+00,0.000000000000000000e+00
1.073999999999985988e+01,3.607174034542839358e-01,2.066758481484821175e+01,1.695709667139526089e-01,4.718013031311784857e+02,8.156895637512207031e-01,-8.752772212028503418e-01,-5.742550215752777465e-01,-3.581575045858889639e-01,1.000000000000000000e+00,1.000000000000000000e+00,0.000000000000000000e+00,0.000000000000000000e+00
1.075999999999985945e+01,3.582625294772423530e-01,2.052693089672723303e+01,1.668754139112206270e-01,4.894066540546947408e+02,8.722219467163085938e-01,-8.996258974075317383e-01,-5.595108213608195324e-01,-3.859488482454881408e-01,1.000000000000000000e+00,1.000000000000000000e+00,0.000000000000000000e+00,0.000000000000000000e+00
1.077999999999985903e+01,3.551325465264953962e-01,2.034759608370152861e+01,1.640620639396352665e-01,5.065747485505646637e+02,9.181684255599975586e-01,-9.210487008094787598e-01,-5.449800539516056475e-01,-4.128512784847868100e-01,1.000000000000000000e+00,1.000000000000000000e+00,0.000000000000000000e+00,0.000000000000000000e+00
1.079999999999985860e+01,3.513549578581960375e-01,2.013115619627153308e+01,1.611723206707957878e-01,5.228308925401687475e+02,9.535990357398986816e-01,-9.396255612373352051e-01,-5.308378584984499993e-01,-4.387317142747739207e-01,1.000000000000000000e+00,1.000000000000000000e+00,0.000000000000000000e+00,0.000000000000000000e+00
1.081999999999985818e+01,3.469532928265022242e-01,1.987895936712515876e+01,1.582535077860665607e-01,5.378115473691401576e+02,9.787703156471252441e-01,-9.554661512374877930e-01,-5.172485485076626643e-01,-4.634704157698765203e-01,1.000000000000000000e+00,1.000000000000000000e+00,0.000000000000000000e+00,0.000000000000000000e+00
1.083999999999985775e+01,3.419470096881367382e-01,1.959212047224930586e+01,1.553560862302168499e-01,5.512766463488222826e+02,9.940596818923950195e-01,-9.686954021453857422e-01,-5.043619359005324654e-01,-4.869632302063827134e-01,1.000000000000000000e+00,1.000000000000000000e+00,0.000000000000000000e+00,0.000000000000000000e+00
1.085999999999985732e+01,3.363516818947851483e-01,1.927153180469801441e+01,1.525308393561855269e-01,5.631067121095375114e+02,9.999082684516906738e-01,-9.794415831565856934e-01,-4.923108236644765379e-01,-5.091227899473711460e-01,1.000000000000000000e+00,1.000000000000000000e+00,0.000000000000000000e+00,0.000000000000000000e+00
1.087999999999985690e+01,3.301793938780948068e-01,1.891788575140248341e+01,1.498263814739711486e-01,5.732886551056722055e+02,9.967767000198364258e-01,-9.878265857696533203e-01,-4.812096532480216737e-01,-5.298787216228707520e-01,1.000000000000000000e+00,1.000000000000000000e+00,0.000000000000000000e+00,0.000000000000000000e+00
1.089999999999985647e+01,3.234392692880576625e-01,1.853170505900100906e+01,1.472872251319425341e-01,5.818946344689142052e+02,9.851147532463073730e-01,-9.939592480659484863e-01,-4.711541821746031422e-01,-5.491769993351306445e-01,1.000000000000000000e+00,1.000000000000000000e+00,0.000000000000000000e+00,0.000000000000000000e+00
1.091999999999985604e+01,3.161380616641196184e-01,1.811337667680061969e+01,1.449525072471816445e-01,5.890580379030228642e+02,9.653440713882446289e-01,-9.979314804077148438e-01,-4.622219972522839115e-01,-5.669786261808795746e-01,1.000000000000000000e+00,1.000000000000000000e+00,0.000000000000000000e+00,0.000000000000000000e+00
1.093999999999985562e+01,3.082807510060221468e-01,1.766318593776847479e+01,1.428553568343846336e-01,5.949497050948656351e+02,9.378520846366882324e-01,-9.998167157173156738e-01,-4.544736360691490340e-01,-5.832578482552266408e-01,1.000000000000000000e+00,1.000000000000000000e+00,0.000000000000000000e+00,0.000000000000000000e+00
1.095999999999985519e+01,2.998711060324352751e-01,1.718134877357854151e+01,1.410228020885684608e-01,5.997570244440770466e+02,9.029939770698547363e-01,-9.996696710586547852e-01,-4.479540896683702478e-01,-5.980000943934178359e-01,1.000000000000000000e+00,1.000000000000000000e+00,0.000000000000000000e+00,0.000000000000000000e+00
1.097999999999985477e+01,2.909121871984776675e-01,1.666804053539250674e+01,1.394760760156426305e-01,6.036663853846225720e+02,8.611010313034057617e-01,-9.975276589393615723e-01,-4.426944804919973331e-01,-6.111998132915318349e-01,1.000000000000000000e+00,1.000000000000000000e+00,0.000000000000000000e+00,0.000000000000000000e+00
1.099999999999985434e+01,2.814067779674371828e-01,1.612342070390919346e+01,1.382311665697409375e-01,6.068497630904654443e+02,8.124926090240478516e-01,-9.934130311012268066e-01,-4.387137435427399534e-01,-6.228583569598031833e-01,1.000000000000000000e+00,1.000000000000000000e+00,0.000000000000000000e+00,0.000000000000000000e+00
1.101999999999985391e+01,2.713577418301946764e-01,1.554765334507075103e+01,1.372994706868380932e-01,6.094550917080366617e+02,7.574909329414367676e-01,-9.873356819152832031e-01,-4.360201769806469896e-01,-6.329820217209558564e-01,1.000000000000000000e+00,1.000000000000000000e+00,0.000000000000000000e+00,0.000000000000000000e+00
1.103999999999985349e+01,2.607683088517718240e-01,1.494092352797047241e+01,1.366884383672097303e-01,6.116001957437122201e+02,6.964362263679504395e-01,-9.792966842651367188e-01,-4.346127681525202568e-01,-6.415803306558778285e-01,1.000000000000000000e+00,1.000000000000000000e+00,0.000000000000000000e+00,0.000000000000000000e+00
1.105999999999985306e+01,2.496422995311262660e-01,1.430345015107426576e+01,1.364021243536608918e-01,6.133699827217466236e+02,6.297015547752380371e-01,-9.692912697792053223e-01,-4.344822393756145318e-01,-6.486646099191588632e-01,1.000000000000000000e+00,1.000000000000000000e+00,0.000000000000000000e+00,0.000000000000000000e+00
1.107999999999985263e+01,2.379842951248627436e-01,1.363549570105044850e+01,1.364415983955546974e-01,6.148150825400434769e+02,5.577077865600585938e-01,-9.573130011558532715e-01,-4.356117857959534989e-01,-6.542468919923505322e-01,1.000000000000000000e+00,1.000000000000000000e+00,0.000000000000000000e+00,0.000000000000000000e+00
1.109999999999985221e+01,2.257997637977458005e-01,1.293737348066171222e+01,1.368051901795832859e-01,6.159538323187666720e+02,4.809345602989196777e-01,-9.433572292327880859e-01,-4.379775088113517234e-01,-6.583391613217414173e-01,1.000000000000000000e+00,1.000000000000000000e+00,0.000000000000000000e+00,0.000000000000000000e+00
1.111999999999985178e+01,2.130951514868035801e-01,1.220945281489477452e+01,1.374885733203554672e-01,6.167747233463411476e+02,3.999300897121429443e-01,-9.274249672889709473e-01,-4.415485716835260144e-01,-6.609529388843985442e-01,1.000000000000000000e+00,1.000000000000000000e+00,0.000000000000000000e+00,0.000000000000000000e+00
1.113999999999985135e+01,1.998779452502743581e-01,1.145216268058766040e+01,1.384847095923753268e-01,6.172406610136957852e+02,3.153168261051177979e-01,-9.095262885093688965e-01,-4.462871201370788299e-01,-6.620991908589395347e-01,1.000000000000000000e+00,1.000000000000000000e+00,0.000000000000000000e+00,0.000000000000000000e+00
1.115999999999985093e+01,1.861567157729666633e-01,1.066599414180743288e+01,1.397836931953722051e-01,6.172945497079588222e+02,2.277919948101043701e-01,-8.896839022636413574e-01,-4.521480311921444173e-01,-6.617885378895242976e-01,1.000000000000000000e+00,1.000000000000000000e+00,0.000000000000000000e+00,0.000000000000000000e+00
1.117999999999985050e+01,1.719411448937164799e-01,9.851501927057320529e+00,1.413725445348324172e-01,6.168653525896625069e+02,1.381242424249649048e-01,-8.679358959197998047e-01,-4.590785639533414009e-01,-6.600317309896119866e-01,1.000000000000000000e+00,1.000000000000000000e+00,0.000000000000000000e+00,0.000000000000000000e+00
1.119999999999985008e+01,1.572420437136994309e-01,9.009305466806575069e+00,1.432350116658924200e-01,6.158752561738181157e+02,4.714424535632133484e-02,-8.443380594253540039e-01,-4.670179939497499655e-01,-6.568403484887491706e-01,1.000000000000000000e+00,1.000000000000000000e+00,0.000000000000000000e+00,0.000000000000000000e+00
1.121999999999984965e+01,1.420713668549344888e-01,8.140089710442557802e+00,1.453514404770026025e-01,6.142474310582086900e+02,-4.427015781402587891e-02,-8.189651966094970703e-01,-4.758973192599648128e-01,-6.522276592868661016e-01,1.000000000000000000e+00,1.000000000000000000e+00,0.000000000000000000e+00,0.000000000000000000e+00
1.123999999999984922e+01,1.264422287049367100e-01,7.244606057020781975e+00,1.476987683747508218e-01,6.119136502611694368e+02,-1.352133303880691528e-01,-7.919116616249084473e-01,-4.856391236934301525e-01,-6.462095898792205029e-01,1.000000000000000000e+00,1.000000000000000000e+00,0.000000000000000000e+00,0.000000000000000000e+00
1.125999999999984880e+01,1.103689277220816223e-01,6.323673747859707817e+00,1.502506834217245402e-01,6.088213826886791367e+02,-2.247746139764785767e-01,-7.632909417152404785e-01,-4.961576715576481167e-01,-6.388057298066111001e-01,1.000000000000000000e+00,1.000000000000000000e+00,0.000000000000000000e+00,0.000000000000000000e+00
1.127999999999984837e+01,9.386698588456132697e-02,5.378182126799436524e+00,1.529779807820157433e-01,6.049409895342720347e+02,-3.120648264884948730e-01,-7.332333326339721680e-01,-5.073592969304749900e-01,-6.300402968325817810e-01,1.000000000000000000e+00,1.000000000000000000e+00,0.000000000000000000e+00,0.000000000000000000e+00
1.129999999999984794e+01,7.695321028019375120e-02,4.409094169037841127e+00,1.558491130169306627e-01,6.002702494037287124e+02,-3.962415754795074463e-01,-7.018831372261047363e-01,-5.191431262913264177e-01,-6.199429840938993630e-01,1.000000000000000000e+00,1.000000000000000000e+00,0.000000000000000000e+00,0.000000000000000000e+00
1.131999999999984752e+01,5.964578299892986379e-02,3.417451631591839512e+00,1.588309153403994201e-01,5.948377145083827600e+02,-4.765342473983764648e-01,-6.693945527076721191e-01,-5.314021454290039914e-01,-6.085496197792115147e-01,1.000000000000000000e+00,1.000000000000000000e+00,0.000000000000000000e+00,0.000000000000000000e+00
1.133999999999984709e+01,4.196438416730163823e-02,2.404382102651997588e+00,1.618894540922868608e-01,5.887028828160567855e+02,-5.522642135620117188e-01,-6.359267830848693848e-01,-5.440245910941846619e-01,-5.959025753643446555e-01,1.000000000000000000e+00,1.000000000000000000e+00,0.000000000000000000e+00,0.000000000000000000e+00
1.135999999999984666e+01,2.393035042615965224e-02,1.371108081688038993e+00,1.649909342735353113e-01,5.819540306169743644e+02,-6.228603124618530273e-01,-6.016386151313781738e-01,-5.568956163110623248e-01,-5.820508728868383219e-01,1.000000000000000000e+00,1.000000000000000000e+00,0.000000000000000000e+00,0.000000000000000000e+00
1.137999999999984624e+01,5.566867807105690957e-03,3.189580304544037404e-01,1.681025900180507793e-01,5.747032032834092661e+02,-6.878675818443298340e-01,-5.666827559471130371e-01,-5.698991527356914721e-01,-5.670499592732537453e-01,1.000000000000000000e+00,1.000000000000000000e+00,0.000000000000000000e+00,0.000000000000000000e+00
1.139999999999984581e+01,-1.310080654810263923e-02,-7.506209234236339567e-01,1.711934810673602370e-01,5.670785140992081779e+02,-7.469485402107238770e-01,-5.312008857727050781e-01,-5.829198712683872907e-01,-5.509611434323190560e-01,1.000000000000000000e+00,1.000000000000000000e+00,0.000000000000000000e+00,0.000000000000000000e+00
1.141999999999984539e+01,-3.204510364796808730e-02,-1.836049193087849529e+00,1.742351368888588881e-01,5.592150793356701115e+02,-7.998778820037841797e-01,-4.953188896179199219e-01,-5.958451312766577246e-01,-5.338507141928110489e-01,1.000000000000000000e+00,1.000000000000000000e+00,0.000000000000000000e+00,0.000000000000000000e+00
1.143999999999984496e+01,-5.123589634640746127e-02,-2.935600620218902002e+00,1.772020090487241850e-01,5.512451143123869315e+02,-8.465311527252197266e-01,-4.591429829597473145e-01,-6.085668091701599280e-01,-5.157887745781377653e-01,1.000000000000000000e+00,1.000000000000000000e+00,0.000000000000000000e+00,0.000000000000000000e+00
1.145999999999984453e+01,-7.064026449554594578e-02,-4.047389019282618072e+00,1.800717169835477360e-01,5.432881717577096197e+02,-8.868688941001892090e-01,-4.227575063705444336e-01,-6.209829070064599721e-01,-4.968478555984061074e-01,9.999999999999997780e-01,1.000000000000000000e+00,0.000000000000000000e+00,0.000000000000000000e+00
1.147999999999984411e+01,-9.022228998195647165e-02,-5.169356433971554310e+00,1.828251005904655280e-01,5.354427344371260915e+02,-9.209176301956176758e-01,-3.862231671810150146e-01,-6.329988599340677924e-01,-4.771013825551052578e-01,1.000000000000000000e+00,1.000000000000000000e+00,0.000000000000000000e+00,0.000000000000000000e+00
1.149999999999984368e+01,-1.099429001365184178e-01,-6.299264165250787251e+00,1.854461101977526172e-01,5.277797892578180381e+02,-9.487497210502624512e-01,-3.495771884918212891e-01,-6.445284859921001086e-01,-4.566220758294153304e-01,1.000000000000000000e+00,1.000000000000000000e+00,0.000000000000000000e+00,0.000000000000000000e+00
1.151999999999984325e+01,-1.297597762160527246e-01,-7.434687527741860258e+00,1.879215813589932282e-01,5.203392762654684702e+02,-9.704635739326477051e-01,-3.128338456153869629e-01,-6.554945502155204995e-01,-4.354803684810371056e-01,1.000000000000000000e+00,1.000000000000000000e+00,0.000000000000000000e+00,0.000000000000000000e+00
1.153999999999984283e+01,-1.496273405299182180e-01,-8.573015112131081139e+00,1.902409413196413379e-01,5.131292370696108947e+02,-9.861654043197631836e-01,-2.759865820407867432e-01,-6.658289426281823742e-01,-4.137429188242233713e-01,1.000000000000000000e+00,1.000000000000000000e+00,0.000000000000000000e+00,0.000000000000000000e+00
1.155999999999984240e+01,-1.694968315695328798e-01,-9.711453089774007452e+00,1.923958934868116866e-01,5.061277804705879930e+02,-9.959532618522644043e-01,-2.390102893114089966e-01,-6.754724936353481146e-01,-3.914712862233561408e-01,1.000000000000000000e+00,1.000000000000000000e+00,0.000000000000000000e+00,0.000000000000000000e+00
1.157999999999984198e+01,-1.893164714932771275e-01,-1.084703480887354132e+01,1.943801163311819902e-01,4.992875833880026448e+02,-9.999044537544250488e-01,-2.018644511699676514e-01,-6.843744709875487775e-01,-3.687208228499460616e-01,1.000000000000000000e+00,1.000000000000000000e+00,0.000000000000000000e+00,0.000000000000000000e+00
1.159999999999984155e+01,-2.090317255963345389e-01,-1.197663566100671062e+01,1.961890003196330168e-01,4.925420756981038721e+02,-9.980659484863281250e-01,-1.644964367151260376e-01,-6.924918166449596235e-01,-3.455398207643597397e-01,1.000000000000000000e+00,1.000000000000000000e+00,0.000000000000000000e+00,0.000000000000000000e+00
1.161999999999984112e+01,-2.285856487991901886e-01,-1.309699293345327220e+01,1.978194362249377225e-01,4.858130452483709973e+02,-9.904485344886779785e-01,-1.268450021743774414e-01,-6.997881907012049041e-01,-3.219689364772238549e-01,1.000000000000000000e+00,1.000000000000000000e+00,0.000000000000000000e+00,0.000000000000000000e+00
1.163999999999984070e+01,-2.479193106204853336e-01,-1.420473015834669717e+01,1.992696555860088981e-01,4.790186160055168898e+02,-9.770240187644958496e-01,-8.884391188621520996e-02,-7.062328931236400154e-01,-2.980409024255339379e-01,1.000000000000000000e+00,1.000000000000000000e+00,0.000000000000000000e+00,0.000000000000000000e+00
1.165999999999984027e+01,-2.669722871723489988e-01,-1.529638530193020429e+01,2.005391189779828776e-01,4.720814553418411492e+02,-9.577259421348571777e-01,-5.042529106140136719e-02,-7.117997336967988309e-01,-2.737805202500008805e-01,1.000000000000000000e+00,1.000000000000000000e+00,0.000000000000000000e+00,0.000000000000000000e+00
1.167999999999983984e+01,-2.856832073062594013e-01,-1.636844205640962713e+01,2.016284396524134492e-01,4.649363422255383966e+02,-9.324532151222229004e-01,-1.152340974658727646e-02,-7.164659174465149993e-01,-2.492049255963030563e-01,1.000000000000000000e+00,1.000000000000000000e+00,0.000000000000000000e+00,0.000000000000000000e+00
1.169999999999983942e+01,-3.039903392090752554e-01,-1.741736344943027959e+01,2.025393303137639212e-01,4.575369959444588517e+02,-9.010766148567199707e-01,2.792208082973957062e-02,-7.202110067450508968e-01,-2.243241065409640744e-01,1.000000000000000222e+00,1.000000000000000000e+00,0.000000000000000000e+00,0.000000000000000000e+00
1.171999999999983899e+01,-3.218322035706364659e-01,-1.843962697599261347e+01,2.032745587611733129e-01,4.498623008281267062e+02,-8.634489774703979492e-01,6.796248257160186768e-02,-7.230160176119220239e-01,-1.991416546976592927e-01,1.000000000000000000e+00,1.000000000000000000e+00,0.000000000000000000e+00,0.000000000000000000e+00
1.173999999999983856e+01,-3.391482001979317928e-01,-1.943176050079940254e+01,2.038378966086596411e-01,4.419211253171110911e+02,-8.194178342819213867e-01,1.086364686489105225e-01,-7.248627017657665039e-01,-1.736557308998381566e-01,1.000000000000000000e+00,1.000000000000000000e+00,0.000000000000000000e+00,0.000000000000000000e+00
1.175999999999983814e+01,-3.558792351818489408e-01,-2.039037819226358650e+01,2.042340470062545821e-01,4.337566035311326686e+02,-7.688420414924621582e-01,1.499665826559066772e-01,-7.257330616870126816e-01,-1.478602243797982330e-01,1.000000000000000000e+00,1.000000000000000000e+00,0.000000000000000000e+00,0.000000000000000000e+00
1.177999999999983771e+01,-3.719683367010944153e-01,-2.131221580547387262e+01,2.044685332948103507e-01,4.254492905185080645e+02,-7.116118073463439941e-01,1.919549703598022461e-01,-7.256091438499737700e-01,-1.217460934993364191e-01,1.000000000000000000e+00,1.000000000000000000e+00,0.000000000000000000e+00,0.000000000000000000e+00
1.179999999999983729e+01,-3.873612476417909178e-01,-2.219416463679653262e+01,2.045475327452176972e-01,4.171191244478982298e+02,-6.476718187332153320e-01,2.345797568559646606e-01,-7.244731498772153389e-01,-9.530287438089918295e-02,1.000000000000000000e+00,1.000000000000000000e+00,0.000000000000000000e+00,0.000000000000000000e+00
1.181999999999983686e+01,-4.020069827542931407e-01,-2.303330344660946594e+01,2.044776372253069296e-01,4.089263652512398153e+02,-5.770479440689086914e-01,2.777910232543945312e-01,-7.223079011016485529e-01,-6.852034075557611459e-02,1.000000000000000000e+00,1.000000000000000000e+00,0.000000000000000000e+00,0.000000000000000000e+00
1.183999999999983643e+01,-4.158583378818971887e-01,-2.382692763595807151e+01,2.042655254866936054e-01,4.010709826148254251e+02,-4.998764991760253906e-01,3.215069770812988281e-01,-7.190976861677185195e-01,-4.139030079859739447e-02,1.000000000000000222e+00,1.000000000000000000e+00,0.000000000000000000e+00,0.000000000000000000e+00
1.185999999999983601e+01,-4.288723381186247963e-01,-2.457257492410481703e+01,2.039175388363080044e-01,3.937896563607153553e+02,-4.164341390132904053e-01,3.656106591224670410e-01,-7.148295077455926183e-01,-1.390850825333291366e-02,1.000000000000000000e+00,1.000000000000000000e+00,0.000000000000000000e+00,0.000000000000000000e+00
1.187999999999983558e+01,-4.410106109696378951e-01,-2.526804672904609816e+01,2.034391657242804463e-01,3.873500018259718445e+02,-3.271665871143341064e-01,4.099478125572204590e-01,-7.094947241341280630e-01,1.392335114260856779e-02,1.000000000000000000e+00,1.000000000000000000e+00,0.000000000000000000e+00,0.000000000000000000e+00
1.189999999999983515e+01,-4.522396707289608742e-01,-2.591142446115549092e+01,2.028344612415494408e-01,3.820412021442894570e+02,-2.327130138874053955e-01,4.543259739875793457e-01,-7.030910534833711978e-01,4.209565400180423356e-02,1.000000000000000000e+00,1.000000000000000000e+00,0.000000000000000000e+00,0.000000000000000000e+00
1.191999999999983473e+01,-4.625311016265900577e-01,-2.650108001674017544e+01,2.021054575686331567e-01,3.781604975755640226e+02,-1.339222937822341919e-01,4.985156953334808350e-01,-6.956248705097584084e-01,7.058889187479691629e-02,1.000000000000000000e+00,1.000000000000000000e+00,0.000000000000000000e+00,0.000000000000000000e+00
1.193999999999983430e+01,-4.718616302141693808e-01,-2.703567992543463205e+01,2.012516555638044768e-01,3.759951049272637533e+02,-3.185649216175079346e-02,5.422542095184326172e-01,-6.871136781303653907e-01,9.937188494941592842e-02,9.999999999999997780e-01,1.000000000000000000e+00,0.000000000000000000e+00,0.000000000000000000e+00
1.195999999999983388e+01,-4.802130820826087110e-01,-2.751418287030285370e+01,2.002697182284928490e-01,3.758003769570713075e+02,7.222189009189605713e-02,5.852521657943725586e-01,-6.775885853773830902e-01,1.284002844086924444e-01,1.000000000000000000e+00,1.000000000000000000e+00,0.000000000000000000e+00,0.000000000000000000e+00
1.197999999999983345e+01,-4.875722242188103017e-01,-2.793583065554409117e+01,1.991535020088517072e-01,3.777756536102572795e+02,1.768816113471984863e-01,6.272032856941223145e-01,-6.670965766766704386e-01,1.576155082367182991e-01,1.000000000000000000e+00,1.000000000000000000e+00,0.000000000000000000e+00,0.000000000000000000e+00
1.199999999999983302e+01,-4.939305020692521531e-01,-2.830013314134592406e+01,1.978945414992176743e-01,3.820414095107607295e+02,2.805717885494232178e-01,6.677957773208618164e-01,-6.557023310838089314e-01,1.869442462056222776e-01,1.000000000000000000e+00,1.000000000000000000e+00,0.000000000000000000e+00,0.000000000000000000e+00
1.201999999999983260e+01,-4.992836874835955285e-01,-2.860684807253878859e+01,1.964830668111250678e-01,3.886190635946130101e+02,3.816888630390167236e-01,7.067261338233947754e-01,-6.434893429487280603e-01,2.162986544461094618e-01,1.000000000000000000e+00,1.000000000000000000e+00,0.000000000000000000e+00,0.000000000000000000e+00
1.203999999999983217e+01,-5.036314586152839112e-01,-2.885595700867335012e+01,1.949095280355676030e-01,3.974195373311548565e+02,4.786515533924102783e-01,7.437131404876708984e-01,-6.305601279281248805e-01,2.455773258037277085e-01,1.000000000000000000e+00,1.000000000000000000e+00,0.000000000000000000e+00,0.000000000000000000e+00
1.205999999999983174e+01,-5.069769366452776538e-01,-2.904763878024573387e+01,1.931664957084632817e-01,4.082421000268902276e+02,5.699777007102966309e-01,7.785097956657409668e-01,-6.170353723184835992e-01,2.746670449229480226e-01,1.000000000000000000e+00,1.000000000000000000e+00,0.000000000000000000e+00,0.000000000000000000e+00
1.207999999999983132e+01,-5.093262034051009302e-01,-2.918224185053398045e+01,1.912507051552589099e-01,4.207850298746448061e+02,6.543532609939575195e-01,8.109138607978820801e-01,-6.030519842294779220e-01,3.034452690577780221e-01,1.000000000000000000e+00,1.000000000000000000e+00,0.000000000000000000e+00,0.000000000000000000e+00
1.209999999999983089e+01,-5.106878206162237532e-01,-2.926025677004369285e+01,1.891649344069643024e-01,4.346680110432338324e+02,7.306846976280212402e-01,8.407737016677856445e-01,-5.887601268558083634e-01,3.317831987378976333e-01,1.000000000000000000e+00,1.000000000000000000e+00,0.000000000000000000e+00,0.000000000000000000e+00
1.211999999999983046e+01,-5.110723665195839871e-01,-2.928228962733528107e+01,1.869194101295263977e-01,4.494627734396165124e+02,7.981299161911010742e-01,8.679904341697692871e-01,-5.743194314428442526e-01,3.595492319542739068e-01,1.000000000000000000e+00,1.000000000000000000e+00,0.000000000000000000e+00,0.000000000000000000e+00
1.213999999999983004e+01,-5.104919989129621527e-01,-2.924903701290974212e+01,1.845324998877103106e-01,4.647275680162978233e+02,8.561059236526489258e-01,8.925154805183410645e-01,-5.598946783139286953e-01,3.866125549845296216e-01,1.000000000000000000e+00,1.000000000000000000e+00,0.000000000000000000e+00,0.000000000000000000e+00
1.215999999999982961e+01,-5.089600483986203017e-01,-2.916126271401505576e+01,1.820305765897275996e-01,4.800407620664772139e+02,9.042750000953674316e-01,9.143452048301696777e-01,-5.456512850938782799e-01,4.128466147869199743e-01,1.000000000000000000e+00,1.000000000000000000e+00,0.000000000000000000e+00,0.000000000000000000e+00
1.217999999999982919e+01,-5.064906441995780106e-01,-2.901977627549804950e+01,1.794470838206694285e-01,4.950292150233659072e+02,9.425149559974670410e-01,9.335125088691711426e-01,-5.317509422608948100e-01,4.381322372355656580e-01,1.000000000000000000e+00,1.000000000000000000e+00,0.000000000000000000e+00,0.000000000000000000e+00
1.219999999999982876e+01,-5.030983740124836956e-01,-2.882541351080948999e+01,1.768209598301958008e-01,5.093887777844116158e+02,9.708787202835083008e-01,9.500775933265686035e-01,-5.183476946106030381e-01,4.623602019535532626e-01,1.000000000000000000e+00,1.000000000000000000e+00,0.000000000000000000e+00,0.000000000000000000e+00
1.221999999999982833e+01,-4.987979791576062638e-01,-2.857901903538524024e+01,1.741946655903012231e-01,5.228953355656923350e+02,9.895505309104919434e-01,9.641181826591491699e-01,-5.055846931783473108e-01,4.854331492077615384e-01,1.000000000000000000e+00,1.000000000000000000e+00,0.000000000000000000e+00,0.000000000000000000e+00
1.223999999999982791e+01,-4.936040872349187758e-01,-2.828143094896815768e+01,1.716120902684908356e-01,5.354070251391223110e+02,9.988036155700683594e-01,9.757204055786132812e-01,-4.935917506555275169e-01,5.072667596175396421e-01,1.000000000000000000e+00,1.000000000000000000e+00,0.000000000000000000e+00,0.000000000000000000e+00
1.225999999999982748e+01,-4.875309846159616711e-01,-2.793346780035206933e+01,1.691165871306190838e-01,5.468586273468486070e+02,9.989639520645141602e-01,9.849714636802673340e-01,-4.824837404322759316e-01,5.277902198283874746e-01,1.000000000000000000e+00,1.000000000000000000e+00,0.000000000000000000e+00,0.000000000000000000e+00
1.227999999999982705e+01,-4.805924312963059108e-01,-2.753591797920930873e+01,1.667493224260785389e-01,5.572509893028664010e+02,9.903815388679504395e-01,9.919532537460327148e-01,-4.723597991012993269e-01,5.469460373215256910e-01,1.000000000000000000e+00,1.000000000000000000e+00,0.000000000000000000e+00,0.000000000000000000e+00
1.229999999999982663e+01,-4.728015196837409562e-01,-2.708953162524987235e+01,1.645480475038480495e-01,5.666370745229514796e+02,9.734103083610534668e-01,9.967383146286010742e-01,-4.633032324405780278e-01,5.646893068417310202e-01,1.000000000000000000e+00,1.000000000000000000e+00,0.000000000000000000e+00,0.000000000000000000e+00
1.231999999999982620e+01,-4.641705777416560430e-01,-2.659501507874596271e+01,1.625463225353229180e-01,5.751067238466134768e+02,9.483968615531921387e-01,9.993867874145507812e-01,-4.553819844936648487e-01,5.809865525414347198e-01,1.000000000000000000e+00,1.000000000000000000e+00,0.000000000000000000e+00,0.000000000000000000e+00
1.233999999999982577e+01,-4.547111154378762343e-01,-2.605302781227628017e+01,1.607731576878480284e-01,5.827717341407765161e+02,9.156763553619384766e-01,9.999453425407409668e-01,-4.486495115367803987e-01,5.958142779721407045e-01,1.000000000000000000e+00,1.000000000000000000e+00,0.000000000000000000e+00,0.000000000000000000e+00
1.235999999999982535e+01,-4.444338120377118173e-01,-2.546418170267140724e+01,1.592529936024381920e-01,5.897522114012614338e+02,8.755748271942138672e-01,9.984471201896667480e-01,-4.431459026412559177e-01,6.091573556368885534e-01,1.000000000000000222e+00,1.000000000000000000e+00,0.000000000000000000e+00,0.000000000000000000e+00
1.237999999999982492e+01,-4.333485413057087676e-01,-2.482904247496773564e+01,1.580059210347377063e-01,5.961648737856351090e+02,8.284164071083068848e-01,9.949127435684204102e-01,-4.388991003588494366e-01,6.210073737034309538e-01,1.000000000000000000e+00,1.000000000000000000e+00,0.000000000000000000e+00,0.000000000000000000e+00
1.239999999999982450e+01,-4.214644314150137738e-01,-2.414813313496123470e+01,1.570480350982839390e-01,6.021138050689412466e+02,7.745336294174194336e-01,9.893522262573242188e-01,-4.359260974352334728e-01,6.313610425991842412e-01,1.000000000000000000e+00,1.000000000000000000e+00,0.000000000000000000e+00,0.000000000000000000e+00
1.241999999999982407e+01,-4.087899571561735002e-01,-2.342193925238248653e+01,1.563918300849421461e-01,6.076829817748905498e+02,7.142812013626098633e-01,9.817673563957214355e-01,-4.342340082369373633e-01,6.402187438229438587e-01,1.000000000000000000e+00,1.000000000000000000e+00,0.000000000000000000e+00,0.000000000000000000e+00
1.243999999999982364e+01,-3.953330626171496220e-01,-2.265091598994377264e+01,1.560465551085706837e-01,6.129319686419788695e+02,6.480489373207092285e-01,9.721549153327941895e-01,-4.338209443763680895e-01,6.475832868455713154e-01,1.000000000000000000e+00,1.000000000000000000e+00,0.000000000000000000e+00,0.000000000000000000e+00
1.245999999999982322e+01,-3.811013135635024085e-01,-2.183549683408048381e+01,1.560184767160354702e-01,6.178928255982076507e+02,5.762761831283569336e-01,9.605101943016052246e-01,-4.346766513707584489e-01,6.534589240310360037e-01,1.000000000000000000e+00,1.000000000000000000e+00,0.000000000000000000e+00,0.000000000000000000e+00
1.247999999999982279e+01,-3.661020802981793665e-01,-2.097610407204524563e+01,1.563110136080314017e-01,6.225695020880508537e+02,4.994641542434692383e-01,9.468306303024291992e-01,-4.367828876515983394e-01,6.578506532311112487e-01,1.000000000000000000e+00,1.000000000000000000e+00,0.000000000000000000e+00,0.000000000000000000e+00
1.249999999999982236e+01,-3.503427523741566851e-01,-2.007316109403608095e+01,1.569247346216902927e-01,6.269392661041906649e+02,4.181851148605346680e-01,9.311196804046630859e-01,-4.401135571526378909e-01,6.607638226825645056e-01,1.000000000000000000e+00,1.000000000000000000e+00,0.000000000000000000e+00,0.000000000000000000e+00
1.251999999999982194e+01,-3.338309871866043110e-01,-1.912710663647829179e+01,1.578572302598017230e-01,6.309549765979153335e+02,3.330894410610198975e-01,9.133906364440917969e-01,-4.446346260665580696e-01,6.622040399078811257e-01,1.000000000000000000e+00,1.000000000000000000e+00,0.000000000000000000e+00,0.000000000000000000e+00
1.253999999999982151e+01,-3.165749941044042615e-01,-1.813841106156128191e+01,1.591028894007164851e-01,6.345501518296255199e+02,2.449055612087249756e-01,8.936702013015747070e-01,-4.503038788882139376e-01,6.621773722063227785e-01,1.000000000000000000e+00,1.000000000000000000e+00,0.000000000000000000e+00,0.000000000000000000e+00
1.255999999999982109e+01,-2.985838550455572893e-01,-1.710759472485638355e+01,1.606526250919093068e-01,6.376439258136360877e+02,1.544369459152221680e-01,8.720015287399291992e-01,-4.570705841348679521e-01,6.606908116938146058e-01,1.000000000000000000e+00,1.000000000000000000e+00,0.000000000000000000e+00,0.000000000000000000e+00
1.257999999999982066e+01,-2.798678807234975530e-01,-1.603524838672713670e+01,1.624936068930525335e-01,6.401480421684528892e+02,6.255135685205459595e-02,8.484467864036560059e-01,-4.648751515520517241e-01,6.577529664649345298e-01,9.999999999999997780e-01,1.000000000000000000e+00,0.000000000000000000e+00,0.000000000000000000e+00
1.259999999999982023e+01,-2.604389992416096256e-01,-1.492205547715508018e+01,1.646090646547349323e-01,6.419746736477620743e+02,-2.983597479760646820e-02,8.230881690979003906e-01,-4.736488753127633955e-01,6.533749205608746502e-01,1.000000000000000000e+00,1.000000000000000000e+00,0.000000000000000000e+00,0.000000000000000000e+00
1.261999999999981981e+01,-2.403111709773013693e-01,-1.376881586684608649e+01,1.669782210380338361e-01,6.430437179960825915e+02,-1.217834502458572388e-01,7.960281968116760254e-01,-4.833138531517360281e-01,6.475711933670934561e-01,1.000000000000000000e+00,1.000000000000000000e+00,0.000000000000000000e+00,0.000000000000000000e+00
1.263999999999981938e+01,-2.195008202065777958e-01,-1.257647059749680629e+01,1.695764011420644590e-01,6.432899879136695063e+02,-2.123486399650573730e-01,7.673888802528381348e-01,-4.937831610307505947e-01,6.403607270998146195e-01,1.000000000000000000e+00,1.000000000000000000e+00,0.000000000000000000e+00,0.000000000000000000e+00
1.265999999999981895e+01,-1.980272710534998204e-01,-1.134612685985871572e+01,1.723753547213643378e-01,6.426701019687748158e+02,-3.006170392036437988e-01,7.373088002204895020e-01,-5.049613500656277010e-01,6.317678158909418862e-01,1.000000000000000000e+00,1.000000000000000000e+00,0.000000000000000000e+00,0.000000000000000000e+00
1.267999999999981853e+01,-1.759131731392002962e-01,-1.007908238163029502e+01,1.753437848640329866e-01,6.411659326535060472e+02,-3.857280313968658447e-01,7.059398889541625977e-01,-5.167452999325249374e-01,6.218228943639548811e-01,1.000000000000000000e+00,1.000000000000000000e+00,0.000000000000000000e+00,0.000000000000000000e+00
1.269999999999981810e+01,-1.531849006692680426e-01,-8.776848293479798002e+00,1.784480745802379253e-01,6.387881748364786745e+02,-4.669021070003509521e-01,6.734423041343688965e-01,-5.290254363335402665e-01,6.105631086843642530e-01,1.000000000000000000e+00,1.000000000000000000e+00,0.000000000000000000e+00,0.000000000000000000e+00
1.271999999999981767e+01,-1.298729088206531657e-01,-7.441169548510788267e+00,1.816531475092774128e-01,6.355748373002186327e+02,-5.434595346450805664e-01,6.399792432785034180e-01,-5.416872827975528493e-01,5.980326044004994346e-01,1.000000000000000000e+00,1.000000000000000000e+00,0.000000000000000000e+00,0.000000000000000000e+00
1.273999999999981725e+01,-1.060120327803519835e-01,-6.074042055916702765e+00,1.849234057417732113e-01,6.315888257973765576e+02,-6.148353815078735352e-01,6.057109832763671875e-01,-5.546132817711878493e-01,5.842824862066180458e-01,1.000000000000000000e+00,1.000000000000000000e+00,0.000000000000000000e+00,0.000000000000000000e+00
1.275999999999981682e+01,-8.164171710862122566e-02,-4.677725822525002464e+00,1.882236611300592555e-01,6.269119577477428038e+02,-6.805855631828308105e-01,5.707893967628479004e-01,-5.676847952443470069e-01,5.693704278635485228e-01,1.000000000000000222e+00,1.000000000000000000e+00,0.000000000000000000e+00,0.000000000000000000e+00
1.277999999999981640e+01,-5.680616662518778170e-02,-3.254753597940174714e+00,1.915199889942966471e-01,6.216374850057216008e+02,-7.403859496116638184e-01,5.353529453277587891e-01,-5.807841734780772036e-01,5.533599401505293613e-01,9.999999999999997780e-01,1.000000000000000000e+00,0.000000000000000000e+00,0.000000000000000000e+00
1.279999999999981597e+01,-3.155441407290915379e-02,-1.807934751385904759e+00,1.947804452985885948e-01,6.158614890247176845e+02,-7.940244078636169434e-01,4.995222389698028564e-01,-5.937967746068539832e-01,5.363193254271128030e-01,1.000000000000000000e+00,1.000000000000000000e+00,0.000000000000000000e+00,0.000000000000000000e+00
1.281999999999981554e+01,-5.940303393385359954e-03,-3.403543134682223137e-01,1.979756100756122073e-01,6.096742525670149462e+02,-8.413876295089721680e-01,4.633970260620117188e-01,-6.066128232005967291e-01,5.183203718850766251e-01,1.000000000000000000e+00,1.000000000000000000e+00,0.000000000000000000e+00,0.000000000000000000e+00
1.283999999999981512e+01,1.997760927075376003e-02,1.144632695975616787e+00,2.010789401711473023e-01,6.031519699453875774e+02,-8.824430108070373535e-01,4.270542562007904053e-01,-6.191290088919524370e-01,4.994368601407386810e-01,1.000000000000000000e+00,1.000000000000000000e+00,0.000000000000000000e+00,0.000000000000000000e+00
1.285999999999981469e+01,4.613623206586314751e-02,2.643411380010093570e+00,2.040669464446800141e-01,5.963508118409841927e+02,-9.172194004058837891e-01,3.905471563339233398e-01,-6.312497505693904776e-01,4.797429609791621363e-01,1.000000000000000000e+00,1.000000000000000000e+00,0.000000000000000000e+00,0.000000000000000000e+00
1.287999999999981426e+01,7.246818530735632535e-02,4.152121167083479669e+00,2.069192181797319396e-01,5.893026904665441634e+02,-9.457865357398986816e-01,3.539057075977325439e-01,-6.428880801262194522e-01,4.593116087144512028e-01,9.999999999999997780e-01,1.000000000000000000e+00,0.000000000000000000e+00,0.000000000000000000e+00
1.289999999999981384e+01,9.890211385553149270e-02,5.666673708844296442e+00,2.096183341685723400e-01,5.820138292591121854e+02,-9.682356119155883789e-01,3.171379268169403076e-01,-6.539661273786931961e-01,4.382129324918803692e-01,1.000000000000000000e+00,1.000000000000000000e+00,0.000000000000000000e+00,0.000000000000000000e+00
1.291999999999981341e+01,1.253630569415569163e-01,7.182774069609429546e+00,2.121497003599529807e-01,5.744658177712094584e+02,-9.846616387367248535e-01,2.802319228649139404e-01,-6.644152154558080614e-01,4.165128169550333381e-01,1.000000000000000000e+00,1.000000000000000000e+00,0.000000000000000000e+00,0.000000000000000000e+00
1.293999999999981299e+01,1.517728687548594024e-01,8.695944824246405247e+00,2.145013524073824673e-01,5.666191193315625014e+02,-9.951486587524414062e-01,2.431584298610687256e-01,-6.741755992681279785e-01,3.942716500705403249e-01,1.000000000000000000e+00,1.000000000000000000e+00,0.000000000000000000e+00,0.000000000000000000e+00
1.295999999999981256e+01,1.780506839048690004e-01,1.020155272716688977e+01,2.166637508485611818e-01,5.584182109894331916e+02,-9.997577071189880371e-01,2.058739662170410156e-01,-6.831958967269078364e-01,3.715433034957389413e-01,1.000000000000000000e+00,1.000000000000000000e+00,0.000000000000000000e+00,0.000000000000000000e+00
1.297999999999981213e+01,2.041134225118144130e-01,1.169483765189753299e+01,2.186295926295187542e-01,5.497983955274285108e+02,-9.985184669494628906e-01,1.683237850666046143e-01,-6.914322747955241599e-01,3.483743724303775546e-01,9.999999999999997780e-01,1.000000000000000000e+00,0.000000000000000000e+00,0.000000000000000000e+00
1.299999999999981171e+01,2.298763306605908774e-01,1.317094355680562145e+01,2.203936466721280185e-01,5.406929041055120706e+02,-9.914236068725585938e-01,1.304454207420349121e-01,-6.988474581865766755e-01,3.248036895570154403e-01,1.000000000000000000e+00,1.000000000000000000e+00,0.000000000000000000e+00,0.000000000000000000e+00
1.301999999999981128e+01,2.552535528550978761e-01,1.462495128431659275e+01,2.219526198353707902e-01,5.310405154161866221e+02,-9.784266352653503418e-01,9.217188507318496704e-02,-7.054096299712004914e-01,3.008621159568712899e-01,1.000000000000000000e+00,1.000000000000000000e+00,0.000000000000000000e+00,0.000000000000000000e+00
1.303999999999981085e+01,2.801587340044329189e-01,1.605191305218226816e+01,2.233050498535337214e-01,5.207927541937035585e+02,-9.594426155090332031e-01,5.343507975339889526e-02,-7.110912922941000636e-01,2.765726007263821784e-01,1.000000000000000000e+00,1.000000000000000000e+00,0.000000000000000000e+00,0.000000000000000000e+00
1.305999999999981043e+01,3.045056494728410890e-01,1.744688855268383421e+01,2.244512202775864329e-01,5.099206145356422439e+02,-9.343519806861877441e-01,1.416905131191015244e-02,-7.158681513993538914e-01,2.519504953074602760e-01,1.000000000000000000e+00,1.000000000000000000e+00,0.000000000000000000e+00,0.000000000000000000e+00
1.307999999999981000e+01,3.282088629020729620e-01,1.880498264307663803e+01,2.253930885333008394e-01,4.984204906291697057e+02,-9.030073881149291992e-01,-2.568640559911727905e-02,-7.197180868458699088e-01,2.270041073690480249e-01,1.000000000000000000e+00,1.000000000000000000e+00,0.000000000000000000e+00,0.000000000000000000e+00
1.309999999999980957e+01,3.511844117010256561e-01,2.012138462125349392e+01,2.261342179089824156e-01,4.863190048025026613e+02,-8.652430772781372070e-01,-6.618272513151168823e-02,-7.226202581189382634e-01,2.017354728270943087e-01,9.999999999999997780e-01,1.000000000000000000e+00,0.000000000000000000e+00,0.000000000000000000e+00
1.311999999999980915e+01,3.733505217250949748e-01,2.139140917385529406e+01,2.266797022894609104e-01,4.736778290137594922e+02,-8.208891749382019043e-01,-1.073581725358963013e-01,-7.245544016777173413e-01,1.761413351147450013e-01,1.000000000000000000e+00,1.000000000000000000e+00,0.000000000000000000e+00,0.000000000000000000e+00
1.313999999999980872e+01,3.946283522590139370e-01,2.261053906064344332e+01,2.270360703841792505e-01,4.605968168829128331e+02,-7.697880268096923828e-01,-1.492345482110977173e-01,-7.255003672261690628e-01,1.502143188363294357e-01,1.000000000000000000e+00,1.000000000000000000e+00,0.000000000000000000e+00,0.000000000000000000e+00
1.315999999999980830e+01,4.149427714269520173e-01,2.377446954222595821e+01,2.272111522474590251e-01,4.472170519707936478e+02,-7.118156552314758301e-01,-1.918125599622726440e-01,-7.254379392079300937e-01,1.239442873022097436e-01,1.000000000000000000e+00,1.000000000000000000e+00,0.000000000000000000e+00,0.000000000000000000e+00
1.317999999999980787e+01,4.342231609572801965e-01,2.487915448968198362e+01,2.272138888904233767e-01,4.337228609087949280e+02,-6.469069719314575195e-01,-2.350674420595169067e-01,-7.243469902599349863e-01,9.731988213133703491e-02,1.000000000000000000e+00,1.000000000000000000e+00,0.000000000000000000e+00,0.000000000000000000e+00
1.319999999999980744e+01,4.524042446171834264e-01,2.592085385036870093e+01,2.270540625438469684e-01,4.203424761619566539e+02,-5.750843882560729980e-01,-2.789446711540222168e-01,-7.222080075404108124e-01,7.033023388621487126e-02,1.000000000000000000e+00,1.000000000000000000e+00,0.000000000000000000e+00,0.000000000000000000e+00
1.321999999999980702e+01,4.694269305219460620e-01,2.689618190868843683e+01,2.267419229530182323e-01,4.073481395002577301e+02,-4.964913427829742432e-01,-3.233547806739807129e-01,-7.190030313028459297e-01,4.296684074166350065e-02,1.000000000000000000e+00,1.000000000000000000e+00,0.000000000000000000e+00,0.000000000000000000e+00
1.323999999999980659e+01,4.852391486680920352e-01,2.780215527320277502e+01,2.262876945024469566e-01,3.950523450897754856e+02,-4.114248752593994141e-01,-3.681702017784118652e-01,-7.147170288340162214e-01,1.522559247556051591e-02,1.000000000000000000e+00,1.000000000000000000e+00,0.000000000000000000e+00,0.000000000000000000e+00
1.325999999999980616e+01,4.997966556182635856e-01,2.863623898167996629e+01,2.257009550776406526e-01,3.838022060011861640e+02,-3.203693926334381104e-01,-4.132215380668640137e-01,-7.093397060433807022e-01,-1.289109502676792814e-02,1.000000000000000000e+00,1.000000000000000000e+00,0.000000000000000000e+00,0.000000000000000000e+00
1.327999999999980574e+01,5.130637676081426513e-01,2.939638850502744916e+01,2.249899083485290552e-01,3.739684839954489348e+02,-2.240242213010787964e-01,-4.582966268062591553e-01,-7.028677280008817085e-01,-4.137208981990799644e-02,1.000000000000000000e+00,1.000000000000000000e+00,0.000000000000000000e+00,0.000000000000000000e+00
1.329999999999980531e+01,5.250139708210421752e-01,3.008108471345027013e+01,2.241606036420093484e-01,3.659293435842967597e+02,-1.233215853571891785e-01,-5.031418204307556152e-01,-6.953072697105251443e-01,-7.019539437783597902e-02,1.000000000000000000e+00,1.000000000000000000e+00,0.000000000000000000e+00,0.000000000000000000e+00
1.331999999999980488e+01,5.356303487891183046e-01,3.068935836473670520e+01,2.232162038085059863e-01,3.600480179614203848e+02,-1.942900009453296661e-02,-5.474663376808166504e-01,-6.866767600209643385e-01,-9.932616093442271643e-02,1.000000000000000000e+00,1.000000000000000000e+00,0.000000000000000000e+00,0.000000000000000000e+00
1.333999999999980446e+01,5.449057628394267105e-01,3.122080044305571889e+01,2.221564449326201285e-01,3.566455027695431568e+02,8.626793324947357178e-02,-5.909502506256103516e-01,-6.770096185015992418e-01,-1.287150272254138639e-01,1.000000000000000000e+00,1.000000000000000000e+00,0.000000000000000000e+00,0.000000000000000000e+00
1.335999999999980403e+01,5.528427250043366215e-01,3.167555487726007613e+01,2.209774644693986156e-01,3.559694502260423405e+02,1.922067850828170776e-01,-6.332566142082214355e-01,-6.663567249816495508e-01,-1.582969562092397531e-01,1.000000000000000000e+00,1.000000000000000000e+00,0.000000000000000000e+00,0.000000000000000000e+00
1.337999999999980361e+01,5.594529175965337053e-01,3.205429101456160623e+01,2.196721659359200940e-01,3.581633444512598885e+02,2.967131137847900391e-01,-6.740464568138122559e-01,-6.547883192573245026e-01,-1.879907658252083225e-01,1.000000000000000000e+00,1.000000000000000000e+00,0.000000000000000000e+00,0.000000000000000000e+00
1.339999999999980318e+01,5.647563409593585604e-01,3.235815479022254948e+01,2.182312271963853523e-01,3.632417004402481666e+02,3.980829119682312012e-01,-7.129958868026733398e-01,-6.423950296349820732e-01,-2.176995075015558112e-01,1.000000000000000000e+00,1.000000000000000000e+00,0.000000000000000000e+00,0.000000000000000000e+00
1.341999999999980275e+01,5.687801075247618243e-01,3.258869963216601207e+01,2.166447543467879822e-01,3.710751480693783151e+02,4.946764111518859863e-01,-7.498133182525634766e-01,-6.292877748019529704e-01,-2.473117960895479805e-01,1.000000000000000000e+00,1.000000000000000000e+00,0.000000000000000000e+00,0.000000000000000000e+00
1.343999999999980233e+01,5.715569426931113028e-01,3.274780056771593451e+01,2.149044204411396652e-01,3.813920880844893304e+02,5.850074291229248047e-01,-7.842542529106140137e-01,-6.155963879594280597e-01,-2.767041000908145865e-01,9.999999999999997780e-01,1.000000000000000000e+00,0.000000000000000000e+00,0.000000000000000000e+00
1.345999999999980190e+01,5.731234916870961982e-01,3.283755721347173306e+01,2.130058001720552263e-01,3.937963667415711484e+02,6.678193211555480957e-01,-8.161324262619018555e-01,-6.014669569816408767e-01,-3.057438957359512877e-01,1.000000000000000000e+00,1.000000000000000000e+00,0.000000000000000000e+00,0.000000000000000000e+00
1.347999999999980147e+01,5.735185584221089705e-01,3.286019287001397515e+01,2.109505101557913875e-01,4.078010112729391494e+02,7.421350479125976562e-01,-8.453252911567687988e-01,-5.870580339344344534e-01,-3.342934833955417129e-01,1.000000000000000000e+00,1.000000000000000000e+00,0.000000000000000000e+00,0.000000000000000000e+00
1.349999999999980105e+01,5.727814122160936883e-01,3.281795750352522134e+01,2.087477696979020969e-01,4.228725365744799092e+02,8.072769045829772949e-01,-8.717732429504394531e-01,-5.725360163848673967e-01,-3.622141719253088588e-01,1.000000000000000000e+00,1.000000000000000000e+00,0.000000000000000000e+00,0.000000000000000000e+00
1.351999999999980062e+01,5.709502863859774457e-01,3.271304172170216873e+01,2.064151000903897692e-01,4.384787344257840687e+02,8.628561496734619141e-01,-8.954741358757019043e-01,-5.580701041657935013e-01,-3.893704965723410183e-01,1.000000000000000000e+00,1.000000000000000000e+00,0.000000000000000000e+00,0.000000000000000000e+00
1.353999999999980020e+01,5.680611641359258890e-01,3.254750721027687632e+01,2.039780498402076758e-01,4.541328244647792758e+02,9.087385535240173340e-01,-9.164731502532958984e-01,-5.438272707529134831e-01,-4.156341376275394794e-01,1.000000000000000000e+00,1.000000000000000000e+00,0.000000000000000000e+00,0.000000000000000000e+00
1.355999999999979977e+01,5.641469059763091209e-01,3.232323673780619089e+01,2.014690273248381236e-01,4.694272863229144264e+02,9.449946284294128418e-01,-9.348504543304443359e-01,-5.299676547490280720e-01,-4.408872496055314394e-01,1.000000000000000000e+00,1.000000000000000000e+00,0.000000000000000000e+00,0.000000000000000000e+00
1.357999999999979934e+01,5.592367268630789034e-01,3.204190419796481137e+01,1.989254801076451862e-01,4.840543805899808376e+02,9.718432426452636719e-01,-9.507089257240295410e-01,-5.166406908812325449e-01,-4.650250028386768708e-01,1.000000000000000000e+00,1.000000000000000000e+00,0.000000000000000000e+00,0.000000000000000000e+00
1.359999999999979892e+01,5.533559971602444172e-01,3.170496320553517222e+01,1.963877428523320978e-01,4.978131406407046029e+02,9.895979762077331543e-01,-9.641618728637695312e-01,-5.039821796636018147e-01,-4.879572312045745708e-01,1.000000000000000000e+00,1.000000000000000000e+00,0.000000000000000000e+00,0.000000000000000000e+00
1.361999999999979849e+01,5.465263162894058446e-01,3.131365131621489084e+01,1.938968786046817161e-01,5.106046578929179418e+02,9.986205101013183594e-01,-9.753233194351196289e-01,-4.921123694518688141e-01,-5.096091755543887825e-01,1.000000000000000222e+00,1.000000000000000000e+00,0.000000000000000000e+00,0.000000000000000000e+00
1.363999999999979806e+01,5.387657932167804198e-01,3.086900609733955392e+01,1.914927780296227788e-01,5.224188610859362143e+02,9.992844462394714355e-01,-9.842999577522277832e-01,-4.811350161827853134e-01,-5.299213935474020865e-01,1.000000000000000000e+00,1.000000000000000000e+00,0.000000000000000000e+00,0.000000000000000000e+00
1.365999999999979764e+01,5.300894650454783807e-01,3.037188911145348769e+01,1.892126924113618491e-01,5.333157472423769150e+02,9.919508099555969238e-01,-9.911861419677734375e-01,-4.711373015897584171e-01,-5.488489658805202343e-01,1.000000000000000222e+00,1.000000000000000000e+00,0.000000000000000000e+00,0.000000000000000000e+00
1.367999999999979721e+01,5.205097913649852082e-01,2.982301424044867488e+01,1.870902670081494856e-01,5.434050550421887920e+02,9.769539237022399902e-01,-9.960601329803466797e-01,-4.621904386225785810e-01,-5.663601571518090960e-01,1.000000000000000000e+00,1.000000000000000000e+00,0.000000000000000000e+00,0.000000000000000000e+00
1.369999999999979678e+01,5.100371731627233451e-01,2.922297741700718632e+01,1.851550613518906929e-01,5.528262531915225964e+02,9.545960426330566406e-01,-9.989830851554870605e-01,-4.543507719816171631e-01,-5.824347024171098175e-01,1.000000000000000000e+00,1.000000000000000000e+00,0.000000000000000000e+00,0.000000000000000000e+00
1.371999999999979636e+01,4.986804584493462755e-01,2.857228559479655416e+01,1.834324783533522185e-01,5.617307499736037926e+02,9.251493811607360840e-01,-9.999986290931701660e-01,-4.476611825572062164e-01,-5.970618831472643828e-01,1.000000000000000222e+00,1.000000000000000000e+00,0.000000000000000000e+00,0.000000000000000000e+00
1.373999999999979593e+01,4.864474099331168588e-01,2.787138354423783682e+01,1.819439940143357248e-01,5.702670622939433542e+02,8.888632059097290039e-01,-9.991340041160583496e-01,-4.421526222454110755e-01,-6.102385346499660246e-01,1.000000000000000000e+00,1.000000000000000000e+00,0.000000000000000000e+00,0.000000000000000000e+00
1.375999999999979551e+01,4.733451208324983561e-01,2.712067767681213581e+01,1.807075697738640130e-01,5.785694084268510551e+02,8.459742069244384766e-01,-9.964020848274230957e-01,-4.378456348867866277e-01,-6.219671100393304730e-01,1.000000000000000000e+00,1.000000000000000000e+00,0.000000000000000000e+00,0.000000000000000000e+00
1.377999999999979508e+01,4.593803741108852812e-01,2.632055662769455395e+01,1.797381388855131823e-01,5.867492659901797651e+02,7.967199683189392090e-01,-9.918032884597778320e-01,-4.347517487857139873e-01,-6.322538908762410648e-01,1.000000000000000222e+00,1.000000000000000000e+00,0.000000000000000000e+00,0.000000000000000000e+00
1.379999999999979465e+01,4.445599462589928663e-01,2.547140866120298242e+01,1.790480763889222837e-01,5.948897916117738305e+02,7.413531541824340820e-01,-9.853287935256958008e-01,-4.328746577385841343e-01,-6.411074148763368230e-01,1.000000000000000000e+00,1.000000000000000000e+00,0.000000000000000000e+00,0.000000000000000000e+00
1.381999999999979423e+01,4.288908606751125063e-01,2.457363618841735686e+01,1.786475838281618711e-01,6.030431174403283876e+02,6.801555156707763672e-01,-9.769633412361145020e-01,-4.322111404642758337e-01,-6.485371697002856317e-01,1.000000000000000000e+00,1.000000000000000000e+00,0.000000000000000000e+00,0.000000000000000000e+00
1.383999999999979380e+01,4.123805980031067797e-01,2.362766781865904164e+01,1.785449456032200677e-01,6.112288229146284948e+02,6.134527325630187988e-01,-9.666885733604431152e-01,-4.327516913661828002e-01,-6.545525790399358002e-01,9.999999999999997780e-01,1.000000000000000000e+00,0.000000000000000000e+00,0.000000000000000000e+00
1.385999999999979337e+01,3.950372713893246512e-01,2.263396840097241025e+01,1.787466310100041256e-01,6.194345504195869125e+02,5.416272282600402832e-01,-9.544865489006042480e-01,-4.344808579400188941e-01,-6.591622969193910997e-01,1.000000000000000000e+00,1.000000000000000000e+00,0.000000000000000000e+00,0.000000000000000000e+00
1.387999999999979295e+01,3.768697747967166833e-01,2.159304752189766674e+01,1.792572375237596050e-01,6.276181212786791548e+02,4.651286900043487549e-01,-9.403432011604309082e-01,-4.373773038013420433e-01,-6.623738119427859949e-01,1.000000000000000000e+00,1.000000000000000000e+00,0.000000000000000000e+00,0.000000000000000000e+00
1.389999999999979252e+01,3.578879120071505326e-01,2.050546689675910628e+01,1.800792861136482348e-01,6.357102155415439029e+02,3.844828009605407715e-01,-9.242519140243530273e-01,-4.414136307090513744e-01,-6.641933532876042046e-01,1.000000000000000000e+00,1.000000000000000000e+00,0.000000000000000000e+00,0.000000000000000000e+00
1.391999999999979210e+01,3.381025133936712557e-01,1.937184706022275194e+01,1.812128945691782178e-01,6.436188146593832471e+02,3.002951145172119141e-01,-9.062168002128601074e-01,-4.465560095720879641e-01,-6.646260806553099254e-01,1.000000000000000000e+00,1.000000000000000000e+00,0.000000000000000000e+00,0.000000000000000000e+00
1.393999999999979167e+01,3.175255467824293909e-01,1.819287371821697974e+01,1.826553663725926369e-01,6.512338488508993350e+02,2.132515907287597656e-01,-8.862560391426086426e-01,-4.527636834958341794e-01,-6.636765344569595104e-01,1.000000000000000000e+00,1.000000000000000000e+00,0.000000000000000000e+00,0.000000000000000000e+00
1.395999999999979124e+01,2.961702283575649020e-01,1.696930410231427899e+01,1.844007453453561929e-01,6.584333973216114373e+02,1.241130083799362183e-01,-8.644044399261474609e-01,-4.599884170793178684e-01,-6.613493129165737283e-01,1.000000000000000000e+00,1.000000000000000000e+00,0.000000000000000000e+00,0.000000000000000000e+00
1.397999999999979082e+01,2.740511392061297791e-01,1.570197364726344169e+01,1.864393890796249564e-01,6.650895555763163429e+02,3.370565548539161682e-02,-8.407157659530639648e-01,-4.681739713228739164e-01,-6.576499350604235739e-01,1.000000000000000222e+00,1.000000000000000000e+00,0.000000000000000000e+00,0.000000000000000000e+00
1.399999999999979039e+01,2.511843532857613859e-01,1.439180332299715914e+01,1.887576259601791151e-01,6.710762249408963953e+02,-5.709563568234443665e-02,-8.152636885643005371e-01,-4.772556899645056805e-01,-6.525858366046657366e-01,1.000000000000000000e+00,1.000000000000000000e+00,0.000000000000000000e+00,0.000000000000000000e+00
1.401999999999978996e+01,2.275875825290669674e-01,1.303980794850084735e+01,1.913375478725052869e-01,6.762755582625678699e+02,-1.473870128393173218e-01,-7.881422042846679688e-01,-4.871602795023811661e-01,-6.461674375593503550e-01,1.000000000000000000e+00,1.000000000000000000e+00,0.000000000000000000e+00,0.000000000000000000e+00
1.403999999999978954e+01,2.032803445814481691e-01,1.164710580248205396e+01,1.941569894922240969e-01,6.805850955832771660e+02,-2.362604290246963501e-01,-7.594647407531738281e-01,-4.978058548023667207e-01,-6.384092163375427731e-01,1.000000000000000000e+00,1.000000000000000000e+00,0.000000000000000000e+00,0.000000000000000000e+00
1.405999999999978911e+01,1.782841585618206715e-01,1.021492983963348600e+01,1.971897237443371309e-01,6.839235718995707884e+02,-3.228297829627990723e-01,-7.293618917465209961e-01,-5.091023080182689453e-01,-6.293307155510458051e-01,1.000000000000000000e+00,1.000000000000000000e+00,0.000000000000000000e+00,0.000000000000000000e+00
1.407999999999978868e+01,1.526227731177880464e-01,8.744640757231971762e+00,2.004058822131985496e-01,6.862353798720650957e+02,-4.062575399875640869e-01,-6.979782581329345703e-01,-5.209520339000210942e-01,-6.189574059018184693e-01,1.000000000000000000e+00,1.000000000000000000e+00,0.000000000000000000e+00,0.000000000000000000e+00
1.409999999999978826e+01,1.263224295374381079e-01,7.237742070333931466e+00,2.037725866175710832e-01,6.874933416536189270e+02,-4.857796728610992432e-01,-6.654676795005798340e-01,-5.332510180879942441e-01,-6.073213341644752017e-01,1.000000000000000000e+00,1.000000000000000000e+00,0.000000000000000000e+00,0.000000000000000000e+00
1.411999999999978783e+01,9.941215925311386314e-02,5.695897157485838136e+00,2.072547423704836078e-01,6.876980806742004688e+02,-5.607253909111022949e-01,-6.319888830184936523e-01,-5.458902603983850632e-01,-5.944615005895875770e-01,1.000000000000000000e+00,1.000000000000000000e+00,0.000000000000000000e+00,0.000000000000000000e+00
1.413999999999978741e+01,7.192411179189139858e-02,4.120948050902494053e+00,2.108159416525617336e-01,6.868759808398490350e+02,-6.305322647094726562e-01,-5.976992845535278320e-01,-5.587574752203541273e-01,-5.804239197862094413e-01,1.000000000000000000e+00,1.000000000000000000e+00,0.000000000000000000e+00,0.000000000000000000e+00
1.415999999999978698e+01,4.389390508603563390e-02,2.514935507777660284e+00,2.144194032701665642e-01,6.850743342622339469e+02,-6.947546005249023438e-01,-5.627496242523193359e-01,-5.717389880649036416e-01,-5.652613350889884591e-01,1.000000000000000000e+00,1.000000000000000000e+00,0.000000000000000000e+00,0.000000000000000000e+00
1.417999999999978655e+01,1.536098453830003763e-02,8.801195832103055894e-01,2.180288725698734942e-01,6.823538076938458516e+02,-7.530632615089416504e-01,-5.272789001464843750e-01,-5.847217232065720083e-01,-5.490325903032702293e-01,1.000000000000000000e+00,1.000000000000000000e+00,0.000000000000000000e+00,0.000000000000000000e+00
1.419999999999978613e+01,-1.363102669651672372e-02,-7.810003001405610989e-01,2.216094279309271664e-01,6.787806487295035822e+02,-8.052400946617126465e-01,-4.914096295833587646e-01,-5.975951695056338497e-01,-5.318016799164724251e-01,1.000000000000000000e+00,1.000000000000000000e+00,0.000000000000000000e+00,0.000000000000000000e+00
1.421999999999978570e+01,-4.303400729078132869e-02,-2.465666993296984355e+00,2.251281462541810940e-01,6.744178751896689619e+02,-8.511655926704406738e-01,-4.552444517612457275e-01,-6.102532142183531016e-01,-5.136365224461063583e-01,1.000000000000000000e+00,1.000000000000000000e+00,0.000000000000000000e+00,0.000000000000000000e+00
1.423999999999978527e+01,-7.279507040019828068e-02,-4.170850303289066474e+00,2.285546084292046920e-01,6.693173994384118259e+02,-8.908024430274963379e-01,-4.188637435436248779e-01,-6.225957445013797775e-01,-4.946075227907788530e-01,1.000000000000000000e+00,1.000000000000000000e+00,0.000000000000000000e+00,0.000000000000000000e+00
1.425999999999978485e+01,-1.028563725025350983e-01,-5.893236040420714694e+00,2.318612458573449941e-01,6.635137991788568570e+02,-9.241765141487121582e-01,-3.823245465755462646e-01,-6.345299381176371378e-01,-4.747860016307547948e-01,1.000000000000000000e+00,1.000000000000000000e+00,0.000000000000000000e+00,0.000000000000000000e+00
1.427999999999978442e+01,-1.331550193984831765e-01,-7.629220632515691491e+00,2.350235459102139601e-01,6.570203679953558549e+02,-9.513567686080932617e-01,-3.456605672836303711e-01,-6.459711907725177449e-01,-4.542425757995811053e-01,1.000000000000000000e+00,1.000000000000000000e+00,0.000000000000000000e+00,0.000000000000000000e+00
1.429999999999978400e+01,-1.636230862599181712e-01,-9.374912273598321022e+00,2.380201441378002880e-01,6.498277864468119560e+02,-9.724355340003967285e-01,-3.088832199573516846e-01,-6.568436549980487538e-01,-4.330455718038634383e-01,1.000000000000000000e+00,1.000000000000000000e+00,0.000000000000000000e+00,0.000000000000000000e+00
1.431999999999978357e+01,-1.941877632507078566e-01,-1.112613926735118675e+01,2.408328365569276930e-01,6.419058074229561726e+02,-9.875110387802124023e-01,-2.719838321208953857e-01,-6.670803944412080355e-01,-4.112595519410791045e-01,1.000000000000000000e+00,1.000000000000000000e+00,0.000000000000000000e+00,0.000000000000000000e+00
1.433999999999978314e+01,-2.247716316072119191e-01,-1.287846584536258021e+01,2.434465408929039620e-01,6.332072315591829010e+02,-9.966720342636108398e-01,-2.349360734224319458e-01,-6.766231812543576085e-01,-3.889440177911398511e-01,1.000000000000000000e+00,1.000000000000000000e+00,0.000000000000000000e+00,0.000000000000000000e+00
1.435999999999978272e+01,-2.552930684805767569e-01,-1.462721536288135304e+01,2.458492298526093744e-01,6.236739723312424530e+02,-9.999858140945434570e-01,-1.976992934942245483e-01,-6.854219828985445018e-01,-3.661523422229261415e-01,1.000000000000000000e+00,1.000000000000000000e+00,0.000000000000000000e+00,0.000000000000000000e+00
1.437999999999978229e+01,-2.856667726584136702e-01,-1.636750042045028408e+01,2.480318535463917062e-01,6.132447068723283792e+02,-9.974899291992187500e-01,-1.602218896150588989e-01,-6.934342000582865984e-01,-3.429309668112998088e-01,1.000000000000000000e+00,1.000000000000000000e+00,0.000000000000000000e+00,0.000000000000000000e+00
1.439999999999978186e+01,-3.158043980911275916e-01,-1.809425916229092124e+01,2.499882560098745377e-01,6.018627457734614836e+02,-9.891866445541381836e-01,-1.224449649453163147e-01,-7.006237235292566146e-01,-3.193188845595283376e-01,1.000000000000000000e+00,1.000000000000000000e+00,0.000000000000000000e+00,0.000000000000000000e+00
1.441999999999978144e+01,-3.456152780960470849e-01,-1.980229677014374445e+01,2.517150911125182189e-01,5.894845925588650744e+02,-9.750418066978454590e-01,-8.430580794811248779e-02,-7.069598823999555526e-01,-2.953474128142535848e-01,9.999999999999997780e-01,1.000000000000000000e+00,0.000000000000000000e+00,0.000000000000000000e+00
1.443999999999978101e+01,-3.750072211042589920e-01,-2.148633105620333694e+01,2.532117311666505777e-01,5.760873051659287967e+02,-9.549860358238220215e-01,-4.574180021882057190e-02,-7.124163545431242417e-01,-2.710402534490398696e-01,1.000000000000000000e+00,1.000000000000000000e+00,0.000000000000000000e+00,0.000000000000000000e+00
1.445999999999978058e+01,-4.038873575434820395e-01,-2.314104098593279346e+01,2.544801663826603555e-01,5.616754340152973555e+02,-9.289196133613586426e-01,-6.693529430776834488e-03,-7.169701058294740692e-01,-2.464138237659883601e-01,1.000000000000000000e+00,1.000000000000000000e+00,0.000000000000000000e+00,0.000000000000000000e+00
1.447999999999978016e+01,-4.321630181265851967e-01,-2.476111700028902618e+01,2.555248856609177999e-01,5.462866180121985735e+02,-8.967204689979553223e-01,3.289108350872993469e-02,-7.206004210598051518e-01,-2.214778420334233000e-01,1.000000000000000000e+00,1.000000000000000000e+00,0.000000000000000000e+00,0.000000000000000000e+00
1.449999999999977973e+01,-4.597426249105471818e-01,-2.634131206964041994e+01,2.563527324783999584e-01,5.299958413830945574e+02,-8.582548499107360840e-01,7.305372506380081177e-02,-7.232880823723902841e-01,-1.962361463026112696e-01,1.000000000000000000e+00,1.000000000000000000e+00,0.000000000000000000e+00,0.000000000000000000e+00
1.451999999999977931e+01,-4.865365778915262673e-01,-2.787649249192249101e+01,2.569727253732679850e-01,5.129186822297001527e+02,-8.133917450904846191e-01,1.138218492269515991e-01,-7.250147463681601012e-01,-1.706877226331504349e-01,1.000000000000000000e+00,1.000000000000000000e+00,0.000000000000000000e+00,0.000000000000000000e+00
1.453999999999977888e+01,-5.124581218934944893e-01,-2.936168756169792360e+01,2.573958314562428407e-01,4.952130408607055756e+02,-7.620199918746948242e-01,1.552052497863769531e-01,-7.257625660756668040e-01,-1.448279231683337887e-01,1.000000000000000000e+00,1.000000000000000000e+00,0.000000000000000000e+00,0.000000000000000000e+00
1.455999999999977845e+01,-5.374241799987520274e-01,-3.079213732220756228e+01,2.576346779263090081e-01,4.770799152821869029e+02,-7.040690779685974121e-01,1.971920728683471680e-01,-7.255140991578550302e-01,-1.186498571534622820e-01,1.000000000000000000e+00,1.000000000000000000e+00,0.000000000000000000e+00,0.000000000000000000e+00
1.457999999999977803e+01,-5.613561403276814410e-01,-3.216333764452973298e+01,2.577031863659017263e-01,4.587625146380807450e+02,-6.395322084426879883e-01,2.397456169128417969e-01,-7.242525375709975011e-01,-9.214593423108866088e-02,1.000000000000000000e+00,1.000000000000000000e+00,0.000000000000000000e+00,0.000000000000000000e+00
1.459999999999977760e+01,-5.841805832783122376e-01,-3.347108189533800271e+01,2.576161118023025942e-01,4.405442421556480213e+02,-5.684924125671386719e-01,2.828004956245422363e-01,-7.219622871158676292e-01,-6.530954051765365531e-02,1.000000000000000000e+00,1.000000000000000000e+00,0.000000000000000000e+00,0.000000000000000000e+00
1.461999999999977717e+01,-6.058299357522156647e-01,-3.471149842128377827e+01,2.573884759030762859e-01,4.227443124724377981e+02,-4.911490082740783691e-01,3.262600898742675781e-01,-7.186299137028456796e-01,-3.813682105811578432e-02,1.000000000000000000e+00,1.000000000000000000e+00,0.000000000000000000e+00,0.000000000000000000e+00
1.463999999999977675e+01,-6.262430380240959771e-01,-3.588108302823142992e+01,2.570348887174002117e-01,4.057117901100244808e+02,-4.078449606895446777e-01,3.699938058853149414e-01,-7.142454592586693352e-01,-1.062853600392735069e-02,1.000000000000000000e+00,1.000000000000000000e+00,0.000000000000000000e+00,0.000000000000000000e+00
1.465999999999977632e+01,-6.453656083016565681e-01,-3.697672559857796415e+01,2.565687753622134526e-01,3.898160348603162788e+02,-3.190903365612030029e-01,4.138360619544982910e-01,-7.088041075187564433e-01,1.720805292015410021e-02,1.000000000000000000e+00,1.000000000000000000e+00,0.000000000000000000e+00,0.000000000000000000e+00
1.467999999999977589e+01,-6.631505892091058563e-01,-3.799572994329555797e+01,2.560015483997202246e-01,3.754337803968289222e+02,-2.255797833204269409e-01,4.575870335102081299e-01,-7.023081461643236878e-01,4.535733589423696088e-02,1.000000000000000000e+00,1.000000000000000000e+00,0.000000000000000000e+00,0.000000000000000000e+00
1.469999999999977547e+01,-6.795583615086986384e-01,-3.893582604727388485e+01,2.553417986118750593e-01,3.629324589322870338e+02,-1.282002329826354980e-01,5.010153651237487793e-01,-6.947691336653314398e-01,7.379363719544528022e-02,1.000000000000000000e+00,1.000000000000000000e+00,0.000000000000000000e+00,0.000000000000000000e+00
1.471999999999977504e+01,-6.945568135518964681e-01,-3.979517404857848817e+01,2.545946057425046982e-01,3.526509117442395791e+02,-2.802687510848045349e-02,5.438627600669860840e-01,-6.862101404684479711e-01,1.024797255234986548e-01,9.999999999999997780e-01,1.000000000000000000e+00,0.000000000000000000e+00,0.000000000000000000e+00
1.473999999999977462e+01,-7.081212592483376866e-01,-4.057235953841896503e+01,2.537611071180875255e-01,3.448764948985885326e+02,7.369860261678695679e-02,5.858523249626159668e-01,-6.766678888442460016e-01,1.313656778221433397e-01,1.000000000000000000e+00,1.000000000000000000e+00,0.000000000000000000e+00,0.000000000000000000e+00
1.475999999999977419e+01,-7.202342044541594213e-01,-4.126638017618576981e+01,2.528384498105243905e-01,3.398232385487286251e+02,1.756044030189514160e-01,6.266978979110717773e-01,-6.661945845083091511e-01,1.603882213877135254e-01,1.000000000000000000e+00,1.000000000000000000e+00,0.000000000000000000e+00,0.000000000000000000e+00
1.477999999999977376e+01,-7.308849698442072551e-01,-4.187662408161951788e+01,2.518202427400091370e-01,3.376113484712727200e+02,2.762420177459716797e-01,6.661162972450256348e-01,-6.548592200433752675e-01,1.894706685814470937e-01,1.000000000000000000e+00,1.000000000000000000e+00,0.000000000000000000e+00,0.000000000000000000e+00
1.479999999999977334e+01,-7.400691863960129346e-01,-4.240284092817218209e+01,2.506975471760627405e-01,3.382533853517060152e+02,3.741493821144104004e-01,7.038396000862121582e-01,-6.427481444584092207e-01,2.185235330201261983e-01,1.000000000000000000e+00,1.000000000000000000e+00,0.000000000000000000e+00,0.000000000000000000e+00
1.481999999999977291e+01,-7.477881872675493646e-01,-4.284510710016902379e+01,2.494603627379998190e-01,3.416485361771491966e+02,4.679196178913116455e-01,7.396272420883178711e-01,-6.299647418182250380e-01,2.474458625536266609e-01,1.000000000000000000e+00,1.000000000000000000e+00,0.000000000000000000e+00,0.000000000000000000e+00
1.483999999999977248e+01,-7.540483250799936421e-01,-4.320378657599233918e+01,2.480994536604682332e-01,3.475880544421538616e+02,5.562658309936523438e-01,7.732757925987243652e-01,-6.166281400349574726e-01,2.761272587116185284e-01,1.000000000000000000e+00,1.000000000000000000e+00,0.000000000000000000e+00,0.000000000000000000e+00
1.485999999999977206e+01,-7.588602449371890657e-01,-4.347948927516483053e+01,2.466082843731270680e-01,3.557710236665373600e+02,6.380756497383117676e-01,8.046268820762634277e-01,-6.028709708432337111e-01,3.044504921217686122e-01,1.000000000000000000e+00,1.000000000000000000e+00,0.000000000000000000e+00,0.000000000000000000e+00
1.487999999999977163e+01,-7.622381431549092312e-01,-4.367302858666496235e+01,2.449847776828894541e-01,3.658297166076243911e+02,7.124485373497009277e-01,8.335701227188110352e-01,-5.888363065838949639e-01,3.322945524049920052e-01,1.000000000000000000e+00,1.000000000000000000e+00,0.000000000000000000e+00,0.000000000000000000e+00
1.489999999999977121e+01,-7.641990383891883454e-01,-4.378537960765646631e+01,2.432326351431534639e-01,3.773607660291399384e+02,7.787126898765563965e-01,8.600431680679321289e-01,-5.746739938849698692e-01,3.595379211777745554e-01,1.000000000000000000e+00,1.000000000000000000e+00,0.000000000000000000e+00,0.000000000000000000e+00
1.491999999999977078e+01,-7.647620775185939301e-01,-4.381763937347212590e+01,2.413620314716226345e-01,3.899581091329434912e+02,8.364222645759582520e-01,8.840277791023254395e-01,-5.605366666909724627e-01,3.860618394474434889e-01,1.000000000000000000e+00,1.000000000000000000e+00,0.000000000000000000e+00,0.000000000000000000e+00
1.493999999999977035e+01,-7.639478932761694097e-01,-4.377099005263514897e+01,2.393896076781950877e-01,4.032429509031202315e+02,8.853376507759094238e-01,9.055432677268981934e-01,-5.465757432974148733e-01,4.117533412340758092e-01,1.000000000000000000e+00,1.000000000000000000e+00,0.000000000000000000e+00,0.000000000000000000e+00
1.495999999999976993e+01,-7.617780206303166324e-01,-4.364666550794689925e+01,2.373378153593078688e-01,4.168869440379812659e+02,9.253936409950256348e-01,9.246383905410766602e-01,-5.329376947470306769e-01,4.365078609937521614e-01,1.000000000000000000e+00,1.000000000000000000e+00,0.000000000000000000e+00,0.000000000000000000e+00
1.497999999999976950e+01,-7.582743784182017777e-01,-4.344592159626883898e+01,2.352337654888377871e-01,4.306277671190032379e+02,9.566616415977478027e-01,9.413825273513793945e-01,-5.197608190420996976e-01,4.602312744514842069e-01,1.000000000000000000e+00,1.000000000000000000e+00,0.000000000000000000e+00,0.000000000000000000e+00
1.499999999999976907e+01,-7.534588233133558965e-01,-4.317001061274849150e+01,2.331077831473514772e-01,4.442764126033910088e+02,9.793106317520141602e-01,9.558567404747009277e-01,-5.071726815464739913e-01,4.828412882134213713e-01,1.000000000000000000e+00,1.000000000000000000e+00,0.000000000000000000e+00,0.000000000000000000e+00
1.501999999999976865e+01,-7.473527785929272582e-01,-4.282016002074978900e+01,2.309918859623272536e-01,4.577167275816918846e+02,9.935707449913024902e-01,9.681464433670043945e-01,-4.952883025057759903e-01,5.042681612876157571e-01,1.000000000000000000e+00,1.000000000000000000e+00,0.000000000000000000e+00,0.000000000000000000e+00
1.503999999999976822e+01,-7.399769375896179113e-01,-4.239755546090062666e+01,2.289183732979197250e-01,4.708988795164913199e+02,9.997028708457946777e-01,9.783344268798828125e-01,-4.842090958854474159e-01,5.244547908195984487e-01,1.000000000000000000e+00,1.000000000000000000e+00,0.000000000000000000e+00,0.000000000000000000e+00
1.505999999999976779e+01,-7.313510394542825921e-01,-4.190332790323614631e+01,2.269186643841104301e-01,4.838285334634126116e+02,9.979752302169799805e-01,9.864960908889770508e-01,-4.740225001132220006e-01,5.433562354797956129e-01,1.000000000000000000e+00,1.000000000000000000e+00,0.000000000000000000e+00,0.000000000000000000e+00
1.507999999999976737e+01,-7.214937126108096344e-01,-4.133854467782413167e+01,2.250224581827209303e-01,4.965536334458993224e+02,9.886478185653686523e-01,9.926958680152893066e-01,-4.648021953226072478e-01,5.609387825037003283e-01,1.000000000000000222e+00,1.000000000000000000e+00,0.000000000000000000e+00,0.000000000000000000e+00
1.509999999999976694e+01,-7.104223799886413282e-01,-4.070420404498837996e+01,2.232572273083817671e-01,5.091508158778182178e+02,9.719634056091308594e-01,9.969850182533264160e-01,-4.566087759511021082e-01,5.771786740469010413e-01,1.000000000000000000e+00,1.000000000000000000e+00,0.000000000000000000e+00,0.000000000000000000e+00
1.511999999999976652e+01,-6.981532190369570401e-01,-4.000123290429015555e+01,2.216480151756103079e-01,5.217122886192238411e+02,9.481448531150817871e-01,9.994006156921386719e-01,-4.494907388504643109e-01,5.920606109188478738e-01,1.000000000000000000e+00,1.000000000000000000e+00,0.000000000000000000e+00,0.000000000000000000e+00
1.513999999999976609e+01,-6.847011692541493666e-01,-3.923048722593540560e+01,2.202174752933509505e-01,5.343338575842002456e+02,9.173980355262756348e-01,9.999655485153198242e-01,-4.434856486651906349e-01,6.055761453768905289e-01,1.000000000000000000e+00,1.000000000000000000e+00,0.000000000000000000e+00,0.000000000000000000e+00
1.515999999999976566e+01,-6.700799800432730713e-01,-3.839275479268997771e+01,2.189860740884994050e-01,5.471052126719370108e+02,8.799179792404174805e-01,9.986893534660339355e-01,-4.386213570803485506e-01,6.177220626013226745e-01,1.000000000000000000e+00,1.000000000000000000e+00,0.000000000000000000e+00,0.000000000000000000e+00
1.517999999999976524e+01,-6.543022925848558380e-01,-3.748875989084617544e+01,2.179723815261982445e-01,5.601014097166530519e+02,8.358994722366333008e-01,9.955698251724243164e-01,-4.349171691055468414e-01,6.284988364635241131e-01,1.000000000000000000e+00,1.000000000000000000e+00,0.000000000000000000e+00,0.000000000000000000e+00
1.519999999999976481e+01,-6.373797507892073888e-01,-3.651916966732178338e+01,2.171933733889939433e-01,5.733772941775223444e+02,7.855481505393981934e-01,9.905949234962463379e-01,-4.323848730635915238e-01,6.379092265071206747e-01,1.000000000000000000e+00,1.000000000000000000e+00,0.000000000000000000e+00,0.000000000000000000e+00
1.521999999999976438e+01,-6.193231382871511315e-01,-3.548460197865080090e+01,2.166646883133979407e-01,5.869626027246795275e+02,7.290949225425720215e-01,9.837452173233032227e-01,-4.310295713881706625e-01,6.459570661391803581e-01,1.000000000000000000e+00,1.000000000000000000e+00,0.000000000000000000e+00,0.000000000000000000e+00
1.523999999999976396e+01,-6.001425401648998736e-01,-3.438563465770925376e+01,2.164007896740882397e-01,6.008594455540104491e+02,6.668095588684082031e-01,9.749969840049743652e-01,-4.308502702165720732e-01,6.526462830634939261e-01,1.000000000000000000e+00,1.000000000000000000e+00,0.000000000000000000e+00,0.000000000000000000e+00
1.525999999999976353e+01,-5.798475300900434171e-01,-3.322281623524449401e+01,2.164150004922331672e-01,6.150410050142661476e+02,5.990145802497863770e-01,9.643253087997436523e-01,-4.318402088658088167e-01,6.579801788676984398e-01,1.000000000000000000e+00,1.000000000000000000e+00,0.000000000000000000e+00,0.000000000000000000e+00
1.527999999999976311e+01,-5.584473855778946394e-01,-3.199667827372832107e+01,2.167193933735879485e-01,6.294517291125534939e+02,5.260976552963256836e-01,9.517074227333068848e-01,-4.339869288320603591e-01,6.619609802128001430e-01,1.000000000000000222e+00,1.000000000000000000e+00,0.000000000000000000e+00,0.000000000000000000e+00
1.529999999999976268e+01,-5.359513354480651692e-01,-3.070774954557436232e+01,2.173245302636847565e-01,6.440079821938498981e+02,4.485231637954711914e-01,9.371266961097717285e-01,-4.372720971888851005e-01,6.645896716468604470e-01,1.000000000000000222e+00,1.000000000000000000e+00,0.000000000000000000e+00,0.000000000000000000e+00
1.531999999999976225e+01,-5.123688447445866601e-01,-2.935657235785854624e+01,2.182390618879989641e-01,6.586011662877710933e+02,3.668388426303863525e-01,9.205757379531860352e-01,-4.416711197444400105e-01,6.658661035783548510e-01,1.000000000000000000e+00,1.000000000000000000e+00,0.000000000000000000e+00,0.000000000000000000e+00
1.533999999999976183e+01,-4.877099422714668009e-01,-2.794372131872406939e+01,2.194692114629428203e-01,6.731009464782957821e+02,2.816793918609619141e-01,9.020603895187377930e-01,-4.471525970871703670e-01,6.657893634037256314e-01,1.000000000000000222e+00,1.000000000000000000e+00,0.000000000000000000e+00,0.000000000000000000e+00
1.535999999999976140e+01,-4.619855955185485641e-01,-2.646982481905079254e+01,2.210181783391584054e-01,6.873596231499185478e+02,1.937655210494995117e-01,8.816027045249938965e-01,-4.536776864368721740e-01,6.643583902633672933e-01,1.000000000000000000e+00,1.000000000000000000e+00,0.000000000000000000e+00,0.000000000000000000e+00
1.537999999999976097e+01,-4.352081361132871251e-01,-2.493558940904641830e+01,2.228855137154288901e-01,7.012181399600135592e+02,1.038957685232162476e-01,8.592437505722045898e-01,-4.611994489698039157e-01,6.615727992615458852e-01,1.000000000000000222e+00,1.000000000000000000e+00,0.000000000000000000e+00,0.000000000000000000e+00
1.539999999999976055e+01,-4.073917365180812489e-01,-2.334182711099171215e+01,2.250665262032615632e-01,7.145120301504897498e+02,1.293403655290603638e-02,8.350451588630676270e-01,-4.696622690312702297e-01,6.574338680933539125e-01,1.000000000000000000e+00,1.000000000000000000e+00,0.000000000000000000e+00,0.000000000000000000e+00
1.541999999999976012e+01,-3.785529350149388073e-01,-2.168948549864611408e+01,2.275517810386145090e-01,7.270781515603199523e+02,-7.820963859558105469e-02,8.090905547142028809e-01,-4.790014330409638754e-01,6.519456343000890053e-01,9.999999999999997780e-01,1.000000000000000000e+00,0.000000000000000000e+00,0.000000000000000000e+00
1.543999999999975969e+01,-3.487112021455365252e-01,-1.997968015187253954e+01,2.303267591604638287e-01,7.387619321439358373e+02,-1.686034202575683594e-01,7.814843654632568359e-01,-4.891429555075757496e-01,6.451160313607271490e-01,1.000000000000000000e+00,1.000000000000000000e+00,0.000000000000000000e+00,0.000000000000000000e+00
1.545999999999975927e+01,-3.178895371559526950e-01,-1.821372883040325519e+01,2.333717221755147730e-01,7.494229926958067836e+02,-2.573204040527343750e-01,7.523509860038757324e-01,-5.000037236836348820e-01,6.369579904531251779e-01,1.000000000000000000e+00,1.000000000000000000e+00,0.000000000000000000e+00,0.000000000000000000e+00
1.547999999999975884e+01,-2.861150789192459243e-01,-1.639318647712526200e+01,2.366618231023983887e-01,7.589407003679231138e+02,-3.434675931930541992e-01,7.218310236930847168e-01,-5.114920116547023721e-01,6.274904279822648423e-01,9.999999999999997780e-01,1.000000000000000000e+00,0.000000000000000000e+00,0.000000000000000000e+00
1.549999999999975842e+01,-2.534197121723060775e-01,-1.451987995289323408e+01,2.401674690012510494e-01,7.672173270258666662e+02,-4.262134432792663574e-01,6.900776028633117676e-01,-5.235083874039783147e-01,6.167390384474398246e-01,1.000000000000000000e+00,1.000000000000000000e+00,0.000000000000000000e+00,0.000000000000000000e+00
1.551999999999975799e+01,-2.198406471836897857e-01,-1.259594124905001244e+01,2.438549231267988782e-01,7.741796188624066417e+02,-5.048125386238098145e-01,6.572508811950683594e-01,-5.359470030844036836e-01,6.047368238383195038e-01,1.000000000000000000e+00,1.000000000000000000e+00,0.000000000000000000e+00,0.000000000000000000e+00
1.553999999999975756e+01,-1.854209501927064352e-01,-1.062383787934752633e+01,2.476870999132237683e-01,7.797772745595424340e+02,-5.786238312721252441e-01,6.235125660896301270e-01,-5.486972219206064372e-01,5.915243028970642580e-01,1.000000000000000000e+00,1.000000000000000000e+00,0.000000000000000000e+00,0.000000000000000000e+00
1.555999999999975714e+01,-1.502100024317165605e-01,-8.606399179987191062e+00,2.516244988718489561e-01,7.839799632205598527e+02,-6.471230983734130859e-01,5.890197753906250000e-01,-5.616455044521099227e-01,5.771493647410739225e-01,1.000000000000000000e+00,1.000000000000000000e+00,0.000000000000000000e+00,0.000000000000000000e+00
1.557999999999975671e+01,-1.142638675080687172e-01,-6.546837359054356931e+00,2.556262033763367358e-01,7.867717763135379982e+02,-7.099068760871887207e-01,5.539196133613586426e-01,-5.746774521343565034e-01,5.616667564673228918e-01,1.000000000000000000e+00,1.000000000000000000e+00,0.000000000000000000e+00,0.000000000000000000e+00
1.559999999999975628e+01,-7.764555028072228637e-02,-4.448762329056211051e+00,2.596508783862405689e-01,7.881447899987118717e+02,-7.666892409324645996e-01,5.183441638946533203e-01,-5.876798899573917323e-01,5.451372226038081470e-01,1.000000000000000000e+00,1.000000000000000000e+00,0.000000000000000000e+00,0.000000000000000000e+00
1.561999999999975586e+01,-4.042513460467267450e-02,-2.316189599095999974e+00,2.636577088983942385e-01,7.880922278545198196e+02,-8.172919154167175293e-01,4.824064970016479492e-01,-6.005428678076488724e-01,5.276263367314867336e-01,1.000000000000000222e+00,1.000000000000000000e+00,0.000000000000000000e+00,0.000000000000000000e+00
1.563999999999975543e+01,-2.679791801694975106e-03,-1.535407602108809222e-01,2.676072358208243518e-01,7.866020542642672808e+02,-8.616289496421813965e-01,4.461980164051055908e-01,-6.131614680717347721e-01,5.092030897486724550e-01,1.000000000000000000e+00,1.000000000000000000e+00,0.000000000000000000e+00,0.000000000000000000e+00
1.565999999999975500e+01,3.550634352494785873e-02,2.034363629921170702e+00,2.714620689146365340e-01,7.836523117169240322e+02,-8.996883034706115723e-01,4.097867012023925781e-01,-6.254373263760484303e-01,4.899383113544257817e-01,1.000000000000000000e+00,1.000000000000000000e+00,0.000000000000000000e+00,0.000000000000000000e+00
1.567999999999975458e+01,7.404242960501061788e-02,4.242318721261607806e+00,2.751874679341720920e-01,7.792083045133002770e+02,-9.315115809440612793e-01,3.732170164585113525e-01,-6.372797984930718140e-01,4.699030116309478311e-01,1.000000000000000000e+00,1.000000000000000000e+00,0.000000000000000000e+00,0.000000000000000000e+00
1.569999999999975415e+01,1.128313010481973855e-01,6.464757347031731882e+00,2.787517997552699245e-01,7.732223740703134354e+02,-9.571738243103027344e-01,3.365106582641601562e-01,-6.486067353740002650e-01,4.491667317391600522e-01,1.000000000000000000e+00,1.000000000000000000e+00,0.000000000000000000e+00,0.000000000000000000e+00
1.571999999999975373e+01,1.517699718243634699e-01,8.695778842355446514e+00,2.821268850985325649e-01,7.656361327524126636e+02,-9.767645597457885742e-01,2.996681928634643555e-01,-6.593448576832495744e-01,4.277959830206405911e-01,9.999999999999997780e-01,1.000000000000000000e+00,0.000000000000000000e+00,0.000000000000000000e+00
1.573999999999975330e+01,1.907502474574962470e-01,1.092918412039059639e+01,2.852882513299093148e-01,7.563850512929748220e+02,-9.903714656829833984e-01,2.626717686653137207e-01,-6.694297486149881626e-01,4.058528475106579769e-01,1.000000000000000000e+00,1.000000000000000000e+00,0.000000000000000000e+00,0.000000000000000000e+00
1.575999999999975287e+01,2.296594341014568386e-01,1.315851629937633049e+01,2.882153078963851089e-01,7.454048407323476795e+02,-9.980669021606445312e-01,2.254878580570220947e-01,-6.788055059348321318e-01,3.833937953778698282e-01,1.000000000000000000e+00,1.000000000000000000e+00,0.000000000000000000e+00,0.000000000000000000e+00
1.577999999999975245e+01,2.683811308938213180e-01,1.537710610116407217e+01,2.908914547754445357e-01,7.326388540072038040e+02,-9.998977184295654297e-01,1.880708187818527222e-01,-6.874241096201207935e-01,3.604687597488218098e-01,1.000000000000000000e+00,1.000000000000000000e+00,0.000000000000000000e+00,0.000000000000000000e+00
1.579999999999975202e+01,3.067960913527163491e-01,1.757812120562069680e+01,2.933041343262924872e-01,7.180460806782177769e+02,-9.958785176277160645e-01,1.503661870956420898e-01,-6.952445716311219659e-01,3.371204930876769978e-01,1.000000000000000000e+00,1.000000000000000000e+00,0.000000000000000000e+00,0.000000000000000000e+00
1.581999999999975159e+01,3.447831398809513281e-01,1.975461876244720827e+01,2.954448323070112958e-01,7.016091234759229565e+02,-9.859887361526489258e-01,1.123144477605819702e-01,-7.022319405456797226e-01,3.133842150512696767e-01,1.000000000000000000e+00,1.000000000000000000e+00,0.000000000000000000e+00,0.000000000000000000e+00
1.583999999999975117e+01,3.822201301593306511e-01,2.189960030307063477e+01,2.973090306769606284e-01,6.833411396367557700e+02,-9.701723456382751465e-01,7.385445386171340942e-02,-7.083562328601715752e-01,2.892875497150906861e-01,1.000000000000000000e+00,1.000000000000000000e+00,0.000000000000000000e+00,0.000000000000000000e+00
1.585999999999975074e+01,4.189849336449547046e-01,2.400606837742475363e+01,2.988961153467196707e-01,6.632919960315052776e+02,-9.483412504196166992e-01,3.492719307541847229e-02,-7.135913598679760605e-01,2.648507417418331511e-01,1.000000000000000222e+00,1.000000000000000000e+00,0.000000000000000000e+00,0.000000000000000000e+00
1.587999999999975032e+01,4.549564482049848202e-01,2.606708434440786704e+01,3.002092412964598167e-01,6.415530704539837643e+02,-9.203816056251525879e-01,-4.520958755165338516e-03,-7.179141153271449971e-01,2.400871327668241961e-01,1.000000000000000000e+00,1.000000000000000000e+00,0.000000000000000000e+00,0.000000000000000000e+00
1.589999999999974989e+01,4.900156190777393839e-01,2.807582686864469323e+01,3.012551544235933521e-01,6.182607138114054806e+02,-8.861634135246276855e-01,-4.453452304005622864e-02,-7.213032835235437812e-01,2.150038770488987283e-01,1.000000000000000000e+00,1.000000000000000000e+00,0.000000000000000000e+00,0.000000000000000000e+00
1.591999999999974946e+01,5.240464664432105124e-01,3.002565079594008424e+01,3.020439681339041060e-01,5.935982084554008225e+02,-8.455529212951660156e-01,-8.514542877674102783e-02,-7.237389211172443604e-01,1.896028766705894208e-01,1.000000000000000000e+00,1.000000000000000000e+00,0.000000000000000000e+00,0.000000000000000000e+00
1.593999999999974904e+01,5.569371152853106466e-01,3.191014616003926818e+01,3.025888898128881177e-01,5.677967482755276478e+02,-7.984287142753601074e-01,-1.263693720102310181e-01,-7.252018616993486377e-01,1.638819152936838164e-01,1.000000000000000000e+00,1.000000000000000000e+00,0.000000000000000000e+00,0.000000000000000000e+00
1.595999999999974861e+01,5.885808236372400692e-01,3.372319709674769683e+01,3.029058865161678438e-01,5.411348305596853834e+02,-7.447003722190856934e-01,-1.682023406028747559e-01,-7.256734863153114778e-01,1.378359694651336287e-01,1.000000000000000000e+00,1.000000000000000000e+00,0.000000000000000000e+00,0.000000000000000000e+00
1.597999999999974818e+01,6.188770047856291256e-01,3.545904041191420220e+01,3.030132750484854642e-01,5.139368170501179520e+02,-6.843308210372924805e-01,-2.106167525053024292e-01,-7.251357984215965891e-01,1.114586805254797336e-01,1.000000000000000000e+00,1.000000000000000000e+00,0.000000000000000000e+00,0.000000000000000000e+00
1.599999999999974776e+01,6.477322369234403965e-01,3.711232343028104452e+01,3.029312180622193429e-01,4.865701658958893745e+02,-6.173614263534545898e-01,-2.535578310489654541e-01,-7.235718373830000161e-01,8.474397172379898036e-02,1.000000000000000000e+00,1.000000000000000000e+00,0.000000000000000000e+00,0.000000000000000000e+00
1.601999999999974733e+01,6.750612485537033081e-01,3.867816045495904831e+01,3.026811068391083714e-01,4.594405853005585527e+02,-5.439381599426269531e-01,-2.969405055046081543e-01,-7.209664528977712816e-01,5.768778646027315771e-02,1.000000000000000000e+00,1.000000000000000000e+00,0.000000000000000000e+00,0.000000000000000000e+00
1.603999999999974690e+01,7.007878614421509944e-01,4.015218679463396967e+01,3.022848158108404903e-01,4.329855582623540613e+02,-4.643388986587524414e-01,-3.406466841697692871e-01,-7.173074498496377904e-01,3.028991732760025549e-02,1.000000000000000000e+00,1.000000000000000000e+00,0.000000000000000000e+00,0.000000000000000000e+00
1.605999999999974648e+01,7.248458647447955094e-01,4.153060884738729186e+01,3.017638265715992252e-01,4.076648579097847005e+02,-3.789985179901123047e-01,-3.845236003398895264e-01,-7.125870940588838742e-01,2.555885478542822050e-03,1.000000000000000000e+00,1.000000000000000000e+00,0.000000000000000000e+00,0.000000000000000000e+00
1.607999999999974605e+01,7.471797849319847806e-01,4.281024821409526737e+01,3.011382391503730216e-01,3.839483767866000221e+02,-2.885305285453796387e-01,-4.283832311630249023e-01,-7.068039441673449330e-01,-2.550118314106820244e-02,1.000000000000000000e+00,1.000000000000000000e+00,0.000000000000000000e+00,0.000000000000000000e+00
1.609999999999974563e+01,7.677455057312196907e-01,4.398857721853584479e+01,3.004257252394822997e-01,3.622986237952179636e+02,-1.937380880117416382e-01,-4.720045030117034912e-01,-6.999649337789610737e-01,-5.385876612373419192e-02,1.000000000000000000e+00,1.000000000000000000e+00,0.000000000000000000e+00,0.000000000000000000e+00
1.611999999999974520e+01,7.865106849937602007e-01,4.506374279208583289e+01,2.996405087210884388e-01,3.431507683879031561e+02,-9.561526775360107422e-02,-5.151373147964477539e-01,-6.920875863724420540e-01,-8.248334151340744325e-02,1.000000000000000000e+00,1.000000000000000000e+00,0.000000000000000000e+00,0.000000000000000000e+00
1.613999999999974477e+01,8.034549139410653851e-01,4.603457559786981790e+01,2.987924994379082544e-01,3.268891334901235268e+02,4.667224828153848648e-03,-5.575090646743774414e-01,-6.832022060511337980e-01,-1.113290870510215413e-01,1.000000000000000000e+00,1.000000000000000000e+00,0.000000000000000000e+00,0.000000000000000000e+00
1.615999999999974435e+01,8.185695663940721900e-01,4.690058139223415878e+01,2.978867388353055312e-01,3.138208107540977494e+02,1.057958155870437622e-01,-5.988350510597229004e-01,-6.733538382393402522e-01,-1.403370224639114983e-01,1.000000000000000000e+00,1.000000000000000000e+00,0.000000000000000000e+00,0.000000000000000000e+00
1.617999999999974392e+01,8.318573002014604256e-01,4.766191245869080717e+01,2.969232938403070787e-01,3.041530849320030256e+02,2.063606530427932739e-01,-6.388293504714965820e-01,-6.626037782484066607e-01,-1.694347220019284672e-01,1.000000000000000000e+00,1.000000000000000000e+00,0.000000000000000000e+00,0.000000000000000000e+00
1.619999999999974349e+01,8.433311955943905147e-01,4.831931823928029957e+01,2.958977234751200003e-01,2.979730609219785720e+02,3.049197494983673096e-01,-6.772184967994689941e-01,-6.510304054780092775e-01,-1.985367032307922275e-01,1.000000000000000000e+00,1.000000000000000000e+00,0.000000000000000000e+00,0.000000000000000000e+00
1.621999999999974307e+01,8.530135447960449646e-01,4.887407598430696254e+01,2.948021409644472901e-01,2.952375161708584983e+02,4.000682532787322998e-01,-7.137545347213745117e-01,-6.387291536046666440e-01,-2.275455633187705717e-01,1.000000000000000000e+00,1.000000000000000000e+00,0.000000000000000000e+00,0.000000000000000000e+00
1.623999999999974264e+01,8.609343433099354570e-01,4.932790430952638161e+01,2.936267967117275890e-01,2.957738380064723742e+02,4.905077219009399414e-01,-7.482264637947082520e-01,-6.258115042495624447e-01,-2.563538595475021720e-01,1.000000000000000000e+00,1.000000000000000000e+00,0.000000000000000000e+00,0.000000000000000000e+00
1.625999999999974222e+01,8.671295657808628654e-01,4.968286441025513511e+01,2.923619968302245131e-01,2.992935482232354616e+02,5.751065611839294434e-01,-7.804691195487976074e-01,-6.124029878839412078e-01,-2.848466586874556228e-01,1.000000000000000000e+00,1.000000000000000000e+00,0.000000000000000000e+00,0.000000000000000000e+00
1.627999999999974179e+01,8.716393339843713228e-01,4.994125509489846593e+01,2.910000841133238980e-01,3.054181651406260585e+02,6.529430150985717773e-01,-8.103682994842529297e-01,-5.986402909225090330e-01,-3.129046091712101574e-01,1.000000000000000000e+00,1.000000000000000000e+00,0.000000000000000000e+00,0.000000000000000000e+00
1.629999999999974136e+01,8.745060965340667458e-01,5.010550848986217432e+01,2.895371857810901117e-01,3.137134320501756974e+02,7.233275771141052246e-01,-8.378611803054809570e-01,-5.846676746361294530e-01,-3.404073229059375039e-01,1.000000000000000000e+00,1.000000000000000000e+00,0.000000000000000000e+00,0.000000000000000000e+00
1.631999999999974094e+01,8.757729356104975160e-01,5.017809302226390855e+01,2.879744714440166109e-01,3.237275598192076700e+02,7.858030796051025391e-01,-8.629329800605773926e-01,-5.706329900129436528e-01,-3.672368170579834445e-01,1.000000000000000000e+00,1.000000000000000000e+00,0.000000000000000000e+00,0.000000000000000000e+00
1.633999999999974051e+01,8.754820969317318458e-01,5.016142919345147533e+01,2.863187630198827938e-01,3.350279372763911852e+02,8.401256799697875977e-01,-8.856101036071777344e-01,-5.566836107883924578e-01,-3.932807630357715856e-01,1.000000000000000000e+00,1.000000000000000000e+00,0.000000000000000000e+00,0.000000000000000000e+00
1.635999999999974008e+01,8.736738094406719668e-01,5.005782195206744234e+01,2.845824671672351203e-01,3.472314895184221655e+02,8.862321376800537109e-01,-9.059516787528991699e-01,-5.429625966308132545e-01,-4.184353220757984770e-01,1.000000000000000000e+00,1.000000000000000000e+00,0.000000000000000000e+00,0.000000000000000000e+00
1.637999999999973966e+01,8.703854294479995701e-01,4.986941165705205492e+01,2.827829100223732128e-01,3.600273643261681400e+02,9.241986870765686035e-01,-9.240391850471496582e-01,-5.296053506140130374e-01,-4.426073924742721655e-01,1.000000000000000000e+00,1.000000000000000000e+00,0.000000000000000000e+00,0.000000000000000000e+00
1.639999999999973923e+01,8.656509066564925803e-01,4.959814348309020460e+01,2.809412558878163213e-01,3.731873389638066669e+02,9.541990160942077637e-01,-9.399671554565429688e-01,-5.167369570840656401e-01,-4.657161632045239696e-01,1.000000000000000000e+00,1.000000000000000000e+00,0.000000000000000000e+00,0.000000000000000000e+00
1.641999999999973880e+01,8.595005341477888194e-01,4.924575309590819217e+01,2.790812304619627593e-01,3.865666541311010178e+02,9.764650464057922363e-01,-9.538345336914062500e-01,-5.044702961237390593e-01,-4.876939457130698430e-01,1.000000000000000000e+00,1.000000000000000000e+00,0.000000000000000000e+00,0.000000000000000000e+00
1.643999999999973838e+01,8.519609371660648023e-01,4.881376600962583012e+01,2.772278510663522821e-01,4.000977146002984455e+02,9.912539720535278320e-01,-9.657373428344726562e-01,-4.929049468736710349e-01,-5.084863118274580707e-01,1.000000000000000000e+00,1.000000000000000000e+00,0.000000000000000000e+00,0.000000000000000000e+00
1.645999999999973795e+01,8.430552477719190918e-01,4.830350759368686653e+01,2.754063214674264404e-01,4.137781993798294593e+02,9.988228082656860352e-01,-9.757634997367858887e-01,-4.821268221809315579e-01,-5.280516196971225540e-01,1.000000000000000000e+00,1.000000000000000000e+00,0.000000000000000000e+00,0.000000000000000000e+00
1.647999999999973753e+01,8.328034099810133206e-01,4.771612055601524105e+01,2.736411892856065453e-01,4.276562432191519179e+02,9.994109869003295898e-01,-9.839887619018554688e-01,-4.722084271511083342e-01,-5.463600397147098109e-01,1.000000000000000000e+00,1.000000000000000000e+00,0.000000000000000000e+00,0.000000000000000000e+00
1.649999999999973710e+01,8.212225650530697862e-01,4.705258701844859104e+01,2.719558050230037605e-01,4.418148166361397102e+02,9.932299256324768066e-01,-9.904744029045104980e-01,-4.632096061149638122e-01,-5.633922052479675147e-01,1.000000000000000000e+00,1.000000000000000000e+00,0.000000000000000000e+00,0.000000000000000000e+00
1.651999999999973667e+01,8.083274749987694463e-01,4.631375278189605638e+01,2.703720722607195204e-01,4.563566882586270594e+02,9.804590344429016113e-01,-9.952660202980041504e-01,-4.551786326844026176e-01,-5.791376166332634634e-01,1.000000000000000000e+00,1.000000000000000000e+00,0.000000000000000000e+00,0.000000000000000000e+00
1.653999999999973625e+01,7.941309524801281050e-01,4.550035195781547515e+01,2.689104430174482641e-01,4.713910853521510944e+02,9.612468481063842773e-01,-9.983931779861450195e-01,-4.481535012150070774e-01,-5.935929150342592608e-01,1.000000000000000222e+00,1.000000000000000000e+00,0.000000000000000000e+00,0.000000000000000000e+00
1.655999999999973582e+01,7.786442745374677621e-01,4.461303067302269199e+01,2.675900948346819352e-01,4.870223263627032111e+02,9.357161521911621094e-01,-9.998704791069030762e-01,-4.421632920815035117e-01,-6.067601351081733929e-01,1.000000000000000000e+00,1.000000000000000000e+00,0.000000000000000000e+00,0.000000000000000000e+00
1.657999999999973539e+01,7.618775664689918514e-01,4.365236906437107933e+01,2.664292165733742057e-01,5.033410976231839982e+02,9.039720296859741211e-01,-9.996983408927917480e-01,-4.372295031385819430e-01,-6.186450219029544506e-01,1.000000000000000000e+00,1.000000000000000000e+00,0.000000000000000000e+00,0.000000000000000000e+00
1.659999999999973497e+01,7.438401493438000500e-01,4.261890118978059405e+01,2.654453376449133484e-01,5.204176904412133808e+02,8.661122918128967285e-01,-9.978646039962768555e-01,-4.333672611839410882e-01,-6.292554741722543588e-01,1.000000000000000000e+00,1.000000000000000000e+00,0.000000000000000000e+00,0.000000000000000000e+00
1.661999999999973454e+01,7.245408492406668621e-01,4.151313274631466754e+01,2.646556421579203677e-01,5.382971125428689447e+02,8.222394585609436035e-01,-9.943468570709228516e-01,-4.305863484455072498e-01,-6.386001693706901960e-01,1.000000000000000000e+00,1.000000000000000000e+00,0.000000000000000000e+00,0.000000000000000000e+00
1.663999999999973411e+01,7.039882703987530022e-01,4.033555672056313313e+01,2.640772189442729956e-01,5.569961172727192888e+02,7.724736928939819336e-01,-9.891144037246704102e-01,-4.288919995312974187e-01,-6.466874046946105015e-01,1.000000000000000000e+00,1.000000000000000000e+00,0.000000000000000000e+00,0.000000000000000000e+00
1.665999999999973369e+01,6.821910370129273815e-01,3.908666724249366808e+01,2.637272117761950141e-01,5.765014586441161555e+02,7.169662117958068848e-01,-9.821308851242065430e-01,-4.282854424920828906e-01,-6.535241743083743948e-01,1.000000000000000000e+00,1.000000000000000000e+00,0.000000000000000000e+00,0.000000000000000000e+00
1.667999999999973326e+01,6.591580095733933220e-01,3.776697198079934736e+01,2.636228428099015031e-01,5.967690122402848374e+02,6.559132337570190430e-01,-9.733571410179138184e-01,-4.287641718173982319e-01,-6.591154984584638443e-01,1.000000000000000000e+00,1.000000000000000000e+00,0.000000000000000000e+00,0.000000000000000000e+00
1.669999999999973284e+01,6.348984826735741827e-01,3.637700347645562715e+01,2.637812910337578587e-01,6.177243099268681590e+02,5.895686149597167969e-01,-9.627540707588195801e-01,-4.303219565905498922e-01,-6.634640092837108538e-01,1.000000000000000000e+00,1.000000000000000000e+00,0.000000000000000000e+00,0.000000000000000000e+00
1.671999999999973241e+01,6.094223714491753263e-01,3.491732982489170212e+01,2.642194178468754151e-01,6.392635100790926117e+02,5.182557106018066406e-01,-9.502859115600585938e-01,-4.329486005624229583e-01,-6.665697932279214255e-01,1.000000000000000000e+00,1.000000000000000000e+00,0.000000000000000000e+00,0.000000000000000000e+00
1.673999999999973198e+01,5.827403937862896122e-01,3.338856511574601882e+01,2.649533384224280197e-01,6.612548341235607268e+02,4.423780441284179688e-01,-9.359234571456909180e-01,-4.366294792651990164e-01,-6.684304853082794207e-01,1.000000000000000000e+00,1.000000000000000000e+00,0.000000000000000000e+00,0.000000000000000000e+00
1.675999999999973156e+01,5.548642553091887031e-01,3.179138003188589323e+01,2.659978495497777318e-01,6.835415474745310576e+02,3.624255061149597168e-01,-9.196475744247436523e-01,-4.413448952390470748e-01,-6.690416067979254588e-01,1.000000000000000000e+00,1.000000000000000000e+00,0.000000000000000000e+00,0.000000000000000000e+00
1.677999999999973113e+01,5.258068440242555930e-01,3.012651300168341706e+01,2.673657347985766708e-01,7.059449896003505955e+02,2.789782881736755371e-01,-9.014522433280944824e-01,-4.470693038231562388e-01,-6.683971300161587470e-01,1.000000000000000000e+00,1.000000000000000000e+00,0.000000000000000000e+00,0.000000000000000000e+00
1.679999999999973070e+01,4.955824411588922729e-01,2.839478227919498465e+01,2.690669788902060877e-01,7.282684296281762499e+02,1.927060782909393311e-01,-8.813477754592895508e-01,-4.537704695329268789e-01,-6.664902489078308179e-01,1.000000000000000000e+00,1.000000000000000000e+00,0.000000000000000000e+00,0.000000000000000000e+00
1.681999999999973028e+01,4.642069543583136060e-01,2.659709930535340661e+01,2.711079369684467055e-01,7.503019719977497743e+02,1.043616384267807007e-01,-8.593634963035583496e-01,-4.614086254819222410e-01,-6.633143296992778382e-01,1.000000000000000000e+00,1.000000000000000000e+00,0.000000000000000000e+00,0.000000000000000000e+00
1.683999999999972985e+01,4.316981793992367145e-01,2.473448370305772315e+01,2.734905169639841316e-01,7.718283148127233062e+02,1.476851757615804672e-02,-8.355495333671569824e-01,-4.699357173791795517e-01,-6.588640017526210535e-01,1.000000000000000000e+00,1.000000000000000000e+00,0.000000000000000000e+00,0.000000000000000000e+00
1.685999999999972943e+01,3.980760962218545806e-01,2.280808023855592381e+01,2.762114386808982025e-01,7.926286411409136008e+02,-7.519616931676864624e-02,-8.099777102470397949e-01,-4.792948148438938016e-01,-6.531363367161076017e-01,1.000000000000000000e+00,1.000000000000000000e+00,0.000000000000000000e+00,0.000000000000000000e+00
1.687999999999972900e+01,3.633632039580865225e-01,2.081917801714968874e+01,2.792616339969579142e-01,8.124885161511945171e+02,-1.646237522363662720e-01,-7.827419042587280273e-01,-4.894197679331839246e-01,-6.461320621002913933e-01,1.000000000000000000e+00,1.000000000000000000e+00,0.000000000000000000e+00,0.000000000000000000e+00
1.689999999999972857e+01,3.275848988537655160e-01,1.876923213654072242e+01,2.826258538835274003e-01,8.312043205893252207e+02,-2.526006996631622314e-01,-7.539564371109008789e-01,-5.002351802546921578e-01,-6.378567421530119130e-01,1.000000000000000000e+00,1.000000000000000000e+00,0.000000000000000000e+00,0.000000000000000000e+00
1.691999999999972815e+01,2.907698972673125049e-01,1.665988792286953668e+01,2.862825284337071063e-01,8.485882983847083096e+02,-3.382365703582763672e-01,-7.237536311149597168e-01,-5.116567525287397666e-01,-6.283218507605279335e-01,1.000000000000000000e+00,1.000000000000000000e+00,0.000000000000000000e+00,0.000000000000000000e+00
1.693999999999972772e+01,2.529507029188171607e-01,1.449300770211573663e+01,2.902039068810076672e-01,8.644722882724984174e+02,-4.206916391849517822e-01,-6.922801136970520020e-01,-5.235920229113087965e-01,-6.175456651545513376e-01,1.000000000000000000e+00,1.000000000000000000e+00,0.000000000000000000e+00,0.000000000000000000e+00
1.695999999999972729e+01,2.141641142475272375e-01,1.227069986954089309e+01,2.943564836489658831e-01,8.787101177939388208e+02,-4.992026686668395996e-01,-6.596917510032653809e-01,-5.359415021168785209e-01,-6.055539083203628214e-01,1.000000000000000000e+00,1.000000000000000000e+00,0.000000000000000000e+00,0.000000000000000000e+00
1.697999999999972687e+01,1.744517627467234711e-01,9.995349734004816966e+00,2.987016841728431515e-01,8.911774247008255543e+02,-5.731036067008972168e-01,-6.261484622955322266e-01,-5.486001685186389087e-01,-5.923800838513583189e-01,1.000000000000000000e+00,1.000000000000000000e+00,0.000000000000000000e+00,0.000000000000000000e+00
1.699999999999972644e+01,1.338606676329812117e-01,7.669651298173286946e+00,3.031967644298868558e-01,9.017693923204348039e+02,-6.418396830558776855e-01,-5.918082594871520996e-01,-5.614592541959517735e-01,-5.780654648629071080e-01,1.000000000000000000e+00,1.000000000000000000e+00,0.000000000000000000e+00,0.000000000000000000e+00
1.701999999999972601e+01,9.244378712425760369e-02,5.296638844425782366e+00,3.077958675891372398e-01,9.103971557777923636e+02,-7.049750089645385742e-01,-5.568210482597351074e-01,-5.744082284579484776e-01,-5.626587113585124200e-01,1.000000000000000000e+00,1.000000000000000000e+00,0.000000000000000000e+00,0.000000000000000000e+00
1.703999999999972559e+01,5.026054035768368067e-02,2.879716838542219826e+00,3.124511620029213899e-01,9.169819270345514042e+02,-7.621914744377136230e-01,-5.213240981101989746e-01,-5.873368655772621683e-01,-5.462151290038982365e-01,1.000000000000000000e+00,1.000000000000000000e+00,0.000000000000000000e+00,0.000000000000000000e+00
1.705999999999972516e+01,7.377270277280967292e-03,4.226864512155060205e-01,3.171140042639656875e-01,9.214496638895386695e+02,-8.132815361022949219e-01,-4.854369461536407471e-01,-6.001372759531101719e-01,-5.287956007462468744e-01,1.000000000000000000e+00,1.000000000000000000e+00,0.000000000000000000e+00,0.000000000000000000e+00
1.707999999999972474e+01,-3.613238426491127697e-02,-2.070233122124321756e+00,3.217360673124427528e-01,9.237255093050320056e+02,-8.581345677375793457e-01,-4.492583870887756348e-01,-6.127057848073298452e-01,-5.104652426121188968e-01,1.000000000000000000e+00,1.000000000000000000e+00,0.000000000000000000e+00,0.000000000000000000e+00
1.709999999999972431e+01,-8.018723914217362747e-02,-4.594390373652784909e+00,3.262703975777727083e-01,9.237301882099917520e+02,-8.967198133468627930e-01,-4.128644168376922607e-01,-6.249445580412715806e-01,-4.912918612495261739e-01,1.000000000000000222e+00,1.000000000000000000e+00,0.000000000000000000e+00,0.000000000000000000e+00
1.711999999999972388e+01,-1.246984669850119687e-01,-7.144695869992621517e+00,3.306723715888307824e-01,9.213780373268726862e+02,-9.290661811828613281e-01,-3.763074576854705811e-01,-6.367628974749034443e-01,-4.713442976788449479e-01,1.000000000000000000e+00,1.000000000000000000e+00,0.000000000000000000e+00,0.000000000000000000e+00
1.713999999999972346e+01,-1.695696734876901424e-01,-9.715626624256055166e+00,3.349005398518472565e-01,9.165779189722148885e+02,-9.552419185638427734e-01,-3.396167755126953125e-01,-6.480781553516690163e-01,-4.506907459890308609e-01,1.000000000000000000e+00,1.000000000000000000e+00,0.000000000000000000e+00,0.000000000000000000e+00
1.715999999999972303e+01,-2.146971628650824471e-01,-1.230124130560209039e+01,3.389173532141026013e-01,9.092369532099072558e+02,-9.753356575965881348e-01,-3.028000891208648682e-01,-6.588162509094197539e-01,-4.293971347035191455e-01,1.000000000000000000e+00,1.000000000000000000e+00,0.000000000000000000e+00,0.000000000000000000e+00
1.717999999999972260e+01,-2.599703981199179559e-01,-1.489520661060705109e+01,3.426897663616837453e-01,8.992661260275017412e+02,-9.894387722015380859e-01,-2.658460736274719238e-01,-6.689117982639298798e-01,-4.075256513236932832e-01,9.999999999999997780e-01,1.000000000000000000e+00,0.000000000000000000e+00,0.000000000000000000e+00
1.719999999999972218e+01,-3.052726514747416964e-01,-1.749083453027082413e+01,3.461897218062585102e-01,8.865882099835255303e+02,-9.976313710212707520e-01,-2.287271916866302490e-01,-6.783078792435512927e-01,-3.851334729301931770e-01,9.999999999999997780e-01,1.000000000000000000e+00,0.000000000000000000e+00,0.000000000000000000e+00
1.721999999999972175e+01,-3.504818311331621139e-01,-2.008112971994700757e+01,3.493945126531487477e-01,8.711465674370236911e+02,-9.999717473983764648e-01,-1.914035826921463013e-01,-6.869555157488674846e-01,-3.622717547177448094e-01,1.000000000000000000e+00,1.000000000000000000e+00,0.000000000000000000e+00,0.000000000000000000e+00
1.723999999999972133e+01,-3.954714622140067526e-01,-2.265884570272999810e+01,3.522870258333636317e-01,8.529141664769033468e+02,-9.964891672134399414e-01,-1.538264006376266479e-01,-6.948129076059085252e-01,-3.389849073558764969e-01,1.000000000000000000e+00,1.000000000000000000e+00,0.000000000000000000e+00,0.000000000000000000e+00
1.725999999999972090e+01,-4.401117937298697491e-01,-2.521654829465378356e+01,3.548558664219824133e-01,8.319021105422153823e+02,-9.871807098388671875e-01,-1.159421131014823914e-01,-7.018445092253826623e-01,-3.153101802636547601e-01,1.000000000000000000e+00,1.000000000000000000e+00,0.000000000000000000e+00,0.000000000000000000e+00
1.727999999999972047e+01,-4.842709996552181373e-01,-2.774668442082534270e+01,3.570953679317694363e-01,8.081669513996663454e+02,-9.720113873481750488e-01,-7.769601047039031982e-02,-7.080200204376012607e-01,-2.912775528312138151e-01,1.000000000000000000e+00,1.000000000000000000e+00,0.000000000000000000e+00,0.000000000000000000e+00
1.729999999999972005e+01,-5.278164406791545638e-01,-3.024165440853273523e+01,3.590054938979033161e-01,7.818165171951229695e+02,-9.509181976318359375e-01,-3.903632611036300659e-02,-7.133133657063129851e-01,-2.669099238480538983e-01,9.999999999999997780e-01,1.000000000000000000e+00,0.000000000000000000e+00,0.000000000000000000e+00
1.731999999999971962e+01,-5.706159541555231307e-01,-3.269388589594194627e+01,3.605916370214229949e-01,7.530133955600025502e+02,-9.238165616989135742e-01,8.228449587477371097e-05,-7.177017297118452044e-01,-2.422235815059127495e-01,1.000000000000000000e+00,1.000000000000000000e+00,0.000000000000000000e+00,0.000000000000000000e+00
1.733999999999971919e+01,-6.125391419598975595e-01,-3.509590762086692450e+01,3.618643240735674449e-01,7.219769266647922450e+02,-8.906107544898986816e-01,3.969501331448554993e-02,-7.211647116713798544e-01,-2.172289291388032062e-01,1.000000000000000000e+00,1.000000000000000000e+00,0.000000000000000000e+00,0.000000000000000000e+00
1.735999999999971877e+01,-6.534586292923147965e-01,-3.744042154485346430e+01,3.628388309945982382e-01,6.889827079885602643e+02,-8.512063026428222656e-01,7.982385903596878052e-02,-7.236836530503791831e-01,-1.919314358855838676e-01,1.000000000000000000e+00,1.000000000000000000e+00,0.000000000000000000e+00,0.000000000000000000e+00
1.737999999999971834e+01,-6.932512719083265829e-01,-3.972037202242336207e+01,3.635347091997225832e-01,6.543609508937493047e+02,-8.055264353752136230e-01,1.204736307263374329e-01,-7.252411873112354357e-01,-1.663327885467153211e-01,1.000000000000000000e+00,1.000000000000000000e+00,0.000000000000000000e+00,0.000000000000000000e+00
1.739999999999971791e+01,-7.317992926915262153e-01,-4.192901092188328249e+01,3.639752204400448221e-01,6.184921668740789755e+02,-7.535291314125061035e-01,1.616295278072357178e-01,-7.258210497169157449e-01,-1.404322130415945891e-01,1.000000000000000000e+00,1.000000000000000000e+00,0.000000000000000000e+00,0.000000000000000000e+00
1.741999999999971749e+01,-7.689913314051222137e-01,-4.405995777165949789e+01,3.641866717183189772e-01,5.818024843986970609e+02,-6.952283382415771484e-01,2.032537162303924561e-01,-7.254081785228775336e-01,-1.142279341070725485e-01,1.000000000000000000e+00,1.000000000000000000e+00,0.000000000000000000e+00,0.000000000000000000e+00
1.743999999999971706e+01,-8.047233938302396083e-01,-4.610725414191671945e+01,3.641976410153736632e-01,5.447560537446486251e+02,-6.307142376899719238e-01,2.452833801507949829e-01,-7.239891272587737348e-01,-8.771874035086421606e-02,1.000000000000000000e+00,1.000000000000000000e+00,0.000000000000000000e+00,0.000000000000000000e+00
1.745999999999971664e+01,-8.388996876433569838e-01,-4.806541153680741019e+01,3.640380834977236524e-01,5.078472174461908821e+02,-5.601761937141418457e-01,2.876281142234802246e-01,-7.215527967500500184e-01,-6.090562140253096002e-02,1.000000000000000000e+00,1.000000000000000000e+00,0.000000000000000000e+00,0.000000000000000000e+00
1.747999999999971621e+01,-8.714333324993797092e-01,-4.992945207923501272e+01,3.637383201541573019e-01,4.715895506217648290e+02,-4.839224517345428467e-01,3.301692903041839600e-01,-7.180914794083123054e-01,-3.379343535987196917e-02,1.000000000000000000e+00,1.000000000000000000e+00,0.000000000000000000e+00,0.000000000000000000e+00
1.749999999999971578e+01,-9.022469313034195970e-01,-5.169494124231586341e+01,3.633279211987241464e-01,4.365036292975788683e+02,-4.023979902267456055e-01,3.727596402168273926e-01,-7.136021861376617981e-01,-6.392553669274489599e-03,1.000000000000000000e+00,1.000000000000000000e+00,0.000000000000000000e+00,0.000000000000000000e+00
1.751999999999971536e+01,-9.312729897037566040e-01,-5.335801188455542388e+01,3.628345210078209315e-01,4.031027277758720970e+02,-3.161974251270294189e-01,4.152242839336395264e-01,-7.080882065642351009e-01,2.127957130169158897e-02,1.000000000000000000e+00,1.000000000000000000e+00,0.000000000000000000e+00,0.000000000000000000e+00
1.753999999999971493e+01,-9.584541707796065957e-01,-5.491537884238248779e+01,3.622826333872941618e-01,3.718753470034852739e+02,-2.260684370994567871e-01,4.573640227317810059e-01,-7.015608195415407033e-01,4.919699345249638200e-02,1.000000000000000000e+00,1.000000000000000000e+00,0.000000000000000000e+00,0.000000000000000000e+00
1.755999999999971450e+01,-9.837433737463148198e-01,-5.636434343962459081e+01,3.616925567141955900e-01,3.432672511242496967e+02,-1.329070478677749634e-01,4.989596307277679443e-01,-6.940410428964054468e-01,7.732409829217569419e-02,1.000000000000000000e+00,1.000000000000000000e+00,0.000000000000000000e+00,0.000000000000000000e+00
1.757999999999971408e+01,-1.007103629193614847e+00,-5.770278748510237676e+01,3.610794879570399796e-01,3.176622034985450682e+02,-3.774052485823631287e-02,5.397784113883972168e-01,-6.855612868840378349e-01,1.056147530110617960e-01,1.000000000000000222e+00,1.000000000000000000e+00,0.000000000000000000e+00,0.000000000000000000e+00
1.759999999999971365e+01,-1.028507808757319619e+00,-5.892915663804282644e+01,3.604529705417012231e-01,2.953633443865097092e+02,5.830211192369461060e-02,5.795824527740478516e-01,-6.761667524465071466e-01,1.340118737955121597e-01,1.000000000000000000e+00,1.000000000000000000e+00,0.000000000000000000e+00,0.000000000000000000e+00
1.761999999999971322e+01,-1.047938154844946457e+00,-6.004243346334237685e+01,3.598167785714966316e-01,2.765782487581445821e+02,1.540290564298629761e-01,6.181374192237854004e-01,-6.659164138198157001e-01,1.624474835051437360e-01,1.000000000000000000e+00,1.000000000000000000e+00,0.000000000000000000e+00,0.000000000000000000e+00
1.763999999999971280e+01,-1.065385644428641587e+00,-6.104210097958657144e+01,3.591693105952659670e-01,2.614077698317610725e+02,2.482346594333648682e-01,6.552226543426513672e-01,-6.548834355745264402e-01,1.908433144567032169e-01,1.000000000000000222e+00,1.000000000000000000e+00,0.000000000000000000e+00,0.000000000000000000e+00
1.765999999999971237e+01,-1.080849209130235522e+00,-6.192809797321537957e+01,3.585044822159856315e-01,2.498433319739272918e+02,3.397496640682220459e-01,6.906402707099914551e-01,-6.431549114450439975e-01,2.191119767467804846e-01,1.000000000000000000e+00,1.000000000000000000e+00,0.000000000000000000e+00,0.000000000000000000e+00
1.767999999999971195e+01,-1.094334842050176171e+00,-6.270076782359066669e+01,3.578130410611767287e-01,2.417716718929361832e+02,4.274909198284149170e-01,7.242226004600524902e-01,-6.308308698546138960e-01,2.471586562435295620e-01,1.000000000000000000e+00,1.000000000000000000e+00,0.000000000000000000e+00,0.000000000000000000e+00
1.769999999999971152e+01,-1.105854626326335577e+00,-6.336080284351576353e+01,3.570841544468782436e-01,2.369879734324796630e+02,5.105038881301879883e-01,7.558385729789733887e-01,-6.180225568060888630e-01,2.748832700430823284e-01,1.000000000000000000e+00,1.000000000000000000e+00,0.000000000000000000e+00,0.000000000000000000e+00
1.771999999999971109e+01,-1.115425722749065596e+00,-6.390918627385095618e+01,3.563070621349034295e-01,2.352168647491877209e+02,5.879927277565002441e-01,7.853963375091552734e-01,-6.048500844676243382e-01,3.021829583812328801e-01,1.000000000000000000e+00,1.000000000000000000e+00,0.000000000000000000e+00,0.000000000000000000e+00
1.773999999999971067e+01,-1.123069353904404100e+00,-6.434713407920655470e+01,3.554725895770535216e-01,2.361377104202349813e+02,6.593371629714965820e-01,8.128433227539062500e-01,-5.914395993678505103e-01,3.289547490815339370e-01,1.000000000000000000e+00,1.000000000000000000e+00,0.000000000000000000e+00,0.000000000000000000e+00
1.775999999999971024e+01,-1.128809818124409503e+00,-6.467603845145872299e+01,3.545743429108447198e-01,2.394120633384488599e+02,7.240940332412719727e-01,8.381642103195190430e-01,-5.779201716033378622e-01,3.550982258898767174e-01,1.000000000000000000e+00,1.000000000000000000e+00,0.000000000000000000e+00,0.000000000000000000e+00
1.777999999999970981e+01,-1.132673562106965015e+00,-6.489741467477821857e+01,3.536094734415796137e-01,2.447093756307656349e+02,7.819867730140686035e-01,8.613758683204650879e-01,-5.644206273528172835e-01,3.805180278367163993e-01,1.000000000000000000e+00,1.000000000000000000e+00,0.000000000000000000e+00,0.000000000000000000e+00
1.779999999999970939e+01,-1.134688335090688671e+00,-6.501285266342256364e+01,3.525789752448280079e-01,2.517292176535362387e+02,8.328835964202880859e-01,8.825215697288513184e-01,-5.510665425984169197e-01,4.051260279028650602e-01,1.000000000000000000e+00,1.000000000000000000e+00,0.000000000000000000e+00,0.000000000000000000e+00
1.781999999999970896e+01,-1.134882443210065706e+00,-6.502397423943209276e+01,3.514875602140711264e-01,2.602176973368344761e+02,8.767708539962768555e-01,9.016637206077575684e-01,-5.379775839376207403e-01,4.288430738666292319e-01,9.999999999999997780e-01,1.000000000000000000e+00,0.000000000000000000e+00,0.000000000000000000e+00
1.783999999999970854e+01,-1.133284117059560892e+00,-6.493239689672277848e+01,3.503431973775472108e-01,2.699777650164410829e+02,9.137225151062011719e-01,9.188771247863769531e-01,-5.252653345201977464e-01,4.516002177929733241e-01,1.000000000000000000e+00,1.000000000000000000e+00,0.000000000000000000e+00,0.000000000000000000e+00
1.785999999999970811e+01,-1.129920985407257383e+00,-6.473970364709893488e+01,3.491564553122631920e-01,2.808710346752976079e+02,9.438709616661071777e-01,9.342422485351562500e-01,-5.130316880730279028e-01,4.733394074309062449e-01,1.000000000000000000e+00,1.000000000000000000e+00,0.000000000000000000e+00,0.000000000000000000e+00
1.787999999999970768e+01,-1.124819650989137720e+00,-6.444741871505584641e+01,3.479397894587805129e-01,2.928156229032788360e+02,9.673811197280883789e-01,9.478396773338317871e-01,-5.013678342031743229e-01,4.940136539022091933e-01,9.999999999999997780e-01,1.000000000000000000e+00,0.000000000000000000e+00,0.000000000000000000e+00
1.789999999999970726e+01,-1.118005368114880493e+00,-6.405698906595263509e+01,3.467068735704720295e-01,3.057801324344346767e+02,9.844284653663635254e-01,9.597455859184265137e-01,-4.903538102570761947e-01,5.135867277570405065e-01,1.000000000000000000e+00,1.000000000000000000e+00,0.000000000000000000e+00,0.000000000000000000e+00
1.791999999999970683e+01,-1.109501815060576657e+00,-6.356977136507543946e+01,3.454720498191275468e-01,3.197750223594901513e+02,9.951818585395812988e-01,9.700277447700500488e-01,-4.800585593452600386e-01,5.320324512583086696e-01,1.000000000000000000e+00,1.000000000000000000e+00,0.000000000000000000e+00,0.000000000000000000e+00
1.793999999999970640e+01,-1.099330950760690317e+00,-6.298702376669167080e+01,3.442499449128165745e-01,3.348422178227357335e+02,9.997916817665100098e-01,9.787432551383972168e-01,-4.705404081953933892e-01,5.493336726124338210e-01,1.000000000000000222e+00,1.000000000000000000e+00,0.000000000000000000e+00,0.000000000000000000e+00
1.795999999999970598e+01,-1.087512944212041699e+00,-6.230990186919613905e+01,3.430552608729680597e-01,3.510447563122313568e+02,9.983825087547302246e-01,9.859366416931152344e-01,-4.618478650373569194e-01,5.654810129977241306e-01,1.000000000000000000e+00,1.000000000000000000e+00,0.000000000000000000e+00,0.000000000000000000e+00
1.797999999999970555e+01,-1.074066165076334123e+00,-6.153945817667552376e+01,3.419027284367596731e-01,3.684568964233982911e+02,9.910500049591064453e-01,9.916389584541320801e-01,-4.540206349746455095e-01,5.804714710234268882e-01,1.000000000000000000e+00,1.000000000000000000e+00,0.000000000000000000e+00,0.000000000000000000e+00
1.799999999999970512e+01,-1.059007224034057337e+00,-6.067664441101672423e+01,3.408071935891250348e-01,3.871553561849584071e+02,9.778611660003662109e-01,9.958675503730773926e-01,-4.470907553644494214e-01,5.943069649549880262e-01,1.000000000000000000e+00,1.000000000000000000e+00,0.000000000000000000e+00,0.000000000000000000e+00
1.801999999999970470e+01,-1.042351052487526353e+00,-5.972231607855461277e+01,3.397838008144636879e-01,4.072116835956894647e+02,9.588578939437866211e-01,9.986259937286376953e-01,-4.410837627283753504e-01,6.069928778326058039e-01,1.000000000000000000e+00,1.000000000000000000e+00,0.000000000000000000e+00,0.000000000000000000e+00
1.803999999999970427e+01,-1.024111011923824144e+00,-5.867723873610704999e+01,3.388482351414699445e-01,4.286858549125679474e+02,9.340627193450927734e-01,9.999052882194519043e-01,-4.360198153112412323e-01,6.185366663170650536e-01,1.000000000000000000e+00,1.000000000000000000e+00,0.000000000000000000e+00,0.000000000000000000e+00
1.805999999999970385e+01,-1.004299025279502544e+00,-5.754209551761786656e+01,3.380169837677559075e-01,4.516212654067195444e+02,9.034869074821472168e-01,9.996842741966247559e-01,-4.319147088098758691e-01,6.289465758792731620e-01,1.000000000000000000e+00,1.000000000000000000e+00,0.000000000000000000e+00,0.000000000000000000e+00
1.807999999999970342e+01,-9.829257245232954077e-01,-5.631749559002342664e+01,3.373075850790563934e-01,4.760406544943000995e+02,8.671399950981140137e-01,9.979313611984252930e-01,-4.287807361167274012e-01,6.382304951725172870e-01,1.000000000000000000e+00,1.000000000000000000e+00,0.000000000000000000e+00,0.000000000000000000e+00
1.809999999999970299e+01,-9.600006105196685624e-01,-5.500398331275934538e+01,3.367388339380633089e-01,5.019430251750545722e+02,8.250409364700317383e-01,9.946060776710510254e-01,-4.266273544798830364e-01,6.463949789099705523e-01,9.999999999999997780e-01,1.000000000000000000e+00,0.000000000000000000e+00,0.000000000000000000e+00
1.811999999999970257e+01,-9.355322238751462294e-01,-5.360204802653395006e+01,3.363309165242016063e-01,5.293012916306250872e+02,7.772304415702819824e-01,9.896610379219055176e-01,-4.254616339003229331e-01,6.534444565643992009e-01,1.000000000000000000e+00,1.000000000000000000e+00,0.000000000000000000e+00,0.000000000000000000e+00
1.813999999999970214e+01,-9.095283278036787600e-01,-5.211213453074203983e+01,3.361054503002804394e-01,5.580607936717726716e+02,7.237838506698608398e-01,9.830439686775207520e-01,-4.252884715619615896e-01,6.593806376021585924e-01,1.000000000000000000e+00,1.000000000000000000e+00,0.000000000000000000e+00,0.000000000000000000e+00
1.815999999999970171e+01,-8.819961061420809045e-01,-5.053465442891381798e+01,3.360854077690200725e-01,5.881377702737354412e+02,6.648252606391906738e-01,9.747006297111511230e-01,-4.261105645124186880e-01,6.642021255808294722e-01,1.000000000000000000e+00,1.000000000000000000e+00,0.000000000000000000e+00,0.000000000000000000e+00
1.817999999999970129e+01,-8.529423819782393501e-01,-4.886999865518844643e+01,3.362949031781846676e-01,6.194192151034364997e+02,6.005404591560363770e-01,9.645772576332092285e-01,-4.279281436179983578e-01,6.679042462608499875e-01,1.000000000000000000e+00,1.000000000000000000e+00,0.000000000000000000e+00,0.000000000000000000e+00
1.819999999999970086e+01,-8.223738640992537263e-01,-4.711855159475236832e+01,3.367588273732673443e-01,6.517626000264801860e+02,5.311897397041320801e-01,9.526240229606628418e-01,-4.307384822285387771e-01,6.704790934616431386e-01,1.000000000000000000e+00,1.000000000000000000e+00,0.000000000000000000e+00,0.000000000000000000e+00
1.821999999999970044e+01,-7.902974301468415064e-01,-4.528070730744900629e+01,3.375023192099735336e-01,6.849964272683649824e+02,4.571191072463989258e-01,9.387980699539184570e-01,-4.345352012160162425e-01,6.719157937676103476e-01,1.000000000000000000e+00,1.000000000000000000e+00,0.000000000000000000e+00,0.000000000000000000e+00
1.823999999999970001e+01,-7.567204562154481451e-01,-4.335688841235938185e+01,3.385500699255549750e-01,7.189212066381588784e+02,3.787689208984375000e-01,9.230674505233764648e-01,-4.393074037779978180e-01,6.722009901217543826e-01,1.000000000000000000e+00,1.000000000000000000e+00,0.000000000000000000e+00,0.000000000000000000e+00
1.825999999999969958e+01,-7.216512031431636665e-01,-4.134756822064128556e+01,3.399254680286409314e-01,7.533114566111177055e+02,2.966790199279785156e-01,9.054141640663146973e-01,-4.450386856446997830e-01,6.713195357707767430e-01,1.000000000000000000e+00,1.000000000000000000e+00,0.000000000000000000e+00,0.000000000000000000e+00
1.827999999999969916e+01,-6.850992688664194752e-01,-3.925329665354427533e+01,3.416496080578628747e-01,7.879187968869163115e+02,2.114881426095962524e-01,8.858377337455749512e-01,-4.517060823151849980e-01,6.692553829102696472e-01,1.000000000000000000e+00,1.000000000000000000e+00,0.000000000000000000e+00,0.000000000000000000e+00
1.829999999999969873e+01,-6.470761144997889680e-01,-3.707473038456191716e+01,3.437401975137761023e-01,8.224749487034058575e+02,1.239298656582832336e-01,8.643580079078674316e-01,-4.592790226867307646e-01,6.659926453950376635e-01,1.000000000000000000e+00,1.000000000000000000e+00,0.000000000000000000e+00,0.000000000000000000e+00
1.831999999999969830e+01,-6.075956688455721455e-01,-3.481266747527968164e+01,3.462104202828372723e-01,8.566969576797461059e+02,3.481981903314590454e-02,8.410174250602722168e-01,-4.677183714555735450e-01,6.615168010649327135e-01,9.999999999999997780e-01,1.000000000000000000e+00,0.000000000000000000e+00,0.000000000000000000e+00
1.833999999999969788e+01,-5.666750116808585425e-01,-3.246808652483981916e+01,3.490678212806369585e-01,8.902917856337186322e+02,-5.496098101139068604e-02,8.158822655677795410e-01,-4.769756479097617685e-01,6.558159878187156400e-01,1.000000000000000000e+00,1.000000000000000000e+00,0.000000000000000000e+00,0.000000000000000000e+00
1.835999999999969745e+01,-5.243351311296651218e-01,-3.004219006416840188e+01,3.523132957212458116e-01,9.229624679339439126e+02,-1.444903761148452759e-01,7.890424132347106934e-01,-4.869925077054583773e-01,6.488823304542603587e-01,1.000000000000000000e+00,1.000000000000000000e+00,0.000000000000000000e+00,0.000000000000000000e+00
1.837999999999969702e+01,-4.806017435229907875e-01,-2.753645153049621896e+01,3.559402581129179621e-01,9.544130769834979446e+02,-2.328321933746337891e-01,7.606106996536254883e-01,-4.977005662064014624e-01,6.407132339323136083e-01,1.000000000000000000e+00,1.000000000000000000e+00,0.000000000000000000e+00,0.000000000000000000e+00
1.839999999999969660e+01,-4.355061580756540707e-01,-2.495266480969225142e+01,3.599340738905071890e-01,9.843545903413021279e+02,-3.190675675868988037e-01,7.307192683219909668e-01,-5.090216254380800498e-01,6.313125600018870687e-01,1.000000000000000000e+00,1.000000000000000000e+00,0.000000000000000000e+00,0.000000000000000000e+00
1.841999999999969617e+01,-3.890861618888257212e-01,-2.229299494317361408e+01,3.642717998945758096e-01,1.012507937259176856e+03,-4.023242294788360596e-01,6.995164155960083008e-01,-5.208683380087330006e-01,6.206916091985138495e-01,1.000000000000000000e+00,1.000000000000000000e+00,0.000000000000000000e+00,0.000000000000000000e+00
1.843999999999969575e+01,-3.413868952110603594e-01,-1.956002827666865329e+01,3.689222769816122849e-01,1.038607212443204162e+03,-4.818052053451538086e-01,6.671608686447143555e-01,-5.331453087320328077e-01,6.088698360136677312e-01,1.000000000000000000e+00,1.000000000000000000e+00,0.000000000000000000e+00,0.000000000000000000e+00
1.845999999999969532e+01,-2.924616830534465528e-01,-1.675682010825523705e+01,3.738465757315301286e-01,1.062400330241723168e+03,-5.568115115165710449e-01,6.338158249855041504e-01,-5.457506000670977464e-01,5.958752271669053302e-01,1.000000000000000000e+00,1.000000000000000000e+00,0.000000000000000000e+00,0.000000000000000000e+00
1.847999999999969489e+01,-2.423727867190885732e-01,-1.388693774782822565e+01,3.789987730364766105e-01,1.083648216403913921e+03,-6.267582774162292480e-01,5.996428132057189941e-01,-5.585775691260205233e-01,5.817443023296714477e-01,1.000000000000000000e+00,1.000000000000000000e+00,0.000000000000000000e+00,0.000000000000000000e+00
1.849999999999969447e+01,-1.911920389059686975e-01,-1.095449690581303948e+01,3.843270130741008872e-01,1.102122645414114913e+03,-6.911826133728027344e-01,5.647956132888793945e-01,-5.715169339728307651e-01,5.665217212688121728e-01,1.000000000000000000e+00,1.000000000000000000e+00,0.000000000000000000e+00,0.000000000000000000e+00
1.851999999999969404e+01,-1.390013286073235044e-01,-7.964189475910710136e+00,3.897747955144746923e-01,1.117603897187320399e+03,-7.497439384460449219e-01,5.294144749641418457e-01,-5.844589478456923004e-01,5.502595038911822778e-01,1.000000000000000000e+00,1.000000000000000000e+00,0.000000000000000000e+00,0.000000000000000000e+00
1.853999999999969361e+01,-8.589290657281090091e-02,-4.921301036733552792e+00,3.952824177138488104e-01,1.129877997374915140e+03,-8.022158145904541016e-01,4.936214685440063477e-01,-5.972955501193477623e-01,5.330158973439682590e-01,1.000000000000000000e+00,1.000000000000000000e+00,0.000000000000000000e+00,0.000000000000000000e+00
1.855999999999969319e+01,-3.196948774986063668e-02,-1.831716721262201419e+00,4.007885054003493264e-01,1.138735577882130201e+03,-8.484727144241333008e-01,4.575174748897552490e-01,-6.099223685067306500e-01,5.148539569253486325e-01,1.000000000000000000e+00,1.000000000000000000e+00,0.000000000000000000e+00,0.000000000000000000e+00
1.857999999999969276e+01,2.265586517896656105e-02,1.298085455972187496e+00,4.062315661838296621e-01,1.143972150558768135e+03,-8.884714841842651367e-01,4.211799204349517822e-01,-6.222404633977901556e-01,4.958399216909610274e-01,9.999999999999997780e-01,1.000000000000000000e+00,0.000000000000000000e+00,0.000000000000000000e+00
1.859999999999969233e+01,7.786008452193593499e-02,4.461054235638795440e+00,4.115515108582839532e-01,1.145390996072421103e+03,-9.222310781478881836e-01,3.846621811389923096e-01,-6.341577301381315923e-01,4.760414741907537661e-01,1.000000000000000000e+00,1.000000000000000000e+00,0.000000000000000000e+00,0.000000000000000000e+00
1.861999999999969191e+01,1.335106659922655759e-01,7.649597681337627186e+00,4.166910930744913699e-01,1.142808433516852574e+03,-9.498117566108703613e-01,3.479943871498107910e-01,-6.455899077639749573e-01,4.555259831903036849e-01,1.000000000000000000e+00,1.000000000000000000e+00,0.000000000000000000e+00,0.000000000000000000e+00
1.863999999999969148e+01,1.894664536608052785e-01,1.085562815407512893e+01,4.215972250418978384e-01,1.136061200650925230e+03,-9.712950587272644043e-01,3.111851215362548828e-01,-6.564611735507716039e-01,4.343588222027280898e-01,1.000000000000000222e+00,1.000000000000000000e+00,0.000000000000000000e+00,0.000000000000000000e+00
1.865999999999969106e+01,2.455786245190090256e-01,1.407061872356717380e+01,4.262221362956393755e-01,1.125015790365085422e+03,-9.867665767669677734e-01,2.742240428924560547e-01,-6.667043338180123069e-01,4.126018444934200224e-01,1.000000000000000000e+00,1.000000000000000000e+00,0.000000000000000000e+00,0.000000000000000000e+00
1.867999999999969063e+01,3.016918493487543707e-01,1.728566968118028058e+01,4.305243467181682493e-01,1.109578533686275250e+03,-9.963017106056213379e-01,2.370852530002593994e-01,-6.762606479136775706e-01,3.903120825422445872e-01,1.000000000000000000e+00,1.000000000000000000e+00,0.000000000000000000e+00,0.000000000000000000e+00
1.869999999999969020e+01,3.576456012833086895e-01,2.049158351495220742e+01,4.344694350143132877e-01,1.089705782038208099e+03,-9.999551773071289062e-01,1.997309029102325439e-01,-6.850793416952483117e-01,3.675407210818542048e-01,1.000000000000000000e+00,1.000000000000000000e+00,0.000000000000000000e+00,0.000000000000000000e+00
1.871999999999968978e+01,4.132755800443774774e-01,2.367894651236385783e+01,4.380305903954360702e-01,1.065413067422248105e+03,-9.977542161941528320e-01,1.621152311563491821e-01,-6.931168798702432854e-01,3.443323755080368587e-01,9.999999999999997780e-01,1.000000000000000000e+00,0.000000000000000000e+00,0.000000000000000000e+00
1.873999999999968935e+01,4.684152185362382426e-01,2.683821508182457904e+01,4.411889473624888702e-01,1.036782815275969597e+03,-9.896959662437438965e-01,1.241886690258979797e-01,-7.003360743273970845e-01,3.207246924028384627e-01,1.000000000000000000e+00,1.000000000000000000e+00,0.000000000000000000e+00,0.000000000000000000e+00
1.875999999999968892e+01,5.228972385447900884e-01,2.995980488766190319e+01,4.439337100955639825e-01,1.003969546334800839e+03,-9.757480025291442871e-01,8.590167015790939331e-02,-7.067051064347440459e-01,2.967482701463509676e-01,1.000000000000000000e+00,1.000000000000000000e+00,0.000000000000000000e+00,0.000000000000000000e+00
1.877999999999968850e+01,5.765552247038550071e-01,3.303418103174771403e+01,4.462620832973977492e-01,9.672029803034208726e+02,-9.558532238006591797e-01,4.720875993371009827e-02,-7.121965402214748275e-01,2.724268874794462114e-01,1.000000000000000000e+00,1.000000000000000000e+00,0.000000000000000000e+00,0.000000000000000000e+00
1.879999999999968807e+01,6.292251894875744433e-01,3.605194772095750722e+01,4.481790273179059314e-01,9.267879728403910349e+02,-9.299371242523193359e-01,8.072211407124996185e-03,-7.167863972903970593e-01,2.477780195409791386e-01,1.000000000000000000e+00,1.000000000000000000e+00,0.000000000000000000e+00,0.000000000000000000e+00
1.881999999999968765e+01,6.807471061048833150e-01,3.900393609555425201e+01,4.496968598571886577e-01,8.831023034679673174e+02,-8.979187011718750000e-01,-3.153439238667488098e-02,-7.204533564707094051e-01,2.228136128049520159e-01,1.000000000000000000e+00,1.000000000000000000e+00,0.000000000000000000e+00,0.000000000000000000e+00
1.883999999999968722e+01,7.309663910804062859e-01,4.188128917481646596e+01,4.508347218945277235e-01,8.365920395193977583e+02,-8.597239851951599121e-01,-7.162270694971084595e-02,-7.231781341489286197e-01,1.975410886773679986e-01,1.000000000000000000e+00,1.000000000000000000e+00,0.000000000000000000e+00,0.000000000000000000e+00
1.885999999999968679e+01,7.797353221975806825e-01,4.467554309919479039e+01,4.516179209150605889e-01,7.877649520009562139e+02,-8.153020739555358887e-01,-1.121866032481193542e-01,-7.249430915524642804e-01,1.719645415240506903e-01,1.000000000000000222e+00,1.000000000000000000e+00,0.000000000000000000e+00,0.000000000000000000e+00
1.887999999999968637e+01,8.269143804664356168e-01,4.737870401940196530e+01,4.520771558983688321e-01,7.371821956795658934e+02,-7.646431922912597656e-01,-1.531992107629776001e-01,-7.257321054801181281e-01,1.460860963865424633e-01,1.000000000000000000e+00,1.000000000000000000e+00,0.000000000000000000e+00,0.000000000000000000e+00
1.889999999999968594e+01,8.723735057905943613e-01,4.998332004083253821e+01,4.522476225314713827e-01,6.854484666175095526e+02,-7.077980637550354004e-01,-1.946106553077697754e-01,-7.255307277457182513e-01,1.199073886181591525e-01,1.000000000000000000e+00,1.000000000000000000e+00,0.000000000000000000e+00,0.000000000000000000e+00
1.891999999999968551e+01,9.159932554732868049e-01,5.248254760106792816e+01,4.521679914930495370e-01,6.332010646429761209e+02,-6.448984146118164062e-01,-2.363458722829818726e-01,-7.243266477766056033e-01,9.343112773397534154e-02,1.000000000000000000e+00,1.000000000000000000e+00,0.000000000000000000e+00,0.000000000000000000e+00
1.893999999999968509e+01,9.576658515918494707e-01,5.487021148001482374e+01,4.518792538414874160e-01,5.810971608341035335e+02,-5.761762261390686035e-01,-2.783035039901733398e-01,-7.221104572872040217e-01,6.666270332529437848e-02,1.000000000000000000e+00,1.000000000000000000e+00,0.000000000000000000e+00,0.000000000000000000e+00
1.895999999999968466e+01,9.972960982932135288e-01,5.714085735706523650e+01,4.514234341348771773e-01,5.297998488077492993e+02,-5.019813179969787598e-01,-3.203553259372711182e-01,-7.188766979011027569e-01,3.961178527694044632e-02,1.000000000000000000e+00,1.000000000000000000e+00,0.000000000000000000e+00,0.000000000000000000e+00
1.897999999999968423e+01,1.034802143795342300e+00,5.928979547056284360e+01,4.508421893817722292e-01,4.799623974778326101e+02,-4.227946698665618896e-01,-3.623473346233367920e-01,-7.146251520557647119e-01,1.229386040036600097e-02,1.000000000000000000e+00,1.000000000000000000e+00,0.000000000000000000e+00,0.000000000000000000e+00
1.899999999999968381e+01,1.070116056083352252e+00,6.131313360276098479e+01,4.501753328450113223e-01,4.322110717064402934e+02,-3.392360508441925049e-01,-4.041014313697814941e-01,-7.093623137143827417e-01,-1.526835637783390855e-02,1.000000000000000000e+00,1.000000000000000000e+00,0.000000000000000000e+00,0.000000000000000000e+00
1.901999999999968338e+01,1.103184176103993774e+00,6.320779731637581023e+01,4.494593548692003560e-01,3.871262360511100269e+02,-2.520630359649658203e-01,-4.454195797443389893e-01,-7.031029487397754130e-01,-4.304371035629762920e-02,1.000000000000000000e+00,1.000000000000000000e+00,0.000000000000000000e+00,0.000000000000000000e+00
1.903999999999968296e+01,1.133967210347980537e+00,6.497153525916293404e+01,4.487260384427491644e-01,3.452228482826503182e+02,-1.621604114770889282e-01,-4.860889315605163574e-01,-6.958716289704107716e-01,-7.099167646638054885e-02,1.000000000000000000e+00,1.000000000000000000e+00,0.000000000000000000e+00,0.000000000000000000e+00
1.905999999999968253e+01,1.162440028483110677e+00,6.660290756914945121e+01,4.480012903927148016e-01,3.069316304290572361e+02,-7.051943242549896240e-02,-5.258886814117431641e-01,-6.877041062203531618e-01,-9.906178676796469074e-02,1.000000000000000000e+00,1.000000000000000000e+00,0.000000000000000000e+00,0.000000000000000000e+00
1.907999999999968210e+01,1.188591139831013610e+00,6.810125587896095567e+01,4.473043193598470468e-01,2.725813977839084146e+02,2.179475687444210052e-02,-5.645986199378967285e-01,-6.786483782564137757e-01,-1.271934952886291659e-01,1.000000000000000000e+00,1.000000000000000000e+00,0.000000000000000000e+00,0.000000000000000000e+00
1.909999999999968168e+01,1.212421838796013951e+00,6.946665435250226039e+01,4.466472654464282988e-01,2.423867354000573471e+02,1.136822998523712158e-01,-6.020075678825378418e-01,-6.687653057032763027e-01,-1.553165357352824238e-01,1.000000000000000000e+00,1.000000000000000000e+00,0.000000000000000000e+00,0.000000000000000000e+00
1.911999999999968125e+01,1.233945030533767806e+00,7.069984240072639636e+01,4.460353551167963726e-01,2.164407404683852292e+02,2.040546238422393799e-01,-6.379225254058837891e-01,-6.581286614674298763e-01,-1.833518005992147426e-01,1.000000000000000000e+00,1.000000000000000000e+00,0.000000000000000000e+00,0.000000000000000000e+00
1.913999999999968082e+01,1.253183771961482229e+00,7.180214108767792425e+01,4.454675826171569097e-01,1.947160976897750118e+02,2.918805181980133057e-01,-6.721767187118530273e-01,-6.468245334026031523e-01,-2.112127377929174654e-01,1.000000000000000000e+00,1.000000000000000000e+00,0.000000000000000000e+00,0.000000000000000000e+00
1.915999999999968040e+01,1.270169588222094692e+00,7.277535667099570560e+01,4.449378476613099487e-01,1.770746001830116825e+02,3.762284219264984131e-01,-7.046357989311218262e-01,-6.349500597308002092e-01,-2.388072107229237406e-01,1.000000000000000000e+00,1.000000000000000000e+00,0.000000000000000000e+00,0.000000000000000000e+00
1.917999999999967997e+01,1.284940644451489700e+00,7.362167585189045838e+01,4.444364123699929281e-01,1.632847707668983048e+02,4.563002586364746094e-01,-7.352023124694824219e-01,-6.226115415045410106e-01,-2.660397292717006645e-01,1.000000000000000000e+00,1.000000000000000000e+00,0.000000000000000000e+00,0.000000000000000000e+00
1.919999999999967955e+01,1.297539865506003753e+00,7.434355804346648711e+01,4.439514921218450927e-01,1.530461649331010392e+02,5.314534306526184082e-01,-7.638169527053833008e-01,-6.099220412602638364e-01,-2.928139194423758918e-01,1.000000000000000000e+00,1.000000000000000000e+00,0.000000000000000000e+00,0.000000000000000000e+00
1.921999999999967912e+01,1.308013098871352309e+00,7.494363011315654433e+01,4.434707896969841689e-01,1.460172189593366170e+02,6.012100577354431152e-01,-7.904577255249023438e-01,-5.969986288035250555e-01,-3.190350750360727572e-01,1.000000000000000000e+00,1.000000000000000000e+00,0.000000000000000000e+00,0.000000000000000000e+00
1.923999999999967869e+01,1.316407408159232961e+00,7.542458860727957415e+01,4.429828014732591912e-01,1.418442408667397103e+02,6.652527451515197754e-01,-8.151364922523498535e-01,-5.839594691424662143e-01,-3.446126291101361261e-01,1.000000000000000000e+00,1.000000000000000000e+00,0.000000000000000000e+00,0.000000000000000000e+00
1.925999999999967827e+01,1.322769568176112909e+00,7.578911352483368091e+01,4.424777861039470572e-01,1.401874843060341220e+02,7.234104275703430176e-01,-8.378939032554626465e-01,-5.709209550638784103e-01,-3.694623911991398169e-01,9.999999999999997780e-01,1.000000000000000000e+00,0.000000000000000000e+00,0.000000000000000000e+00
1.927999999999967784e+01,1.327144810130742147e+00,7.603979642318250853e+01,4.419483466481502476e-01,1.407428531826846267e+02,7.756357192993164062e-01,-8.587931990623474121e-01,-5.579950713006857077e-01,-3.935084235868488989e-01,1.000000000000000000e+00,1.000000000000000000e+00,0.000000000000000000e+00,0.000000000000000000e+00
1.929999999999967741e+01,1.329575841434012418e+00,7.617908425672408157e+01,4.413896477545902197e-01,1.432569023438410909e+02,8.219786286354064941e-01,-8.779134154319763184e-01,-5.452871419406816189e-01,-4.166844640836668834e-01,1.000000000000000000e+00,1.000000000000000000e+00,0.000000000000000000e+00,0.000000000000000000e+00
1.931999999999967699e+01,1.330102141528019644e+00,7.620923903086803364e+01,4.407993350249708175e-01,1.475352999116177557e+02,8.625586032867431641e-01,-8.953431844711303711e-01,-5.328940650131669399e-01,-4.389348490884119602e-01,1.000000000000000000e+00,1.000000000000000000e+00,0.000000000000000000e+00,0.000000000000000000e+00
1.933999999999967656e+01,1.328759517491895359e+00,7.613231234012529569e+01,4.401772497656115668e-01,1.534449915864446155e+02,8.975382447242736816e-01,-9.111745357513427734e-01,-5.209030872774221832e-01,-4.602149287698293900e-01,1.000000000000000000e+00,1.000000000000000000e+00,0.000000000000000000e+00,0.000000000000000000e+00
1.935999999999967613e+01,1.325579894140447301e+00,7.595013334164607954e+01,4.395250327449372607e-01,1.609127442480998411e+02,9.270999431610107422e-01,-9.254981279373168945e-01,-5.093911235706344298e-01,-4.804910031300458351e-01,1.000000000000000000e+00,1.000000000000000000e+00,0.000000000000000000e+00,0.000000000000000000e+00
1.937999999999967571e+01,1.320591301814847185e+00,7.566430805567783580e+01,4.388456983835334890e-01,1.699183712432320874e+02,9.514266848564147949e-01,-9.383988380432128906e-01,-4.984245851101483105e-01,-4.997398337159614790e-01,1.000000000000000000e+00,1.000000000000000000e+00,0.000000000000000000e+00,0.000000000000000000e+00
1.939999999999967528e+01,1.313818000949575016e+00,7.527622650272543581e+01,4.381432744854268924e-01,1.804843211955061690e+02,9.706872701644897461e-01,-9.499530792236328125e-01,-4.880596514366978833e-01,-5.179478066744794829e-01,1.000000000000000000e+00,1.000000000000000000e+00,0.000000000000000000e+00,0.000000000000000000e+00
1.941999999999967486e+01,1.305280704275067372e+00,7.478707543482506992e+01,4.374225484784178830e-01,1.926655325159571532e+02,9.850262403488159180e-01,-9.602262973785400391e-01,-4.783429013636301685e-01,-5.351098300972343402e-01,1.000000000000000222e+00,1.000000000000000000e+00,0.000000000000000000e+00,0.000000000000000000e+00
1.943999999999967443e+01,1.294996866456802564e+00,7.419785493064146920e+01,4.366889287149623433e-01,2.065393773113862892e+02,9.945567846298217773e-01,-9.692720770835876465e-01,-4.693122126272393779e-01,-5.512280516456095070e-01,9.999999999999997780e-01,1.000000000000000000e+00,0.000000000000000000e+00,0.000000000000000000e+00
1.945999999999967400e+01,1.282981013420308791e+00,7.350939726440093125e+01,4.359484159394991787e-01,2.221963522931101522e+02,9.993574023246765137e-01,-9.771307706832885742e-01,-4.609978413627062732e-01,-5.663104714295572606e-01,1.000000000000000000e+00,1.000000000000000000e+00,0.000000000000000000e+00,0.000000000000000000e+00
1.947999999999967358e+01,1.269245089215290001e+00,7.272238677974175403e+01,4.352076712925349034e-01,2.397319454893714976e+02,9.994705319404602051e-01,-9.838296771049499512e-01,-4.534235998125120681e-01,-5.803695177286594120e-01,1.000000000000000000e+00,1.000000000000000000e+00,0.000000000000000000e+00,0.000000000000000000e+00
1.949999999999967315e+01,1.253798803861314148e+00,7.183737981980419818e+01,4.344741603742359737e-01,2.592397137069891073e+02,9.949038624763488770e-01,-9.893827438354492188e-01,-4.466080608422096643e-01,-5.934206428692501145e-01,1.000000000000000000e+00,1.000000000000000000e+00,0.000000000000000000e+00,0.000000000000000000e+00
1.951999999999967272e+01,1.236649970730623771e+00,7.085482405784152604e+01,4.337563528412213820e-01,2.808055783048669696e+02,9.856331348419189453e-01,-9.937911033630371094e-01,-4.405657287372647946e-01,-6.054809821308454465e-01,1.000000000000000000e+00,1.000000000000000000e+00,0.000000000000000000e+00,0.000000000000000000e+00
1.953999999999967230e+01,1.217804826056233303e+00,6.977507680368550780e+01,4.330639569096140784e-01,3.045033577127733224e+02,9.716063737869262695e-01,-9.970434904098510742e-01,-4.353081284311826060e-01,-6.165681098451999409e-01,1.000000000000000000e+00,1.000000000000000000e+00,0.000000000000000000e+00,0.000000000000000000e+00
1.955999999999967187e+01,1.197268326768728741e+00,6.859842206853808477e+01,4.324081715167817919e-01,3.303912307739330458e+02,9.527494311332702637e-01,-9.991167783737182617e-01,-4.308447759102506658e-01,-6.266989125772945979e-01,1.000000000000000000e+00,1.000000000000000000e+00,0.000000000000000000e+00,0.000000000000000000e+00
1.957999999999967145e+01,1.175044425103996204e+00,6.732508629883514573e+01,4.318019416548824485e-01,3.585087031007061569e+02,9.289729595184326172e-01,-9.999771118164062500e-01,-4.271840008208402373e-01,-6.358885974642118910e-01,1.000000000000000000e+00,1.000000000000000000e+00,0.000000000000000000e+00,0.000000000000000000e+00
1.959999999999967102e+01,1.151136320568014071e+00,6.595525281276579221e+01,4.312602010073646186e-01,3.888745915950207745e+02,9.001799821853637695e-01,-9.995807409286499023e-01,-4.243336010469138109e-01,-6.441498461303206691e-01,1.000000000000000000e+00,1.000000000000000000e+00,0.000000000000000000e+00,0.000000000000000000e+00
1.961999999999967059e+01,1.125546691503291452e+00,6.448907506805187495e+01,4.308000893449948077e-01,4.214851313832820665e+02,8.662748932838439941e-01,-9.978752136230468750e-01,-4.223013152304662121e-01,-6.514921175665275843e-01,1.000000000000000000e+00,1.000000000000000000e+00,0.000000000000000000e+00,0.000000000000000000e+00
1.963999999999967017e+01,1.098277909614896242e+00,6.292668895338405122e+01,4.304411295148488636e-01,4.563124248931471811e+02,8.271735310554504395e-01,-9.948005676269531250e-01,-4.210951026851568746e-01,-6.579211011888004279e-01,1.000000000000000000e+00,1.000000000000000000e+00,0.000000000000000000e+00,0.000000000000000000e+00
1.965999999999966974e+01,1.069332241598357047e+00,6.126822434084954239e+01,4.302053474027698332e-01,4.933030099115821372e+02,7.828141450881958008e-01,-9.902910590171813965e-01,-4.207232243392062809e-01,-6.634383225359542502e-01,1.000000000000000000e+00,1.000000000000000000e+00,0.000000000000000000e+00,0.000000000000000000e+00
1.967999999999966931e+01,1.038712042696047000e+00,5.951381617589606066e+01,4.301173151325552446e-01,5.323765415104033991e+02,7.331693172454833984e-01,-9.842770099639892578e-01,-4.211941216556751022e-01,-6.680409054610202402e-01,1.000000000000000000e+00,1.000000000000000000e+00,0.000000000000000000e+00,0.000000000000000000e+00
1.969999999999966889e+01,1.006419947946797233e+00,5.766361543512748256e+01,4.302040953739277862e-01,5.734247304326547692e+02,6.782582998275756836e-01,-9.766867160797119141e-01,-4.225160942837205003e-01,-6.717214902684813804e-01,1.000000000000000000e+00,1.000000000000000000e+00,0.000000000000000000e+00,0.000000000000000000e+00
1.971999999999966846e+01,9.724590673312163425e-01,5.571780030730705136e+01,4.304950622610984046e-01,6.163098478469635211e+02,6.181604862213134766e-01,-9.674489498138427734e-01,-4.246967789668323334e-01,-6.744683102571331634e-01,1.000000000000000000e+00,1.000000000000000000e+00,0.000000000000000000e+00,0.000000000000000000e+00
1.973999999999966803e+01,9.368331914021603701e-01,5.367658797511543156e+01,4.310215732385268561e-01,6.608639681763293083e+02,5.530276298522949219e-01,-9.564958214759826660e-01,-4.277424387308081943e-01,-6.762654338975799817e-01,1.000000000000000000e+00,1.000000000000000000e+00,0.000000000000000000e+00,0.000000000000000000e+00
1.975999999999966761e+01,8.995470146130486455e-01,5.154024741092067785e+01,4.318164681286842943e-01,7.068881184046626913e+02,4.830958545207977295e-01,-9.437657594680786133e-01,-4.316570786324473441e-01,-6.770931773489151650e-01,1.000000000000000000e+00,1.000000000000000000e+00,0.000000000000000000e+00,0.000000000000000000e+00
1.977999999999966718e+01,8.606063841063926745e-01,4.930911363131090752e+01,4.329133752861522577e-01,7.541517193032673276e+02,4.086962342262268066e-01,-9.292066693305969238e-01,-4.364414096279818911e-01,-6.769286883440950309e-01,1.000000000000000000e+00,1.000000000000000000e+00,0.000000000000000000e+00,0.000000000000000000e+00
1.979999999999966676e+01,8.200185819287435507e-01,4.698360386681972045e+01,4.343458157765933136e-01,8.023931874276735243e+02,3.302612900733947754e-01,-9.127794504165649414e-01,-4.420916963627560814e-01,-6.757467028094354955e-01,1.000000000000000000e+00,1.000000000000000000e+00,0.000000000000000000e+00,0.000000000000000000e+00
1.981999999999966633e+01,7.777926486490289726e-01,4.456423610389106926e+01,4.361461064618896155e-01,8.513204212642076527e+02,2.483291923999786377e-01,-8.944613933563232422e-01,-4.485985346891774306e-01,-6.735204718345426667e-01,1.000000000000000000e+00,1.000000000000000000e+00,0.000000000000000000e+00,0.000000000000000000e+00
1.983999999999966590e+01,7.339397562891596394e-01,4.205165045222906883e+01,4.383440818976580555e-01,9.006126565310174783e+02,1.635421663522720337e-01,-8.742495179176330566e-01,-4.559456158612050225e-01,-6.702228497865682089e-01,1.000000000000000000e+00,1.000000000000000000e+00,0.000000000000000000e+00,0.000000000000000000e+00
1.985999999999966548e+01,6.884736384974705636e-01,3.944663379192061825e+01,4.409656787938441846e-01,9.499237450544351304e+02,7.663850486278533936e-02,-8.521627187728881836e-01,-4.641085511761192661e-01,-6.658275168405223265e-01,1.000000000000000000e+00,1.000000000000000000e+00,0.000000000000000000e+00,0.000000000000000000e+00
1.987999999999966505e+01,6.414110843022822195e-01,3.675014806343062190e+01,4.440314394868871140e-01,9.988850182339929233e+02,-1.156001910567283630e-02,-8.282444477081298828e-01,-4.730538357915458625e-01,-6.603103073756345642e-01,9.999999999999997780e-01,1.000000000000000000e+00,0.000000000000000000e+00,0.000000000000000000e+00
1.989999999999966462e+01,5.927725006719031242e-01,3.396336249991580303e+01,4.475550227911631596e-01,1.047110587745651173e+03,-1.001689657568931580e-01,-8.025629520416259766e-01,-4.827380374882378478e-01,-6.536505974041669775e-01,1.000000000000000000e+00,1.000000000000000000e+00,0.000000000000000000e+00,0.000000000000000000e+00
1.991999999999966420e+01,5.425825467744158637e-01,3.108768996763360803e+01,4.515418147860068010e-01,1.094201985831956108e+03,-1.882662326097488403e-01,-7.752112746238708496e-01,-4.931072954072788783e-01,-6.458326885413586682e-01,1.000000000000000000e+00,1.000000000000000000e+00,0.000000000000000000e+00,0.000000000000000000e+00
1.993999999999966377e+01,4.908708391104776858e-01,2.812482736707563546e+01,4.559877419569245416e-01,1.139753236908986764e+03,-2.749211490154266357e-01,-7.463053464889526367e-01,-5.040971993633728276e-01,-6.368471207857270278e-01,1.000000000000000222e+00,1.000000000000000000e+00,0.000000000000000000e+00,0.000000000000000000e+00
1.995999999999966334e+01,4.376727222956176000e-01,2.507679979554021443e+01,4.608783863139530590e-01,1.183355914345636847e+03,-3.592263162136077881e-01,-7.159810066223144531e-01,-5.156331039513999404e-01,-6.266918374124281765e-01,1.000000000000000000e+00,1.000000000000000000e+00,0.000000000000000000e+00,0.000000000000000000e+00
1.997999999999966292e+01,3.830300945834044235e-01,2.194600784612580924e+01,4.661884848048065133e-01,1.224603286771331796e+03,-4.403283596038818359e-01,-6.843891143798828125e-01,-5.276309035349004972e-01,-6.153731205142231042e-01,1.000000000000000222e+00,1.000000000000000000e+00,0.000000000000000000e+00,0.000000000000000000e+00
1.999999999999966249e+01,3.269922698975675779e-01,1.873527699853333672e+01,4.718818630314100537e-01,1.263092679282378185e+03,-5.174545049667358398e-01,-6.516903638839721680e-01,-5.399982547350087314e-01,-6.029062259876849517e-01,1.000000000000000000e+00,1.000000000000000000e+00,0.000000000000000000e+00,0.000000000000000000e+00
2.001999999999966207e+01,2.696168506955376465e-01,1.544790763046316151e+01,4.779118397821143782e-01,1.298428208477519775e+03,-5.899358391761779785e-01,-6.180486083030700684e-01,-5.526362013713259635e-01,-5.893156586348268222e-01,1.000000000000000000e+00,1.000000000000000000e+00,0.000000000000000000e+00,0.000000000000000000e+00
2.003999999999966164e+01,2.109705778489963102e-01,1.208772371218366182e+01,4.842220836455777278e-01,1.330220818929066354e+03,-6.572206020355224609e-01,-5.836245417594909668e-01,-5.654411189660181192e-01,-5.746350478260745520e-01,1.000000000000000000e+00,1.000000000000000000e+00,0.000000000000000000e+00,0.000000000000000000e+00
2.005999999999966121e+01,1.511301163012177540e-01,8.659117821381061120e+00,4.907478902303413770e-01,1.358088895444533136e+03,-7.188806533813476562e-01,-5.485694408416748047e-01,-5.783068650669567212e-01,-5.589066149058530275e-01,1.000000000000000000e+00,1.000000000000000000e+00,0.000000000000000000e+00,0.000000000000000000e+00
2.007999999999966079e+01,9.018272989309306098e-02,5.167089807842518034e+00,4.974178177458487560e-01,1.381658865784575710e+03,-7.746093273162841797e-01,-5.130198001861572266e-01,-5.911270076547110452e-01,-5.421802514508112791e-01,1.000000000000000000e+00,1.000000000000000000e+00,0.000000000000000000e+00,0.000000000000000000e+00
2.009999999999966036e+01,2.822679635650660046e-02,1.617276300403077682e+00,5.041556034514329543e-01,1.400566885040242823e+03,-8.242115378379821777e-01,-4.770925343036651611e-01,-6.037969965684023554e-01,-5.245122505206434305e-01,1.000000000000000000e+00,1.000000000000000000e+00,0.000000000000000000e+00,0.000000000000000000e+00
2.011999999999965993e+01,-3.462788569483699064e-02,-1.984031703775597677e+00,5.108822735136814286e-01,1.414462540610219548e+03,-8.675886392593383789e-01,-4.408822953701019287e-01,-6.162161524063719531e-01,-5.059637625842275943e-01,1.000000000000000000e+00,1.000000000000000000e+00,0.000000000000000000e+00,0.000000000000000000e+00
2.013999999999965951e+01,-9.826004082738482026e-02,-5.629885634192307364e+00,5.175183529548120775e-01,1.423014811425346124e+03,-9.047188162803649902e-01,-4.044598042964935303e-01,-6.282893669593891950e-01,-4.865990683617446022e-01,1.000000000000000222e+00,1.000000000000000000e+00,0.000000000000000000e+00,0.000000000000000000e+00
2.015999999999965908e+01,-1.625371451200114947e-01,-9.312692429482043011e+00,5.239860845505672771e-01,1.425920907241154737e+03,-9.356361031532287598e-01,-3.678717315196990967e-01,-6.399284374387622654e-01,-4.664837663159052683e-01,1.000000000000000000e+00,1.000000000000000000e+00,0.000000000000000000e+00,0.000000000000000000e+00
2.017999999999965866e+01,-2.273159589177793372e-01,-1.302424506195796461e+01,5.302115672468074026e-01,1.422917474113397475e+03,-9.604095220565795898e-01,-3.311418592929840088e-01,-6.510529911096742950e-01,-4.456829754643213959e-01,1.000000000000000000e+00,1.000000000000000000e+00,0.000000000000000000e+00,0.000000000000000000e+00
2.019999999999965823e+01,-2.924433688343310855e-01,-1.675577078079484394e+01,5.361267288758081451e-01,1.413793313650763821e+03,-9.791237115859985352e-01,-2.942736148834228516e-01,-6.615909895928872020e-01,-4.242596510644998653e-01,1.000000000000000000e+00,1.000000000000000000e+00,0.000000000000000000e+00,0.000000000000000000e+00
2.021999999999965780e+01,-3.577575270089567994e-01,-2.049799638665078305e+01,5.416710623611550313e-01,1.398403076089728984e+03,-9.918627738952636719e-01,-2.572530806064605713e-01,-6.714788333183204783e-01,-4.022730954187334618e-01,1.000000000000000000e+00,1.000000000000000000e+00,0.000000000000000000e+00,0.000000000000000000e+00
2.023999999999965738e+01,-4.230892597499558150e-01,-2.424122894098668368e+01,5.467930651193081415e-01,1.376680311439832849e+03,-9.986978173255920410e-01,-2.200530469417572021e-01,-6.806611129697096585e-01,-3.797777304328963099e-01,1.000000000000000000e+00,1.000000000000000000e+00,0.000000000000000000e+00,0.000000000000000000e+00
2.025999999999965695e+01,-4.882637039039874338e-01,-2.797544952312377831e+01,5.514513406654333316e-01,1.348648760307019529e+03,-9.996783733367919922e-01,-1.826370507478713989e-01,-6.890900727152557970e-01,-3.568221790089000645e-01,1.000000000000000000e+00,1.000000000000000000e+00,0.000000000000000000e+00,0.000000000000000000e+00
2.027999999999965652e+01,-5.531021188375899733e-01,-3.169041704913721347e+01,5.556153412798353619e-01,1.314430976312762368e+03,-9.948283433914184570e-01,-1.449639946222305298e-01,-6.967248624166533233e-01,-3.334486836499607754e-01,1.000000000000000000e+00,1.000000000000000000e+00,0.000000000000000000e+00,0.000000000000000000e+00
2.029999999999965610e+01,-6.174238155096172243e-01,-3.537577879956504745e+01,5.592657515855605777e-01,1.274253386658961290e+03,-9.841459393501281738e-01,-1.069924160838127136e-01,-7.035306618972769765e-01,-3.096928721646161065e-01,1.000000000000000000e+00,1.000000000000000000e+00,0.000000000000000000e+00,0.000000000000000000e+00
2.031999999999965567e+01,-6.810481419684935034e-01,-3.902118418002119427e+01,5.623945295975316672e-01,1.228447332154387595e+03,-9.676074981689453125e-01,-6.868485361337661743e-02,-7.094777597622969889e-01,-2.855838631200641187e-01,1.000000000000000000e+00,1.000000000000000000e+00,0.000000000000000000e+00,0.000000000000000000e+00
2.033999999999965524e+01,-7.437964665703433731e-01,-4.261639835122409892e+01,5.650046366244497742e-01,1.177446178538107915e+03,-9.451749920845031738e-01,-3.001186065375804901e-02,-7.145406652904767730e-01,-2.611446916762534820e-01,1.000000000000000000e+00,1.000000000000000000e+00,0.000000000000000000e+00,0.000000000000000000e+00
2.035999999999965482e+01,-8.054941054397777300e-01,-4.615141266436499023e+01,5.671094933954243800e-01,1.121778537297200273e+03,-9.168065786361694336e-01,9.044169448316097260e-03,-7.186973241837104620e-01,-2.363930261922362330e-01,1.000000000000000000e+00,1.000000000000000000e+00,0.000000000000000000e+00,0.000000000000000000e+00
2.037999999999965439e+01,-8.659721480467803545e-01,-4.961654925895860657e+01,5.687322020048375393e-01,1.062058233881050228e+03,-8.824698925018310547e-01,4.848579689860343933e-02,-7.219284987769051254e-01,-2.113421365883842440e-01,1.000000000000000000e+00,1.000000000000000000e+00,0.000000000000000000e+00,0.000000000000000000e+00
2.039999999999965397e+01,-9.250691434326152596e-01,-5.300255767647104932e+01,5.699045675921670107e-01,9.989714894355389561e+02,-8.421574234962463379e-01,8.829760551452636719e-02,-7.242173616829351568e-01,-1.860020700074209166e-01,1.000000000000000000e+00,1.000000000000000000e+00,0.000000000000000000e+00,0.000000000000000000e+00
2.041999999999965354e+01,-9.826326186982003996e-01,-5.630070186329478332e+01,5.706659462754772871e-01,9.332620500172517950e+02,-7.959034442901611328e-01,1.284436434507369995e-01,-7.255493390391745123e-01,-1.603809896463473661e-01,1.000000000000000000e+00,1.000000000000000000e+00,0.000000000000000000e+00,0.000000000000000000e+00
2.043999999999965311e+01,-1.038520408958858443e+00,-5.950283637154283412e+01,5.710619382466236571e-01,8.657144913834434874e+02,-7.438009381294250488e-01,1.688660234212875366e-01,-7.259122235561799030e-01,-1.344866236162618467e-01,1.000000000000000000e+00,1.000000000000000000e+00,0.000000000000000000e+00,0.000000000000000000e+00
2.045999999999965269e+01,-1.092601784417845057e+00,-6.260147093560515685e+01,5.711429387901679755e-01,7.971369547635881645e+02,-6.860190033912658691e-01,2.094837576150894165e-01,-7.252965635063163274e-01,-1.083277692661345076e-01,1.000000000000000000e+00,1.000000000000000000e+00,0.000000000000000000e+00,0.000000000000000000e+00
2.047999999999965226e+01,-1.144758365602088102e+00,-6.558982291129372300e+01,5.709625597283575216e-01,7.283426578643084213e+02,-6.228178143501281738e-01,2.501924633979797363e-01,-7.236963164853251751e-01,-8.191580137216954161e-02,1.000000000000000000e+00,1.000000000000000000e+00,0.000000000000000000e+00,0.000000000000000000e+00
2.049999999999965183e+01,-1.194884820668205005e+00,-6.846185722853438449e+01,5.705759422208451781e-01,6.601311061623904379e+02,-5.545606613159179688e-01,2.908653616905212402e-01,-7.211097362466859506e-01,-5.526612427440880104e-02,9.999999999999997780e-01,1.000000000000000000e+00,0.000000000000000000e+00,0.000000000000000000e+00
2.051999999999965141e+01,-1.242889340380858965e+00,-7.121231360562201473e+01,5.700379962081435492e-01,5.932689525560970196e+02,-4.817211627960205078e-01,3.313553929328918457e-01,-7.175404410578066772e-01,-2.839950205278230291e-02,1.000000000000000000e+00,1.000000000000000000e+00,0.000000000000000000e+00,0.000000000000000000e+00
2.053999999999965098e+01,-1.288693888323711345e+00,-7.383672088525210597e+01,5.694016204783269863e-01,5.284716065162376708e+02,-4.048855900764465332e-01,3.714978098869323730e-01,-7.129985951130329846e-01,-1.343208724685977708e-03,1.000000000000000000e+00,1.000000000000000000e+00,0.000000000000000000e+00,0.000000000000000000e+00
2.055999999999965056e+01,-1.332234225194088406e+00,-7.633139842650254536e+01,5.687159862407946687e-01,4.663844408455370854e+02,-3.247463107109069824e-01,4.111149907112121582e-01,-7.075021130440685146e-01,2.586806686565782179e-02,1.000000000000000000e+00,1.000000000000000000e+00,0.000000000000000000e+00,0.000000000000000000e+00
2.057999999999965013e+01,-1.373459708256087541e+00,-7.869344461434316429e+01,5.680249784386186551e-01,4.075666079457570277e+02,-2.420894056558609009e-01,4.500213563442230225e-01,-7.010777847662992279e-01,5.319162231109212519e-02,1.000000000000000000e+00,1.000000000000000000e+00,0.000000000000000000e+00,0.000000000000000000e+00
2.059999999999964970e+01,-1.412332870977752286e+00,-8.092071277461984380e+01,5.673659078947402845e-01,3.524761691566350805e+02,-1.577728986740112305e-01,4.880298972129821777e-01,-6.937622099714926271e-01,8.057650064455267047e-02,1.000000000000000000e+00,1.000000000000000000e+00,0.000000000000000000e+00,0.000000000000000000e+00
2.061999999999964928e+01,-1.448828792714090596e+00,-8.301177505955178049e+01,5.667685948499600057e-01,3.014595215763947635e+02,-7.269934564828872681e-02,5.249589085578918457e-01,-6.856024318347576640e-01,1.079636497402194778e-01,1.000000000000000000e+00,1.000000000000000000e+00,0.000000000000000000e+00,0.000000000000000000e+00
2.063999999999964885e+01,-1.482934274875230329e+00,-8.496587524564381511e+01,5.662549049891978381e-01,2.547451992973483357e+02,1.221699360758066177e-02,5.606389641761779785e-01,-6.766561740449602569e-01,1.352865027154090960e-01,1.000000000000000000e+00,1.000000000000000000e+00,0.000000000000000000e+00,0.000000000000000000e+00
2.065999999999964842e+01,-1.514646847311859723e+00,-8.678287180376558752e+01,5.658387722137296905e-01,2.124440144770748589e+02,9.608414024114608765e-02,5.949190258979797363e-01,-6.669916118292347207e-01,1.624719712682127781e-01,1.000000000000000000e+00,1.000000000000000000e+00,0.000000000000000000e+00,0.000000000000000000e+00
2.067999999999964800e+01,-1.543973635457400739e+00,-8.846317299117937694e+01,5.655266986760082437e-01,1.745545779846082723e+02,1.780668199062347412e-01,6.276721954345703125e-01,-6.566866413616090359e-01,1.894418193118192484e-01,1.000000000000000000e+00,1.000000000000000000e+00,0.000000000000000000e+00,0.000000000000000000e+00
2.069999999999964757e+01,-1.570930124336709977e+00,-9.000766603445512715e+01,5.653186580317320908e-01,1.409756597885709652e+02,2.574158310890197754e-01,6.587996482849121094e-01,-6.458276544928592822e-01,2.161143563926644362e-01,9.999999999999997780e-01,1.000000000000000000e+00,0.000000000000000000e+00,0.000000000000000000e+00
2.071999999999964714e+01,-1.595538859288983868e+00,-9.141764268637649593e+01,5.652092894827674963e-01,1.115234720338037704e+02,3.334912657737731934e-01,6.882331371307373047e-01,-6.345078721248568199e-01,2.424063627596456938e-01,1.000000000000000000e+00,1.000000000000000000e+00,0.000000000000000000e+00,0.000000000000000000e+00
2.073999999999964672e+01,-1.617828124526556888e+00,-9.269472351293708812e+01,5.651892370581602654e-01,8.595322720005954409e+01,4.057765007019042969e-01,7.159352302551269531e-01,-6.228253312762203064e-01,2.682351362566756103e-01,1.000000000000000000e+00,1.000000000000000000e+00,0.000000000000000000e+00,0.000000000000000000e+00
2.075999999999964629e+01,-1.637830639167924041e+00,-9.384078318153606801e+01,5.652464989946199836e-01,6.398138113234705315e+01,4.738850295543670654e-01,7.418984770774841309e-01,-6.108806476528407803e-01,2.935205459416515006e-01,1.000000000000000000e+00,1.000000000000000000e+00,0.000000000000000000e+00,0.000000000000000000e+00
2.077999999999964587e+01,-1.655582306382804791e+00,-9.485787879226948860e+01,5.653676518921630922e-01,4.530908466551072422e+01,5.375564694404602051e-01,7.661423087120056152e-01,-5.987746951642132220e-01,3.181869757592593051e-01,1.000000000000000000e+00,1.000000000000000000e+00,0.000000000000000000e+00,0.000000000000000000e+00
2.079999999999964544e+01,-1.671121045555068019e+00,-9.574818296579478272e+01,5.655388721950528330e-01,2.964219856416799459e+01,5.966472625732421875e-01,7.887095212936401367e-01,-5.866063452456850014e-01,3.421650542403791295e-01,1.000000000000000000e+00,1.000000000000000000e+00,0.000000000000000000e+00,0.000000000000000000e+00
2.081999999999964501e+01,-1.684543503428053146e+00,-9.651723315260896641e+01,5.657662364194033788e-01,1.667577791796925979e+01,6.511154174804687500e-01,8.096615076065063477e-01,-5.744703922980317623e-01,3.653930876949612050e-01,1.000000000000000222e+00,1.000000000000000000e+00,1.000000000000000021e-02,5.684341886080801487e-14
2.083999999999964459e+01,-1.695926007216817855e+00,-9.716940257999685571e+01,5.658015366372036725e-01,0.000000000000000000e+00,7.010254859924316406e-01,8.290831446647644043e-01,-5.624556977401391489e-01,3.878182563223391832e-01,9.999932224086898191e-01,0.000000000000000000e+00,2.999999999999999542e-02,8.526512829121202230e-14
2.085999999999964416e+01,-1.705573030501804421e+00,-9.772213629909101940e+01,5.657917579575890699e-01,0.000000000000000000e+00,7.473255395889282227e-01,8.473964929580688477e-01,-5.506411455986259806e-01,4.094015124530782090e-01,9.999644636450932822e-01,0.000000000000000000e+00,5.000000000000000971e-02,8.526512829121202230e-14
2.087999999999964373e+01,-1.713481718434261669e+00,-9.817527073910686397e+01,5.657799379243487747e-01,0.000000000000000000e+00,7.891929149627685547e-01,8.643193244934082031e-01,-5.390963182303609713e-01,4.301153920852742174e-01,9.998919295494133053e-01,0.000000000000000000e+00,7.000000000000002054e-02,8.526512829121202230e-14
2.089999999999964331e+01,-1.719647949185759028e+00,-9.852856973667144302e+01,5.657661371764727276e-01,0.000000000000000000e+00,8.266698718070983887e-01,8.798898458480834961e-01,-5.278843547140907866e-01,4.499385373933381671e-01,9.997604629306581225e-01,0.000000000000000000e+00,9.000000000000003830e-02,8.526512829121202230e-14
2.091999999999964288e+01,-1.724069610354540316e+00,-9.878191226007949410e+01,5.657505901826535011e-01,0.000000000000000000e+00,8.599851727485656738e-01,8.942125439643859863e-01,-5.170611854894600068e-01,4.688560772258195120e-01,9.995609411964132551e-01,0.000000000000000000e+00,1.100000000000000561e-01,8.526512829121202230e-14
2.093999999999964245e+01,-1.726746380462859776e+00,-9.893527989001297840e+01,5.657336516266430193e-01,0.000000000000000000e+00,8.893635869026184082e-01,9.073868393898010254e-01,-5.066747679134889770e-01,4.868603183798848044e-01,9.992900411686225226e-01,0.000000000000000000e+00,1.300000000000000600e-01,8.526512829121202230e-14
2.095999999999964203e+01,-1.727679442255151798e+00,-9.898874039273621861e+01,5.657157407970160312e-01,0.000000000000000000e+00,9.150103330612182617e-01,9.195034503936767578e-01,-4.967649064918954194e-01,5.039508119891544791e-01,9.989501720075987246e-01,0.000000000000000000e+00,1.500000000000000777e-01,8.526512829121202230e-14
2.097999999999964160e+01,-1.726871188622839171e+00,-9.894243087082858779e+01,5.656972798162536176e-01,0.000000000000000000e+00,9.371004700660705566e-01,9.306418895721435547e-01,-4.873635452213410102e-01,5.201339291185123059e-01,9.985495462467122163e-01,0.000000000000000000e+00,1.700000000000000955e-01,8.526512829121202230e-14
2.099999999999964118e+01,-1.724324962023799479e+00,-9.879654283301967155e+01,5.656786346907543006e-01,0.000000000000000000e+00,9.557719230651855469e-01,9.408686161041259766e-01,-4.784954166495138383e-01,5.354220717776347893e-01,9.981023619463211816e-01,0.000000000000000000e+00,1.900000000000001132e-01,8.526512829121202230e-14
2.101999999999964075e+01,-1.720044842454395706e+00,-9.855131004588147903e+01,5.656600746609395935e-01,0.000000000000000000e+00,9.711228013038635254e-01,9.502367377281188965e-01,-4.701789356637181561e-01,5.498326419825427802e-01,9.976290632065160091e-01,0.000000000000000000e+00,2.100000000000001310e-01,8.526512829121202230e-14
2.103999999999964032e+01,-1.714035534861515941e+00,-9.820700208301354905e+01,5.656417519928232940e-01,0.000000000000000000e+00,9.832108020782470703e-01,9.587854146957397461e-01,-4.624272369833535845e-01,5.633868719965934302e-01,9.971566475193813783e-01,0.000000000000000000e+00,2.300000000000001488e-01,8.526512829121202230e-14
2.105999999999963990e+01,-1.706302395716720266e+00,-9.776392584762935201e+01,5.656236976572435182e-01,0.000000000000000000e+00,9.920561909675598145e-01,9.665403366088867188e-01,-4.552492673501072895e-01,5.761085994043635417e-01,9.967189915204135442e-01,0.000000000000000000e+00,2.500000000000001665e-01,8.526512829121202230e-14
2.107999999999963947e+01,-1.696851623876672654e+00,-9.722243650805353354e+01,5.656058263147565324e-01,0.000000000000000000e+00,9.976458549499511719e-01,9.735146164894104004e-01,-4.486508580682376790e-01,5.880230615407610051e-01,9.963571694741297780e-01,0.000000000000000000e+00,2.700000000000001843e-01,8.526512829121202230e-14
2.109999999999963904e+01,-1.685690631815797147e+00,-9.658295876778635147e+01,5.655879464354403030e-01,0.000000000000000000e+00,9.999408721923828125e-01,9.797098040580749512e-01,-4.426357150405876850e-01,5.991557645343511540e-01,9.961197396587306852e-01,0.000000000000000000e+00,2.900000000000002021e-01,8.526512829121202230e-14
2.111999999999963862e+01,-1.672828605558567716e+00,-9.584601894726066007e+01,5.655697725030830458e-01,0.000000000000000000e+00,9.988853335380554199e-01,9.851175546646118164e-01,-4.372062736026676166e-01,6.095314708764054679e-01,9.960629730383414593e-01,0.000000000000000000e+00,3.100000000000002198e-01,8.526512829121202230e-14
2.113999999999963819e+01,-1.658277253881058844e+00,-9.501228790992878714e+01,5.655509374544275270e-01,0.000000000000000000e+00,9.944184422492980957e-01,9.897219538688659668e-01,-4.323643738609567189e-01,6.191733461364715696e-01,9.962509970428261585e-01,0.000000000000000000e+00,3.300000000000002376e-01,8.526512829121202230e-14
2.115999999999963777e+01,-1.642051737916523368e+00,-9.408263432473876264e+01,5.655310036005366525e-01,0.000000000000000000e+00,9.864875078201293945e-01,9.935021400451660156e-01,-4.281117212027716334e-01,6.281022975179683110e-01,9.967558264431796156e-01,0.000000000000000000e+00,3.500000000000002554e-01,8.526512829121202230e-14
2.117999999999963734e+01,-1.624171761760768717e+00,-9.305818715321947820e+01,5.655094710269434888e-01,0.000000000000000000e+00,9.750637412071228027e-01,9.964357614517211914e-01,-4.244501043623822301e-01,6.363365333002476421e-01,9.976572525070954711e-01,0.000000000000000000e+00,3.700000000000002731e-01,8.526512829121202230e-14
2.119999999999963691e+01,-1.604662792027094831e+00,-9.194040552483150464e+01,5.654857823977362807e-01,0.000000000000000000e+00,9.601579308509826660e-01,9.985024333000183105e-01,-4.213813533460070149e-01,6.438913643373495033e-01,9.990425625429780743e-01,0.000000000000000000e+00,3.900000000000002909e-01,8.526512829121202230e-14
2.121999999999963649e+01,-1.582014539122588381e+00,-9.064275622005837363e+01,5.845429002289577181e-01,2.079340575970963698e+02,9.418360590934753418e-01,9.996880888938903809e-01,-4.189070344033479776e-01,6.507792648174578476e-01,1.000000000000000000e+00,1.000000000000000000e+00,4.000000000000002998e-01,8.526512829121202230e-14
2.123999999999963606e+01,-1.555036076520120769e+00,-8.909700417518544668e+01,5.843259914143958955e-01,2.400568102855267512e+02,9.308400750160217285e-01,9.999567270278930664e-01,-4.169953678008344600e-01,6.570098049709984789e-01,1.000000000000000000e+00,1.000000000000000000e+00,4.000000000000002998e-01,8.526512829121202230e-14
2.125999999999963563e+01,-1.526208901725873535e+00,-8.744532872418918146e+01,5.841147094277749918e-01,2.812481476026385963e+02,9.063358306884765625e-01,9.997627735137939453e-01,-4.156283261609834412e-01,6.625954815811855303e-01,1.000000000000000000e+00,1.000000000000000000e+00,4.000000000000002998e-01,8.526512829121202230e-14
2.127999999999963521e+01,-1.495522453699156706e+00,-8.568712476401074696e+01,5.839250837051533916e-01,3.252712530929200625e+02,8.775992989540100098e-01,9.985620975494384766e-01,-4.148251604264516224e-01,6.675485463061340274e-01,1.000000000000000000e+00,1.000000000000000000e+00,4.000000000000002998e-01,8.526512829121202230e-14
2.129999999999963478e+01,-1.462965659867895507e+00,-8.382175788300193631e+01,5.837757706287195480e-01,3.721788238507450046e+02,8.444334864616394043e-01,9.962788820266723633e-01,-4.146051875267890985e-01,6.718739127944622913e-01,1.000000000000000000e+00,1.000000000000000000e+00,4.000000000000002998e-01,8.526512829121202230e-14
2.131999999999963435e+01,-1.428527032872664027e+00,-8.184856990394986553e+01,5.836883615004043735e-01,4.219917770035424951e+02,8.066541552543640137e-01,9.928308725357055664e-01,-4.149882275427554945e-01,6.755695915959523123e-01,1.000000000000000000e+00,1.000000000000000000e+00,4.000000000000002998e-01,8.526512829121202230e-14
2.133999999999963393e+01,-1.392194789991698212e+00,-7.976688572662628474e+01,5.836876602765679323e-01,4.746992836805799811e+02,7.640997171401977539e-01,9.881306886672973633e-01,-4.159947765253706464e-01,6.786270765370523428e-01,1.000000000000000000e+00,1.000000000000000000e+00,4.000000000000002998e-01,8.526512829121202230e-14
2.135999999999963350e+01,-1.353956996110061262e+00,-7.757602151931733658e+01,5.838019073337165077e-01,5.302577462770035481e+02,7.166429162025451660e-01,9.820871949195861816e-01,-4.176459340619967375e-01,6.810317167589091669e-01,1.000000000000000000e+00,1.000000000000000000e+00,4.000000000000002998e-01,8.526512829121202230e-14
2.137999999999963308e+01,-1.313801733950493933e+00,-7.527529447233274595e+01,5.840629189214625594e-01,5.885891357443863399e+02,6.642034053802490234e-01,9.746075272560119629e-01,-4.199630989055181951e-01,6.827631064946062533e-01,1.000000000000000000e+00,1.000000000000000000e+00,4.000000000000002998e-01,8.526512829121202230e-14
2.139999999999963265e+01,-1.271717308086672382e+00,-7.286403448710456132e+01,5.845061055220127644e-01,6.495786637627553546e+02,6.067616939544677734e-01,9.655991792678833008e-01,-4.229674426103947060e-01,6.837955212737674149e-01,1.000000000000000000e+00,1.000000000000000000e+00,4.000000000000002998e-01,8.526512829121202230e-14
2.141999999999963222e+01,-1.227692491695929533e+00,-7.034159831407663432e+01,5.851703272156689728e-01,7.130721064293356903e+02,5.443732738494873047e-01,9.549729824066162109e-01,-4.266791709080220985e-01,6.840984298659003038e-01,9.999999999999997780e-01,1.000000000000000000e+00,4.000000000000002998e-01,8.526512829121202230e-14
2.143999999999963180e+01,-1.181716827301245498e+00,-6.770738678395134968e+01,5.860975427786806469e-01,7.788733609710658357e+02,4.771820604801177979e-01,9.426459074020385742e-01,-4.311165879419115443e-01,6.836371065261159785e-01,1.000000000000000000e+00,1.000000000000000000e+00,4.000000000000002998e-01,8.526512829121202230e-14
2.145999999999963137e+01,-1.133780994485693139e+00,-6.496086587617547536e+01,5.873322079106090277e-01,8.467413130149859626e+02,4.054335057735443115e-01,9.285451173782348633e-01,-4.362949828208521064e-01,6.823733701469354429e-01,1.000000000000000000e+00,1.000000000000000000e+00,4.000000000000002998e-01,8.526512829121202230e-14
2.147999999999963094e+01,-1.083877259108471769e+00,-6.210159245712299736e+01,5.889203878830108208e-01,9.163880812279317070e+02,3.294841051101684570e-01,9.126111865043640137e-01,-4.422253693096105387e-01,6.802664671802811647e-01,1.000000000000000000e+00,1.000000000000000000e+00,4.000000000000002998e-01,8.526512829121202230e-14
2.149999999999963052e+01,-1.032000018617908133e+00,-5.912924552422851576e+01,5.909085606279869118e-01,9.874773063433131028e+02,2.498074024915695190e-01,8.948023915290832520e-01,-4.489131245578023566e-01,6.772741091122636004e-01,1.000000000000000000e+00,1.000000000000000000e+00,4.000000000000002998e-01,8.526512829121202230e-14
2.151999999999963009e+01,-9.781464572932039303e-01,-5.604366374857400501e+01,5.933421064451160909e-01,1.059623379676420427e+03,1.669952869415283203e-01,8.750980496406555176e-01,-4.563565847898553018e-01,6.733536664594592658e-01,1.000000000000000000e+00,1.000000000000000000e+00,4.000000000000002998e-01,8.526512829121202230e-14
2.153999999999962967e+01,-9.223173226433831751e-01,-5.284488995927168986e+01,5.962635086391111505e-01,1.132392049569525398e+03,8.175195753574371338e-02,8.535020351409912109e-01,-4.645456733160441831e-01,6.684635074191129789e-01,1.000000000000000000e+00,1.000000000000000000e+00,4.000000000000002998e-01,8.526512829121202230e-14
2.155999999999962924e+01,-8.645178296554787423e-01,-4.953322295306877265e+01,5.997103185994532293e-01,1.205301785765441991e+03,-5.118249449878931046e-03,8.300451040267944336e-01,-4.734606488151683612e-01,6.625644557622042408e-01,1.000000000000000000e+00,1.000000000000000000e+00,4.000000000000002998e-01,8.526512829121202230e-14
2.157999999999962881e+01,-8.047586931416761402e-01,-4.610927664348174915e+01,6.037129790962485476e-01,1.277827194776135002e+03,-9.273207187652587891e-02,8.047860860824584961e-01,-4.830710730810964249e-01,6.556213203295071512e-01,1.000000000000000000e+00,1.000000000000000000e+00,4.000000000000002998e-01,8.526512829121202230e-14
2.159999999999962839e+01,-7.430572797248502503e-01,-4.257404606470575459e+01,6.082926218456503609e-01,1.349402382133486753e+03,-1.801534146070480347e-01,7.778117060661315918e-01,-4.933350967384657060e-01,6.476044328710919284e-01,1.000000000000000000e+00,1.000000000000000000e+00,4.000000000000002998e-01,8.526512829121202230e-14
2.161999999999962796e+01,-6.794388607158206028e-01,-3.892897915619350613e+01,6.134589842297036855e-01,1.419425650615702125e+03,-2.664256393909454346e-01,7.492350339889526367e-01,-5.041991506135941048e-01,6.384911200187718405e-01,1.000000000000000000e+00,1.000000000000000000e+00,4.000000000000002998e-01,8.526512829121202230e-14
2.163999999999962753e+01,-6.139379357667391623e-01,-3.517605260240798515e+01,6.192086013516285847e-01,1.487264695705277290e+03,-3.506065309047698975e-01,7.191917896270751953e-01,-5.155981130465880913e-01,6.282670207742424573e-01,1.000000000000000000e+00,1.000000000000000000e+00,4.000000000000002998e-01,8.526512829121202230e-14
2.165999999999962711e+01,-5.465995859782757371e-01,-3.131784936015337095e+01,6.255234214521449010e-01,1.552261610525127253e+03,-4.318025410175323486e-01,6.878352761268615723e-01,-5.274559895886725691e-01,6.169271553369454208e-01,1.000000000000000000e+00,1.000000000000000000e+00,4.000000000000002998e-01,8.526512829121202230e-14
2.167999999999962668e+01,-4.774808042027225419e-01,-2.735763487932842253e+01,6.323699757227737583e-01,1.613738214567172463e+03,-5.092003345489501953e-01,6.553304195404052734e-01,-5.396871024655525151e-01,6.044766646309973623e-01,1.000000000000000000e+00,1.000000000000000000e+00,4.000000000000002998e-01,8.526512829121202230e-14
2.169999999999962625e+01,-4.066517420936714977e-01,-2.329942855360981824e+01,6.396992003051852338e-01,1.671001550650166109e+03,-5.820918679237365723e-01,6.218464374542236328e-01,-5.521977442273133807e-01,5.909311508830393800e-01,1.000000000000000000e+00,1.000000000000000000e+00,4.000000000000002998e-01,8.526512829121202230e-14
2.171999999999962583e+01,-3.341968085506525910e-01,-1.914806665669397745e+01,6.474469605575087217e-01,1.723349606586525169e+03,-6.498907208442687988e-01,5.875496864318847656e-01,-5.648882056007441532e-01,5.763165731502858380e-01,1.000000000000000000e+00,1.000000000000000000e+00,4.000000000000002998e-01,8.526512829121202230e-14
2.173999999999962540e+01,-2.602155526601155344e-01,-1.490925293108884198e+01,6.555352894333920100e-01,1.770078954847684599e+03,-7.121402025222778320e-01,5.525967478752136230e-01,-5.776550562322291249e-01,5.606686863642320606e-01,1.000000000000000000e+00,1.000000000000000000e+00,4.000000000000002998e-01,8.526512829121202230e-14
2.175999999999962498e+01,-1.848232676383703144e-01,-1.058959319149546907e+01,6.638742948565297120e-01,1.810493652945530357e+03,-7.685108780860900879e-01,5.171283483505249023e-01,-5.903935341757132749e-01,5.440320440196991791e-01,1.000000000000000000e+00,1.000000000000000000e+00,4.000000000000002998e-01,8.526512829121202230e-14
2.177999999999962455e+01,-1.081512601064931189e-01,-6.196610753123645843e+00,6.723646543072009374e-01,1.843917218219793995e+03,-8.187905550003051758e-01,4.812648594379425049e-01,-6.029998924141288796e-01,5.264586206730396123e-01,1.000000000000000000e+00,1.000000000000000000e+00,4.000000000000002998e-01,8.526512829121202230e-14
2.179999999999962412e+01,-3.034674091307909549e-02,-1.738740176296414308e+00,6.809005795561016150e-01,1.869707853323410745e+03,-8.628680109977722168e-01,4.451029896736145020e-01,-6.153735627037751899e-01,5.080061359680427824e-01,1.000000000000000000e+00,1.000000000000000000e+00,4.000000000000002998e-01,8.526512829121202230e-14
2.181999999999962370e+01,4.842769055180262683e-02,2.774702280183863223e+00,6.893730988317847697e-01,1.887276228946333731e+03,-9.007118344306945801e-01,4.087144136428833008e-01,-6.274190173094997824e-01,4.887361813327958382e-01,1.000000000000000000e+00,1.000000000000000000e+00,4.000000000000002998e-01,8.526512829121202230e-14
2.183999999999962327e+01,1.279949789155465645e-01,7.333572090726776516e+00,6.976734941741202789e-01,1.896106404075233513e+03,-9.323486089706420898e-01,3.721461296081542969e-01,-6.390472433723954904e-01,4.687122656272342258e-01,1.000000000000000000e+00,1.000000000000000000e+00,4.000000000000002998e-01,8.526512829121202230e-14
2.185999999999962284e+01,2.081649530903959544e-01,1.192697325461845104e+01,7.056967175191234398e-01,1.895777665097207546e+03,-9.578406214714050293e-01,3.354218900203704834e-01,-6.501767822661874696e-01,4.479978920648461371e-01,1.000000000000000000e+00,1.000000000000000000e+00,4.000000000000002998e-01,8.526512829121202230e-14
2.187999999999962242e+01,2.887360458618024595e-01,1.654335682117705986e+01,7.133446161841757727e-01,1.885986401395746270e+03,-9.772662520408630371e-01,2.985453307628631592e-01,-6.607343232449552906e-01,4.266547730277130412e-01,1.000000000000000000e+00,1.000000000000000000e+00,4.000000000000002998e-01,8.526512829121202230e-14
2.189999999999962199e+01,3.694973468801276972e-01,2.117063851751269254e+01,7.205288167578369762e-01,1.866566032374059432e+03,-9.907037019729614258e-01,2.615036666393280029e-01,-6.706548762908135508e-01,4.047412748941047744e-01,1.000000000000000000e+00,1.000000000000000000e+00,4.000000000000002998e-01,8.526512829121202230e-14
2.191999999999962156e+01,4.502309280990757223e-01,2.579633198633506197e+01,7.271731435236233887e-01,1.837503119002163885e+03,-9.982188940048217773e-01,2.242721468210220337e-01,-6.798815764376087145e-01,3.823111624704178535e-01,1.000000000000000000e+00,1.000000000000000000e+00,4.000000000000002998e-01,8.526512829121202230e-14
2.193999999999962114e+01,5.307143699311480667e-01,3.040769352399946612e+01,7.332154860745790925e-01,1.798948227750616752e+03,-9.998579621315002441e-01,1.868187785148620605e-01,-6.883651919928319707e-01,3.594126912797313000e-01,1.000000000000000000e+00,1.000000000000000000e+00,4.000000000000002998e-01,8.526512829121202230e-14
2.195999999999962071e+01,6.107234107679961888e-01,3.499187388684071465e+01,7.386090730840173535e-01,1.751220602500666018e+03,-9.956447482109069824e-01,1.491094976663589478e-01,-6.960634226038137085e-01,3.360880769840868809e-01,9.999999999999997780e-01,1.000000000000000000e+00,4.000000000000002998e-01,8.526512829121202230e-14
2.197999999999962029e+01,6.900346413304578874e-01,3.953607266605875736e+01,7.433231504022258518e-01,1.694805883434349880e+03,-9.855824112892150879e-01,1.111127138137817383e-01,-7.029400777335421679e-01,3.123733462955323725e-01,1.000000000000000000e+00,1.000000000000000000e+00,4.000000000000002998e-01,8.526512829121202230e-14
2.199999999999961986e+01,7.684281694539514262e-01,4.402769096867505993e+01,7.473430958439015726e-01,1.630347266915488490e+03,-9.696596264839172363e-01,7.280425727367401123e-02,-7.089642252948303858e-01,2.882985579767290418e-01,1.000000000000000000e+00,1.000000000000000000e+00,4.000000000000002998e-01,8.526512829121202230e-14
2.201999999999961943e+01,8.456901887585486222e-01,4.845447859148677594e+01,7.506700301495664585e-01,1.558630525664342940e+03,-9.478601813316345215e-01,3.417122736573219299e-02,-7.141093943192228233e-01,2.638883649683228527e-01,1.000000000000000000e+00,1.000000000000000000e+00,4.000000000000002998e-01,8.526512829121202230e-14
2.203999999999961901e+01,9.216153953519574671e-01,5.280467248794794699e+01,7.533199938016010844e-01,1.480563933502723785e+03,-9.201757311820983887e-01,-4.784032702445983887e-03,-7.183529049143027034e-01,2.391628767763070429e-01,1.000000000000000000e+00,1.000000000000000000e+00,4.000000000000002998e-01,8.526512829121202230e-14
2.205999999999961858e+01,9.960092088394745247e-01,5.706712402266609985e+01,7.553227636893811159e-01,1.397154387193271759e+03,-8.866207599639892578e-01,-4.404100030660629272e-02,-7.216753856710879100e-01,2.141387734702046297e-01,1.000000000000000000e+00,1.000000000000000000e+00,4.000000000000002998e-01,8.526512829121202230e-14
2.207999999999961815e+01,1.068689765714217366e+00,6.123141318424940494e+01,7.567203751949714841e-01,1.309481135228632638e+03,-8.472492694854736328e-01,-8.355839550495147705e-02,-7.240605239089552558e-01,1.888306148699837039e-01,1.000000000000000000e+00,1.000000000000000000e+00,4.000000000000002998e-01,8.526512829121202230e-14
2.209999999999961773e+01,1.139489663107749351e+00,6.528794849485805685e+01,7.575654029671086143e-01,1.218667862535445693e+03,-8.021712303161621094e-01,-1.232728734612464905e-01,-7.254950754392488488e-01,1.632522812661539868e-01,1.000000000000000000e+00,1.000000000000000000e+00,4.000000000000002998e-01,8.526512829121202230e-14
2.211999999999961730e+01,1.208257438518569149e+00,6.922805179240155837e+01,7.579190413428547046e-01,1.125854791671978774e+03,-7.515687942504882812e-01,-1.630981713533401489e-01,-7.259691418341218672e-01,1.374184794699863932e-01,1.000000000000000000e+00,1.000000000000000000e+00,4.000000000000002998e-01,8.526512829121202230e-14
2.213999999999961688e+01,1.274858775708596514e+00,7.304402732331782033e+01,7.578490180250804231e-01,1.032170954641562048e+03,-6.957098245620727539e-01,-2.029256671667098999e-01,-7.254767028993666100e-01,1.113462454727301432e-01,1.000000000000000000e+00,1.000000000000000000e+00,4.000000000000002998e-01,8.526512829121202230e-14
2.215999999999961645e+01,1.339177428617437382e+00,7.672921467896122749e+01,7.574273738796749589e-01,9.387077401471959774e+02,-6.349582672119140625e-01,-2.426255792379379272e-01,-7.240163708342394200e-01,8.505637474424129763e-02,9.999999999999997780e-01,1.000000000000000000e+00,4.000000000000002998e-01,8.526512829121202230e-14
2.217999999999961602e+01,1.401115854673808503e+00,8.027802508167442852e+01,7.567281525589846236e-01,8.464938812455824291e+02,-5.697795152664184570e-01,-2.820496857166290283e-01,-7.215923124953785850e-01,5.857471079508409784e-02,1.000000000000000000e+00,1.000000000000000000e+00,4.000000000000002998e-01,8.526512829121202230e-14
2.219999999999961560e+01,1.460595547010982376e+00,8.368596041933110996e+01,7.558250598441816903e-01,7.564722186474166392e+02,-5.007394552230834961e-01,-3.210350573062896729e-01,-7.182152655120384033e-01,3.193322141019443866e-02,1.000000000000000000e+00,1.000000000000000000e+00,4.000000000000002998e-01,8.526512829121202230e-14
2.221999999999961517e+01,1.517557054554611096e+00,8.694961439628363564e+01,7.547891747306110233e-01,6.694792332687566159e+02,-4.284971952438354492e-01,-3.594087064266204834e-01,-7.139035590651227059e-01,5.170800093398248906e-03,1.000000000000000000e+00,1.000000000000000000e+00,4.000000000000002998e-01,8.526512829121202230e-14
2.223999999999961474e+01,1.571959680496477052e+00,9.006665525718148047e+01,7.536868148279171065e-01,5.862275334568869312e+02,-3.537905216217041016e-01,-3.969930112361907959e-01,-7.086840401375322784e-01,-2.166625945888616539e-02,1.000000000000000000e+00,1.000000000000000000e+00,4.000000000000002998e-01,8.526512829121202230e-14
2.225999999999961432e+01,1.623780853669504420e+00,9.303578976941251710e+01,7.525776720319021784e-01,5.072921788751786494e+02,-2.774145901203155518e-01,-4.336122274398803711e-01,-7.025928015903852852e-01,-4.852416175032801815e-02,1.000000000000000000e+00,1.000000000000000000e+00,4.000000000000002998e-01,8.526512829121202230e-14
2.227999999999961389e+01,1.673015176711440066e+00,9.585670868689912538e+01,7.515133287856947675e-01,4.331023371994168656e+02,-2.001960873603820801e-01,-4.690983891487121582e-01,-6.956756170543278994e-01,-7.534190343979478566e-02,9.999999999999997780e-01,1.000000000000000000e+00,4.000000000000002998e-01,8.526512829121202230e-14
2.229999999999961346e+01,1.719673166724413615e+00,9.853001459520605465e+01,7.505362524892168485e-01,3.639377262561144448e+02,-1.229625344276428223e-01,-5.032981634140014648e-01,-6.879880015283018624e-01,-1.020519702144304236e-01,1.000000000000000000e+00,1.000000000000000000e+00,4.000000000000002998e-01,8.526512829121202230e-14
2.231999999999961304e+01,1.763779719551525460e+00,1.010571339210703741e+02,7.496793193451980475e-01,2.999323962519640645e+02,-4.651219397783279419e-02,-5.360779166221618652e-01,-6.795948444302210012e-01,-1.285814165758615013e-01,1.000000000000000000e+00,1.000000000000000000e+00,4.000000000000002998e-01,8.526512829121202230e-14
2.233999999999961261e+01,1.805372345299108616e+00,1.034402158352740457e+02,7.489658776427239317e-01,2.410843772841249688e+02,2.841504849493503571e-02,-5.673284530639648438e-01,-6.705695980568222581e-01,-1.548532793314218170e-01,1.000000000000000000e+00,1.000000000000000000e+00,4.000000000000002998e-01,8.526512829121202230e-14
2.235999999999961219e+01,1.844499236173529955e+00,1.056820215478473273e+02,7.484103045443744051e-01,1.872711462025447133e+02,1.011629849672317505e-01,-5.969682335853576660e-01,-6.609930389609253165e-01,-1.807882586774334499e-01,1.000000000000000000e+00,1.000000000000000000e+00,4.000000000000002998e-01,8.526512829121202230e-14
2.237999999999961176e+01,1.881217238766781374e+00,1.077858081285910430e+02,7.480189599093886033e-01,1.382705926219783521e+02,1.711772680282592773e-01,-6.249448060989379883e-01,-6.509516600881359860e-01,-2.063065755153624115e-01,1.000000000000000000e+00,1.000000000000000000e+00,4.000000000000002998e-01,8.526512829121202230e-14
2.239999999999961133e+01,1.915589807749110474e+00,1.097552112623007901e+02,7.477914136574970172e-01,9.378475007899918126e+01,2.380170077085494995e-01,-6.512348055839538574e-01,-6.405357838759422329e-01,-2.313299012279741163e-01,1.000000000000000222e+00,1.000000000000000000e+00,4.000000000000002998e-01,8.526512829121202230e-14
2.241999999999961091e+01,1.947685015735400871e+00,1.115941312225098017e+02,7.477218083224782541e-01,5.346493961158374475e+01,3.013586997985839844e-01,-6.758425831794738770e-01,-6.298375071403216063e-01,-2.557832558014780377e-01,1.000000000000000000e+00,1.000000000000000000e+00,4.000000000000002998e-01,8.526512829121202230e-14
2.243999999999961048e+01,1.977573686685819787e+00,1.133066259232240753e+02,7.478002236994417684e-01,1.693668588337402880e+01,3.609924614429473877e-01,-6.987971663475036621e-01,-6.189486017354466352e-01,-2.795967703562571849e-01,1.000000000000000000e+00,1.000000000000000000e+00,4.000000000000002998e-01,8.526512829121202230e-14
2.245999999999961005e+01,2.005331904635140106e+00,1.148970546585244108e+02,7.480170421361742594e-01,0.000000000000000000e+00,4.168137907981872559e-01,-7.201491594314575195e-01,-6.079584899203660520e-01,-3.027072302234265488e-01,1.000000000000000000e+00,0.000000000000000000e+00,4.050000000000003042e-01,1.989519660128280520e-13
2.247999999999960963e+01,2.031282923327428325e+00,1.163839385036576317e+02,7.480166830738230743e-01,0.000000000000000000e+00,4.688045382499694824e-01,-7.399641871452331543e-01,-5.969524167969566530e-01,-3.250593065184366748e-01,9.999584620202804919e-01,0.000000000000000000e+00,4.250000000000003220e-01,1.989519660128280520e-13
2.249999999999960920e+01,2.055731522230113573e+00,1.177847400357896817e+02,7.480159625583873151e-01,0.000000000000000000e+00,5.181192755699157715e-01,-7.587382197380065918e-01,-5.860065345704199569e-01,-3.466115625060064986e-01,9.997990777142572449e-01,0.000000000000000000e+00,4.450000000000003397e-01,1.989519660128280520e-13
2.251999999999960878e+01,2.078716639802464794e+00,1.191016902642973889e+02,7.480138639705138370e-01,0.000000000000000000e+00,5.633794069290161133e-01,-7.759904265403747559e-01,-5.751895270402515026e-01,-3.673326613832752496e-01,9.994414697391503788e-01,0.000000000000000000e+00,4.650000000000003575e-01,1.989519660128280520e-13
2.253999999999960835e+01,2.100278339185928989e+00,1.203370846380997108e+02,7.480097748228241583e-01,0.000000000000000000e+00,6.047563552856445312e-01,-7.918171882629394531e-01,-5.645659889994890657e-01,-3.871950868128553047e-01,9.988113237753448725e-01,0.000000000000000000e+00,4.850000000000003753e-01,1.989519660128280520e-13
2.255999999999960792e+01,2.120456683280926402e+00,1.214932185923057943e+02,7.480034598812110858e-01,0.000000000000000000e+00,6.424923539161682129e-01,-8.063306212425231934e-01,-5.541944489408562324e-01,-4.061771974050495393e-01,9.978392538893381403e-01,0.000000000000000000e+00,5.050000000000002265e-01,1.989519660128280520e-13
2.257999999999960750e+01,2.139290820084740474e+00,1.225723351419363496e+02,7.479950018154961633e-01,0.000000000000000000e+00,6.768718957901000977e-01,-8.196506500244140625e-01,-5.441259233418794805e-01,-4.242646755320099161e-01,9.964598749908230024e-01,0.000000000000000000e+00,5.249999999999998002e-01,1.989519660128280520e-13
2.259999999999960707e+01,2.156818233999876266e+00,1.235765819850524991e+02,7.479847227526427167e-01,0.000000000000000000e+00,7.081997990608215332e-01,-8.318991065025329590e-01,-5.344030186666033355e-01,-4.414513650642791776e-01,9.946110990963475951e-01,0.000000000000000000e+00,5.449999999999993738e-01,1.989519660128280520e-13
2.261999999999960664e+01,2.173074120892052985e+00,1.245079756962162634e+02,7.479730997002687065e-01,0.000000000000000000e+00,7.367845177650451660e-01,-8.431954979896545410e-01,-5.250595400637674270e-01,-4.577395567087882977e-01,9.922336449409495662e-01,0.000000000000000000e+00,5.649999999999989475e-01,1.989519660128280520e-13
2.263999999999960622e+01,2.188090850262943921e+00,1.253683709112584665e+02,7.479606852942688455e-01,0.000000000000000000e+00,7.629265189170837402e-01,-8.536548018455505371e-01,-5.161205330026328308e-01,-4.731398212068246290e-01,9.892707346754502362e-01,0.000000000000000000e+00,5.849999999999985212e-01,1.989519660128280520e-13
2.265999999999960579e+01,2.201897483343371320e+00,1.261594327160526632e+02,7.479480409502048399e-01,0.000000000000000000e+00,7.869104743003845215e-01,-8.633854985237121582e-01,-5.076026688841180912e-01,-4.876704971331190519e-01,9.856679441092630611e-01,0.000000000000000000e+00,6.049999999999980949e-01,1.989519660128280520e-13
2.267999999999960536e+01,2.214519321604563551e+00,1.268826107781157191e+02,7.479356865184045855e-01,0.000000000000000000e+00,8.090004920959472656e-01,-8.724891543388366699e-01,-4.995148841321825905e-01,-5.013569377646017733e-01,9.813731721985756717e-01,0.000000000000000000e+00,6.249999999999976685e-01,1.989519660128280520e-13
2.269999999999960494e+01,2.225977464962339170e+00,1.275391140335721190e+02,7.479240659231175536e-01,0.000000000000000000e+00,8.294374942779541016e-01,-8.810600042343139648e-01,-4.918591890377079778e-01,-5.142306115987628212e-01,9.763366987869943614e-01,0.000000000000000000e+00,6.449999999999972422e-01,1.989519660128280520e-13
2.271999999999960451e+01,2.236288362608011226e+00,1.281298849516605003e+02,7.479135251115830441e-01,0.000000000000000000e+00,8.484373092651367188e-01,-8.891853094100952148e-01,-4.846315767007068898e-01,-5.263281342338754776e-01,9.705113059663157404e-01,0.000000000000000000e+00,6.649999999999968159e-01,1.989519660128280520e-13
2.273999999999960409e+01,2.245463341285403480e+00,1.286555725069976006e+02,7.479042971730790468e-01,0.000000000000000000e+00,8.661902546882629395e-01,-8.969456553459167480e-01,-4.778229756021511454e-01,-5.376902935453724552e-01,9.638524437597373318e-01,0.000000000000000000e+00,6.849999999999963896e-01,1.989519660128280520e-13
2.275999999999960366e+01,2.253508096234729141e+00,1.291165030128109379e+02,7.478964916745647340e-01,0.000000000000000000e+00,8.828595876693725586e-01,-9.044151306152343750e-01,-4.714202059935006517e-01,-5.483611077923629118e-01,9.563184256074714895e-01,0.000000000000000000e+00,7.049999999999959632e-01,1.989519660128280520e-13
2.277999999999960323e+01,2.260422129939325231e+00,1.295126479634955103e+02,7.478900911011010511e-01,0.000000000000000000e+00,8.985804319381713867e-01,-9.116619825363159180e-01,-4.654069148687833279e-01,-5.583869467089891403e-01,9.478706441415806205e-01,0.000000000000000000e+00,7.249999999999955369e-01,1.989519660128280520e-13
2.279999999999960281e+01,2.266198121812260879e+00,1.298435879203165655e+02,7.478849551022078712e-01,0.000000000000000000e+00,9.134573340415954590e-01,-9.187484383583068848e-01,-4.597644762315973854e-01,-5.678157285403653276e-01,9.384738053099572763e-01,0.000000000000000000e+00,7.449999999999951106e-01,1.989519660128280520e-13
2.281999999999960238e+01,2.270821209892307735e+00,1.301084713556205088e+02,7.478808298547278133e-01,0.000000000000000000e+00,9.275599122047424316e-01,-9.257306456565856934e-01,-4.544728584185040443e-01,-5.766961917192636733e-01,9.280961864850183485e-01,0.000000000000000000e+00,7.649999999999946843e-01,1.989519660128280520e-13
2.283999999999960195e+01,2.274268163600250858e+00,1.303059672552626012e+02,7.478773589825772339e-01,0.000000000000000000e+00,9.409166574478149414e-01,-9.326581358909606934e-01,-4.495114715269771244e-01,-5.850772332877016702e-01,9.167099281808933631e-01,0.000000000000000000e+00,7.849999999999942579e-01,1.989519660128280520e-13
2.285999999999960153e+01,2.276506424412232832e+00,1.304342101532386948e+02,7.478740930154493816e-01,0.000000000000000000e+00,9.535048604011535645e-01,-9.395720958709716797e-01,-4.448600211875939348e-01,-5.930072868363741589e-01,9.042913736231710242e-01,0.000000000000000000e+00,8.049999999999938316e-01,1.989519660128280520e-13
2.287999999999960110e+01,2.277492990306700715e+00,1.304907362152032704e+02,7.478704960678909108e-01,0.000000000000000000e+00,9.652364850044250488e-01,-9.465033411979675293e-01,-4.404994088875208713e-01,-6.005337039601026383e-01,8.908214752773163658e-01,0.000000000000000000e+00,8.249999999999934053e-01,1.989519660128280520e-13
2.289999999999960067e+01,2.277173119634771759e+00,1.304724089757117156e+02,7.478659482593098540e-01,0.000000000000000000e+00,9.759371280670166016e-01,-9.534682631492614746e-01,-4.364127363471287380e-01,-6.077020869236935408e-01,8.762862931282701107e-01,0.000000000000000000e+00,8.449999999999929789e-01,1.989519660128280520e-13
2.291999999999960025e+01,2.275478831187017548e+00,1.303753333983776201e+02,7.478597435717341257e-01,0.000000000000000000e+00,9.853174090385437012e-01,-9.604629278182983398e-01,-4.325864908439105427e-01,-6.145554946604152580e-01,8.606776153965858267e-01,0.000000000000000000e+00,8.649999999999925526e-01,1.989519660128280520e-13
2.293999999999959982e+01,2.272327182480182728e+00,1.301947572289681432e+02,7.478510831148464932e-01,0.000000000000000000e+00,9.929335117340087891e-01,-9.674546718597412109e-01,-4.290120106627932084e-01,-6.211334235199083009e-01,8.439937380440062364e-01,0.000000000000000000e+00,8.849999999999921263e-01,1.989519660128280520e-13
2.295999999999959940e+01,2.267618318936853061e+00,1.299249592216323208e+02,7.478390646567549815e-01,0.000000000000000000e+00,9.981344938278198242e-01,-9.743694663047790527e-01,-4.256873576401487003e-01,-6.274704253016127886e-01,8.262404454493827988e-01,0.000000000000000000e+00,9.049999999999917000e-01,1.989519660128280520e-13
2.297999999999959897e+01,2.261233304943142564e+00,1.295591248676607279e+02,7.478226718887431845e-01,0.000000000000000000e+00,9.999955296516418457e-01,-9.810750484466552734e-01,-4.226197471812209172e-01,-6.335941850086440619e-01,8.074322370662138093e-01,0.000000000000000000e+00,9.249999999999912736e-01,1.989519660128280520e-13
2.299999999999959854e+01,2.253031775488440580e+00,1.290892118443540824e+02,7.478007708967556733e-01,0.000000000000000000e+00,9.972377419471740723e-01,-9.873579740524291992e-01,-4.198286971120986366e-01,-6.395228370462203715e-01,7.875938408379985489e-01,0.000000000000000000e+00,9.449999999999908473e-01,1.989519660128280520e-13
2.301999999999959812e+01,2.242849482740222555e+00,1.285058094441145329e+02,7.477721298354056412e-01,0.000000000000000000e+00,9.881426692008972168e-01,-9.928951263427734375e-01,-4.173500323514523491e-01,-6.452612633042233981e-01,7.667620370819256959e-01,0.000000000000000000e+00,9.649999999999904210e-01,1.989519660128280520e-13
2.303999999999959769e+01,2.230495844729854404e+00,1.277979981244880463e+02,7.477354914530334185e-01,0.000000000000000000e+00,9.704827666282653809e-01,-9.972214102745056152e-01,-4.152407743336192780e-01,-6.507961283028386168e-01,7.449877749220187306e-01,0.000000000000000000e+00,9.849999999999899947e-01,1.989519660128280520e-13
2.305999999999959726e+01,2.215751604053862955e+00,1.269532153616286223e+02,7.476897462216046675e-01,0.000000000000000000e+00,9.415112733840942383e-01,-9.997000098228454590e-01,-4.135846804262420240e-01,-6.560895192792233210e-01,7.223384852311259818e-01,0.000000000000000000e+00,1.004999999999989679e+00,1.989519660128280520e-13
2.307999999999959684e+01,2.198366615541472946e+00,1.259571288929852528e+02,7.476342667426950639e-01,0.000000000000000000e+00,8.980841636657714844e-01,-9.995085597038269043e-01,-4.124976902602965900e-01,-6.610713712132623154e-01,6.989003734743426399e-01,0.000000000000000000e+00,1.024999999999989253e+00,1.989519660128280520e-13
2.309999999999959641e+01,2.178057510150163356e+00,1.247935028683768195e+02,7.475694440580195055e-01,0.000000000000000000e+00,8.370150923728942871e-01,-9.956650733947753906e-01,-4.121317149668792257e-01,-6.656314958697907569e-01,6.747803291184084618e-01,0.000000000000000000e+00,1.044999999999988827e+00,1.989519660128280520e-13
2.311999999999959599e+01,2.154504435372717630e+00,1.234440110890731575e+02,7.474973591922450256e-01,0.000000000000000000e+00,7.557516098022460938e-01,-9.871238470077514648e-01,-4.126741649130203360e-01,-6.696130620245971388e-01,6.501069902490480557e-01,0.000000000000000000e+00,1.064999999999988400e+00,1.989519660128280520e-13
2.313999999999959556e+01,2.127345274235474371e+00,1.218879057807933890e+02,7.474222801336214417e-01,0.000000000000000000e+00,6.533594727516174316e-01,-9.729683995246887207e-01,-4.143398031954389493e-01,-6.728106588255232667e-01,6.250306107409541179e-01,0.000000000000000000e+00,1.084999999999987974e+00,1.989519660128280520e-13
2.315999999999959513e+01,2.096165030517929573e+00,1.201014094115887758e+02,7.473503566019732425e-01,0.000000000000000000e+00,5.315735340118408203e-01,-9.526928663253784180e-01,-4.173518584234048867e-01,-6.749770177531099202e-01,5.997219008003323859e-01,0.000000000000000000e+00,1.104999999999987548e+00,1.989519660128280520e-13
2.317999999999959471e+01,2.060478226703951865e+00,1.180567061687364827e+02,7.472878109108146427e-01,0.000000000000000000e+00,3.954039514064788818e-01,-9.264996647834777832e-01,-4.219118791540614755e-01,-6.758419896625034173e-01,5.743710387863261158e-01,0.000000000000000000e+00,1.124999999999987121e+00,1.989519660128280520e-13
2.319999999999959428e+01,2.019704185956939124e+00,1.157205257202382001e+02,7.472375666869053301e-01,0.000000000000000000e+00,2.527393996715545654e-01,-8.954775333404541016e-01,-4.281626220539040406e-01,-6.751444923347625915e-01,5.491892775824648298e-01,0.000000000000000000e+00,1.144999999999986695e+00,1.989519660128280520e-13
2.321999999999959385e+01,1.973139394001013791e+00,1.130525596672589614e+02,7.471956174435796516e-01,0.000000000000000000e+00,1.128087937831878662e-01,-8.615283966064453125e-01,-4.361532719195864716e-01,-6.726731168011664819e-01,5.244162196126539444e-01,0.000000000000000000e+00,1.164999999999986269e+00,1.989519660128280520e-13
2.323999999999959343e+01,1.919937053159904039e+00,1.100042900768468712e+02,7.471494489098422509e-01,0.000000000000000000e+00,-1.592781208455562592e-02,-8.270186185836791992e-01,-4.458179635340263069e-01,-6.683061406761069412e-01,5.003351225849879125e-01,0.000000000000000000e+00,1.184999999999985842e+00,1.989519660128280520e-13
2.325999999999959300e+01,1.859110123060709441e+00,1.065191637014257537e+02,7.470801275048244428e-01,0.000000000000000000e+00,-1.274858564138412476e-01,-7.942856550216674805e-01,-4.569748194076090897e-01,-6.620400340007331907e-01,4.772964119012265694e-01,0.000000000000000000e+00,1.204999999999985416e+00,1.989519660128280520e-13
2.327999999999959257e+01,1.789579839923847171e+00,1.025353719293339054e+02,7.469674141359262665e-01,0.000000000000000000e+00,-2.189992368221282959e-01,-7.652009129524230957e-01,-4.693453231224347100e-01,-6.539986566940186874e-01,4.557465787831563309e-01,0.000000000000000000e+00,1.224999999999984990e+00,1.989519660128280520e-13
2.329999999999959215e+01,1.710296354018888465e+00,9.799276280189482691e+01,7.467953645422633624e-01,0.000000000000000000e+00,-2.903393208980560303e-01,-7.409319281578063965e-01,-4.825872446703626806e-01,-6.444216011956945822e-01,4.362564852207285182e-01,0.000000000000000000e+00,1.244999999999984563e+00,1.989519660128280520e-13
2.331999999999959172e+01,1.620457784368886323e+00,9.284539192345761194e+01,7.465558670655040308e-01,0.000000000000000000e+00,-3.432052433490753174e-01,-7.219276428222656250e-01,-4.963317559819805380e-01,-6.336362051907062920e-01,4.195397566668744860e-01,0.000000000000000000e+00,1.264999999999984137e+00,1.989519660128280520e-13
2.333999999999959130e+01,1.519836833741398330e+00,8.708023612190831386e+01,7.462491034304654658e-01,0.000000000000000000e+00,-3.801952302455902100e-01,-7.080578207969665527e-01,-5.102168464674844417e-01,-6.220210897325451072e-01,4.064484034849294991e-01,0.000000000000000000e+00,1.284999999999983711e+00,1.989519660128280520e-13
2.335999999999959087e+01,1.409172070878382144e+00,8.073961226904140176e+01,7.458815553119609865e-01,0.000000000000000000e+00,-4.041229784488677979e-01,-6.988137960433959961e-01,-5.239125717549555361e-01,-6.099691737661044888e-01,3.979309442784568218e-01,0.000000000000000000e+00,1.304999999999983284e+00,1.989519660128280520e-13
2.337999999999959044e+01,1.290490010795131148e+00,7.393963112235306312e+01,7.454629479249135215e-01,0.000000000000000000e+00,-4.176236689090728760e-01,-6.934983730316162109e-01,-5.371369556095573206e-01,-5.978560373059436106e-01,3.949432518440219586e-01,0.000000000000000000e+00,1.324999999999982858e+00,1.989519660128280520e-13
2.339999999999959002e+01,1.167144652862128318e+00,6.687246269026151424e+01,7.450033838281402421e-01,0.000000000000000000e+00,-4.229802191257476807e-01,-6.913687586784362793e-01,-5.496635138315310032e-01,-5.860167012370347539e-01,3.983198017454998019e-01,0.000000000000000000e+00,1.344999999999982432e+00,1.989519660128280520e-13
2.341999999999958959e+01,1.043406425224600476e+00,5.978278448220212482e+01,7.445113532931033618e-01,0.000000000000000000e+00,-4.220843911170959473e-01,-6.917257308959960938e-01,-5.613223294236108218e-01,-5.747314400316463345e-01,4.086398689915606286e-01,0.000000000000000000e+00,1.364999999999982006e+00,1.989519660128280520e-13
2.343999999999958916e+01,9.236646919973936498e-01,5.292208853670176438e+01,7.439927535277834902e-01,0.000000000000000000e+00,-4.164636731147766113e-01,-6.939579248428344727e-01,-5.719967477758494123e-01,-5.642196160143604367e-01,4.261401143828719151e-01,0.000000000000000000e+00,1.384999999999981579e+00,1.989519660128280520e-13
2.345999999999958874e+01,8.115771900973420827e-01,4.649994774166420797e+01,7.434507164730355111e-01,0.000000000000000000e+00,-4.073346853256225586e-01,-6.975558996200561523e-01,-5.816174803651914527e-01,-5.546397411775763064e-01,4.507099643529703381e-01,0.000000000000000000e+00,1.404999999999981153e+00,1.989519660128280520e-13
2.347999999999958831e+01,7.095392795075086134e-01,4.065360611453350259e+01,7.428859344760012640e-01,0.000000000000000000e+00,-3.956591784954071045e-01,-7.021089792251586914e-01,-5.901554801214774493e-01,-5.460938236716788019e-01,4.819644301449782509e-01,0.000000000000000000e+00,1.424999999999980727e+00,1.989519660128280520e-13
2.349999999999958789e+01,6.186125201921948147e-01,3.544388656096418089e+01,7.422972062455978071e-01,0.000000000000000000e+00,-3.821952342987060547e-01,-7.072935700416564941e-01,-5.976145348135263324e-01,-5.386342663678106435e-01,5.193543270434681780e-01,0.000000000000000000e+00,1.444999999999980300e+00,1.989519660128280520e-13
2.351999999999958746e+01,5.387874729346124880e-01,3.087024825367236502e+01,7.416820119365775676e-01,0.000000000000000000e+00,-3.675406575202941895e-01,-7.128587365150451660e-01,-6.040241852594980809e-01,-5.322719471086599929e-01,5.622704127348806535e-01,0.000000000000000000e+00,1.464999999999979874e+00,1.989519660128280520e-13
2.353999999999958703e+01,4.693633666161343143e-01,2.689253996515605749e+01,7.410370130581452885e-01,0.000000000000000000e+00,-3.521666824817657471e-01,-7.186126112937927246e-01,-6.094333137846242865e-01,-5.269845040253070545e-01,6.101175257630447879e-01,0.000000000000000000e+00,1.484999999999979448e+00,1.989519660128280520e-13
2.355999999999958661e+01,4.092878683142853191e-01,2.345046746031476559e+01,7.403584385996119233e-01,0.000000000000000000e+00,-3.364458382129669189e-01,-7.244096398353576660e-01,-6.139045685408355268e-01,-5.227241837261915602e-01,6.623557524032157584e-01,0.000000000000000000e+00,1.504999999999979021e+00,1.989519660128280520e-13
2.357999999999958618e+01,3.573967199009993045e-01,2.047732366214649602e+01,7.396423561661376045e-01,0.000000000000000000e+00,-3.206728994846343994e-01,-7.301406860351562500e-01,-6.175096703591417269e-01,-5.194248802977280421e-01,7.185165981978994809e-01,0.000000000000000000e+00,1.524999999999978595e+00,1.989519660128280520e-13
2.359999999999958575e+01,3.125560184370552719e-01,1.790814071785641204e+01,7.388848460492464243e-01,0.000000000000000000e+00,-3.050813078880310059e-01,-7.357245087623596191e-01,-6.203255719736505691e-01,-5.170081898340335158e-01,7.782040560068862467e-01,0.000000000000000000e+00,1.544999999999978169e+00,1.989519660128280520e-13
2.361999999999958533e+01,2.737331954098540798e-01,1.568375680961447749e+01,7.380821013117996321e-01,0.000000000000000000e+00,-2.898565828800201416e-01,-7.411013245582580566e-01,-6.224314000044975925e-01,-5.153884356542887124e-01,8.410882241824110261e-01,0.000000000000000000e+00,1.564999999999977742e+00,1.989519660128280520e-13
2.363999999999958490e+01,2.400235113410160714e-01,1.375233418375067096e+01,7.372304756961355343e-01,0.000000000000000000e+00,-2.751461267471313477e-01,-7.462275028228759766e-01,-6.239060881803287772e-01,-5.144767042571416482e-01,9.068962098635811042e-01,0.000000000000000000e+00,1.584999999999977316e+00,1.989519660128280520e-13
2.365999999999958447e+01,2.106519923154892560e-01,1.206947010569978396e+01,7.363264972804032249e-01,0.000000000000000000e+00,-2.610673308372497559e-01,-7.510716915130615234e-01,-6.248266028530716776e-01,-5.141839810677526490e-01,9.754028119177613476e-01,0.000000000000000000e+00,1.604999999999976890e+00,1.989519660128280520e-13
2.367999999999958405e+01,1.902564629840917121e-01,1.090089235407542745e+01,1.730642562857706290e-01,4.911662198856755026e+02,-2.477141171693801880e-01,-7.556117773056030273e-01,-6.252666656599291661e-01,-5.144235008446880197e-01,1.000000000000000000e+00,1.000000000000000000e+00,1.609999999999976783e+00,1.380602173951685700e+03
2.369999999999958362e+01,1.731365245362130878e-01,9.919992135488232776e+00,1.729729774358071126e-01,4.049502542897281501e+02,-5.958982929587364197e-02,-8.145396113395690918e-01,-6.247574850081335507e-01,-5.157834791985105305e-01,9.999999999999997780e-01,1.000000000000000000e+00,1.609999999999976783e+00,1.380602173951685700e+03
2.371999999999958320e+01,1.554235483099315474e-01,8.905113355106736961e+00,1.726793358787718224e-01,5.102022899022920228e+02,-1.433419883251190186e-01,-7.893987894058227539e-01,-6.233806983304185367e-01,-5.181740339657796568e-01,1.000000000000000000e+00,1.000000000000000000e+00,1.609999999999976783e+00,1.380602173951685700e+03
2.373999999999958277e+01,1.372631743020358286e-01,7.864600570075232611e+00,1.723120548579349653e-01,5.818469158590911547e+02,-2.252020090818405151e-01,-7.631492614746093750e-01,-6.219433702056504920e-01,-5.205849915625864188e-01,1.000000000000000000e+00,1.000000000000000000e+00,1.609999999999976783e+00,1.380602173951685700e+03
2.375999999999958234e+01,1.187572019850478000e-01,6.804286460525880820e+00,1.720287008407782314e-01,6.287523576480396059e+02,-3.051424920558929443e-01,-7.357027530670166016e-01,-6.209775172244044184e-01,-5.223119578659017881e-01,1.000000000000000000e+00,1.000000000000000000e+00,1.609999999999976783e+00,1.380602173951685700e+03
2.377999999999958192e+01,9.997603688811640410e-02,5.728204966133302101e+00,1.719558808559271401e-01,6.575393669582256280e+02,-3.829048871994018555e-01,-7.070220112800598145e-01,-6.208124381218197430e-01,-5.228772496574451978e-01,1.000000000000000000e+00,1.000000000000000000e+00,1.609999999999976783e+00,1.380602173951685700e+03
2.379999999999958149e+01,8.096854844295720000e-02,4.639156099082001106e+00,1.721731753677145649e-01,6.731149971467576734e+02,-4.580668210983276367e-01,-6.771172285079956055e-01,-6.216287364178668673e-01,-5.219705736750637204e-01,1.000000000000000000e+00,1.000000000000000000e+00,1.609999999999976783e+00,1.380602173951685700e+03
2.381999999999958106e+01,6.176948212023170015e-02,3.539130628198076334e+00,1.727157291828508301e-01,6.791031988135014217e+02,-5.301079750061035156e-01,-6.460390686988830566e-01,-6.234986787771035210e-01,-5.194047681492656166e-01,1.000000000000000000e+00,1.000000000000000000e+00,1.609999999999976783e+00,1.380602173951685700e+03
2.383999999999958064e+01,4.240484792449983331e-02,2.429618816967928918e+00,1.735834106446474123e-01,6.781785787737492228e+02,-5.984669327735900879e-01,-6.138707399368286133e-01,-6.264164189341170363e-01,-5.150829231931399743e-01,1.000000000000000000e+00,1.000000000000000000e+00,1.609999999999976783e+00,1.380602173951685700e+03
2.385999999999958021e+01,2.289575030842572190e-02,1.311829861458146729e+00,1.747510717077852549e-01,6.723211983932056910e+02,-6.625910997390747070e-01,-5.807186961174011230e-01,-6.303207408317255123e-01,-5.089740098876494034e-01,1.000000000000000000e+00,1.000000000000000000e+00,1.609999999999976783e+00,1.380602173951685700e+03
2.387999999999957979e+01,3.261070407773569713e-03,1.868455710604319253e-01,1.761776932308619370e-01,6.630043965043151957e+02,-7.219730615615844727e-01,-5.467040538787841797e-01,-6.351122853945523339e-01,-5.010948086115643019e-01,1.000000000000000000e+00,1.000000000000000000e+00,1.609999999999976783e+00,1.380602173951685700e+03
2.389999999999957936e+01,-1.648067101914163501e-02,-9.442728929403848559e-01,1.778137272199271646e-01,6.513332366078185487e+02,-7.761777639389038086e-01,-5.119534134864807129e-01,-6.406666944502137362e-01,-4.914964489598652730e-01,1.000000000000000000e+00,1.000000000000000000e+00,1.609999999999976783e+00,1.380602173951685700e+03
2.391999999999957893e+01,-3.631002319708942494e-02,-2.080411083215340184e+00,1.796066049406618292e-01,6.381429522151105402e+02,-8.248574733734130859e-01,-4.765907824039459229e-01,-6.468447047627389201e-01,-4.802542855780752018e-01,1.000000000000000000e+00,1.000000000000000000e+00,1.609999999999976783e+00,1.380602173951685700e+03
2.393999999999957851e+01,-5.620571155962572618e-02,-3.220350056896217783e+00,1.815046285631784495e-01,6.240680653476836142e+02,-8.677565455436706543e-01,-4.407307207584381104e-01,-6.534999207625327156e-01,-4.674601720154126228e-01,1.000000000000000000e+00,1.000000000000000000e+00,1.609999999999976783e+00,1.380602173951685700e+03
2.395999999999957808e+01,-7.614402033031275607e-02,-4.362731000085257271e+00,1.834595304320687792e-01,6.095897503827086439e+02,-9.047067761421203613e-01,-4.044727385044097900e-01,-6.604847743995785336e-01,-4.532164535804841798e-01,1.000000000000000000e+00,1.000000000000000000e+00,1.609999999999976783e+00,1.380602173951685700e+03
2.397999999999957765e+01,-9.609837290101763685e-02,-5.506031185302671993e+00,1.854279833272808042e-01,5.950685890001419693e+02,-9.356167316436767578e-01,-3.678972423076629639e-01,-6.676550287623160829e-01,-4.376312000032443472e-01,1.000000000000000000e+00,1.000000000000000000e+00,1.609999999999976783e+00,1.380602173951685700e+03
2.399999999999957723e+01,-1.160390616342108494e-01,-6.648548490298715308e+00,1.873723146755863767e-01,5.807669036553462547e+02,-9.604560136795043945e-01,-3.310631513595581055e-01,-6.748730806841169994e-01,-4.208143530574664504e-01,1.000000000000000000e+00,1.000000000000000000e+00,1.609999999999976783e+00,1.380602173951685700e+03
2.401999999999957680e+01,-1.359330993763570028e-01,-7.788392890397658697e+00,1.892606450543883878e-01,5.668647884764596938e+02,-9.792369604110717773e-01,-2.940070331096649170e-01,-6.820102514250018233e-01,-4.028745778880605255e-01,1.000000000000000000e+00,1.000000000000000000e+00,1.609999999999976783e+00,1.380602173951685700e+03
2.403999999999957637e+01,-1.557441777987884635e-01,-8.923484071605674472e+00,1.910666400550188049e-01,5.534730106902143234e+02,-9.919964671134948730e-01,-2.567435801029205322e-01,-6.889482189154345626e-01,-3.839166860778612245e-01,1.000000000000000000e+00,1.000000000000000000e+00,1.609999999999976783e+00,1.380602173951685700e+03
2.405999999999957595e+01,-1.754327249999434457e-01,-1.005155473097596541e+01,1.927690287736611996e-01,5.406440834772462267e+02,-9.987787008285522461e-01,-2.192673534154891968e-01,-6.955797257161445701e-01,-3.640395531411426688e-01,1.000000000000000000e+00,1.000000000000000000e+00,1.609999999999976783e+00,1.380602173951685700e+03
2.407999999999957552e+01,-1.949560578638078745e-01,-1.117015930610445551e+01,1.943510103941549771e-01,5.283828812046657504e+02,-9.996201395988464355e-01,-1.815552264451980591e-01,-7.018086859468102290e-01,-3.433344845607971818e-01,1.000000000000000000e+00,1.000000000000000000e+00,1.609999999999976783e+00,1.380602173951685700e+03
2.409999999999957510e+01,-2.142686249076795058e-01,-1.227668788928174415e+01,1.957996386556401791e-01,5.166574623763891623e+02,-9.945381283760070801e-01,-1.435696035623550415e-01,-7.075498105739710386e-01,-3.218840018970963168e-01,9.999999999999997780e-01,1.000000000000000000e+00,1.609999999999976783e+00,1.380602173951685700e+03
2.411999999999957467e+01,-2.333223341688612784e-01,-1.336838501401678947e+01,1.971052430088730822e-01,5.054097867771914707e+02,-9.835226535797119141e-01,-1.052620112895965576e-01,-7.127278662217703120e-01,-2.997610289671654438e-01,1.000000000000000000e+00,1.000000000000000000e+00,1.609999999999976783e+00,1.380602173951685700e+03
2.413999999999957424e+01,-2.520669587136645795e-01,-1.444237288899135052e+01,1.982609208489428954e-01,4.945665318721535186e+02,-9.665321111679077148e-01,-6.657702475786209106e-02,-7.172766776280745660e-01,-2.770284596540350530e-01,1.000000000000000000e+00,1.000000000000000000e+00,1.609999999999976783e+00,1.380602173951685700e+03
2.415999999999957382e+01,-2.704506101270980345e-01,-1.549567852702079840e+01,1.992621143466545008e-01,4.840495110056010049e+02,-9.434927105903625488e-01,-2.745613455772399902e-02,-7.211379778537455598e-01,-2.537390853120164991e-01,1.000000000000000000e+00,1.000000000000000000e+00,1.609999999999976783e+00,1.380602173951685700e+03
2.417999999999957339e+01,-2.884202687209316274e-01,-1.652526412373845233e+01,2.001062695763110855e-01,4.737854698216276006e+02,-9.143016934394836426e-01,1.215804927051067352e-02,-7.242602024887592194e-01,-2.299358586788189385e-01,1.000000000000000000e+00,1.000000000000000000e+00,1.609999999999976783e+00,1.380602173951685700e+03
2.419999999999957296e+01,-3.059223578498135865e-01,-1.752805996348518747e+01,2.007925664919822106e-01,4.637151268780789337e+02,-8.788344264030456543e-01,5.231783539056777954e-02,-7.265973163276535640e-01,-2.056524684088193999e-01,1.000000000000000000e+00,1.000000000000000000e+00,1.609999999999976783e+00,1.380602173951685700e+03
2.421999999999957254e+01,-3.229033490150192698e-01,-1.850099908920041258e+01,2.013216999289977327e-01,4.538008651703110559e+02,-8.369547724723815918e-01,9.306627511978149414e-02,-7.281077512026717935e-01,-1.809141966973965565e-01,1.000000000000000000e+00,1.000000000000000000e+00,1.609999999999976783e+00,1.380602173951685700e+03
2.423999999999957211e+01,-3.393103842265530190e-01,-1.944105296114382853e+01,2.016956898750524863e-01,4.440337293984695748e+02,-7.885299921035766602e-01,1.344328820705413818e-01,-7.287535267576625841e-01,-1.557390358193004587e-01,1.000000000000000000e+00,1.000000000000000000e+00,1.609999999999976783e+00,1.380602173951685700e+03
2.425999999999957168e+01,-3.550919017877820494e-01,-2.034526731171384384e+01,2.019176961751432964e-01,4.344385838060359788e+02,-7.334484457969665527e-01,1.764295995235443115e-01,-7.284996170169086849e-01,-1.301390369481821019e-01,1.000000000000000000e+00,1.000000000000000000e+00,1.609999999999976783e+00,1.380602173951685700e+03
2.427999999999957126e+01,-3.701982517335062894e-01,-2.121079740745152264e+01,2.019918120234366621e-01,4.250788323237097188e+02,-6.716426014900207520e-01,2.190461754798889160e-01,-7.273136205904436880e-01,-1.041218703784713706e-01,9.999999999999997780e-01,1.000000000000000000e+00,1.609999999999976783e+00,1.380602173951685700e+03
2.429999999999957083e+01,-3.845822870588722076e-01,-2.203494192396207652e+01,2.019228117206577910e-01,4.160587163506183401e+02,-6.031140685081481934e-01,2.622460126876831055e-01,-7.251657837622197400e-01,-7.769257674008001047e-02,1.000000000000000000e+00,1.000000000000000000e+00,1.609999999999976783e+00,1.380602173951685700e+03
2.431999999999957041e+01,-3.981999163397342834e-01,-2.281517460872924374e+01,2.017158299646848174e-01,4.075246059220609709e+02,-5.279627442359924316e-01,3.059619367122650146e-01,-7.220294159272517831e-01,-5.085548515580361889e-02,1.000000000000000000e+00,1.000000000000000000e+00,1.609999999999976783e+00,1.380602173951685700e+03
2.433999999999956998e+01,-4.110106027753808178e-01,-2.354917287415728211e+01,2.013759574005425379e-01,3.996635935693597048e+02,-4.464169740676879883e-01,3.500926792621612549e-01,-7.178817250852336240e-01,-2.361626884098506213e-02,1.000000000000000000e+00,1.000000000000000000e+00,1.609999999999976783e+00,1.380602173951685700e+03
2.435999999999956955e+01,-4.229777944374388809e-01,-2.423484244901735707e+01,2.009077487546487018e-01,3.926991558173481280e+02,-3.588632047176361084e-01,3.945001065731048584e-01,-7.127050793267845075e-01,4.015902962588359729e-03,1.000000000000000000e+00,1.000000000000000000e+00,1.609999999999976783e+00,1.380602173951685700e+03
2.437999999999956913e+01,-4.340692709191578125e-01,-2.487033723998846213e+01,2.003146572014966875e-01,3.868838908390825395e+02,-2.658735811710357666e-01,4.390074014663696289e-01,-7.064886766283687836e-01,3.202616713547771360e-02,1.000000000000000000e+00,1.000000000000000000e+00,1.609999999999976783e+00,1.380602173951685700e+03
2.439999999999956870e+01,-4.442573926367128223e-01,-2.545407361556993919e+01,1.995984411168444106e-01,3.824872090255321950e+02,-1.682254225015640259e-01,4.833995997905731201e-01,-6.992305672630964031e-01,6.039179733310225118e-02,1.000000000000000000e+00,1.000000000000000000e+00,1.609999999999976783e+00,1.380602173951685700e+03
2.441999999999956827e+01,-4.535192414594892973e-01,-2.598473846360324302e+01,1.987586193689712399e-01,3.797787746581074657e+02,-6.691002845764160156e-02,5.274264812469482422e-01,-6.909399253966166388e-01,8.908016624440390219e-02,1.000000000000000000e+00,1.000000000000000000e+00,1.609999999999976783e+00,1.380602173951685700e+03
2.443999999999956785e+01,-4.618366460529199635e-01,-2.646129064330954250e+01,1.977920842008773772e-01,3.790077499042583895e+02,3.687361627817153931e-02,5.708079934120178223e-01,-6.816394174035512732e-01,1.180469605903951696e-01,1.000000000000000000e+00,1.000000000000000000e+00,1.609999999999976783e+00,1.380602173951685700e+03
2.445999999999956742e+01,-4.691960912151267316e-01,-2.688295579066196339e+01,1.966930040794440393e-01,3.803791310894374078e+02,1.417431533336639404e-01,6.132429838180541992e-01,-6.713674657508744703e-01,1.472347895268788787e-01,1.000000000000000000e+00,1.000000000000000000e+00,1.609999999999976783e+00,1.380602173951685700e+03
2.447999999999956700e+01,-4.755885180607859475e-01,-2.724921486976436213e+01,1.954531448985805109e-01,3.840294095849686755e+02,2.461764812469482422e-01,6.544200181961059570e-01,-6.601801694506036489e-01,1.765723289153361408e-01,1.000000000000000000e+00,1.000000000000000000e+00,1.609999999999976783e+00,1.380602173951685700e+03
2.449999999999956657e+01,-4.810090291948716512e-01,-2.755978728055114502e+01,1.940627056587374000e-01,3.900045346818392318e+02,3.485733568668365479e-01,6.940308809280395508e-01,-6.481526252059107707e-01,2.059741346455955802e-01,1.000000000000000000e+00,1.000000000000000000e+00,1.609999999999976783e+00,1.380602173951685700e+03
2.451999999999956614e+01,-4.854565188676631671e-01,-2.781460966823011915e+01,1.925116768448793814e-01,3.982451457251503371e+02,4.473278820514678955e-01,7.317842841148376465e-01,-6.353794158157507477e-01,2.353412236537876234e-01,1.000000000000000000e+00,1.000000000000000000e+00,1.609999999999976783e+00,1.380602173951685700e+03
2.453999999999956572e+01,-4.889332521958751343e-01,-2.801381181442913615e+01,1.907916346718784573e-01,4.085808398101565899e+02,5.409065485000610352e-01,7.674190998077392578e-01,-6.219740904674295745e-01,2.645624599234471797e-01,1.000000000000000000e+00,1.000000000000000000e+00,1.609999999999976783e+00,1.380602173951685700e+03
2.455999999999956529e+01,-4.914444181008259527e-01,-2.815769102243996613e+01,1.888977677009915923e-01,4.207362720659397155e+02,6.279217004776000977e-01,8.007154464721679688e-01,-6.080675516226425881e-01,2.935167125748972539e-01,1.000000000000000000e+00,1.000000000000000000e+00,1.609999999999976783e+00,1.380602173951685700e+03
2.457999999999956486e+01,-4.929976775779629783e-01,-2.824668623496861741e+01,1.868308447289614982e-01,4.343495504791472399e+02,7.071907520294189453e-01,8.315026164054870605e-01,-5.938053832315980385e-01,3.220756768393364111e-01,1.000000000000000000e+00,1.000000000000000000e+00,1.609999999999976783e+00,1.380602173951685700e+03
2.459999999999956444e+01,-4.936027244235430267e-01,-2.828135286562805462e+01,1.845988058427175948e-01,4.490003247055022939e+02,7.777754664421081543e-01,8.596621751785278320e-01,-5.793442777156201373e-01,3.501071698023306422e-01,1.000000000000000000e+00,1.000000000000000000e+00,1.609999999999976783e+00,1.380602173951685700e+03
2.461999999999956401e+01,-4.932708686416353849e-01,-2.826233892991773544e+01,1.822177085837511368e-01,4.642431480713443648e+02,8.389981985092163086e-01,8.851277232170104980e-01,-5.648478210183595083e-01,3.774786664488664623e-01,1.000000000000000000e+00,1.000000000000000000e+00,1.609999999999976783e+00,1.380602173951685700e+03
2.463999999999956358e+01,-4.920146470965129915e-01,-2.819036273724881880e+01,1.797118601844683028e-01,4.796420252347547830e+02,8.904352784156799316e-01,9.078799486160278320e-01,-5.504819625537790140e-01,4.040608173556905491e-01,1.000000000000000000e+00,1.000000000000000000e+00,1.609999999999976783e+00,1.380602173951685700e+03
2.465999999999956316e+01,-4.898474635768383934e-01,-2.806619226814115819e+01,1.771131198075825974e-01,4.948009121130257313e+02,9.318923354148864746e-01,9.279395341873168945e-01,-5.364105162116949987e-01,4.297306983847765660e-01,1.000000000000000000e+00,1.000000000000000000e+00,1.609999999999976783e+00,1.380602173951685700e+03
2.467999999999956273e+01,-4.867832590329621567e-01,-2.789062628021223844e+01,1.744594851210450603e-01,5.093873768647054590e+02,9.633665084838867188e-01,9.453579783439636230e-01,-5.227910121187314685e-01,4.543745852175238853e-01,9.999999999999997780e-01,1.000000000000000000e+00,1.609999999999976783e+00,1.380602173951685700e+03
2.469999999999956231e+01,-4.828362131103611787e-01,-2.766447720730288395e+01,1.717931891335839623e-01,5.231468966850410425e+02,9.850031733512878418e-01,9.602076411247253418e-01,-5.097711539364827571e-01,4.778900975798344164e-01,1.000000000000000000e+00,1.000000000000000000e+00,1.609999999999976783e+00,1.380602173951685700e+03
2.471999999999956188e+01,-4.780204784345292168e-01,-2.738855593512290909e+01,1.691585825361663353e-01,5.359078266944928828e+02,9.970524907112121582e-01,9.725728631019592285e-01,-4.974860478499201766e-01,5.001876347112447219e-01,1.000000000000000000e+00,1.000000000000000000e+00,1.609999999999976783e+00,1.380602173951685700e+03
2.473999999999956145e+01,-4.723499503648507236e-01,-2.706365860911986587e+01,1.666000630945702332e-01,5.475786245301775352e+02,9.998301863670349121e-01,9.825412034988403320e-01,-4.860562767676377405e-01,5.211910857617587656e-01,1.000000000000000000e+00,1.000000000000000000e+00,1.609999999999976783e+00,1.380602173951685700e+03
2.475999999999956103e+01,-4.658380750837163298e-01,-2.669055563879529913e+01,1.641602726166216941e-01,5.581383482480756584e+02,9.936861395835876465e-01,9.901973605155944824e-01,-4.755868059430609085e-01,5.408378621841384293e-01,9.999999999999997780e-01,1.000000000000000000e+00,1.609999999999976783e+00,1.380602173951685700e+03
2.477999999999956060e+01,-4.584976984682436196e-01,-2.626998303869218887e+01,1.618786919120878964e-01,5.676238561306153088e+02,9.789808988571166992e-01,9.956177473068237305e-01,-4.661666381883773358e-01,5.590783427856805821e-01,1.000000000000000000e+00,1.000000000000000000e+00,1.609999999999976783e+00,1.380602173951685700e+03
2.479999999999956017e+01,-4.503409572402685690e-01,-2.580263619174886358e+01,1.597906949338008531e-01,5.761145698792510075e+02,9.560714364051818848e-01,9.988674521446228027e-01,-4.578690895938012373e-01,5.758748477956622258e-01,1.000000000000000000e+00,1.000000000000000000e+00,1.609999999999976783e+00,1.380602173951685700e+03
2.481999999999955975e+01,-4.413792123391941935e-01,-2.528916603184441669e+01,1.579270443515853606e-01,5.837172587790554417e+02,9.253047108650207520e-01,9.999982714653015137e-01,-4.507525300952336389e-01,5.912002741741407830e-01,1.000000000000000000e+00,1.000000000000000000e+00,1.609999999999976783e+00,1.380602173951685700e+03
2.483999999999955932e+01,-4.316230229282984610e-01,-2.473017755446986499e+01,1.563137628666069756e-01,5.905518694263217867e+02,8.870176076889038086e-01,9.990485310554504395e-01,-4.448614287637306375e-01,6.050365253775772389e-01,9.999999999999997780e-01,1.000000000000000000e+00,1.609999999999976783e+00,1.380602173951685700e+03
2.485999999999955890e+01,-4.210821585489146202e-01,-2.412623051311138411e+01,1.549722849094392063e-01,5.967388025645199150e+02,8.415430784225463867e-01,9.960437417030334473e-01,-4.402275503430276848e-01,6.173728610631464830e-01,1.000000000000000000e+00,1.000000000000000000e+00,1.609999999999976783e+00,1.380602173951685700e+03
2.487999999999955847e+01,-4.097656468820032316e-01,-2.347784215578680644e+01,1.539197802841864027e-01,6.023889222624490003e+02,7.892194390296936035e-01,9.909979701042175293e-01,-4.368711688654912106e-01,6.282042712067168466e-01,1.000000000000000000e+00,1.000000000000000000e+00,1.609999999999976783e+00,1.380602173951685700e+03
2.489999999999955804e+01,-3.976818543385256532e-01,-2.278549184253388660e+01,1.531695515817934339e-01,6.075955346266615607e+02,7.304026484489440918e-01,9.839164614677429199e-01,-4.348021902317885101e-01,6.375299668956396770e-01,1.000000000000000000e+00,1.000000000000000000e+00,1.609999999999976783e+00,1.380602173951685700e+03
2.491999999999955762e+01,-3.848385975258401537e-01,-2.204962743196436747e+01,1.527314188797889438e-01,6.124284400318686039e+02,6.654807329177856445e-01,9.747986197471618652e-01,-4.340210996959947276e-01,6.453520636305396518e-01,1.000000000000000000e+00,1.000000000000000000e+00,1.609999999999976783e+00,1.380602173951685700e+03
2.493999999999955719e+01,-3.712432848539051200e-01,-2.127067339470176321e+01,1.526120258878315150e-01,6.169311426100332483e+02,5.948867797851562500e-01,9.636411070823669434e-01,-4.345196822916617130e-01,6.516745069450202710e-01,1.000000000000000000e+00,1.000000000000000000e+00,1.609999999999976783e+00,1.380602173951685700e+03
2.495999999999955676e+01,-3.569030883938655307e-01,-2.044904066015304878e+01,1.528150294315141766e-01,6.211190999860036754e+02,5.191123485565185547e-01,9.504417777061462402e-01,-4.362814913864543342e-01,6.565022772843719379e-01,9.999999999999997780e-01,1.000000000000000000e+00,1.609999999999976783e+00,1.380602173951685700e+03
2.497999999999955634e+01,-3.418251470394046976e-01,-1.958513825679667519e+01,1.533411531063160194e-01,6.249804191083798059e+02,4.387179017066955566e-01,9.352035522460937500e-01,-4.392820650285151896e-01,6.598408979562865317e-01,1.000000000000000000e+00,1.000000000000000000e+00,1.609999999999976783e+00,1.380602173951685700e+03
2.499999999999955591e+01,-3.260168026998404578e-01,-1.867938684505012148e+01,1.541881109391262938e-01,6.284783172066794350e+02,3.543397784233093262e-01,9.179381728172302246e-01,-4.434889167452690795e-01,6.616962500553265070e-01,1.000000000000000000e+00,1.000000000000000000e+00,1.609999999999976783e+00,1.380602173951685700e+03
2.501999999999955548e+01,-3.094858712089476604e-01,-1.773223423920205732e+01,1.553504266473826889e-01,6.315550700334531484e+02,2.666927278041839600e-01,8.986698985099792480e-01,-4.488613489719068261e-01,6.620746848790474148e-01,1.000000000000000000e+00,1.000000000000000000e+00,1.609999999999976783e+00,1.380602173951685700e+03
2.503999999999955506e+01,-2.922409488421209289e-01,-1.674417296955213175e+01,1.568191905061486202e-01,6.341373528813206804e+02,1.765670776367187500e-01,8.774387836456298828e-01,-4.553501555991640859e-01,6.609834119469036873e-01,1.000000000000000000e+00,1.000000000000000000e+00,1.609999999999976783e+00,1.380602173951685700e+03
2.505999999999955463e+01,-2.742917539235034674e-01,-1.571575985505768713e+01,1.585818093175283272e-01,6.361429019072051005e+02,8.481971919536590576e-02,8.543031215667724609e-01,-4.628972952130407936e-01,6.584311241788812774e-01,1.000000000000000000e+00,1.000000000000000000e+00,1.609999999999976783e+00,1.380602173951685700e+03
2.507999999999955421e+01,-2.556495008210131203e-01,-1.464763743167032573e+01,1.606218106735275708e-01,6.374877709443720732e+02,-7.640621624886989594e-03,8.293410539627075195e-01,-4.714356247864138205e-01,6.544288074784730957e-01,1.000000000000000000e+00,1.000000000000000000e+00,1.609999999999976783e+00,1.380602173951685700e+03
2.509999999999955378e+01,-2.363273005018653450e-01,-1.354055690247682620e+01,1.629187627483541234e-01,6.380940997292985912e+02,-9.987409412860870361e-02,8.026513457298278809e-01,-4.808887856787018578e-01,6.489906741042397176e-01,1.000000000000000000e+00,1.000000000000000000e+00,1.609999999999976783e+00,1.380602173951685700e+03
2.511999999999955335e+01,-2.163405790732491063e-01,-1.239540211831343264e+01,1.654483629194407890e-01,6.378977450743667532e+02,-1.909346133470535278e-01,7.743521332740783691e-01,-4.911713273833970272e-01,6.421351413145529596e-01,1.000000000000000000e+00,1.000000000000000000e+00,1.609999999999976783e+00,1.380602173951685700e+03
2.513999999999955293e+01,-1.957075025999217566e-01,-1.121321391802110234e+01,1.681827288348523297e-01,6.368548438162885077e+02,-2.798975408077239990e-01,7.445790767669677734e-01,-5.021891382596069819e-01,6.338857721015570545e-01,1.000000000000000000e+00,1.000000000000000000e+00,1.609999999999976783e+00,1.380602173951685700e+03
2.515999999999955250e+01,-1.744493940487665817e-01,-9.995214017608946122e+00,1.710908999962803545e-01,6.349465480343325225e+02,-3.658869564533233643e-01,7.134817838668823242e-01,-5.138402258053558214e-01,6.242720958992068470e-01,1.000000000000000000e+00,1.000000000000000000e+00,1.609999999999976783e+00,1.380602173951685700e+03
2.517999999999955207e+01,-1.525911267105044544e-01,-8.742827551657869734e+00,1.741395368843829394e-01,6.321823680761687001e+02,-4.481024742126464844e-01,6.812192797660827637e-01,-5.260158610178845562e-01,6.133302279124209777e-01,1.000000000000000000e+00,1.000000000000000000e+00,1.609999999999976783e+00,1.380602173951685700e+03
2.519999999999955165e+01,-1.301614779726589788e-01,-7.457703343018390107e+00,1.772937674202763048e-01,6.285999783174274853e+02,-5.258402824401855469e-01,6.479548811912536621e-01,-5.386020656931590489e-01,6.011032216031249042e-01,1.000000000000000000e+00,1.000000000000000000e+00,1.609999999999976783e+00,1.380602173951685700e+03
2.521999999999955122e+01,-1.071934289719207456e-01,-6.141731071626422178e+00,1.805181177697244843e-01,6.242627312360045835e+02,-5.985085368156433105e-01,6.138502359390258789e-01,-5.514813844031646317e-01,5.876411025851425718e-01,1.000000000000000000e+00,1.000000000000000000e+00,1.609999999999976783e+00,1.380602173951685700e+03
2.523999999999955079e+01,-8.372439786461027822e-02,-4.797054639916290775e+00,1.837774521318095711e-01,6.192547020953667243e+02,-6.656359434127807617e-01,5.790596604347229004e-01,-5.645348567041461596e-01,5.730005544064084022e-01,9.999999999999997780e-01,1.000000000000000000e+00,1.609999999999976783e+00,1.380602173951685700e+03
2.525999999999955037e+01,-5.979639740138686932e-02,-3.426081201186510938e+00,1.870378423267770318e-01,6.136732038863234493e+02,-7.268721461296081543e-01,5.437252521514892578e-01,-5.776440829822507839e-01,5.572442605718918029e-01,1.000000000000000000e+00,1.000000000000000000e+00,1.609999999999976783e+00,1.380602173951685700e+03
2.527999999999954994e+01,-3.545611201587695049e-02,-2.031485576452834341e+00,1.902673079949585011e-01,6.076203866945905929e+02,-7.819812297821044922e-01,5.079718828201293945e-01,-5.906932663022395058e-01,5.404399238765656976e-01,1.000000000000000000e+00,1.000000000000000000e+00,1.609999999999976783e+00,1.380602173951685700e+03
2.529999999999954952e+01,-1.075489303845600375e-02,-6.162099802181592034e-01,1.934363817584814627e-01,6.011942324785383107e+02,-8.308294415473937988e-01,4.719043076038360596e-01,-6.035711159899328493e-01,5.226590124498279311e-01,1.000000000000000000e+00,1.000000000000000000e+00,1.609999999999976783e+00,1.380602173951685700e+03
2.531999999999954909e+01,1.425132611172585939e-02,8.165408386664776419e-01,1.965184832001890813e-01,5.944802223618524977e+02,-8.733682632446289062e-01,4.356046915054321289e-01,-6.161725111215115014e-01,5.039753024383183400e-01,1.000000000000000000e+00,1.000000000000000000e+00,1.609999999999976783e+00,1.380602173951685700e+03
2.533999999999954866e+01,3.950218992059140177e-02,2.263308763974107851e+00,1.994901073416778248e-01,5.875444733761762564e+02,-9.096149802207946777e-01,3.991315662860870361e-01,-6.283998433984501197e-01,4.844632929085313511e-01,1.000000000000000000e+00,1.000000000000000000e+00,1.609999999999976783e+00,1.380602173951685700e+03
2.535999999999954824e+01,6.493314993891985409e-02,3.720395441990266949e+00,2.023308526446201128e-01,5.804290174921733296e+02,-9.396324157714843750e-01,3.625200986862182617e-01,-6.401639866907259391e-01,4.641965792725470941e-01,9.999999999999997780e-01,1.000000000000000000e+00,1.609999999999976783e+00,1.380602173951685700e+03
2.537999999999954781e+01,9.047575607526159303e-02,5.183878971367606781e+00,2.050233258477292542e-01,5.731495045678130964e+02,-9.635089039802551270e-01,3.257830142974853516e-01,-6.513848686695997703e-01,4.432462665695029447e-01,1.000000000000000000e+00,1.000000000000000000e+00,1.609999999999976783e+00,1.380602173951685700e+03
2.539999999999954738e+01,1.160580031121614120e-01,6.649633757043022619e+00,2.075529668853005882e-01,5.656957763324174948e+02,-9.813405871391296387e-01,2.889126539230346680e-01,-6.619916488973985880e-01,4.216794967416706563e-01,1.000000000000000000e+00,1.000000000000000000e+00,1.609999999999976783e+00,1.380602173951685700e+03
2.541999999999954696e+01,1.416047259176407280e-01,8.113353154187597838e+00,2.099078313839500554e-01,5.580344478811377940e+02,-9.932154417037963867e-01,2.518833279609680176e-01,-6.719225307722338503e-01,3.995581516688612167e-01,1.000000000000000000e+00,1.000000000000000000e+00,1.609999999999976783e+00,1.380602173951685700e+03
2.543999999999954653e+01,1.670380375804589868e-01,9.570574571507936668e+00,2.120783657015993529e-01,5.501139085921390688e+02,-9.992010593414306641e-01,2.146543264389038086e-01,-6.811242538780505340e-01,3.769377788290030895e-01,1.000000000000000000e+00,1.000000000000000000e+00,1.609999999999976783e+00,1.380602173951685700e+03
2.545999999999954611e+01,1.922778056335610053e-01,1.101670675683980960e+01,2.140571957816562731e-01,5.418704019173925417e+02,-9.993349313735961914e-01,1.771729886531829834e-01,-6.895513261994047349e-01,3.538667714555921995e-01,1.000000000000000000e+00,1.000000000000000000e+00,1.609999999999976783e+00,1.380602173951685700e+03
2.547999999999954568e+01,2.172421625196876427e-01,1.244705904467321922e+01,2.158389454488347514e-01,5.332353856603044733e+02,-9.936186671257019043e-01,1.393781006336212158e-01,-6.971650633873169856e-01,3.303858208541910479e-01,1.000000000000000000e+00,1.000000000000000000e+00,1.609999999999976783e+00,1.380602173951685700e+03
2.549999999999954525e+01,2.418480471207931082e-01,1.385687238350250539e+01,2.174200872260832751e-01,5.241427178893138716e+02,-9.820144176483154297e-01,1.012029796838760376e-01,-7.039325037728761947e-01,3.065276434553033114e-01,1.000000000000000000e+00,1.000000000000000000e+00,1.609999999999976783e+00,1.380602173951685700e+03
2.551999999999954483e+01,2.660117754854391947e-01,1.524135203609728073e+01,2.187988266836305706e-01,5.145363473957548877e+02,-9.644455313682556152e-01,6.257911026477813721e-02,-7.098252681560546229e-01,2.823169787075028303e-01,1.000000000000000000e+00,1.000000000000000000e+00,1.609999999999976783e+00,1.380602173951685700e+03
2.553999999999954440e+01,2.896496396478998037e-01,1.659570188930981516e+01,2.199750129447005931e-01,5.043768731136692054e+02,-9.407989978790283203e-01,2.343918196856975555e-02,-7.148184292954711250e-01,2.577708448842608302e-01,1.000000000000000000e+00,1.000000000000000000e+00,1.609999999999976783e+00,1.380602173951685700e+03
2.555999999999954397e+01,3.126785342773819032e-01,1.791516035843062582e+01,2.209500684390041658e-01,4.936479388711599654e+02,-9.109318256378173828e-01,-1.627932675182819366e-02,-7.188894511636947371e-01,2.328990359407577815e-01,1.000000000000000000e+00,1.000000000000000000e+00,1.609999999999976783e+00,1.380602173951685700e+03
2.557999999999954355e+01,3.350166118594564146e-01,1.919503792631929429e+01,2.217269275022534791e-01,4.823614681624908940e+02,-8.746798634529113770e-01,-5.663086846470832825e-02,-7.220172539896115849e-01,2.077048423304751201e-01,1.000000000000000000e+00,1.000000000000000000e+00,1.609999999999976783e+00,1.380602173951685700e+03
2.559999999999954312e+01,3.565839676148532256e-01,2.043075638636071645e+01,2.223099725690528550e-01,4.705623190995634673e+02,-8.318703174591064453e-01,-9.765803068876266479e-02,-7.241814563978051789e-01,1.821859800362226611e-01,1.000000000000000222e+00,1.000000000000000000e+00,1.609999999999976783e+00,1.380602173951685700e+03
2.561999999999954269e+01,3.773033558613914096e-01,2.161788988698031844e+01,2.227049557245550371e-01,4.583323952471788516e+02,-7.823382616043090820e-01,-1.393877118825912476e-01,-7.253618453837463731e-01,1.563357163009268802e-01,1.000000000000000000e+00,1.000000000000000000e+00,1.609999999999976783e+00,1.380602173951685700e+03
2.563999999999954227e+01,3.971009386669988039e-01,2.275220782630238858e+01,2.229188881611759987e-01,4.457935123448485797e+02,-7.259462475776672363e-01,-1.818269044160842896e-01,-7.255381208716367158e-01,1.301441829971496655e-01,1.000000000000000000e+00,1.000000000000000000e+00,1.609999999999976783e+00,1.380602173951685700e+03
2.565999999999954184e+01,4.159070658957753075e-01,2.382971954549734406e+01,2.229598798726865616e-01,4.331100093618589426e+02,-6.626088023185729980e-01,-2.249583899974822998e-01,-7.246899604738209488e-01,1.035998706888196508e-01,1.000000000000000000e+00,1.000000000000000000e+00,1.609999999999976783e+00,1.380602173951685700e+03
2.567999999999954142e+01,4.336570831656239022e-01,2.484672062134399084e+01,2.228369062178380544e-01,4.204903363807131313e+02,-5.923210382461547852e-01,-2.687358260154724121e-01,-7.227974502383226474e-01,7.669130120241539339e-02,1.000000000000000222e+00,1.000000000000000000e+00,1.609999999999976783e+00,1.380602173951685700e+03
2.569999999999954099e+01,4.502921591080886188e-01,2.579984026472682856e+01,2.225594786320596319e-01,4.081872064755734186e+02,-5.151907205581665039e-01,-3.130792379379272461e-01,-7.198419216888879424e-01,4.940887293654255830e-02,1.000000000000000000e+00,1.000000000000000000e+00,1.609999999999976783e+00,1.380602173951685700e+03
2.571999999999954056e+01,4.657601155116664060e-01,2.668608888434419057e+01,2.221371992347542235e-01,3.964952660498404953e+02,-4.314718246459960938e-01,-3.578709065914154053e-01,-7.158072226714359276e-01,2.174686016290394361e-02,1.000000000000000000e+00,1.000000000000000000e+00,1.609999999999976783e+00,1.380602173951685700e+03
2.573999999999954014e+01,4.800162352906998109e-01,2.750290437991578330e+01,2.215791885116345228e-01,3.857464215564053802e+02,-3.415990471839904785e-01,-4.029517471790313721e-01,-7.106814331193062051e-01,-6.294461578475740726e-03,1.000000000000000000e+00,1.000000000000000000e+00,1.609999999999976783e+00,1.380602173951685700e+03
2.575999999999953971e+01,4.930240125313312127e-01,2.824819511665029026e+01,2.208933974863600547e-01,3.763005610421798224e+02,-2.462180256843566895e-01,-4.481193423271179199e-01,-7.044590079659811543e-01,-3.470661240036905515e-02,1.000000000000000000e+00,1.000000000000000000e+00,1.609999999999976783e+00,1.380602173951685700e+03
2.577999999999953928e+01,5.047557961794590931e-01,2.892037680584860837e+01,2.200858506672182524e-01,3.685305230282186812e+02,-1.462062597274780273e-01,-4.931287169456481934e-01,-6.971432812264647394e-01,-6.347071369620858883e-02,1.000000000000000000e+00,1.000000000000000000e+00,1.609999999999976783e+00,1.380602173951685700e+03
2.579999999999953886e+01,5.151932693877063762e-01,2.951839996946204892e+01,2.191599046171366361e-01,3.628019180174690632e+02,-4.268139600753784180e-02,-5.376954674720764160e-01,-6.887492114495887829e-01,-9.255541840993002090e-02,1.000000000000000000e+00,1.000000000000000000e+00,1.609999999999976783e+00,1.380602173951685700e+03
2.581999999999953843e+01,5.243277000247261732e-01,3.004176429321827868e+01,2.181156627705899687e-01,3.594458938461864932e+02,6.301188468933105469e-02,-5.815033912658691406e-01,-6.793061807774976035e-01,-1.219151200394202744e-01,1.000000000000000000e+00,1.000000000000000000e+00,1.609999999999976783e+00,1.380602173951685700e+03
2.583999999999953801e+01,5.321598995370364626e-01,3.049051626957808026e+01,2.169497107398583591e-01,3.587292008103045191e+02,1.693359464406967163e-01,-6.242151856422424316e-01,-6.688605982700894792e-01,-1.514886204664670499e-01,1.000000000000000000e+00,1.000000000000000000e+00,1.609999999999976783e+00,1.380602173951685700e+03
2.585999999999953758e+01,5.386998394292921155e-01,3.086522722367357119e+01,2.156553546566374879e-01,3.608219123356509499e+02,2.746207714080810547e-01,-6.654871106147766113e-01,-6.574780092747887217e-01,-1.811984438282325249e-01,1.000000000000000000e+00,1.000000000000000000e+00,1.609999999999976783e+00,1.380602173951685700e+03
2.587999999999953715e+01,5.439658975103283112e-01,3.116695012638770734e+01,2.142234912930446600e-01,3.657699257689983483e+02,3.771441280841827393e-01,-7.049864530563354492e-01,-6.452443959779913252e-01,-2.109509776085803923e-01,1.000000000000000000e+00,1.000000000000000000e+00,1.609999999999976783e+00,1.380602173951685700e+03
2.589999999999953673e+01,5.479837427933080818e-01,3.139715570383899390e+01,2.126441340175808659e-01,3.734774137154877849e+02,4.752239584922790527e-01,-7.424082159996032715e-01,-6.322663945981963352e-01,-2.406375557836073209e-01,1.000000000000000000e+00,1.000000000000000000e+00,1.609999999999976783e+00,1.380602173951685700e+03
2.591999999999953630e+01,5.507849085182754401e-01,3.155765067759632814e+01,2.109084871264957917e-01,3.837028768707812674e+02,5.673128366470336914e-01,-7.774921059608459473e-01,-6.186702416451053121e-01,-2.701365253802469613e-01,1.000000000000000000e+00,1.000000000000000000e+00,1.609999999999976783e+00,1.380602173951685700e+03
2.593999999999953587e+01,5.524051435939925092e-01,3.165048330925397480e+01,2.090112913026966057e-01,3.960732471656700113e+02,6.520794034004211426e-01,-8.100342750549316406e-01,-6.045993996487718514e-01,-2.993162307187130500e-01,1.000000000000000000e+00,1.000000000000000000e+00,1.609999999999976783e+00,1.380602173951685700e+03
2.595999999999953545e+01,5.528826646901179309e-01,3.167784325269042256e+01,2.069530640264744814e-01,4.101143556362539471e+02,7.284663915634155273e-01,-8.398945927619934082e-01,-5.902109792427641111e-01,-3.280387299850462957e-01,1.000000000000000000e+00,1.000000000000000000e+00,1.609999999999976783e+00,1.380602173951685700e+03
2.597999999999953502e+01,5.522564446028539464e-01,3.164196348464388109e+01,2.047418340159415651e-01,4.252935360017454514e+02,7.957187891006469727e-01,-8.669976592063903809e-01,-5.756712298986421672e-01,-3.561639710681413495e-01,1.000000000000000000e+00,1.000000000000000000e+00,1.609999999999976783e+00,1.380602173951685700e+03
2.599999999999953459e+01,5.505646665512369253e-01,3.154503174241336083e+01,2.023940439693170390e-01,4.410683085021957481e+02,8.533797860145568848e-01,-8.913279771804809570e-01,-5.611504913740421596e-01,-3.835540896956386447e-01,1.000000000000000000e+00,1.000000000000000000e+00,1.609999999999976783e+00,1.380602173951685700e+03
2.601999999999953417e+01,5.478434485433028023e-01,3.138911743542373856e+01,1.999344689753424775e-01,4.569324940751811823e+02,9.012610316276550293e-01,-9.129208326339721680e-01,-5.468180516389814505e-01,-4.100774846298682053e-01,1.000000000000000000e+00,1.000000000000000000e+00,1.609999999999976783e+00,1.380602173951685700e+03
2.603999999999953374e+01,5.441259022904931797e-01,3.117611772499307321e+01,1.973951884857087502e-01,4.724534809380139677e+02,9.393947720527648926e-01,-9.318501353263854980e-01,-5.328373376667366879e-01,-4.356123624728766019e-01,1.000000000000000000e+00,1.000000000000000000e+00,1.609999999999976783e+00,1.380602173951685700e+03
2.605999999999953332e+01,5.394415450070941809e-01,3.090772382292294296e+01,1.948138257545626029e-01,4.872964056056438835e+02,9.679771065711975098e-01,-9.482156634330749512e-01,-5.193617898295985746e-01,-4.600495234745819451e-01,9.999999999999997780e-01,1.000000000000000000e+00,1.609999999999976783e+00,1.380602173951685700e+03
2.607999999999953289e+01,5.338160448433053595e-01,3.058540640588768866e+01,1.922313742622534793e-01,5.012344374245105314e+02,9.873120188713073730e-01,-9.621304869651794434e-01,-5.065316540035620374e-01,-4.832942558393527044e-01,1.000000000000000000e+00,1.000000000000000000e+00,1.609999999999976783e+00,1.380602173951685700e+03
2.609999999999953246e+01,5.272712527629201951e-01,3.021041744189097500e+01,1.896899513612380905e-01,5.141463667483175186e+02,9.977620840072631836e-01,-9.737104773521423340e-01,-4.944717956011523419e-01,-5.052673065126428442e-01,1.000000000000000000e+00,1.000000000000000000e+00,1.609999999999976783e+00,1.380602173951685700e+03
2.611999999999953204e+01,5.198254560710191541e-01,2.978380471633257542e+01,1.872307686795795512e-01,5.260046764438191076e+02,9.997093677520751953e-01,-9.830658435821533203e-01,-4.832905226424848988e-01,-5.259049845833070336e-01,1.000000000000000222e+00,1.000000000000000000e+00,1.609999999999976783e+00,1.380602173951685700e+03
2.613999999999953161e+01,5.114937839025817112e-01,2.930643506479449911e+01,1.848925183047480381e-01,5.368576453549565031e+02,9.935276508331298828e-01,-9.902951717376708984e-01,-4.730793139870941855e-01,-5.451585158931895325e-01,1.000000000000000000e+00,1.000000000000000000e+00,1.609999999999976783e+00,1.380602173951685700e+03
2.615999999999953118e+01,5.022886996277140526e-01,2.877902258578233941e+01,1.827102698976573736e-01,5.468086066726458512e+02,9.795660972595214844e-01,-9.954816102981567383e-01,-4.639132878667231452e-01,-5.629928061463567168e-01,1.000000000000000000e+00,1.000000000000000000e+00,1.609999999999976783e+00,1.380602173951685700e+03
2.617999999999953076e+01,4.922205258610921064e-01,2.820215872155056758e+01,1.807148778568242187e-01,5.559953674376261006e+02,9.581422805786132812e-01,-9.986910223960876465e-01,-4.558522164760083206e-01,-5.793847845514199513e-01,1.000000000000000000e+00,1.000000000000000000e+00,1.609999999999976783e+00,1.380602173951685700e+03
2.619999999999953033e+01,4.812979611678880332e-01,2.757634186317137193e+01,1.789328295871571439e-01,5.645716414904279645e+02,9.295426011085510254e-01,-9.999716281890869141e-01,-4.489418906947406085e-01,-5.943214964903732467e-01,1.000000000000000000e+00,1.000000000000000000e+00,1.609999999999976783e+00,1.380602173951685700e+03
2.621999999999952990e+01,4.695285608984836045e-01,2.690200490033436154e+01,1.773864283132740582e-01,5.726912733414554850e+02,8.940285444259643555e-01,-9.993549585342407227e-01,-4.432156543559151451e-01,-6.077980984858531999e-01,1.000000000000000000e+00,1.000000000000000000e+00,1.609999999999976783e+00,1.380602173951685700e+03
2.623999999999952948e+01,4.569191663686815730e-01,2.617953981156135868e+01,1.760941892721976931e-01,5.804957224326381038e+02,8.518471717834472656e-01,-9.968575835227966309e-01,-4.386959527846893137e-01,-6.198158849995275554e-01,1.000000000000000000e+00,1.000000000000000000e+00,1.609999999999976783e+00,1.380602173951685700e+03
2.625999999999952905e+01,4.434762762484649734e-01,2.540931894321483497e+01,1.750713328714623429e-01,5.881053141959129107e+02,8.032433986663818359e-01,-9.924831986427307129e-01,-4.353957742148188981e-01,-6.303804455487663772e-01,1.000000000000000000e+00,1.000000000000000000e+00,1.609999999999976783e+00,1.380602173951685700e+03
2.627999999999952863e+01,4.292063604052045456e-01,2.459171299138914790e+01,1.743302805803170763e-01,5.956126485189819277e+02,7.484748959541320801e-01,-9.862256646156311035e-01,-4.333198933888495752e-01,-6.395000294144330688e-01,1.000000000000000222e+00,1.000000000000000000e+00,1.609999999999976783e+00,1.380602173951685700e+03
2.629999999999952820e+01,4.141161209399411014e-01,2.372710595818779922e+01,1.738810761041240660e-01,6.030796217771452348e+02,6.878258585929870605e-01,-9.780718088150024414e-01,-4.324658594827329172e-01,-6.471841702292163712e-01,1.000000000000000000e+00,1.000000000000000000e+00,1.609999999999976783e+00,1.380602173951685700e+03
2.631999999999952777e+01,3.982127076017123457e-01,2.281590749405523155e+01,1.737316844913372182e-01,6.105354107341057670e+02,6.216222643852233887e-01,-9.680048227310180664e-01,-4.328246964414783626e-01,-6.534426017096848227e-01,1.000000000000000222e+00,1.000000000000000000e+00,1.609999999999976783e+00,1.380602173951685700e+03
2.633999999999952735e+01,3.815038956232035261e-01,2.185856308700904194e+01,1.738881388345691892e-01,6.179771286184953851e+02,5.502444505691528320e-01,-9.560077190399169922e-01,-4.343813080094910406e-01,-6.582844830514069656e-01,1.000000000000000000e+00,1.000000000000000000e+00,1.609999999999976783e+00,1.380602173951685700e+03
2.635999999999952692e+01,3.639982341148253475e-01,2.085556256499435435e+01,1.743545276548467693e-01,6.253714311861466513e+02,4.741384387016296387e-01,-9.420670270919799805e-01,-4.371146030231056745e-01,-6.617179397902785976e-01,1.000000000000000000e+00,1.000000000000000000e+00,1.609999999999976783e+00,1.380602173951685700e+03
2.637999999999952649e+01,3.457051730403422063e-01,1.980744737105141695e+01,1.751328315108254263e-01,6.326574684360298306e+02,3.938246965408325195e-01,-9.261758923530578613e-01,-4.409973718110379304e-01,-6.637499089024273546e-01,1.000000000000000000e+00,1.000000000000000000e+00,1.609999999999976783e+00,1.380602173951685700e+03
2.639999999999952607e+01,3.266351756979584131e-01,1.871481700800713099e+01,1.762226329258639035e-01,6.397507662336035992e+02,3.099029362201690674e-01,-9.083381295204162598e-01,-4.459959615906952668e-01,-6.643862759192422640e-01,1.000000000000000222e+00,1.000000000000000000e+00,1.609999999999976783e+00,1.380602173951685700e+03
2.641999999999952564e+01,3.067998232802247038e-01,1.757833502931637426e+01,1.776207374920334703e-01,6.465484440358768552e+02,2.230526208877563477e-01,-8.885707855224609375e-01,-4.520698133628860971e-01,-6.636322782282083610e-01,1.000000000000000000e+00,1.000000000000000000e+00,1.609999999999976783e+00,1.380602173951685700e+03
2.643999999999952522e+01,2.862119175427548790e-01,1.639873492154618262e+01,1.793207543374231994e-01,6.529348947867417792e+02,1.340284496545791626e-01,-8.669073581695556641e-01,-4.591709336690196763e-01,-6.614931405453710056e-01,1.000000000000000222e+00,1.000000000000000000e+00,1.609999999999976783e+00,1.380602173951685700e+03
2.645999999999952479e+01,2.648855868803634550e-01,1.517682618209071599e+01,1.813126891286768461e-01,6.587878605012041362e+02,4.365146160125732422e-02,-8.434000611305236816e-01,-4.672433794396076423e-01,-6.579749074705888434e-01,1.000000000000000000e+00,1.000000000000000000e+00,1.609999999999976783e+00,1.380602173951685700e+03
2.647999999999952436e+01,2.428364018923345746e-01,1.391350094057344933e+01,1.835826148351825116e-01,6.639863382425830878e+02,-4.720737785100936890e-02,-8.181206583976745605e-01,-4.762228427525370678e-01,-6.530854153445575516e-01,1.000000000000000000e+00,1.000000000000000000e+00,1.609999999999976783e+00,1.380602173951685700e+03
2.649999999999952394e+01,2.200815060057701444e-01,1.260974144301370892e+01,1.861124708782600501e-01,6.684168438124024760e+02,-1.376459300518035889e-01,-7.911613583564758301e-01,-4.860364177636042338e-01,-6.468353454734344643e-01,1.000000000000000000e+00,1.000000000000000000e+00,1.609999999999976783e+00,1.380602173951685700e+03
2.651999999999952351e+01,1.966397668240675856e-01,1.126662872345569610e+01,1.888800450478665960e-01,6.719810017121676537e+02,-2.267556935548782349e-01,-7.626336812973022461e-01,-4.966026238190959785e-01,-6.392392929947483537e-01,1.000000000000000000e+00,1.000000000000000000e+00,1.609999999999976783e+00,1.380602173951685700e+03
2.653999999999952308e+01,1.725319538183396340e-01,9.885352784936889847e+00,1.918591652929522440e-01,6.746011406811977622e+02,-3.136472404003143311e-01,-7.326666116714477539e-01,-5.078317441181369185e-01,-6.303167762848188582e-01,1.000000000000000000e+00,1.000000000000000000e+00,1.609999999999976783e+00,1.380602173951685700e+03
2.655999999999952266e+01,1.477809468121873415e-01,8.467224544785631579e+00,1.950201136822848347e-01,6.762251131262299850e+02,-3.974770307540893555e-01,-7.014036178588867188e-01,-5.196265152580510360e-01,-6.200931169510923713e-01,1.000000000000000000e+00,1.000000000000000000e+00,1.609999999999976783e+00,1.380602173951685700e+03
2.657999999999952223e+01,1.224119789023156990e-01,7.013689752947165346e+00,1.983302522771698828e-01,6.768295956827982991e+02,-4.774729609489440918e-01,-6.689977049827575684e-01,-5.318831796328430395e-01,-6.086001114844558080e-01,1.000000000000000000e+00,1.000000000000000000e+00,1.609999999999976783e+00,1.380602173951685700e+03
2.659999999999952180e+01,9.645291384670029444e-02,5.526344885154864883e+00,2.017548073038216150e-01,6.764191874985175446e+02,-5.529537796974182129e-01,-6.356074810028076172e-01,-5.444928745830923678e-01,-5.958764398264868589e-01,1.000000000000000000e+00,1.000000000000000000e+00,1.609999999999976783e+00,1.380602173951685700e+03
2.661999999999952138e+01,6.993455514354174340e-02,4.006954851849864774e+00,2.052577687739857160e-01,6.750253515602048537e+02,-6.233459115028381348e-01,-6.013906002044677734e-01,-5.573433053286690475e-01,-5.819677615075860011e-01,1.000000000000000000e+00,1.000000000000000000e+00,1.609999999999976783e+00,1.380602173951685700e+03
2.663999999999952095e+01,4.289097961425580863e-02,2.457472111078509602e+00,2.088028206996739300e-01,6.727008377997536854e+02,-6.881912946701049805e-01,-5.664989948272705078e-01,-5.703206223412531362e-01,-5.669264703261028826e-01,9.999999999999997780e-01,1.000000000000000000e+00,1.609999999999976783e+00,1.380602173951685700e+03
2.665999999999952053e+01,1.535988348177497187e-02,8.800564973184140660e-01,2.123542396033146207e-01,6.695133163297929286e+02,-7.471493482589721680e-01,-5.310729146003723145e-01,-5.833114011358663253e-01,-5.508111039019134569e-01,1.000000000000000000e+00,1.000000000000000000e+00,1.609999999999976783e+00,1.380602173951685700e+03
2.667999999999952010e+01,-1.261707566866565600e-02,-7.229051856117431063e-01,2.158776901489842526e-01,6.655365265308723792e+02,-7.999908924102783203e-01,-4.952370524406433105e-01,-5.962046122980018126e-01,-5.336854297793390822e-01,1.000000000000000000e+00,1.000000000000000000e+00,1.609999999999976783e+00,1.380602173951685700e+03
2.669999999999951967e+01,-4.099396115630637993e-02,-2.348780959779591448e+00,2.193408823999776491e-01,6.608420049548045654e+02,-8.465871214866638184e-01,-4.590962827205657959e-01,-6.088934701029032892e-01,-5.156172508789124143e-01,1.000000000000000000e+00,1.000000000000000000e+00,1.609999999999976783e+00,1.380602173951685700e+03
2.671999999999951925e+01,-6.972028592032142313e-02,-3.994678129679793965e+00,2.227140626402083212e-01,6.554906036571783261e+02,-8.868933320045471191e-01,-4.227335453033447266e-01,-6.212770595180064914e-01,-4.966769903704992828e-01,1.000000000000000000e+00,1.000000000000000000e+00,1.609999999999976783e+00,1.380602173951685700e+03
2.673999999999951882e+01,-9.874081065370932109e-02,-5.657431716157939050e+00,2.259703408949081671e-01,6.495258685426873626e+02,-9.209300875663757324e-01,-3.862084746360778809e-01,-6.332616597623303978e-01,-4.769361356568800892e-01,1.000000000000000000e+00,1.000000000000000000e+00,1.609999999999976783e+00,1.380602173951685700e+03
2.675999999999951839e+01,-1.279954321839729126e-01,-7.333598061094592779e+00,2.290858732673046738e-01,6.429696131313245360e+02,-9.487631916999816895e-01,-3.495571911334991455e-01,-6.447617090098367587e-01,-4.564656217693324192e-01,1.000000000000000000e+00,1.000000000000000000e+00,1.609999999999976783e+00,1.380602173951685700e+03
2.677999999999951797e+01,-1.574191797028956508e-01,-9.019454611387393683e+00,2.320399274225583564e-01,6.358200680951433696e+02,-9.704840183258056641e-01,-3.127935826778411865e-01,-6.557003827812615260e-01,-4.353342407487605370e-01,1.000000000000000000e+00,1.000000000000000000e+00,1.609999999999976783e+00,1.380602173951685700e+03
2.679999999999951754e+01,-1.869423309717070936e-01,-1.071100657701659031e+01,2.348148672381757396e-01,6.280530066242289422e+02,-9.861915111541748047e-01,-2.759108543395996094e-01,-6.660097863917001648e-01,-4.136071534766647684e-01,1.000000000000000000e+00,1.000000000000000000e+00,1.609999999999976783e+00,1.380602173951685700e+03
2.681999999999951712e+01,-2.164906545729365916e-01,-1.240400081105384267e+01,2.373960859724161543e-01,6.196252151532370362e+02,-9.959765672683715820e-01,-2.388844043016433716e-01,-6.756307861718193752e-01,-3.913445709918790261e-01,1.000000000000000000e+00,1.000000000000000000e+00,1.609999999999976783e+00,1.380602173951685700e+03
2.683999999999951669e+01,-2.459857779194272176e-01,-1.409394689502553533e+01,2.397719156026501541e-01,6.104803376892014057e+02,-9.999097585678100586e-01,-2.016748189926147461e-01,-6.845125245350882626e-01,-3.686006603583323882e-01,1.000000000000000000e+00,1.000000000000000000e+00,1.609999999999976783e+00,1.380602173951685700e+03
2.685999999999951626e+01,-2.753456743370925608e-01,-1.577614504669902473e+01,2.419335288941256989e-01,6.005561350856794434e+02,-9.980323910713195801e-01,-1.642312854528427124e-01,-6.926116786858281804e-01,-3.454227110142918944e-01,9.999999999999997780e-01,1.000000000000000000e+00,1.609999999999976783e+00,1.380602173951685700e+03
2.687999999999951584e+01,-3.044852573858132239e-01,-1.744572017216167481e+01,2.438748431678588457e-01,5.897925528121381831e+02,-9.903510212898254395e-01,-1.264951229095458984e-01,-6.998915310323912120e-01,-3.218505830701032799e-01,1.000000000000000000e+00,1.000000000000000000e+00,1.609999999999976783e+00,1.380602173951685700e+03
2.689999999999951541e+01,-3.333170667220901606e-01,-1.909766116285622672e+01,2.455924269630424261e-01,5.781397965891892454e+02,-9.768351316452026367e-01,-8.840346336364746094e-02,-7.063209220825291679e-01,-2.979164457872787164e-01,1.000000000000000000e+00,1.000000000000000000e+00,1.609999999999976783e+00,1.380602173951685700e+03
2.691999999999951498e+01,-3.617520271914127505e-01,-2.072686438836974432e+01,2.470854087148887657e-01,5.655663716946413615e+02,-9.574186801910400391e-01,-4.989285394549369812e-02,-7.118731574843472076e-01,-2.736448028626522477e-01,1.000000000000000000e+00,1.000000000000000000e+00,1.609999999999976783e+00,1.380602173951685700e+03
2.693999999999951456e+01,-3.897002617503133592e-01,-2.232818027343642342e+01,2.483553796531794700e-01,5.520658101072032196e+02,-9.320040345191955566e-01,-1.090282015502452850e-02,-7.165249364656428588e-01,-2.490527915108277368e-01,1.000000000000000000e+00,1.000000000000000000e+00,1.609999999999976783e+00,1.380602173951685700e+03
2.695999999999951413e+01,-4.170719389095998153e-01,-2.389646185285817026e+01,2.494062852082246928e-01,5.376627712959876817e+02,-9.004697203636169434e-01,2.862058021128177643e-02,-7.202553641457838385e-01,-2.241507370954695932e-01,1.000000000000000000e+00,1.000000000000000000e+00,1.609999999999976783e+00,1.380602173951685700e+03
2.697999999999951370e+01,-4.437781363704313975e-01,-2.542661425420681809e+01,2.502442950358956253e-01,5.224175248806271838e+02,-8.626806139945983887e-01,6.872127205133438110e-02,-7.230451045733725657e-01,-1.989429417341666839e-01,1.000000000000000000e+00,1.000000000000000000e+00,1.609999999999976783e+00,1.380602173951685700e+03
2.699999999999951328e+01,-4.697317039683048812e-01,-2.691364414087245294e+01,2.508776427798283803e-01,5.064296988546483931e+02,-8.185021281242370605e-01,1.094295829534530640e-01,-7.248757267802010684e-01,-1.734286851519091510e-01,1.000000000000000000e+00,1.000000000000000000e+00,1.609999999999976783e+00,1.380602173951685700e+03
2.701999999999951285e+01,-4.948481110277289652e-01,-2.835270826191003835e+01,2.513164217608023221e-01,4.898402895000467083e+02,-7.678168416023254395e-01,1.507583558559417725e-01,-7.257292907720171993e-01,-1.476034210359147836e-01,9.999999999999997780e-01,1.000000000000000000e+00,1.609999999999976783e+00,1.380602173951685700e+03
2.703999999999951243e+01,-5.190462641345097161e-01,-2.973916030693995793e+01,2.515723240572323438e-01,4.728327822214709499e+02,-7.105447053909301758e-01,1.926996409893035889e-01,-7.255882145491098223e-01,-1.214601474355073568e-01,1.000000000000000000e+00,1.000000000000000000e+00,1.609999999999976783e+00,1.380602173951685700e+03
2.705999999999951200e+01,-5.422492821151232434e-01,-3.106859530919527401e+01,2.516583052600450121e-01,4.556328354702998809e+02,-6.466661095619201660e-01,2.352209091186523438e-01,-7.244354588390671257e-01,-9.499093075892157956e-02,1.000000000000000000e+00,1.000000000000000000e+00,1.609999999999976783e+00,1.380602173951685700e+03
2.707999999999951157e+01,-5.643852157785840262e-01,-3.233689088369314391e+01,2.515881577603201746e-01,4.385069047453514486e+02,-5.762481689453125000e-01,2.782611846923828125e-01,-7.222550612393265901e-01,-6.818857073446665806e-02,1.000000000000000000e+00,1.000000000000000000e+00,1.609999999999976783e+00,1.380602173951685700e+03
2.709999999999951115e+01,-5.853876988560062777e-01,-3.354024452332436823e+01,2.513759808338957291e-01,4.217583228629129053e+02,-4.994712769985198975e-01,3.217284381389617920e-01,-7.190330389963833779e-01,-4.104837865117159923e-02,1.000000000000000000e+00,1.000000000000000000e+00,1.609999999999976783e+00,1.380602173951685700e+03
2.711999999999951072e+01,-6.051965159371239800e-01,-3.467520613921907113e+01,2.510355399892714723e-01,4.057218640930955758e+02,-4.166568517684936523e-01,3.654966354370117188e-01,-7.147586655723762172e-01,-1.357003728621433356e-02,1.000000000000000000e+00,1.000000000000000000e+00,1.609999999999976783e+00,1.380602173951685700e+03
2.713999999999951029e+01,-6.237580724876168325e-01,-3.573870499075571416e+01,2.505795288772935114e-01,3.907549315735670348e+02,-3.282918632030487061e-01,4.094045460224151611e-01,-7.094261054986694681e-01,1.424049923114556124e-02,1.000000000000000000e+00,1.000000000000000000e+00,1.609999999999976783e+00,1.380602173951685700e+03
2.715999999999950987e+01,-6.410257513094683723e-01,-3.672807010923524018e+01,2.500187693339981365e-01,3.772254235178716613e+02,-2.350479811429977417e-01,4.532559514045715332e-01,-7.030363602196140205e-01,4.236913097418239238e-02,1.000000000000000000e+00,1.000000000000000000e+00,1.609999999999976783e+00,1.380602173951685700e+03
2.717999999999950944e+01,-6.569601407247338543e-01,-3.764104337184788562e+01,2.493614177236223306e-01,3.654957659387927720e+02,-1.377914547920227051e-01,4.968219995498657227e-01,-6.955994401449973052e-01,7.079184752214123799e-02,1.000000000000000000e+00,1.000000000000000000e+00,1.609999999999976783e+00,1.380602173951685700e+03
2.719999999999950901e+01,-6.715291224251687119e-01,-3.847578453508613450e+01,2.486122770777241808e-01,3.559036890971927960e+02,-3.758081048727035522e-02,5.398457050323486328e-01,-6.871366364179123387e-01,9.947317528932682340e-02,9.999999999999997780e-01,1.000000000000000000e+00,1.609999999999976783e+00,1.380602173951685700e+03
2.721999999999950859e+01,-6.847078113996527549e-01,-3.923086779283966052e+01,2.477723470622003876e-01,3.487396917617732583e+02,6.435221433639526367e-02,5.820496082305908203e-01,-6.776827202315933718e-01,1.283649602549956359e-01,1.000000000000000000e+00,1.000000000000000000e+00,1.609999999999976783e+00,1.380602173951685700e+03
2.723999999999950816e+01,-6.964783470079791705e-01,-3.990526980580521155e+01,2.468387430868353716e-01,3.442245859821506428e+02,1.666374504566192627e-01,6.231452822685241699e-01,-6.672878634947481125e-01,1.574056143506049887e-01,1.000000000000000000e+00,1.000000000000000000e+00,1.609999999999976783e+00,1.380602173951685700e+03
2.725999999999950774e+01,-7.068295422838852815e-01,-4.049834960803038797e+01,2.458051019615750954e-01,3.424885231368476752e+02,2.678177654743194580e-01,6.628451943397521973e-01,-6.560190584329606001e-01,1.865199449566977419e-01,1.000000000000000000e+00,1.000000000000000000e+00,1.609999999999976783e+00,1.380602173951685700e+03
2.727999999999950731e+01,-7.157564068819128877e-01,-4.100982127378212283e+01,2.446625278079528898e-01,3.435555153631586336e+02,3.664124310016632080e-01,7.008752226829528809e-01,-6.439608222262892534e-01,2.156196617367330259e-01,1.000000000000000000e+00,1.000000000000000000e+00,1.609999999999976783e+00,1.380602173951685700e+03
2.729999999999950688e+01,-7.232595664396956892e-01,-4.143972064945631928e+01,2.434010444855661814e-01,3.473362602535064525e+02,4.609864950180053711e-01,7.369871139526367188e-01,-6.312150164470060609e-01,2.446046080211830287e-01,1.000000000000000000e+00,1.000000000000000000e+00,1.609999999999976783e+00,1.380602173951685700e+03
2.731999999999950646e+01,-7.293446063466362261e-01,-4.178836775429269323e+01,2.420114123887475710e-01,3.536317685053780906e+02,5.502178072929382324e-01,7.709689736366271973e-01,-6.178996873521037658e-01,2.733646998154418695e-01,1.000000000000000000e+00,1.000000000000000000e+00,1.609999999999976783e+00,1.380602173951685700e+03
2.733999999999950603e+01,-7.340213700806046404e-01,-4.205632657802892282e+01,2.404870817624455426e-01,3.621476766883808409e+02,6.329547166824340820e-01,8.026533126831054688e-01,-6.041469311339474624e-01,3.017824867431065927e-01,1.000000000000000000e+00,1.000000000000000000e+00,1.609999999999976783e+00,1.380602173951685700e+03
2.735999999999950560e+01,-7.373032411515163531e-01,-4.224436393929824618e+01,2.388259932438036026e-01,3.725190453722864277e+02,7.082558870315551758e-01,8.319211602210998535e-01,-5.900998987860618383e-01,3.297361825624763321e-01,1.000000000000000000e+00,1.000000000000000000e+00,1.609999999999976783e+00,1.380602173951685700e+03
2.737999999999950518e+01,-7.392064350008631379e-01,-4.235340891446107037e+01,2.370319596060763423e-01,3.843407350924960042e+02,7.754114270210266113e-01,8.587021827697753906e-01,-5.759091510018373716e-01,3.571029564805576206e-01,1.000000000000000000e+00,1.000000000000000000e+00,1.609999999999976783e+00,1.380602173951685700e+03
2.739999999999950475e+01,-7.397493228164568890e-01,-4.238451409504367007e+01,2.351154217161521287e-01,3.972010089186556456e+02,8.339422345161437988e-01,8.829715847969055176e-01,-5.617286424643452847e-01,3.837622543985093060e-01,1.000000000000000000e+00,1.000000000000000000e+00,1.609999999999976783e+00,1.380602173951685700e+03
2.741999999999950433e+01,-7.389518033444617551e-01,-4.233881959521885108e+01,2.330934892993772045e-01,4.107122945252531281e+02,8.835821747779846191e-01,9.047436118125915527e-01,-5.477116460707941448e-01,4.095989181253941180e-01,1.000000000000000000e+00,1.000000000000000000e+00,1.609999999999976783e+00,1.380602173951685700e+03
2.743999999999950390e+01,-7.368347300887090334e-01,-4.221752023274419940e+01,2.309893065397860823e-01,4.245356938301588912e+02,9.242470264434814453e-01,9.240633845329284668e-01,-5.340069138748428923e-01,4.345058967666526328e-01,1.000000000000000000e+00,1.000000000000000000e+00,1.609999999999976783e+00,1.380602173951685700e+03
2.745999999999950347e+01,-7.334194004904790454e-01,-4.202183626111951043e+01,2.288308913736058492e-01,4.383977760785761575e+02,9.559966921806335449e-01,9.409981369972229004e-01,-5.207553220738312394e-01,4.583864005134258290e-01,1.000000000000000000e+00,1.000000000000000000e+00,1.609999999999976783e+00,1.380602173951685700e+03
2.747999999999950305e+01,-7.287271136404762650e-01,-4.175298802834961265e+01,2.266496513041726946e-01,4.520989887689203215e+02,9.789953231811523438e-01,9.556283950805664062e-01,-5.080871743971177024e-01,4.811554076286245207e-01,1.000000000000000000e+00,1.000000000000000000e+00,1.609999999999976783e+00,1.380602173951685700e+03
2.749999999999950262e+01,-7.227787998115453583e-01,-4.141217475073256793e+01,2.244787976916688133e-01,4.655142317075575420e+02,9.934738278388977051e-01,9.680395722389221191e-01,-4.961202574233092855e-01,5.027404905654582201e-01,1.000000000000000000e+00,1.000000000000000000e+00,1.609999999999976783e+00,1.380602173951685700e+03
2.751999999999950219e+01,-7.155947219087761546e-01,-4.100055740721069952e+01,2.223518633942514200e-01,4.785864822223256851e+02,9.996984601020812988e-01,9.783157706260681152e-01,-4.849586607706227737e-01,5.230819922871374761e-01,1.000000000000000000e+00,1.000000000000000000e+00,1.609999999999976783e+00,1.380602173951685700e+03
2.753999999999950177e+01,-7.071942470771133138e-01,-4.051924565345054674e+01,2.203014623990521559e-01,4.913167009776361169e+02,9.979457259178161621e-01,9.865338802337646484e-01,-4.746923100138185636e-01,5.421326222950195728e-01,1.000000000000000000e+00,1.000000000000000000e+00,1.609999999999976783e+00,1.380602173951685700e+03
2.755999999999950134e+01,-6.975956846997872773e-01,-3.996928853983671104e+01,2.183583825950435042e-01,5.037501865441932409e+02,9.884861707687377930e-01,9.927604198455810547e-01,-4.653971097635459797e-01,5.598565748556192379e-01,1.000000000000000000e+00,1.000000000000000000e+00,1.609999999999976783e+00,1.380602173951685700e+03
2.757999999999950091e+01,-6.868161854775247654e-01,-3.935166872913651304e+01,2.165510230113048273e-01,5.159630744677432403e+02,9.715743064880371094e-01,9.970486760139465332e-01,-4.571355654476766950e-01,5.762282869161666765e-01,1.000000000000000000e+00,1.000000000000000000e+00,1.609999999999976783e+00,1.380602173951685700e+03
2.759999999999950049e+01,-6.748716951422335519e-01,-3.866729984448952706e+01,2.149051523398997354e-01,5.280486531040642149e+02,9.474455714225769043e-01,9.994379878044128418e-01,-4.499577419005680867e-01,5.912309558232720086e-01,1.000000000000000000e+00,1.000000000000000000e+00,1.609999999999976783e+00,1.380602173951685700e+03
2.761999999999950006e+01,-6.617769558559838394e-01,-3.791702654956326057e+01,2.134439235896926634e-01,5.401053270967963726e+02,9.163184762001037598e-01,9.999533891677856445e-01,-4.439024178015223421e-01,6.048549326735418452e-01,1.000000000000000000e+00,1.000000000000000000e+00,1.609999999999976783e+00,1.380602173951685700e+03
2.763999999999949964e+01,-6.475455484764678360e-01,-3.710162697018566291e+01,2.121880680679557041e-01,5.522262323305436666e+02,8.784009814262390137e-01,9.986066222190856934e-01,-4.389983081456475533e-01,6.170960936799348984e-01,1.000000000000000000e+00,1.000000000000000000e+00,1.609999999999976783e+00,1.380602173951685700e+03
2.765999999999949921e+01,-6.321899695974404487e-01,-3.622181710843716473e+01,2.111561865695150420e-01,5.644906973178312910e+02,8.339006304740905762e-01,9.953975081443786621e-01,-4.352652439611283119e-01,6.279542780092813858e-01,1.000000000000000222e+00,1.000000000000000000e+00,1.609999999999976783e+00,1.380602173951685700e+03
2.767999999999949878e+01,-6.157217386497166878e-01,-3.527825697908586733e+01,2.103650609139108840e-01,5.769581747234261684e+02,7.830360531806945801e-01,9.903158545494079590e-01,-4.327152221341599714e-01,6.374318596194171738e-01,1.000000000000000000e+00,1.000000000000000000e+00,1.609999999999976783e+00,1.380602173951685700e+03
2.769999999999949836e+01,-5.981515316166308160e-01,-3.427155827091896612e+01,2.098299246660687012e-01,5.896632671518165125e+02,7.260509729385375977e-01,9.833443760871887207e-01,-4.313532598428974629e-01,6.455325121462264226e-01,1.000000000000000000e+00,1.000000000000000000e+00,1.609999999999976783e+00,1.380602173951685700e+03
2.771999999999949793e+01,-5.794893400883398549e-01,-3.320229345988309433e+01,2.095646408943984407e-01,6.026132722355359874e+02,6.632277369499206543e-01,9.744612574577331543e-01,-4.311780108595006378e-01,6.522602065704831142e-01,1.000000000000000000e+00,1.000000000000000000e+00,1.609999999999976783e+00,1.380602173951685700e+03
2.773999999999949750e+01,-5.597446564225836418e-01,-3.207100641801437035e+01,2.095817549020534964e-01,6.157863614073860390e+02,5.949018597602844238e-01,9.636436104774475098e-01,-4.321821210672707192e-01,6.576184677751700791e-01,1.000000000000000000e+00,1.000000000000000000e+00,1.609999999999976783e+00,1.380602173951685700e+03
2.775999999999949708e+01,-5.389266874138702867e-01,-3.087822465578095077e+01,2.098924016168629281e-01,6.291321030412265145e+02,5.214738845825195312e-01,9.508707523345947266e-01,-4.343523220828978681e-01,6.616099063933325031e-01,1.000000000000000000e+00,1.000000000000000000e+00,1.609999999999976783e+00,1.380602173951685700e+03
2.777999999999949665e+01,-5.170446002936022190e-01,-2.962447341685201252e+01,2.105060641365571472e-01,6.425721809193137233e+02,4.434207677841186523e-01,9.361281394958496094e-01,-4.376692795057502972e-01,6.642360340168966815e-01,1.000000000000000222e+00,1.000000000000000000e+00,1.609999999999976783e+00,1.380602173951685700e+03
2.779999999999949623e+01,-4.941078058131576078e-01,-2.831029189756357312e+01,2.114301943183830856e-01,6.560035978847262186e+02,3.613020777702331543e-01,9.194107651710510254e-01,-4.421072321133470706e-01,6.654973583236080126e-01,1.000000000000000222e+00,1.000000000000000000e+00,1.609999999999976783e+00,1.380602173951685700e+03
2.781999999999949580e+01,-4.701262834290500514e-01,-2.693625187865569970e+01,2.126697194690155834e-01,6.693016185501180644e+02,2.757642567157745361e-01,9.007269144058227539e-01,-4.476334730746394097e-01,6.653937452446929690e-01,1.000000000000000000e+00,1.000000000000000000e+00,1.609999999999976783e+00,1.380602173951685700e+03
2.783999999999949537e+01,-4.451109530028083405e-01,-2.550297902210685308e+01,2.142264755013267852e-01,6.823251209199773939e+02,1.875377446413040161e-01,8.801010847091674805e-01,-4.542077396931581967e-01,6.639250243700904885e-01,1.000000000000000000e+00,1.000000000000000000e+00,1.609999999999976783e+00,1.380602173951685700e+03
2.785999999999949495e+01,-4.190740955960254865e-01,-2.401117698091426078e+01,2.160986159646111626e-01,6.949218389423654116e+02,9.742987900972366333e-02,8.575769066810607910e-01,-4.617815913798578031e-01,6.610918046852569674e-01,1.000000000000000000e+00,1.000000000000000000e+00,1.609999999999976783e+00,1.380602173951685700e+03
2.787999999999949452e+01,-3.920298236765025202e-01,-2.246165433992142724e+01,2.182800585154826833e-01,7.069350741998924832e+02,6.310983560979366302e-03,8.332185745239257812e-01,-4.702978618895355400e-01,6.568964533927955651e-01,9.999999999999997780e-01,1.000000000000000000e+00,1.609999999999976783e+00,1.380602173951685700e+03
2.789999999999949409e+01,-3.639945973298401860e-01,-2.085535419256370560e+01,2.207600326175503669e-01,7.182105556165336111e+02,-8.490526676177978516e-02,8.071119189262390137e-01,-4.796902768815350937e-01,6.513441804069050045e-01,1.000000000000000000e+00,1.000000000000000000e+00,1.609999999999976783e+00,1.380602173951685700e+03
2.791999999999949367e+01,-3.349877791379554104e-01,-1.919338593306541085e+01,2.235227883527733106e-01,7.286031107004870364e+02,-1.752856373786926270e-01,7.793637514114379883e-01,-4.898833205195634588e-01,6.444441615224043574e-01,1.000000000000000000e+00,1.000000000000000000e+00,1.609999999999976783e+00,1.380602173951685700e+03
2.793999999999949324e+01,-3.050322162780783053e-01,-1.747705860825561430e+01,2.265475165851325301e-01,7.379829650289026404e+02,-2.639048695564270020e-01,7.501001358032226562e-01,-5.007924216789537697e-01,6.362106223616208478e-01,1.000000000000000000e+00,1.000000000000000000e+00,1.609999999999976783e+00,1.380602173951685700e+03
2.795999999999949281e+01,-2.741548340747268497e-01,-1.570791492559121849e+01,2.298085113141564162e-01,7.462408085567469698e+02,-3.498743176460266113e-01,7.194632887840270996e-01,-5.123245099890456622e-01,6.266638038392192689e-01,1.000000000000000000e+00,1.000000000000000000e+00,1.609999999999976783e+00,1.380602173951685700e+03
2.797999999999949239e+01,-2.423872220613856321e-01,-1.388776483201767498e+01,2.332755811932713808e-01,7.532911584695633564e+02,-4.323694407939910889e-01,6.876071095466613770e-01,-5.243789626710285701e-01,6.158307283764055118e-01,1.000000000000000000e+00,1.000000000000000000e+00,1.609999999999976783e+00,1.380602173951685700e+03
2.799999999999949196e+01,-2.097661912000527984e-01,-1.201871744029729427e+01,2.369146874024837812e-01,7.590732555190214725e+02,-5.106534957885742188e-01,6.546922326087951660e-01,-5.368489286567897922e-01,6.037456987054155011e-01,1.000000000000000000e+00,1.000000000000000000e+00,1.609999999999976783e+00,1.380602173951685700e+03
2.801999999999949154e+01,-1.763342802460359238e-01,-1.010321004157494151e+01,2.406887649864503653e-01,7.635498262428217231e+02,-5.840958356857299805e-01,6.208800673484802246e-01,-5.496229817962245967e-01,5.904504748147666460e-01,1.000000000000000000e+00,1.000000000000000000e+00,1.609999999999976783e+00,1.380602173951685700e+03
2.803999999999949111e+01,-1.421401900297865062e-01,-8.144032987894270548e+00,2.445586631018587531e-01,7.667032941464754003e+02,-6.521829962730407715e-01,5.863271355628967285e-01,-5.625870234423353544e-01,5.759940958907431297e-01,1.000000000000000222e+00,1.000000000000000000e+00,1.609999999999976783e+00,1.380602173951685700e+03
2.805999999999949068e+01,-1.072391266384284947e-01,-6.144349355050912287e+00,2.484841358114717458e-01,7.685303294743487186e+02,-7.145223617553710938e-01,5.511794090270996094e-01,-5.756263306768399923e-01,5.604323399017946405e-01,1.000000000000000000e+00,1.000000000000000000e+00,1.609999999999976783e+00,1.380602173951685700e+03
2.807999999999949026e+01,-7.169303803562510069e-02,-4.107708499912200217e+00,2.524248140295976550e-01,7.690349814840917588e+02,-7.708380818367004395e-01,5.155674815177917480e-01,-5.886276321770008702e-01,5.438268380389884582e-01,1.000000000000000222e+00,1.000000000000000000e+00,1.609999999999976783e+00,1.380602173951685700e+03
2.809999999999948983e+01,-3.557073278568845254e-02,-2.038052862807574250e+00,2.563411047620793859e-01,7.682217573628958007e+02,-8.209608793258666992e-01,4.796026051044464111e-01,-6.014810921882193240e-01,5.262438864508222069e-01,1.000000000000000000e+00,1.000000000000000000e+00,1.609999999999976783e+00,1.380602173951685700e+03
2.811999999999948940e+01,1.052126050713031447e-03,6.028238222162392301e-02,2.601949752239729463e-01,7.660888986472499482e+02,-8.648121953010559082e-01,4.433741867542266846e-01,-6.140820917347694641e-01,5.077530208563152403e-01,1.000000000000000000e+00,1.000000000000000000e+00,1.609999999999976783e+00,1.380602173951685700e+03
2.813999999999948898e+01,3.809315435108207026e-02,2.182576972657410685e+00,2.639506065940365187e-01,7.626236501586907934e+02,-9.023857712745666504e-01,4.069482386112213135e-01,-6.263327163584788693e-01,4.884254331641826874e-01,1.000000000000000000e+00,1.000000000000000000e+00,1.609999999999976783e+00,1.380602173951685700e+03
2.815999999999948855e+01,7.546350613368169036e-02,4.323740408719561223e+00,2.675749114215750235e-01,7.577992015285334446e+02,-9.337270855903625488e-01,3.703672289848327637e-01,-6.381428857651501030e-01,4.683323157493436417e-01,1.000000000000000000e+00,1.000000000000000000e+00,1.609999999999976783e+00,1.380602173951685700e+03
2.817999999999948813e+01,1.130682536418481376e-01,6.478333730592598094e+00,2.710379280599103935e-01,7.515745412087546811e+02,-9.589136242866516113e-01,3.336510062217712402e-01,-6.494310906292107832e-01,4.475432213741054599e-01,1.000000000000000000e+00,1.000000000000000000e+00,1.609999999999976783e+00,1.380602173951685700e+03
2.819999999999948770e+01,1.508068802518640616e-01,8.640597759966611946e+00,2.743131059010631145e-01,7.438963063498241581e+02,-9.780356287956237793e-01,2.967984378337860107e-01,-6.601247298732035862e-01,4.261245175102890137e-01,1.000000000000000000e+00,1.000000000000000000e+00,1.609999999999976783e+00,1.380602173951685700e+03
2.821999999999948727e+01,1.885738761768576133e-01,1.080448723135652145e+01,2.773775039166659351e-01,7.347034932205509676e+02,-9.911803603172302246e-01,2.597901523113250732e-01,-6.701600691336361271e-01,4.041380059561881510e-01,9.999999999999997780e-01,1.000000000000000000e+00,1.609999999999976783e+00,1.380602173951685700e+03
2.823999999999948685e+01,2.262594253116541054e-01,1.296371014541325195e+01,2.802119185654381450e-01,7.239335990141976254e+02,-9.984186887741088867e-01,2.225913256406784058e-01,-6.794818633099353189e-01,3.816397622240760845e-01,1.000000000000000000e+00,1.000000000000000000e+00,1.609999999999976783e+00,1.380602173951685700e+03
2.825999999999948642e+01,2.637501702739397658e-01,1.511177160255357244e+01,2.828009543298239947e-01,7.115299937803897592e+02,-9.997951984405517578e-01,1.851550638675689697e-01,-6.880427000113048530e-01,3.586792317841717703e-01,1.000000000000000000e+00,1.000000000000000000e+00,1.609999999999976783e+00,1.380602173951685700e+03
2.827999999999948599e+01,3.009300426541403617e-01,1.724202137277408653e+01,2.851330456078446929e-01,6.974497188837809745e+02,-9.953215718269348145e-01,1.474260389804840088e-01,-6.958021306470846268e-01,3.352986090902774774e-01,1.000000000000000000e+00,1.000000000000000000e+00,1.609999999999976783e+00,1.380602173951685700e+03
2.829999999999948557e+01,3.376811455534340922e-01,1.934770446135462052e+01,2.872004387678071535e-01,6.816715419846989334e+02,-9.849739074707031250e-01,1.093438193202018738e-01,-7.027256617406064665e-01,3.115325064458281945e-01,1.000000000000000000e+00,1.000000000000000000e+00,1.609999999999976783e+00,1.380602173951685700e+03
2.831999999999948514e+01,3.738846764446233095e-01,2.142201398489126163e+01,2.889991338631383022e-01,6.642028469568773517e+02,-9.686926007270812988e-01,7.084663212299346924e-02,-7.087836781281952048e-01,2.874079099396579795e-01,1.000000000000000000e+00,1.000000000000000000e+00,1.609999999999976783e+00,1.380602173951685700e+03
2.833999999999948471e+01,4.094218795752766482e-01,2.345814573997679275e+01,2.905287899879134272e-01,6.450857788862028883e+02,-9.463856220245361328e-01,3.187466785311698914e-02,-7.139503656145178567e-01,2.629444101799207067e-01,1.000000000000000000e+00,1.000000000000000000e+00,1.609999999999976783e+00,1.380602173951685700e+03
2.835999999999948429e+01,4.441750194011184760e-01,2.544935397682554878e+01,2.917925948089943877e-01,6.244024050740165421e+02,-9.179354906082153320e-01,-7.626100443303585052e-03,-7.182026988466192474e-01,2.381546919693617315e-01,1.000000000000000000e+00,1.000000000000000000e+00,1.609999999999976783e+00,1.380602173951685700e+03
2.837999999999948386e+01,4.780283680085291032e-01,2.738900797441526080e+01,2.927970963135316795e-01,6.022779372049396898e+02,-8.832081556320190430e-01,-4.770080000162124634e-02,-7.215195521120296718e-01,2.130452606995113241e-01,1.000000000000000000e+00,1.000000000000000000e+00,1.609999999999976783e+00,1.380602173951685700e+03
2.839999999999948344e+01,5.108692016248617129e-01,2.927064913632247567e+01,2.935519945198503122e-01,5.788834284045343566e+02,-8.420664072036743164e-01,-8.838168531656265259e-02,-7.238809867129587516e-01,1.876173857496909458e-01,1.000000000000000000e+00,1.000000000000000000e+00,1.609999999999976783e+00,1.380602173951685700e+03
2.841999999999948301e+01,5.425888028037832989e-01,3.108804841171287237e+01,2.940698859911415886e-01,5.544366503163970492e+02,-7.943854928016662598e-01,-1.296847164630889893e-01,-7.252677639984767000e-01,1.618682429705101955e-01,1.000000000000000000e+00,1.000000000000000000e+00,1.609999999999976783e+00,1.380602173951685700e+03
2.843999999999948258e+01,5.730834644169058301e-01,3.283526381982439801e+01,2.943659506400718717e-01,5.292020279748014673e+02,-7.400723099708557129e-01,-1.716060787439346313e-01,-7.256611264258443494e-01,1.357922324990106788e-01,1.000000000000000222e+00,1.000000000000000000e+00,1.609999999999976783e+00,1.380602173951685700e+03
2.845999999999948216e+01,6.022554917031039956e-01,3.450669786316402821e+01,2.944575640704628072e-01,5.034895559061077961e+02,-6.790881156921386719e-01,-2.141179889440536499e-01,-7.250428866278794127e-01,1.093824596027583029e-01,1.000000000000000000e+00,1.000000000000000000e+00,1.609999999999976783e+00,1.380602173951685700e+03
2.847999999999948173e+01,6.300141959292990812e-01,3.609715446007696471e+01,2.943638175037645022e-01,4.776523810688156004e+02,-6.114739775657653809e-01,-2.571651935577392578e-01,-7.233958590086361218e-01,8.263236411952623595e-02,1.000000000000000000e+00,1.000000000000000000e+00,1.609999999999976783e+00,1.380602173951685700e+03
2.849999999999948130e+01,6.562768675891854642e-01,3.760189470492629482e+01,2.941049251212021765e-01,4.520823009603341802e+02,-5.373774170875549316e-01,-3.006618022918701172e-01,-7.207046567672018567e-01,5.553747239422063969e-02,1.000000000000000000e+00,1.000000000000000000e+00,1.609999999999976783e+00,1.380602173951685700e+03
2.851999999999948088e+01,6.809697113373287536e-01,3.901669043587090613e+01,2.937015026325204836e-01,4.272039886564428457e+02,-4.570809900760650635e-01,-3.444880247116088867e-01,-7.169568668319568072e-01,2.809724778266676354e-02,1.000000000000000000e+00,1.000000000000000000e+00,1.609999999999976783e+00,1.380602173951685700e+03
2.853999999999948045e+01,7.040287156177167383e-01,4.033787406091123273e+01,2.931737167815860468e-01,4.034653052971243596e+02,-3.710273206233978271e-01,-3.884888589382171631e-01,-7.121445929781908823e-01,3.169975380245302157e-04,1.000000000000000000e+00,1.000000000000000000e+00,1.609999999999976783e+00,1.380602173951685700e+03
2.855999999999948002e+01,7.254004199754224835e-01,4.156238252160912339e+01,2.925403236346127978e-01,3.813250888285999736e+02,-2.798408865928649902e-01,-4.324736297130584717e-01,-7.062663290316334441e-01,-2.779022542312870742e-02,1.000000000000000000e+00,1.000000000000000000e+00,1.609999999999976783e+00,1.380602173951685700e+03
2.857999999999947960e+01,7.450425346807421079e-01,4.268779279493578827e+01,2.918176471930209459e-01,3.612366350479505286e+02,-1.843410581350326538e-01,-4.762173593044281006e-01,-6.993290902334016179e-01,-5.620179853321352614e-02,1.000000000000000000e+00,1.000000000000000000e+00,1.609999999999976783e+00,1.380602173951685700e+03
2.859999999999947917e+01,7.629243586011544842e-01,4.371234583557149733e+01,2.910185918456040244e-01,3.436265970194427268e+02,-8.554202318191528320e-02,-5.194654464721679688e-01,-6.913506823852043626e-01,-8.488388976551164422e-02,1.000000000000000000e+00,1.000000000000000000e+00,1.609999999999976783e+00,1.380602173951685700e+03
2.861999999999947875e+01,7.790269380625631790e-01,4.463495567798425867e+01,2.901518159657258678e-01,3.288708355326693322e+02,1.536256354302167892e-02,-5.619407892227172852e-01,-6.823619415162057722e-01,-1.137901327636131887e-01,1.000000000000000000e+00,1.000000000000000000e+00,1.609999999999976783e+00,1.380602173951685700e+03
2.863999999999947832e+01,7.933429151594784123e-01,4.545520074524345233e+01,2.892212176079310693e-01,3.172689854702776984e+02,1.170320659875869751e-01,-6.033530831336975098e-01,-6.724087393822524295e-01,-1.428607471293859010e-01,1.000000000000000000e+00,1.000000000000000000e+00,1.609999999999976783e+00,1.380602173951685700e+03
2.865999999999947789e+01,8.058760263952016167e-01,4.617329512321838081e+01,2.882258894174412611e-01,3.090192904880491369e+02,2.180301994085311890e-01,-6.434115171432495117e-01,-6.615535215050564188e-01,-1.720222415601117549e-01,1.000000000000000000e+00,1.000000000000000000e+00,1.609999999999976783e+00,1.380602173951685700e+03
2.867999999999947747e+01,8.166402358226951819e-01,4.679003889320869547e+01,2.871606461436373436e-01,3.041994348658857916e+02,3.168887794017791748e-01,-6.818379759788513184e-01,-6.498761480752131003e-01,-2.011878156656783656e-01,1.000000000000000000e+00,1.000000000000000000e+00,1.609999999999976783e+00,1.380602173951685700e+03
2.869999999999947704e+01,8.256585189267724445e-01,4.730674845352645974e+01,2.860171560439399574e-01,3.027554003190593903e+02,4.121803045272827148e-01,-7.183805108070373535e-01,-6.374738462589234489e-01,-2.302585238807072221e-01,1.000000000000000000e+00,1.000000000000000000e+00,1.609999999999976783e+00,1.380602173951685700e+03
2.871999999999947661e+01,8.329613484428910475e-01,4.772516976330362581e+01,2.847855895860462727e-01,3.045026374981297295e+02,5.025890469551086426e-01,-7.528253793716430664e-01,-6.244601556353247540e-01,-2.591252042709610848e-01,1.000000000000000000e+00,1.000000000000000000e+00,1.609999999999976783e+00,1.380602173951685700e+03
2.873999999999947619e+01,8.385849672430718549e-01,4.804737938614440651e+01,2.834565859777583574e-01,3.091404464388687643e+02,5.869722962379455566e-01,-7.850058674812316895e-01,-6.109628547677282695e-01,-2.876710941403972654e-01,1.000000000000000000e+00,1.000000000000000000e+00,1.609999999999976783e+00,1.380602173951685700e+03
2.875999999999947576e+01,8.425695582200143363e-01,4.827567963220911906e+01,2.820232580540253386e-01,3.162782733638563286e+02,6.644045114517211914e-01,-8.148074746131896973e-01,-5.971209731838815760e-01,-3.157749783739112193e-01,1.000000000000000000e+00,1.000000000000000000e+00,1.609999999999976783e+00,1.380602173951685700e+03
2.877999999999947534e+01,8.449574327533690976e-01,4.841249476497711868e+01,2.804829247926312608e-01,3.254714039441591353e+02,7.341985702514648438e-01,-8.421680331230163574e-01,-5.830811048172052091e-01,-3.433146485622576294e-01,1.000000000000000000e+00,1.000000000000000000e+00,1.609999999999976783e+00,1.380602173951685700e+03
2.879999999999947491e+01,8.457913540278960696e-01,4.846027493445368606e+01,2.788383187731651724e-01,3.362597599552319707e+02,7.959051728248596191e-01,-8.670743107795715332e-01,-5.689933191399177970e-01,-3.701704163945153669e-01,1.000000000000000000e+00,1.000000000000000000e+00,1.609999999999976783e+00,1.380602173951685700e+03
2.881999999999947448e+01,8.451130910643156469e-01,4.842141332924049379e+01,2.770981113407926522e-01,3.482053295318536925e+02,8.492920398712158203e-01,-8.895549178123474121e-01,-5.550070023650479634e-01,-3.962284245077375977e-01,9.999999999999997780e-01,1.000000000000000000e+00,1.609999999999976783e+00,1.380602173951685700e+03
2.883999999999947406e+01,8.429622694454428355e-01,4.829818032799358463e+01,2.752767357652416425e-01,3.609230020678844539e+02,8.943094015121459961e-01,-9.096710085868835449e-01,-5.412669500803929390e-01,-4.213835225820972696e-01,1.000000000000000000e+00,1.000000000000000000e+00,1.609999999999976783e+00,1.380602173951685700e+03
2.885999999999947363e+01,8.393755510936533604e-01,4.809267650413392658e+01,2.733936072452043398e-01,3.741027744461204634e+02,9.310476183891296387e-01,-9.275062084197998047e-01,-5.279099793868740065e-01,-4.455415341319598488e-01,1.000000000000000000e+00,1.000000000000000000e+00,1.609999999999976783e+00,1.380602173951685700e+03
2.887999999999947320e+01,8.343861352764898598e-01,4.780680403557464331e+01,2.714719332291113951e-01,3.875195088908591856e+02,9.596938490867614746e-01,-9.431567192077636719e-01,-5.150622472048196343e-01,-4.686208108850360432e-01,1.000000000000000000e+00,1.000000000000000000e+00,1.609999999999976783e+00,1.380602173951685700e+03
2.889999999999947278e+01,8.280235423996211708e-01,4.744225431697006456e+01,2.695373472876237964e-01,4.010333372338026265e+02,9.804921150207519531e-01,-9.567227959632873535e-01,-5.028373688097466099e-01,-4.905530477784800225e-01,1.000000000000000000e+00,1.000000000000000000e+00,1.609999999999976783e+00,1.380602173951685700e+03
2.891999999999947235e+01,8.203136344708279459e-01,4.700050913221576820e+01,2.676165724041967287e-01,4.145826084636311180e+02,9.937101006507873535e-01,-9.683011770248413086e-01,-4.913353435826803839e-01,-5.112833912020410265e-01,1.000000000000000000e+00,1.000000000000000000e+00,1.609999999999976783e+00,1.380602173951685700e+03
2.893999999999947192e+01,8.112788169543065919e-01,4.648285221984822613e+01,2.657362754180571107e-01,4.281711785695959520e+02,9.996139407157897949e-01,-9.779800772666931152e-01,-4.806422235651898189e-01,-5.307699272594550433e-01,1.000000000000000000e+00,1.000000000000000000e+00,1.609999999999976783e+00,1.380602173951685700e+03
2.895999999999947150e+01,8.009383656692929954e-01,4.589038800295631404e+01,2.639222057883931494e-01,4.418532521398746553e+02,9.984508156776428223e-01,-9.858350157737731934e-01,-4.708304118574684338e-01,-5.489826663332345591e-01,1.000000000000000000e+00,1.000000000000000000e+00,1.609999999999976783e+00,1.380602173951685700e+03
2.897999999999947107e+01,7.893088281278513030e-01,4.522406458414275932e+01,2.621986565896128329e-01,4.557170691862508534e+02,9.904394149780273438e-01,-9.919267296791076660e-01,-4.619594493613847774e-01,-5.659021529989138877e-01,1.000000000000000000e+00,1.000000000000000000e+00,1.609999999999976783e+00,1.380602173951685700e+03
2.899999999999947065e+01,7.764044576344457660e-01,4.448469861759747346e+01,2.605882283135774746e-01,4.698696666525313503e+02,9.757665395736694336e-01,-9.962999820709228516e-01,-4.540771390319733869e-01,-5.815178334627405521e-01,9.999999999999997780e-01,1.000000000000000000e+00,1.609999999999976783e+00,1.380602173951685700e+03
2.901999999999947022e+01,7.622376488585476118e-01,4.367300026556961257e+01,2.591118443370923341e-01,4.844233797302378548e+02,9.545887708663940430e-01,-9.989836215972900391e-01,-4.472208634262792026e-01,-5.958263020403175014e-01,1.000000000000000000e+00,1.000000000000000000e+00,1.609999999999976783e+00,1.380602173951685700e+03
2.903999999999946979e+01,7.468193534057800953e-01,4.278959700884028194e+01,2.577889479769194803e-01,4.994845814437830995e+02,9.270382523536682129e-01,-9.999912977218627930e-01,-4.414189663219729720e-01,-6.088295335854126966e-01,1.000000000000000000e+00,1.000000000000000000e+00,1.609999999999976783e+00,1.380602173951685700e+03
2.905999999999946937e+01,7.301594626275234035e-01,4.183505558009725434e+01,2.566378065490372840e-01,5.151446701903408893e+02,8.932318091392517090e-01,-9.993227124214172363e-01,-4.366920884036565864e-01,-6.205331876123592050e-01,1.000000000000000000e+00,1.000000000000000000e+00,1.609999999999976783e+00,1.380602173951685700e+03
2.907999999999946894e+01,7.122671518139478408e-01,4.080990168474308888e+01,2.556758508425074905e-01,5.314737812899344362e+02,8.532813191413879395e-01,-9.969653487205505371e-01,-4.330543719933198088e-01,-6.309450508394004453e-01,1.000000000000000000e+00,1.000000000000000000e+00,1.609999999999976783e+00,1.380602173951685700e+03
2.909999999999946851e+01,6.931511848445777169e-01,3.971463745608669171e+01,2.549199921502430244e-01,5.485159704904709770e+02,8.073063492774963379e-01,-9.928967356681823730e-01,-4.305144718301547879e-01,-6.400736700321942863e-01,1.000000000000000000e+00,1.000000000000000000e+00,1.609999999999976783e+00,1.380602173951685700e+03
2.911999999999946809e+01,6.728201820670283162e-01,3.854975680366435853e+01,2.543868671255039571e-01,5.662862214072812321e+02,7.554477453231811523e-01,-9.870867133140563965e-01,-4.290763270429843179e-01,-6.479272094287706896e-01,1.000000000000000000e+00,1.000000000000000000e+00,1.609999999999976783e+00,1.380602173951685700e+03
2.913999999999946766e+01,6.512828565805310888e-01,3.731575895128852238e+01,2.540929740051081076e-01,5.847692132209371039e+02,6.978807449340820312e-01,-9.795001149177551270e-01,-4.287396709966557751e-01,-6.545125534638028819e-01,1.000000000000000000e+00,1.000000000000000000e+00,1.609999999999976783e+00,1.380602173951685700e+03
2.915999999999946724e+01,6.285482252138963055e-01,3.601316052519461408e+01,2.540546759419030076e-01,6.039185776751990034e+02,6.348290443420410156e-01,-9.700997471809387207e-01,-4.295002703497270424e-01,-6.598346687541313260e-01,1.000000000000000000e+00,1.000000000000000000e+00,1.609999999999976783e+00,1.380602173951685700e+03
2.917999999999946681e+01,6.046258014112377843e-01,3.464250660557897987e+01,2.542880551382614152e-01,6.236577398852257375e+02,5.665771961212158203e-01,-9.588491916656494141e-01,-4.313498989728708488e-01,-6.638962271914209401e-01,1.000000000000000000e+00,1.000000000000000000e+00,1.609999999999976783e+00,1.380602173951685700e+03
2.919999999999946638e+01,5.795257770861796942e-01,3.320438114607744495e+01,2.548086124723364376e-01,6.438808865906038363e+02,4.934823513031005859e-01,-9.457165002822875977e-01,-4.342760657165008475e-01,-6.666974918469559253e-01,1.000000000000000000e+00,1.000000000000000000e+00,1.609999999999976783e+00,1.380602173951685700e+03
2.921999999999946596e+01,5.532592006798631168e-01,3.169941717573760442e+01,2.556308162377679549e-01,6.644554519667949535e+02,4.159829616546630859e-01,-9.306771159172058105e-01,-4.382615279255128171e-01,-6.682364582889520621e-01,1.000000000000000000e+00,1.000000000000000000e+00,1.609999999999976783e+00,1.380602173951685700e+03
2.923999999999946553e+01,5.258381583476565702e-01,3.012830718025259813e+01,2.567675144995436032e-01,6.852246790378616197e+02,3.346050381660461426e-01,-9.137176275253295898e-01,-4.432836347749760098e-01,-6.685092398774972189e-01,1.000000000000000000e+00,1.000000000000000000e+00,1.609999999999976783e+00,1.380602173951685700e+03
2.925999999999946510e+01,4.972759650550182542e-01,2.849181405094755704e+01,2.582292373863809831e-01,7.060115171592290153e+02,2.499639987945556641e-01,-8.948385119438171387e-01,-4.493135556463245250e-01,-6.675106778841094490e-01,1.000000000000000000e+00,1.000000000000000000e+00,1.609999999999976783e+00,1.380602173951685700e+03
2.927999999999946468e+01,4.675873719172076726e-01,2.679078296446995111e+01,2.600234263230420950e-01,7.266227400855727865e+02,1.627621501684188843e-01,-8.740575313568115234e-01,-4.563154595619898779e-01,-6.652351533748278589e-01,1.000000000000000000e+00,1.000000000000000000e+00,1.609999999999976783e+00,1.380602173951685700e+03
2.929999999999946425e+01,4.367887958552261196e-01,2.502615454110576110e+01,2.621536417625784932e-01,7.468544883105405461e+02,7.378005236387252808e-02,-8.514118790626525879e-01,-4.642457220147371832e-01,-6.616775704536277392e-01,1.000000000000000000e+00,1.000000000000000000e+00,1.609999999999976783e+00,1.380602173951685700e+03
2.931999999999946382e+01,4.048985776490647837e-01,2.319897963014145859e+01,2.646188078508648345e-01,7.664978895749321737e+02,-1.613692939281463623e-02,-8.269597887992858887e-01,-4.730522406367915766e-01,-6.568344648388149132e-01,1.000000000000000000e+00,1.000000000000000000e+00,1.609999999999976783e+00,1.380602173951685700e+03
2.933999999999946340e+01,3.719372736535930812e-01,2.131043602395323333e+01,2.674125585568458696e-01,7.853452115367757642e+02,-1.060977652668952942e-01,-8.007814884185791016e-01,-4.826739410990769086e-01,-6.507051890001547267e-01,1.000000000000000000e+00,1.000000000000000000e+00,1.609999999999976783e+00,1.380602173951685700e+03
2.935999999999946297e+01,3.379279861398680751e-01,1.936184738516982051e+01,2.705227519142067716e-01,8.031964302607050286e+02,-1.951897591352462769e-01,-7.729783058166503906e-01,-4.930405517203165777e-01,-6.432931089450251161e-01,1.000000000000000000e+00,1.000000000000000000e+00,1.609999999999976783e+00,1.380602173951685700e+03
2.937999999999946255e+01,3.028967357677183614e-01,1.735470458777954761e+01,2.739312056502586912e-01,8.198648324693911036e+02,-2.825053036212921143e-01,-7.436713576316833496e-01,-5.040727120535483108e-01,-6.346067438061764321e-01,1.000000000000000000e+00,1.000000000000000000e+00,1.609999999999976783e+00,1.380602173951685700e+03
2.939999999999946212e+01,2.668728776405520087e-01,1.529068955531486473e+01,2.776136946707798980e-01,8.351819260788288375e+02,-3.671700060367584229e-01,-7.129984498023986816e-01,-5.156824598283333838e-01,-6.246607775482212466e-01,1.000000000000000000e+00,1.000000000000000000e+00,1.609999999999976783e+00,1.380602173951685700e+03
2.941999999999946169e+01,2.298895598051400313e-01,1.317170153095485574e+01,2.815402254222611478e-01,8.490005901649888074e+02,-4.483694732189178467e-01,-6.811099648475646973e-01,-5.277741131306505906e-01,-6.134768679903095379e-01,1.000000000000000000e+00,1.000000000000000000e+00,1.609999999999976783e+00,1.380602173951685700e+03
2.943999999999946127e+01,1.919842192862493135e-01,1.099988549821618733e+01,2.856755826458588499e-01,8.611968996076643634e+02,-5.253739356994628906e-01,-6.481636166572570801e-01,-5.402455359249713762e-01,-6.010841848945939203e-01,9.999999999999997780e-01,1.000000000000000000e+00,1.609999999999976783e+00,1.380602173951685700e+03
2.945999999999946084e+01,1.531991055281358705e-01,8.777662171941503999e+00,2.899801074284730773e-01,8.716687569954805213e+02,-5.975561738014221191e-01,-6.143191456794738770e-01,-5.529897400101446703e-01,-5.875196273852077988e-01,1.000000000000000000e+00,1.000000000000000000e+00,1.609999999999976783e+00,1.380602173951685700e+03
2.947999999999946041e+01,1.135818158648826959e-01,6.507758678489834914e+00,2.944106571701185504e-01,8.803331464202018424e+02,-6.644035577774047852e-01,-5.797321796417236328e-01,-5.658967448855799498e-01,-5.728276870204063176e-01,1.000000000000000000e+00,1.000000000000000000e+00,1.609999999999976783e+00,1.380602173951685700e+03
2.949999999999945999e+01,7.318582229377623705e-02,4.193238737627828172e+00,2.989216817407575055e-01,8.871215022659824854e+02,-7.255226969718933105e-01,-5.445486307144165039e-01,-5.788555959563798092e-01,-5.570599432088467751e-01,1.000000000000000000e+00,1.000000000000000000e+00,1.609999999999976783e+00,1.380602173951685700e+03
2.951999999999945956e+01,3.207096324923908170e-02,1.837530839100568691e+00,3.034663439135543705e-01,8.919734690810153097e+02,-7.806358337402343750e-01,-5.088999867439270020e-01,-5.917564239797439285e-01,-5.402742108547498034e-01,1.000000000000000000e+00,1.000000000000000000e+00,1.609999999999976783e+00,1.380602173951685700e+03
2.953999999999945913e+01,-9.696129058310187787e-03,-5.555472726553311036e-01,3.079976292330302567e-01,8.948311604867017195e+02,-8.295714259147644043e-01,-4.728988409042358398e-01,-6.044924259289058410e-01,-5.225333775104791245e-01,1.000000000000000000e+00,1.000000000000000000e+00,1.609999999999976783e+00,1.380602173951685700e+03
2.955999999999945871e+01,-5.204169676125625088e-02,-2.981769583119628475e+00,3.124693955153810543e-01,8.956338496145880299e+02,-8.722493648529052734e-01,-4.366361796855926514e-01,-6.169616574900360639e-01,-5.039039893548670213e-01,1.000000000000000000e+00,1.000000000000000000e+00,1.609999999999976783e+00,1.380602173951685700e+03
2.957999999999945828e+01,-9.488465044606231302e-02,-5.436490011133474631e+00,3.168373286803786160e-01,8.943141645002298219e+02,-9.086623787879943848e-01,-4.001798927783966064e-01,-6.290685436963487920e-01,-4.844546678761467717e-01,1.000000000000000000e+00,1.000000000000000000e+00,1.609999999999976783e+00,1.380602173951685700e+03
2.959999999999945786e+01,-1.381365157533438470e-01,-7.914639349309012140e+00,3.210597879298654478e-01,8.907966786473422189e+02,-9.388557076454162598e-01,-3.635742664337158203e-01,-6.407250387507905653e-01,-4.642544428876401730e-01,1.000000000000000000e+00,1.000000000000000000e+00,1.609999999999976783e+00,1.380602173951685700e+03
2.961999999999945743e+01,-1.817015527018219778e-01,-1.041073210078829980e+01,3.250985349311230621e-01,8.849993739697004003e+02,-9.629073143005371094e-01,-3.268409371376037598e-01,-6.518513973529701522e-01,-4.433710904935349029e-01,1.000000000000000000e+00,1.000000000000000000e+00,1.609999999999976783e+00,1.380602173951685700e+03
2.963999999999945700e+01,-2.254770598719173513e-01,-1.291888390767943839e+01,3.289193456332367149e-01,8.768374919202441333e+02,-9.809090495109558105e-01,-2.899806499481201172e-01,-6.623765493992938014e-01,-4.218695607903955591e-01,9.999999999999997780e-01,1.000000000000000000e+00,1.609999999999976783e+00,1.380602173951685700e+03
2.965999999999945658e+01,-2.693538663031000979e-01,-1.543283973469867831e+01,3.324925068383666193e-01,8.662296375258584931e+02,-9.929502606391906738e-01,-2.529760003089904785e-01,-6.722380956918532213e-01,-3.998105698907283845e-01,1.000000000000000000e+00,1.000000000000000000e+00,1.609999999999976783e+00,1.380602173951685700e+03
2.967999999999945615e+01,-3.132170042659243592e-01,-1.794601241616856768e+01,3.357932028871469798e-01,8.531058426856898222e+02,-9.991049766540527344e-01,-2.157945334911346436e-01,-6.813819664558405931e-01,-3.772494158100814232e-01,1.000000000000000000e+00,1.000000000000000000e+00,1.609999999999976783e+00,1.380602173951685700e+03
2.969999999999945572e+01,-3.569465473194020078e-01,-2.045153067316846318e+01,3.388017928228886366e-01,8.374162288487970045e+02,-9.994222521781921387e-01,-1.783924251794815063e-01,-6.897618010493525853e-01,-3.542350617411934022e-01,1.000000000000000000e+00,1.000000000000000000e+00,1.609999999999976783e+00,1.380602173951685700e+03
2.971999999999945530e+01,-4.004185908864341670e-01,-2.294229529636824694e+01,3.415039809033076357e-01,8.191398938291357581e+02,-9.939203262329101562e-01,-1.407182961702346802e-01,-6.973381173385371223e-01,-3.308095149874302199e-01,1.000000000000000000e+00,1.000000000000000000e+00,1.609999999999976783e+00,1.380602173951685700e+03
2.973999999999945487e+01,-4.435063471075784136e-01,-2.541104187652836899e+01,3.438908837611565072e-01,7.982932595799532010e+02,-9.825845956802368164e-01,-1.027170121669769287e-01,-7.040773454836058987e-01,-3.070075120488977571e-01,1.000000000000000000e+00,1.000000000000000000e+00,1.609999999999976783e+00,1.380602173951685700e+03
2.975999999999945445e+01,-4.860813226826201650e-01,-2.785040828985082584e+01,3.459589969262001352e-01,7.749369405977918177e+02,-9.653686881065368652e-01,-6.433334946632385254e-02,-7.099508004364805114e-01,-2.828565050304444606e-01,1.000000000000000000e+00,1.000000000000000000e+00,1.609999999999976783e+00,1.380602173951685700e+03
2.977999999999945402e+01,-5.280145480934215207e-01,-3.025300512726048296e+01,3.477100658131547783e-01,7.491811858749044859e+02,-9.421993494033813477e-01,-2.551610767841339111e-02,-7.149336649851150138e-01,-2.583769402761402767e-01,1.000000000000000000e+00,1.000000000000000000e+00,1.609999999999976783e+00,1.380602173951685700e+03
2.979999999999945359e+01,-5.691778275800678522e-01,-3.261148731276275470e+01,3.491508674299565462e-01,7.211893146868297890e+02,-9.129841327667236328e-01,1.377849280834197998e-02,-7.190040499786000128e-01,-2.335828095566433726e-01,1.000000000000000000e+00,1.000000000000000000e+00,1.609999999999976783e+00,1.380602173951685700e+03
2.981999999999945317e+01,-6.094449816092324390e-01,-3.491862529163709183e+01,3.502929075318257368e-01,6.911793599675283986e+02,-8.776224255561828613e-01,5.358322709798812866e-02,-7.221421916170345234e-01,-2.084824462727830063e-01,1.000000000000000000e+00,1.000000000000000000e+00,1.609999999999976783e+00,1.380602173951685700e+03
2.983999999999945274e+01,-6.486930573011142620e-01,-3.716737438279191963e+01,3.511520349719290945e-01,6.594235722421956325e+02,-8.360188603401184082e-01,9.391649067401885986e-02,-7.243298377128868371e-01,-1.830795396066911551e-01,1.000000000000000000e+00,1.000000000000000000e+00,1.609999999999976783e+00,1.380602173951685700e+03
2.985999999999945231e+01,-6.868034858860032621e-01,-3.935094109614078661e+01,3.517479726282311536e-01,6.262466706654286099e+02,-7.881002426147460938e-01,1.347789019346237183e-01,-7.255498686911030504e-01,-1.573743393490909248e-01,1.000000000000000000e+00,1.000000000000000000e+00,1.609999999999976783e+00,1.380602173951685700e+03
2.987999999999945189e+01,-7.236631694643129720e-01,-4.146284539936560520e+01,3.521037583713391705e-01,5.920218564930280536e+02,-7.338338494300842285e-01,1.761504560708999634e-01,-7.257861899351540913e-01,-1.313650203339140066e-01,1.000000000000000000e+00,1.000000000000000000e+00,1.609999999999976783e+00,1.380602173951685700e+03
2.989999999999945146e+01,-7.591654823047142564e-01,-4.349697808807371047e+01,3.522450856305929245e-01,5.571660645069051725e+02,-6.732490658760070801e-01,2.179871350526809692e-01,-7.250239250163187377e-01,-1.050491811626421690e-01,1.000000000000000000e+00,1.000000000000000000e+00,1.609999999999976783e+00,1.380602173951685700e+03
2.991999999999945103e+01,-7.932111731675952626e-01,-4.544765248512389633e+01,3.521995340269133412e-01,5.221327239734823706e+02,-6.064586639404296875e-01,2.602190375328063965e-01,-7.232499275802001248e-01,-7.842544302991374949e-02,1.000000000000000000e+00,1.000000000000000000e+00,1.609999999999976783e+00,1.380602173951685700e+03
2.993999999999945061e+01,-8.257091557982652041e-01,-4.730964973255074568e+01,3.519956804253259741e-01,4.874035335211378879e+02,-5.336813926696777344e-01,3.027480840682983398e-01,-7.204536163955327366e-01,-5.149511133720485051e-02,1.000000000000000000e+00,1.000000000000000000e+00,1.609999999999976783e+00,1.380602173951685700e+03
2.995999999999945018e+01,-8.565771749932782342e-01,-4.907825695435380453e+01,3.516620932401343103e-01,4.534780223899595057e+02,-4.552626907825469971e-01,3.454469442367553711e-01,-7.166281237280329730e-01,-2.426386259060036091e-02,1.000000000000000000e+00,1.000000000000000000e+00,1.609999999999976783e+00,1.380602173951685700e+03
2.997999999999944976e+01,-8.857423346006196851e-01,-5.074929750867989497e+01,3.512262306342524010e-01,4.208605756088084604e+02,-3.716912269592285156e-01,3.881594240665435791e-01,-7.117717223164056195e-01,3.256600417083583936e-03,1.000000000000000000e+00,1.000000000000000000e+00,1.609999999999976783e+00,1.380602173951685700e+03
2.999999999999944933e+01,-9.131414738131260478e-01,-5.231915254784790648e+01,3.507132848110131595e-01,3.900456377618382362e+02,-2.836102843284606934e-01,4.307017326354980469e-01,-7.058894715128308794e-01,3.104698876598245560e-02,1.000000000000000000e+00,1.000000000000000000e+00,1.609999999999976783e+00,1.380602173951685700e+03
3.001999999999944890e+01,-9.387213789600878933e-01,-5.378477315311378959e+01,3.501450460301356316e-01,3.615006350178196044e+02,-1.918206512928009033e-01,4.728656411170959473e-01,-6.989949956614377458e-01,5.907903507855331859e-02,1.000000000000000000e+00,1.000000000000000000e+00,1.609999999999976783e+00,1.380602173951685700e+03
3.003999999999944848e+01,-9.624388198032178821e-01,-5.514368241427634132e+01,3.495388921617662570e-01,3.356464268730188678e+02,-9.727135300636291504e-02,5.144240856170654297e-01,-6.911122720194263769e-01,8.731436186109443887e-02,1.000000000000000000e+00,1.000000000000000000e+00,1.609999999999976783e+00,1.380602173951685700e+03
3.005999999999944805e+01,-9.842604037478936974e-01,-5.639396707659670227e+01,3.489070199639219272e-01,3.128383624043299278e+02,-1.039921771734952927e-03,5.551378130912780762e-01,-6.822772809507328118e-01,1.157037034290089028e-01,1.000000000000000000e+00,1.000000000000000000e+00,1.609999999999976783e+00,1.380602173951685700e+03
3.007999999999944762e+01,-1.004162247666455343e+00,-5.753425873765839071e+01,3.482560455352808892e-01,2.933477841221047129e+02,9.570071846246719360e-02,5.947642326354980469e-01,-6.725393550767930773e-01,1.441865703268134791e-01,1.000000000000000000e+00,1.000000000000000000e+00,1.609999999999976783e+00,1.380602173951685700e+03
3.009999999999944720e+01,-1.022129475017863776e+00,-5.856370503444610875e+01,3.475870698850722640e-01,2.773474014294380936e+02,1.917253136634826660e-01,6.330667138099670410e-01,-6.619620613788499419e-01,1.726914304596374738e-01,1.000000000000000000e+00,1.000000000000000000e+00,1.609999999999976783e+00,1.380602173951685700e+03
3.011999999999944677e+01,-1.038155554321587459e+00,-5.948193174069143652e+01,3.468962636332316718e-01,2.649016493888705668e+02,2.858076393604278564e-01,6.698250770568847656e-01,-6.506234681827881561e-01,2.011364591280453695e-01,1.000000000000000000e+00,1.000000000000000000e+00,1.609999999999976783e+00,1.380602173951685700e+03
3.013999999999944635e+01,-1.052241503720644289e+00,-6.028899719169222493e+01,3.461759356916640495e-01,2.559658086198911917e+02,3.767724037170410156e-01,7.048441171646118164e-01,-6.386156940487063283e-01,2.294308629279915579e-01,1.000000000000000000e+00,1.000000000000000000e+00,1.609999999999976783e+00,1.380602173951685700e+03
3.015999999999944592e+01,-1.064394993289278446e+00,-6.098534085033123375e+01,3.454159896020562726e-01,2.503925589402246032e+02,4.635455906391143799e-01,7.379616498947143555e-01,-6.260436964580124997e-01,2.574767350217035955e-01,1.000000000000000222e+00,1.000000000000000000e+00,1.609999999999976783e+00,1.380602173951685700e+03
3.017999999999944549e+01,-1.074629380606096696e+00,-6.157172804948714173e+01,3.446055844232522869e-01,2.479479477358105157e+02,5.451946258544921875e-01,7.690536379814147949e-01,-6.130233324466404232e-01,2.851713548910380647e-01,1.000000000000000000e+00,1.000000000000000000e+00,1.609999999999976783e+00,1.380602173951685700e+03
3.019999999999944507e+01,-1.082962716987245333e+00,-6.204919305338977864e+01,3.437347884626488770e-01,2.483338734255972042e+02,6.209562420845031738e-01,7.980363965034484863e-01,-5.996788016903971119e-01,3.124097925478994120e-01,1.000000000000000000e+00,1.000000000000000000e+00,1.609999999999976783e+00,1.380602173951685700e+03
3.021999999999944464e+01,-1.089416760085156533e+00,-6.241898248369562907e+01,3.427960167431089444e-01,2.512147694902176056e+02,6.902493834495544434e-01,8.248661756515502930e-01,-5.861396452983465011e-01,3.390876498141806583e-01,1.000000000000000000e+00,1.000000000000000000e+00,1.609999999999976783e+00,1.380602173951685700e+03
3.023999999999944421e+01,-1.094016024598661208e+00,-6.268250092918373895e+01,3.417850846516864438e-01,2.562455238847010719e+02,7.526728510856628418e-01,8.495358228683471680e-01,-5.725375179918824609e-01,3.651037579860312854e-01,1.000000000000000000e+00,1.000000000000000000e+00,1.609999999999976783e+00,1.380602173951685700e+03
3.025999999999944379e+01,-1.096786897630610991e+00,-6.284126025948108207e+01,3.407017911396388321e-01,2.630967442494549005e+02,8.079908490180969238e-01,8.720696568489074707e-01,-5.590029650838238551e-01,3.903626589126892865e-01,1.000000000000000000e+00,1.000000000000000000e+00,1.609999999999976783e+00,1.380602173951685700e+03
3.027999999999944336e+01,-1.097756839990042810e+00,-6.289683386304748325e+01,3.395500213510417864e-01,2.714757550448707661e+02,8.561087846755981445e-01,8.925167322158813477e-01,-5.456624215781360476e-01,4.147767217258715999e-01,1.000000000000000000e+00,1.000000000000000000e+00,1.609999999999976783e+00,1.380602173951685700e+03
3.029999999999944293e+01,-1.096953691325195379e+00,-6.285081683423015875e+01,3.383374324116926735e-01,2.811421965903518867e+02,8.970437645912170410e-01,9.109436273574829102e-01,-5.326356141871532168e-01,4.382677850177699730e-01,1.000000000000000222e+00,1.000000000000000000e+00,1.609999999999976783e+00,1.380602173951685700e+03
3.031999999999944251e+01,-1.094405082161300502e+00,-6.270479228551062079e+01,3.370748405620144217e-01,2.919144108551330419e+02,9.308937788009643555e-01,9.274274110794067383e-01,-5.200334924764985489e-01,4.607682632647460697e-01,1.000000000000000000e+00,1.000000000000000000e+00,1.609999999999976783e+00,1.380602173951685700e+03
3.033999999999944208e+01,-1.090137945752295945e+00,-6.246030337866804416e+01,3.357754636755814759e-01,3.036705396320439831e+02,9.578083753585815430e-01,9.420492053031921387e-01,-5.079567553021954174e-01,4.822217033060352542e-01,9.999999999999997780e-01,1.000000000000000000e+00,1.609999999999976783e+00,1.380602173951685700e+03
3.035999999999944166e+01,-1.084178131811126544e+00,-6.211883119315581325e+01,3.344541474160636074e-01,3.163448932097768420e+02,9.779632091522216797e-01,9.548886418342590332e-01,-4.964949814511967485e-01,5.025828168007993035e-01,1.000000000000000000e+00,1.000000000000000000e+00,1.609999999999976783e+00,1.380602173951685700e+03
3.037999999999944123e+01,-1.076550118634128417e+00,-6.168177823204364074e+01,3.331266742689364957e-01,3.299206279329157496e+02,9.915390610694885254e-01,9.660194516181945801e-01,-4.857263264994692298e-01,5.218170467480045538e-01,1.000000000000000000e+00,1.000000000000000000e+00,1.609999999999976783e+00,1.380602173951685700e+03
3.039999999999944080e+01,-1.067276815142632174e+00,-6.115045707983697554e+01,3.318092248149432377e-01,3.444200290018963528e+02,9.987062215805053711e-01,9.755060076713562012e-01,-4.757177133725750684e-01,5.398997461693099131e-01,1.000000000000000000e+00,1.000000000000000000e+00,1.609999999999976783e+00,1.380602173951685700e+03
3.041999999999944038e+01,-1.056379442109796507e+00,-6.052608359727581444e+01,3.305180246520775245e-01,3.598937946750116339e+02,9.996138811111450195e-01,9.834012389183044434e-01,-4.665254220280714570e-01,5.568150611041221554e-01,1.000000000000000000e+00,1.000000000000000000e+00,1.609999999999976783e+00,1.380602173951685700e+03
3.043999999999943995e+01,-1.043877481603756152e+00,-5.980977402464046122e+01,3.292691770581196442e-01,3.764103538072821493e+02,9.943847656250000000e-01,9.897447228431701660e-01,-4.581959722244575706e-01,5.725546063119051343e-01,1.000000000000000000e+00,1.000000000000000000e+00,1.609999999999976783e+00,1.380602173951685700e+03
3.045999999999943952e+01,-1.029788683284516893e+00,-5.900254534253704719e+01,3.280786594780608634e-01,3.940461565752978004e+02,9.831131100654602051e-01,9.945623874664306641e-01,-4.507671943564371397e-01,5.871160214058687155e-01,1.000000000000000000e+00,1.000000000000000000e+00,1.609999999999976783e+00,1.380602173951685700e+03
3.047999999999943910e+01,-1.014129116406651487e+00,-5.810531825143250018e+01,3.269624486967128707e-01,4.128768720873032976e+02,9.658668041229248047e-01,9.978663921356201172e-01,-4.442693900273123608e-01,6.005014896192856222e-01,1.000000000000000000e+00,1.000000000000000000e+00,1.609999999999976783e+00,1.380602173951685700e+03
3.049999999999943867e+01,-9.969132577881647528e-01,-5.711892221189928875e+01,3.259367314479611477e-01,4.329702368009223505e+02,9.426919221878051758e-01,9.996553659439086914e-01,-4.387264949893682209e-01,6.127162818396834076e-01,1.000000000000000000e+00,1.000000000000000000e+00,1.609999999999976783e+00,1.380602173951685700e+03
3.051999999999943824e+01,-9.781541070304347052e-01,-5.604410204623171410e+01,3.250181607967370101e-01,4.543797718456297616e+02,9.136202335357666016e-01,9.999155402183532715e-01,-4.341571702717022530e-01,6.237673818721775065e-01,1.000000000000000000e+00,1.000000000000000000e+00,1.609999999999976783e+00,1.380602173951685700e+03
3.053999999999943782e+01,-9.578633220422791972e-01,-5.488152570340299263e+01,3.242241163871209531e-01,4.771401696573939830e+02,8.786781430244445801e-01,9.986218810081481934e-01,-4.305757617456650865e-01,6.336622373725018242e-01,1.000000000000000000e+00,1.000000000000000000e+00,1.609999999999976783e+00,1.380602173951685700e+03
3.055999999999943739e+01,-9.360513699887538230e-01,-5.363179290779428499e+01,3.235729346213570556e-01,5.012635639576553785e+02,8.378974199295043945e-01,9.957398176193237305e-01,-4.279930830768813310e-01,6.424076694210200111e-01,1.000000000000000222e+00,1.000000000000000000e+00,1.609999999999976783e+00,1.380602173951685700e+03
3.057999999999943697e+01,-9.127276913463520103e-01,-5.229544455886524190e+01,3.230840773470284311e-01,5.267367329761144674e+02,7.913275361061096191e-01,9.912267923355102539e-01,-4.264169879345974801e-01,6.500089618313941164e-01,1.000000000000000000e+00,1.000000000000000000e+00,1.609999999999976783e+00,1.380602173951685700e+03
3.059999999999943654e+01,-8.879008767512708289e-01,-5.087297286381329542e+01,3.227782123939547110e-01,5.535191775598259483e+02,7.390483617782592773e-01,9.850348234176635742e-01,-4.258527100899053841e-01,6.564691489371317079e-01,1.000000000000000000e+00,1.000000000000000000e+00,1.609999999999976783e+00,1.380602173951685700e+03
3.061999999999943611e+01,-8.615788586457524545e-01,-4.936483231810015582e+01,3.226771821049607691e-01,5.815416839826947353e+02,6.811840534210205078e-01,9.771128892898559570e-01,-4.263029600905970384e-01,6.617885165822632310e-01,1.000000000000000000e+00,1.000000000000000000e+00,1.609999999999976783e+00,1.380602173951685700e+03
3.063999999999943569e+01,-8.337691223004766172e-01,-4.777145179614427661e+01,3.228038394308648251e-01,6.107058242550618843e+02,6.179163455963134766e-01,9.674096107482910156e-01,-4.277677775569464491e-01,6.659643209179488821e-01,1.000000000000000000e+00,1.000000000000000000e+00,1.609999999999976783e+00,1.380602173951685700e+03
3.065999999999943526e+01,-8.044789424856841897e-01,-4.609324811157739532e+01,3.231817356772896388e-01,6.408836495881140536e+02,5.494977235794067383e-01,9.558765292167663574e-01,-4.302441484528997107e-01,6.689907314433342078e-01,1.000000000000000000e+00,1.000000000000000000e+00,1.609999999999976783e+00,1.380602173951685700e+03
3.067999999999943483e+01,-7.737156538409646345e-01,-4.433064150829223848e+01,3.238346485355043103e-01,6.719183225773715549e+02,4.762628078460693359e-01,9.424712657928466797e-01,-4.337254071290617130e-01,6.708590001742558151e-01,9.999999999999997780e-01,1.000000000000000000e+00,1.609999999999976783e+00,1.380602173951685700e+03
3.069999999999943441e+01,-7.414869641553698543e-01,-4.248407361007084404e+01,3.247859469679556521e-01,7.036251718483819104e+02,3.986376523971557617e-01,9.271610975265502930e-01,-4.382004546756197438e-01,6.715578546103370128e-01,1.000000000000000000e+00,1.000000000000000000e+00,1.609999999999976783e+00,1.380602173951685700e+03
3.071999999999943398e+01,-7.078013201770501084e-01,-4.055402837993285203e+01,3.260577990048884600e-01,7.357935205541888308e+02,3.171457052230834961e-01,9.099265336990356445e-01,-4.436528365959664932e-01,6.710741100642115819e-01,1.000000000000000000e+00,1.000000000000000000e+00,1.609999999999976783e+00,1.380602173951685700e+03
3.073999999999943356e+01,-6.726683353626778938e-01,-3.854105662837211099e+01,3.276702423357844562e-01,7.681895064101807975e+02,2.324091941118240356e-01,8.907645344734191895e-01,-4.500597362407144364e-01,6.693934867845190428e-01,1.000000000000000000e+00,1.000000000000000000e+00,1.609999999999976783e+00,1.380602173951685700e+03
3.075999999999943313e+01,-6.360992872633408624e-01,-3.644580451146919131e+01,3.296401541896874510e-01,8.005599947477911655e+02,1.451444923877716064e-01,8.696916103363037109e-01,-4.573909553405622885e-01,6.665016100766767426e-01,1.000000000000000000e+00,1.000000000000000000e+00,1.609999999999976783e+00,1.380602173951685700e+03
3.077999999999943270e+01,-5.981076897246460078e-01,-3.426904631554236857e+01,3.319801692819422945e-01,8.326366850635656647e+02,5.615277960896492004e-02,8.467461466789245605e-01,-4.656079604658072135e-01,6.623851620138380136e-01,1.000000000000000000e+00,1.000000000000000000e+00,1.609999999999976783e+00,1.380602173951685700e+03
3.079999999999943228e+01,-5.587099413947855808e-01,-3.201172161392278070e+01,3.346976118864872785e-01,8.641414453272343508e+02,-3.369636833667755127e-02,8.219898939132690430e-01,-4.746630803953285627e-01,6.570331401502046420e-01,1.000000000000000000e+00,1.000000000000000000e+00,1.609999999999976783e+00,1.380602173951685700e+03
3.081999999999943185e+01,-5.179260467132067447e-01,-2.967497657656226906e+01,3.377935199949891887e-01,8.947923358126231506e+02,-1.234877333045005798e-01,7.955082058906555176e-01,-4.844989448321185277e-01,6.504381655212708724e-01,9.999999999999997780e-01,1.000000000000000000e+00,1.609999999999976783e+00,1.380602173951685700e+03
3.083999999999943142e+01,-4.757803997040834787e-01,-2.726020887809134408e+01,3.412618348095750043e-01,9.243086974071794657e+02,-2.122863084077835083e-01,7.674093246459960938e-01,-4.950482436872818415e-01,6.425977744890418730e-01,1.000000000000000000e+00,1.000000000000000000e+00,1.609999999999976783e+00,1.380602173951685700e+03
3.085999999999943100e+01,-4.323026147068018687e-01,-2.476911529516990029e+01,3.450888341843257878e-01,9.524169744229691332e+02,-2.991678416728973389e-01,7.378216981887817383e-01,-5.062338722036248129e-01,6.335156167315030284e-01,1.000000000000000000e+00,1.000000000000000000e+00,1.609999999999976783e+00,1.380602173951685700e+03
3.087999999999943057e+01,-3.875283817359060912e-01,-2.220374071500207336e+01,3.492528636968244005e-01,9.788546971094618812e+02,-3.832488358020782471e-01,7.068903446197509766e-01,-5.179695039123221045e-01,6.232024775631551661e-01,1.000000000000000000e+00,1.000000000000000000e+00,1.609999999999976783e+00,1.380602173951685700e+03
3.089999999999943014e+01,-3.415003184569966876e-01,-1.956652694995948139e+01,3.537244015830346422e-01,1.003373413954373177e+03,-4.637152254581451416e-01,6.747720241546630859e-01,-5.301605999986858109e-01,6.116770506578961264e-01,1.000000000000000000e+00,1.000000000000000000e+00,1.609999999999976783e+00,1.380602173951685700e+03
3.091999999999942972e+01,-2.942687867748219332e-01,-1.686035952463243248e+01,3.584664651091039600e-01,1.025739830031316160e+03,-5.398463606834411621e-01,6.416291594505310059e-01,-5.427058285428811857e-01,5.989663916693405143e-01,1.000000000000000000e+00,1.000000000000000000e+00,1.609999999999976783e+00,1.380602173951685700e+03
3.093999999999942929e+01,-2.458926393967399981e-01,-1.408861045076547569e+01,3.634353345823617132e-01,1.045734902163489323e+03,-6.110323667526245117e-01,6.076240539550781250e-01,-5.554988294729327203e-01,5.851060068621543042e-01,1.000000000000000000e+00,1.000000000000000000e+00,1.609999999999976783e+00,1.380602173951685700e+03
3.095999999999942887e+01,-1.964398615007403315e-01,-1.125517499212684669e+01,3.685815557399155229e-01,1.063152001388670669e+03,-6.767842769622802734e-01,5.729123950004577637e-01,-5.684302309231338279e-01,5.701395524145967952e-01,1.000000000000000000e+00,1.000000000000000000e+00,1.609999999999976783e+00,1.380602173951685700e+03
3.097999999999942844e+01,-1.459880747047503924e-01,-8.364500539822769198e+00,3.738511574806068216e-01,1.077793755338053188e+03,-7.367355227470397949e-01,5.376376509666442871e-01,-5.813897996228402087e-01,5.541181441582598843e-01,1.000000000000000000e+00,1.000000000000000000e+00,1.609999999999976783e+00,1.380602173951685700e+03
3.099999999999942801e+01,-9.462487443678524457e-02,-5.421605942183147064e+00,3.791870187863936592e-01,1.089468970180777205e+03,-7.906358838081359863e-01,5.019261240959167480e-01,-5.942685959167220977e-01,5.370993080386035068e-01,1.000000000000000000e+00,1.000000000000000000e+00,1.609999999999976783e+00,1.380602173951685700e+03
3.101999999999942759e+01,-4.244797712158687730e-02,-2.432089937934804436e+00,3.845303170957579120e-01,1.097990340819328139e+03,-8.383392095565795898e-01,4.658836126327514648e-01,-6.069610071899913528e-01,5.191456301799221018e-01,1.000000000000000000e+00,1.000000000000000000e+00,1.609999999999976783e+00,1.380602173951685700e+03
3.103999999999942716e+01,1.043483920538612608e-02,5.978722463662706765e-01,3.898219971701996078e-01,1.103173700454125310e+03,-8.797860145568847656e-01,4.295927584171295166e-01,-6.193665466468654124e-01,5.003231815798775406e-01,1.000000000000000000e+00,1.000000000000000000e+00,1.609999999999976783e+00,1.380602173951685700e+03
3.105999999999942673e+01,6.390600968725568265e-02,3.661544640601904543e+00,3.950042053359960059e-01,1.104839410369970665e+03,-9.149835109710693359e-01,3.931124806404113770e-01,-6.313913277553685477e-01,4.806998080772235671e-01,1.000000000000000000e+00,1.000000000000000000e+00,1.609999999999976783e+00,1.380602173951685700e+03
3.107999999999942631e+01,1.178386736479675179e-01,6.751658663448011133e+00,4.000216475345377276e-01,1.102816428093427021e+03,-9.439848065376281738e-01,3.564779460430145264e-01,-6.429491554594238822e-01,4.603433797545297135e-01,1.000000000000000000e+00,1.000000000000000000e+00,1.609999999999976783e+00,1.380602173951685700e+03
3.109999999999942588e+01,1.720973748210634646e-01,9.860453242527936979e+00,4.048228300934318957e-01,1.096948383139452062e+03,-9.668685793876647949e-01,3.197024464607238770e-01,-6.539622064922768763e-01,4.393200933818202092e-01,1.000000000000000000e+00,1.000000000000000000e+00,1.609999999999976783e+00,1.380602173951685700e+03
3.111999999999942546e+01,2.265389565820274953e-01,1.297972610744757738e+01,4.093611575498500299e-01,1.087102047735896804e+03,-9.837213158607482910e-01,2.827795743942260742e-01,-6.643613028869707060e-01,4.176929130348296382e-01,1.000000000000000000e+00,1.000000000000000000e+00,1.609999999999976783e+00,1.380602173951685700e+03
3.113999999999942503e+01,2.810136314250422096e-01,1.610089506629979894e+01,4.135958604896791124e-01,1.073176686033669057e+03,-9.946221113204956055e-01,2.456864416599273682e-01,-6.740858095341408784e-01,3.955202174083173872e-01,1.000000000000000000e+00,1.000000000000000000e+00,1.609999999999976783e+00,1.380602173951685700e+03
3.115999999999942460e+01,3.353661989480323236e-01,1.921506779106696072e+01,4.174927381356606237e-01,1.055114080214982323e+03,-9.996314048767089844e-01,2.083871960639953613e-01,-6.830832077617573495e-01,3.728547078162534056e-01,1.000000000000000000e+00,1.000000000000000000e+00,1.609999999999976783e+00,1.380602173951685700e+03
3.117999999999942418e+01,3.894373830157382699e-01,2.231311843142152895e+01,4.210247029214802539e-01,1.032907738426002197e+03,-9.987829923629760742e-01,1.708369553089141846e-01,-6.913084110322381681e-01,3.497426128219432440e-01,9.999999999999997780e-01,1.000000000000000000e+00,1.609999999999976783e+00,1.380602173951685700e+03
3.119999999999942375e+01,4.430652570201214502e-01,2.538576927613202727e+01,4.241721269325001709e-01,1.006611182079288028e+03,-9.920803904533386230e-01,1.329857856035232544e-01,-6.987228976764808808e-01,3.262232088718802214e-01,1.000000000000000000e+00,1.000000000000000000e+00,1.609999999999976783e+00,1.380602173951685700e+03
3.121999999999942332e+01,4.960867261120092131e-01,2.842367567868053868e+01,4.269229948011734055e-01,9.763441316021588818e+02,-9.794965982437133789e-01,9.478260576725006104e-02,-7.052937389924169853e-01,3.023286591025204362e-01,1.000000000000000000e+00,1.000000000000000000e+00,1.609999999999976783e+00,1.380602173951685700e+03
3.123999999999942290e+01,5.483390369681067078e-01,3.141751256054054053e+01,4.292728755879918201e-01,9.422964801067366807e+02,-9.609775543212890625e-01,5.617910996079444885e-02,-7.109925991009742319e-01,2.780841607480125099e-01,1.000000000000000000e+00,1.000000000000000000e+00,1.609999999999976783e+00,1.380602173951685700e+03
3.125999999999942247e+01,5.996612888720971313e-01,3.435806098974644129e+01,4.312247297891561026e-01,9.047296632190794980e+02,-9.364486932754516602e-01,1.713365502655506134e-02,-7.157947781173017443e-01,2.535083843582675023e-01,1.000000000000000000e+00,1.000000000000000000e+00,1.609999999999976783e+00,1.380602173951685700e+03
3.127999999999942204e+01,6.498959235653130051e-01,3.723629354304917882e+01,4.327885718154479422e-01,8.639758171005349823e+02,-9.058248996734619141e-01,-2.238535508513450623e-02,-7.196783639170845071e-01,2.286141774350870792e-01,1.000000000000000000e+00,1.000000000000000000e+00,1.609999999999976783e+00,1.380602173951685700e+03
3.129999999999942162e+01,6.988901757410133087e-01,4.004345741311645668e+01,4.339810030155207277e-01,8.204344529708455411e+02,-8.690230846405029297e-01,-6.239588186144828796e-02,-7.226235498481686781e-01,2.034095025280530378e-01,1.000000000000000000e+00,1.000000000000000000e+00,1.609999999999976783e+00,1.380602173951685700e+03
3.131999999999942119e+01,7.464974702381277361e-01,4.277115446183749725e+01,4.348246282327998813e-01,7.745673444622194665e+02,-8.259776830673217773e-01,-1.028989776968955994e-01,-7.246121673722901724e-01,1.778985803456129278e-01,1.000000000000000000e+00,1.000000000000000000e+00,1.609999999999976783e+00,1.380602173951685700e+03
3.133999999999942077e+01,7.925787544779931970e-01,4.541141756332450541e+01,4.353473609508772268e-01,7.268914731017953272e+02,-7.766580581665039062e-01,-1.438760608434677124e-01,-7.256274730971680187e-01,1.520832013083789347e-01,1.000000000000000000e+00,1.000000000000000000e+00,1.609999999999976783e+00,1.380602173951685700e+03
3.135999999999942034e+01,8.370037567529933220e-01,4.795678269854109743e+01,4.355816142047699846e-01,6.779707926490526688e+02,-7.210883498191833496e-01,-1.852857917547225952e-01,-7.256542209038133739e-01,1.259641744850722167e-01,1.000000000000000000e+00,1.000000000000000000e+00,1.609999999999976783e+00,1.380602173951685700e+03
3.137999999999941991e+01,8.796521600943552066e-01,5.040035621297276691e+01,4.355633706353559953e-01,6.284061080162423423e+02,-6.593675017356872559e-01,-2.270622104406356812e-01,-7.246790374900646814e-01,9.954287738825935705e-02,1.000000000000000000e+00,1.000000000000000000e+00,1.609999999999976783e+00,1.380602173951685700e+03
3.139999999999941949e+01,9.204146785712024048e-01,5.273587648402015304e+01,4.353311222928314961e-01,5.788239485850164101e+02,-5.916900038719177246e-01,-2.691129148006439209e-01,-7.226911063147190006e-01,7.282286479441862914e-02,9.999999999999997780e-01,1.000000000000000000e+00,1.609999999999976783e+00,1.380602173951685700e+03
3.141999999999941906e+01,9.591940189087622137e-01,5.495776901766375744e+01,4.349246766301478884e-01,5.298636845589672930e+02,-5.183649063110351562e-01,-3.113180696964263916e-01,-7.196831497687036228e-01,4.581149597584722316e-02,1.000000000000000222e+00,1.000000000000000000e+00,1.609999999999976783e+00,1.380602173951685700e+03
3.143999999999941863e+01,9.959057032771054807e-01,5.706119359078622466e+01,4.343838396353886244e-01,4.821627476096379610e+02,-4.398312568664550781e-01,-3.535310328006744385e-01,-7.156526773487554838e-01,1.852152376657792074e-02,1.000000000000000222e+00,1.000000000000000000e+00,1.609999999999976783e+00,1.380602173951685700e+03
3.145999999999941821e+01,1.030478723322161727e+00,5.904208172438914204e+01,4.337470051025166251e-01,4.363405987935542498e+02,-3.566692173480987549e-01,-3.955793082714080811e-01,-7.106034466431800922e-01,-9.027412585815328822e-03,1.000000000000000222e+00,1.000000000000000000e+00,1.609999999999976783e+00,1.380602173951685700e+03
3.147999999999941778e+01,1.062855989462976325e+00,6.089716242642963806e+01,4.330497123933648163e-01,3.929801411222064189e+02,-2.696023285388946533e-01,-4.372679889202117920e-01,-7.045470557423505475e-01,-3.680746057531817522e-02,1.000000000000000000e+00,1.000000000000000000e+00,1.609999999999976783e+00,1.380602173951685700e+03
3.149999999999941735e+01,1.092994535239244058e+00,6.262397390007161135e+01,4.323232626437814585e-01,3.526080997131177241e+02,-1.794904768466949463e-01,-4.783847033977508545e-01,-6.975045559320229849e-01,-6.478148010255076195e-02,1.000000000000000000e+00,1.000000000000000000e+00,1.609999999999976783e+00,1.380602173951685700e+03
3.151999999999941693e+01,1.120865438937123759e+00,6.422085905317568688e+01,4.315935074336009758e-01,3.156757401366181739e+02,-8.731306344270706177e-02,-5.187057256698608398e-01,-6.895079545039255464e-01,-9.290230175037358928e-02,1.000000000000000222e+00,1.000000000000000000e+00,1.609999999999976783e+00,1.380602173951685700e+03
3.153999999999941650e+01,1.146453430974715637e+00,6.568694300314405154e+01,4.308799444768717790e-01,2.825396559597046462e+02,5.860798992216587067e-03,-5.580043792724609375e-01,-6.806014579676330500e-01,-1.211124010590491490e-01,1.000000000000000000e+00,1.000000000000000000e+00,1.609999999999976783e+00,1.380602173951685700e+03
3.155999999999941608e+01,1.169756169315204986e+00,6.702209156115178246e+01,4.301952360880862969e-01,2.534470168105865753e+02,9.891013056039810181e-02,-5.960596203804016113e-01,-6.708423043639147876e-01,-1.493440578565299048e-01,1.000000000000000000e+00,1.000000000000000000e+00,1.609999999999976783e+00,1.380602173951685700e+03
3.157999999999941565e+01,1.190783185124785870e+00,6.822685082279562607e+01,4.295452420652172143e-01,2.285252386116549985e+02,1.907084733247756958e-01,-6.326656937599182129e-01,-6.603010489787751736e-01,-1.775200460747082820e-01,1.000000000000000000e+00,1.000000000000000000e+00,1.609999999999976783e+00,1.380602173951685700e+03
3.159999999999941522e+01,1.209554525243822898e+00,6.930236938742103803e+01,4.289295880556079354e-01,2.077800145327984467e+02,2.801716327667236328e-01,-6.676405668258666992e-01,-6.490612033769430633e-01,-2.055548636030617438e-01,1.000000000000000000e+00,1.000000000000000000e+00,1.609999999999976783e+00,1.380602173951685700e+03
3.161999999999941480e+01,1.226099143471605313e+00,7.025030618552818851e+01,4.283427262031345717e-01,1.911011397750691856e+02,3.663043677806854248e-01,-7.008337974548339844e-01,-6.372181815125563809e-01,-2.333564707749117284e-01,1.000000000000000000e+00,1.000000000000000000e+00,1.609999999999976783e+00,1.380602173951685700e+03
3.163999999999941437e+01,1.240453116248152909e+00,7.107272824487004925e+01,4.277753550192016085e-01,1.782783514932448270e+02,4.482378959655761719e-01,-7.321310043334960938e-01,-6.248775756754643140e-01,-2.608284519697191550e-01,1.000000000000000000e+00,1.000000000000000000e+00,1.609999999999976783e+00,1.380602173951685700e+03
3.165999999999941394e+01,1.252657773777790418e+00,7.177200361172083376e+01,4.272160311577706815e-01,1.690230293133130317e+02,5.252585411071777344e-01,-7.614571452140808105e-01,-6.121528513610466904e-01,-2.878724780114166326e-01,1.000000000000000000e+00,1.000000000000000000e+00,1.609999999999976783e+00,1.380602173951685700e+03
3.167999999999941352e+01,1.262757843901534116e+00,7.235069500259751862e+01,4.266527596329087180e-01,1.629965344772686819e+02,5.968205928802490234e-01,-7.887759208679199219e-01,-5.991626120598972927e-01,-3.143909171657801038e-01,1.000000000000000000e+00,1.000000000000000000e+00,1.609999999999976783e+00,1.380602173951685700e+03
3.169999999999941309e+01,1.270799702156714339e+00,7.281145954006179011e+01,4.260743849961496910e-01,1.598393522258679411e+02,6.625469326972961426e-01,-8.140871524810791016e-01,-5.860276292003859799e-01,-3.402894213854031902e-01,1.000000000000000000e+00,1.000000000000000000e+00,1.609999999999976783e+00,1.380602173951685700e+03
3.171999999999941267e+01,1.276829806284186297e+00,7.315695905659035247e+01,4.254716454989940222e-01,1.591992441740204072e+02,7.222167849540710449e-01,-8.374221920967102051e-01,-5.728678481419665625e-01,-3.654793265329631113e-01,1.000000000000000000e+00,1.000000000000000000e+00,1.609999999999976783e+00,1.380602173951685700e+03
3.173999999999941224e+01,1.280893372588579826e+00,7.338978425560367214e+01,4.248378241306519643e-01,1.607550665295017041e+02,7.757444977760314941e-01,-8.588373661041259766e-01,-5.597995744352549652e-01,-3.898797193512806292e-01,1.000000000000000000e+00,1.000000000000000000e+00,1.609999999999976783e+00,1.380602173951685700e+03
3.175999999999941181e+01,1.283033326342999825e+00,7.351239457408512123e+01,4.241690055418543270e-01,1.642340934170867399e+02,8.231530189514160156e-01,-8.784074187278747559e-01,-5.469330116572510558e-01,-4.134190623232963935e-01,1.000000000000000000e+00,1.000000000000000000e+00,1.609999999999976783e+00,1.380602173951685700e+03
3.177999999999941139e+01,1.283289534039690150e+00,7.352707419378424447e+01,4.234639988765183105e-01,1.694227015632029065e+02,8.645448088645935059e-01,-8.962185978889465332e-01,-5.343702761969814086e-01,-4.360363135933819634e-01,1.000000000000000000e+00,1.000000000000000000e+00,1.609999999999976783e+00,1.380602173951685700e+03
3.179999999999941096e+01,1.281698305586457476e+00,7.343590351917288217e+01,4.227240249051213983e-01,1.761701473079820630e+02,9.000738263130187988e-01,-9.123623967170715332e-01,-5.222039609495154888e-01,-4.576815206295377081e-01,1.000000000000000000e+00,1.000000000000000000e+00,1.609999999999976783e+00,1.380602173951685700e+03
3.181999999999941053e+01,1.278292143667979275e+00,7.324074481690588811e+01,4.219522674521760663e-01,1.843883423532010113e+02,9.299203753471374512e-01,-9.269300103187561035e-01,-5.105162664641400561e-01,-4.783159064387947357e-01,1.000000000000000000e+00,1.000000000000000000e+00,1.609999999999976783e+00,1.380602173951685700e+03
3.183999999999941011e+01,1.273099701086455759e+00,7.294323977162058270e+01,4.211533855638491808e-01,1.940451519002123462e+02,9.542698860168457031e-01,-9.400075674057006836e-01,-4.993786735909597208e-01,-4.979114948027575371e-01,1.000000000000000000e+00,1.000000000000000000e+00,1.609999999999976783e+00,1.380602173951685700e+03
3.185999999999940968e+01,1.266145885016044303e+00,7.254481545927575326e+01,4.203330929669957805e-01,2.051541603567438301e+02,9.732967615127563477e-01,-9.516732096672058105e-01,-4.888520963406864372e-01,-5.164503518108504165e-01,1.000000000000000000e+00,1.000000000000000000e+00,1.609999999999976783e+00,1.380602173951685700e+03
3.187999999999940925e+01,1.257452069312408049e+00,7.204669651159284172e+01,4.194978485305581040e-01,2.177643320258969197e+02,9.871528744697570801e-01,-9.619942307472229004e-01,-4.789874302442382326e-01,-5.339235286661621060e-01,1.000000000000000000e+00,1.000000000000000000e+00,1.609999999999976783e+00,1.380602173951685700e+03
3.189999999999940883e+01,1.247036381768301450e+00,7.144992157458855786e+01,4.186546742837288226e-01,2.319493184619421982e+02,9.959598779678344727e-01,-9.710258245468139648e-01,-4.698264022566314146e-01,-5.503297929201117489e-01,1.000000000000000000e+00,1.000000000000000000e+00,1.609999999999976783e+00,1.380602173951685700e+03
3.191999999999940840e+01,1.234914035978880609e+00,7.075536232305655915e+01,4.178110972751151730e-01,2.477977066686954970e+02,9.998047947883605957e-01,-9.788098931312561035e-01,-4.614026290261718510e-01,-5.656742315173441948e-01,1.000000000000000000e+00,1.000000000000000000e+00,1.609999999999976783e+00,1.380602173951685700e+03
3.193999999999940798e+01,1.221097683649377874e+00,6.996374364631030573e+01,4.169752028877674044e-01,2.654040416122974193e+02,9.987388849258422852e-01,-9.853748679161071777e-01,-4.537427953718484730e-01,-5.799667988241034022e-01,1.000000000000000000e+00,1.000000000000000000e+00,1.609999999999976783e+00,1.380602173951685700e+03
3.195999999999940755e+01,1.205597769207364500e+00,6.907566396596907055e+01,4.161557759581590021e-01,2.848612874361038507e+02,9.927789568901062012e-01,-9.907355904579162598e-01,-4.468678736337478030e-01,-5.932208721058213063e-01,1.000000000000000000e+00,1.000000000000000000e+00,1.609999999999976783e+00,1.380602173951685700e+03
3.197999999999940712e+01,1.188422874164112741e+00,6.809161496641058875e+01,4.153625045187249176e-01,3.062548008183702564e+02,9.819101691246032715e-01,-9.948936700820922852e-01,-4.407943182455852926e-01,-6.054518625699983891e-01,1.000000000000000000e+00,1.000000000000000000e+00,1.609999999999976783e+00,1.380602173951685700e+03
3.199999999999940670e+01,1.169580043125250324e+00,6.701200027380565416e+01,4.146062235651159500e-01,3.296572793215377715e+02,9.660909175872802734e-01,-9.978380203247070312e-01,-4.355351819400726243e-01,-6.166759197138660387e-01,1.000000000000000000e+00,1.000000000000000000e+00,1.609999999999976783e+00,1.380602173951685700e+03
