seed,update,environment_steps,elapsed_seconds,mean_step_reward,mean_episode_return,episodes_completed,minimum_tension,mean_command_speed,approximate_kl,clip_fraction,entropy,gradient_norm,loss,policy_loss,value_loss
0,1,2048,6.796449749963358,-0.00615794041017704,nan,0,-177.56228650847657,0.4777931073358471,0.013006181904531813,0.2001953125,1.202625323876881,0.8045046710851248,-0.004529642384344017,-0.0192988370684224,0.031943640015910525
0,2,4096,6.845134082948789,-0.004673988037178717,nan,0,-170.22751385663267,0.48146369682489243,0.009175406944481879,0.1395263671875,1.2128642047653462,0.9298286559914599,0.0020522323353200575,-0.015438971637167679,0.03740813635450616
0,3,6144,6.894378833007067,-0.0060640214829574155,nan,0,-152.7337552841993,0.46837194515860214,0.008681490567739328,0.130859375,1.1840684354547308,1.0395852294137926,-0.0013100958260462339,-0.013394999967586868,0.026537945153990723
0,4,8192,6.943318875040859,-0.0055990018188877486,nan,0,-187.23692279474344,0.4909805116149356,0.009771794887553288,0.14013671875,1.1815185471007346,1.0239362313720273,0.003907463647037201,-0.01181145664229212,0.03380087767286011
0,5,10240,6.991650624899194,-0.0050419907859748335,nan,0,-189.2625383738552,0.46565823646411286,0.011941995942897413,0.1729736328125,1.13398599752179,0.9992985274774739,-0.003096386127234771,-0.018307857812404592,0.032690915365383225
0,6,12288,7.040274000028148,-0.0038508242112701794,nan,0,-182.53196259778977,0.4710905678668926,0.010487851131266959,0.1552734375,1.069131092221318,1.0989996533734454,-0.0015254183165035193,-0.016107306172731605,0.03130203789689881
0,7,14336,7.088713125092909,-0.0020139658441327936,-8.505477465309054,8,-197.09388199639838,0.5095755295631683,0.01116419328548357,0.1663818359375,1.018871983570663,1.0331222035568597,-0.0021271954103641447,-0.01787451083802345,0.03353237482245993
0,8,16384,7.139848999911919,-0.004744100252503663,nan,0,-192.21587765898286,0.44498643287804734,0.009416782212307963,0.1361083984375,0.9686858382204686,1.0338973113257075,-0.0013660709317337002,-0.014657295005445211,0.028519819823863965
0,9,18432,7.188266874989495,-0.005183497017782656,nan,0,-190.39483481614386,0.47305811882089877,0.009919061641896688,0.1431884765625,0.877363909256523,1.0863688102791202,-0.004124198942283811,-0.014817102810886792,0.02314053555571901
0,10,20480,7.236559791024774,-0.005760017898586618,nan,0,-186.33584744350838,0.4389546745478096,0.01053875774932735,0.16650390625,0.7990698775224881,1.016675337012647,-0.009545714593818208,-0.01747003631979716,0.01744678320700288
0,11,22528,7.285059916088358,-0.005182859678647757,nan,0,-193.5822010260237,0.45317114409198567,0.008477496121172151,0.1259765625,0.6587353548922313,1.1760707575759866,-0.004306930067047898,-0.012369346133416437,0.017442302842521545
0,12,24576,7.333701082970947,-0.005804361208971555,nan,0,-185.75350447927568,0.4586649640603454,0.011475495086802706,0.166259765625,0.5857791481205904,1.2475406983467403,-0.010922645410586445,-0.017457790968586247,0.014241849412240784
0,13,26624,7.382840333040804,0.002969175970263633,-7.406904528272509,8,-205.25671871039162,0.4979712053264346,0.0072294145855562545,0.101318359375,0.47973588952747187,0.992602519039777,0.009377557619968111,-0.007371268916536811,0.034457124852064785
0,14,28672,7.43074637488462,-0.005916594190053458,nan,0,-184.95509398046508,0.4449440111574805,0.008503004061802528,0.12646484375,0.36497795155056967,1.097753212043564,-0.008252944506670832,-0.013399770912563167,0.011023608714885811
0,15,30720,7.479027875000611,-0.005268881951480183,nan,0,-181.07320516036506,0.4412218718480655,0.008591869003227304,0.119384765625,0.2690315231773881,1.2652283526586734,-0.007977131011172534,-0.012723938638951063,0.010031678301911828
0,16,32768,7.528174333041534,-0.005516407980683088,nan,0,-196.2197678793007,0.4605337120678148,0.009086831964603269,0.12939453125,0.14541171410950177,1.001059194922816,-0.008395300325847573,-0.011958899415767481,0.007418021608058818
0,17,34816,7.576726207975298,-0.005547917098651985,nan,0,-192.0934162370388,0.4444119554088113,0.009054888495895197,0.1282958984375,-0.027043194562172787,1.6648244056437922,-0.009304882614092073,-0.012261693009808585,0.00585953440230868
0,18,36864,7.6252598750870675,-0.005766186574195247,nan,0,-178.29465395278172,0.45382437805277814,0.011628909744303402,0.1732177734375,-0.11421297783044407,1.2574052810876495,-0.013434669108331576,-0.016259506227452102,0.005421248282580169
0,19,38912,7.672995165921748,0.00419856606247787,-6.948359115709609,8,-185.71887388224766,0.46414977405780106,0.005863745808513836,0.078857421875,-0.27920548073721263,1.0161992703528495,0.013916887138022735,-0.004596921921513163,0.03646920715759737
0,20,40960,7.72268783301115,-0.005558016925695762,nan,0,-204.38791301545294,0.4664223430399901,0.008756724119298518,0.1259765625,-0.3592275441584126,1.3336611156587108,-0.006924584013102706,-0.010351559278875926,0.006135495443229619
0,21,43008,7.770073208026588,-0.0054705370593359295,nan,0,-139.80855951760043,0.43849368425409924,0.009519362015245399,0.126708984375,-0.5169047366838333,1.4670812859650681,-0.009198109560850602,-0.011560354627729965,0.0036906806603910613
0,22,45056,7.819818000076339,-0.005831435084040242,nan,0,-176.60498798422415,0.4438781950905471,0.008171708440131334,0.1201171875,-0.705193038630312,1.1103883070784484,-0.011443591234227862,-0.013458417128701116,0.0026192657116858808
0,23,47104,7.8692940410692245,-0.005855797276331498,nan,0,31.135456601234342,0.4855965915087668,0.007775397975643725,0.107421875,-0.7703876001741021,1.3390958546290492,-0.007657162544877481,-0.010030860367121627,0.003206620444140088
0,24,49152,7.916300999931991,-0.005572429974044078,nan,0,-9.528953220417876,0.4598205533627011,0.008661414775498658,0.1307373046875,-0.9588161964355129,1.5652283640626399,-0.007211057422403111,-0.009490472611290428,0.0026411979849036123
0,25,51200,7.9680255830753595,-0.005982324348911298,-6.629269790613405,8,12.969703155281087,0.4427237596200241,0.00716326916625715,0.0968017578125,-1.0826431876098663,1.3656019272842133,-0.006358624817938953,-0.008400581660829555,0.0019186273105614774
0,26,53248,12.68787729088217,0.005245007221197617,nan,0,-5.793380723558164,0.44537364788637923,0.006317235963931079,0.0831298828125,-1.1719904297068617,0.9375143858091959,0.01837034766579361,-0.0027506040317045923,0.03989792253558268
0,27,55296,12.736865333048627,-0.005788797629264796,nan,0,53.25844568770314,0.43920804506688094,0.006516707076248035,0.088623046875,-1.3162361520143269,1.2074427567753343,-0.005665758038935325,-0.007872531449419934,0.0017810745169405653
0,28,57344,12.785702791064978,-0.005750885232031867,nan,0,112.81132604138902,0.4234590416412086,0.007603185532995915,0.10546875,-1.4129969201664743,1.2958771061573728,-0.0058169296397881385,-0.00788879688216849,0.0013177406444277494
0,29,59392,12.833493208047003,-0.005932977656727553,nan,0,184.27170276458477,0.44433300762565164,0.006427171860182425,0.0830078125,-1.5730812010091704,1.1894800480692398,-0.004614259724526789,-0.00674529295240431,0.0011159040537366944
0,30,61440,12.881687124958262,-0.005644725169340217,nan,0,164.5159299357604,0.4517795677629955,0.005796621799191343,0.071044921875,-1.6291555266532503,1.122041110917034,-0.00402152984607828,-0.0062687504636283874,0.0012361301817937155
0,31,63488,12.9302287499886,-0.005896670011408466,nan,0,235.3618175808339,0.447082507470997,0.006489650637751576,0.08349609375,-1.762381363094299,1.374337342785727,-0.003306593379716562,-0.005600679692210472,0.0010634098987992216
0,32,65536,12.978925582952797,0.005797121556800847,-6.429541842272208,8,209.67941452065048,0.45506706909188344,0.005000097796815631,0.0458984375,-1.8756099122283247,1.0139260538232397,0.02019097422566403,-0.0020515961619815325,0.04073392095083448
0,33,67584,13.028247790876776,-0.005814768312176166,nan,0,248.45845547235322,0.4413526330493365,0.005468518771544714,0.0693359375,-1.9832904541675844,0.9675472202244075,-0.0027082827835365206,-0.005325848939650657,0.001268551403893105
0,34,69632,13.077108666067943,-0.005955174294711499,nan,0,177.32260939098774,0.44278871500841194,0.0053128537650183535,0.0599365234375,-2.0306943483020437,1.0125870253713565,-0.0008018587686832966,-0.0033131065649576776,0.0009611068959446724
0,35,71680,13.125347583089024,-0.005811694688366206,nan,0,266.23995570133405,0.41173714084005164,0.005733545514189199,0.0692138671875,-2.123067255489353,1.22158976727493,-0.0027703975660927247,-0.0052834243323764424,0.0007799190215887319
0,36,73728,13.173687916016206,-0.005667337085091293,nan,0,368.3283077306606,0.4288484788371791,0.003215913117411405,0.031982421875,-2.248548114798086,1.265756988152448,0.0014118555976343331,-0.0012865039448314453,0.0008996228553353844
0,37,75776,13.223122874973342,-0.005846458288048582,nan,0,259.12948114794415,0.3987583691139706,0.006059491262929898,0.0740966796875,-2.3312572114299415,1.1649224503905944,-0.002803936140644643,-0.005420530693040683,0.0005706746819321984
0,38,77824,13.273237958084792,0.0057981772394344626,-6.35523703530958,8,311.16918438360926,0.4685699469177027,0.0046957671602549786,0.0482177734375,-2.4184832941105365,1.1447548380110475,0.020979995703812825,-0.0017675184422570496,0.040658061703918676
0,39,79872,13.322387957945466,-0.005656667016293189,nan,0,320.9155854025822,0.4096641132240376,0.00781526935184512,0.1121826171875,-2.5345862789018696,1.2204935428752681,-0.0050983893887696086,-0.00804005291257606,0.0008141544898091697
0,40,81920,13.370545540936291,-0.0058247649421757,nan,0,207.43641380732186,0.4212802638334322,0.0023533896668800408,0.0123291015625,-2.5105599933067233,0.9976736903180697,0.0016674040937270955,-0.001272969741028402,0.0008596276828975381
0,41,83968,13.419240790884942,-0.005853434499669017,nan,0,398.9410775678795,0.4306939778915797,0.006092607466026523,0.080810546875,-2.5796459219598478,1.3683163573337218,-0.0035096963416308634,-0.0064772442537676545,0.0007758039803538875
0,42,86016,13.468605125090107,-0.005806854484545645,nan,0,306.4928790709234,0.4102285407391816,0.0034055951253182315,0.021728515625,-2.5609826467699883,1.1914580259362766,0.0014731076314510594,-0.0013960685954337096,0.0006163871602295599
0,43,88064,13.517143958015367,-0.005913707965323634,nan,0,390.3627560880251,0.43053866012106046,0.0033149830495387504,0.03076171875,-2.6620170157051746,1.1384238796949915,0.002380784286240156,-0.0007172104976503994,0.000871955536370762
0,44,90112,13.5661139159929,0.005893036746902561,-6.341611243599533,8,287.1640467332291,0.461840676233035,0.0035277980600130973,0.0284423828125,-2.7339462118356748,1.0503216211748354,0.021887387242886167,-0.0006431212011829947,0.03959312446446697
0,45,92160,13.614600958069786,-0.005853536410319913,nan,0,291.05846741636435,0.4153772206711356,0.0057281866788804064,0.0692138671875,-2.7033184114528277,1.2281797333613609,-0.0014313133273937207,-0.004514836014713206,0.0007604085517333178
0,46,94208,13.66488437494263,-0.005787889360586421,nan,0,372.6890049524983,0.4178374549113995,0.004689631136172467,0.0579833984375,-2.8838336559970283,1.1935004962234173,1.8105951716821918e-05,-0.0032472886057331746,0.0007631218029059341
0,47,96256,13.713961000088602,-0.005826381723955566,nan,0,373.6182096416085,0.4046659208398684,0.0033254574614836625,0.0281982421875,-2.8516068521040454,1.1584829956864222,0.003177641542128334,5.977229427318637e-05,0.0005325247915022033
0,48,98304,13.762966540874913,-0.0057694095690573495,nan,0,408.14072378030437,0.4059645686285771,0.005434269156754704,0.0677490234375,-2.9574643988140483,1.3079563504180927,-0.00011211320270233544,-0.003340840474846056,0.0005425257466593448
0,49,100352,13.815872458042577,-0.005876470694387495,nan,0,390.5192407228095,0.4656784272436473,0.006431122825642769,0.0811767578125,-3.009537630242722,1.3078759958338035,0.0004898309140592659,-0.002953923098483255,0.0008684327645995911
0,50,102400,18.593893625074998,-0.005962291838817606,-6.347543730457131,8,419.6948545714735,0.44112447227029244,0.0034615851662118183,0.0303955078125,-3.082547022459651,0.9840081553783524,0.0021308528299096487,-0.0013622150277942421,0.0008210416704884794
0,51,104448,18.643442166037858,0.006004711956526959,nan,0,373.2279322032887,0.4465277008550379,0.00439702828603713,0.042236328125,-3.2022013765974036,0.9487393171072146,0.022689076239104187,0.0002797554678577764,0.03841423878929801
0,52,106496,18.693613207899034,-0.005877740691161104,nan,0,405.45230580169255,0.44073213899395297,0.002353063207637663,0.01513671875,-3.33266968139876,1.0534916527097127,0.002983516781168853,-0.0008716951029591555,0.001045084405458503
0,53,108544,18.743322999915108,-0.005833619184329255,nan,0,367.70921157680345,0.41892437090960194,0.0059778846172980895,0.0775146484375,-3.314801595991442,1.169960978058324,-0.0010497135738105068,-0.0047501158194651685,0.0007712012993264412
0,54,110592,18.793759624939412,-0.00587504596766973,nan,0,434.15553214482736,0.4254166805487278,0.0028688053530129456,0.023681640625,-3.4756543919363994,1.0946096717656415,0.00314365419447228,-0.0006780332844846561,0.0006920661740410764
0,55,112640,18.843225416028872,-0.005852294075142985,nan,0,398.0534900379697,0.43348007320737497,0.003589726466014892,0.03515625,-3.433863782555763,1.1225461998504582,0.0018887657352285652,-0.001867771304632928,0.0006453465146114638
0,56,114688,18.89121341588907,-0.005771355660298957,nan,0,430.94801468708306,0.39344911527084214,0.0039958565616837385,0.0380859375,-3.472122314885644,1.138182673867103,0.001214975350344677,-0.002508426848546767,0.0005025597680115984
0,57,116736,18.94093291601166,0.006069828970440869,-6.316808612460521,8,364.9050660030257,0.44230076396888834,0.004680586395996089,0.0567626953125,-3.5081914912598213,1.047001787370347,0.019089869205188546,-0.002555291400721053,0.03627393822929956
0,58,118784,18.99070220789872,-0.005907210305687387,nan,0,419.9516633239569,0.4177542200927243,0.0027216750269657922,0.01904296875,-3.5636181077350444,0.970946375613746,0.0034876160272733904,-0.0004839891563523588,0.0008159741517814133
0,59,120832,19.039849374908954,-0.005804954601744544,nan,0,405.81467169870604,0.4117449687719644,0.003568157432075264,0.0291748046875,-3.564784558307468,1.159441406648738,0.0022843025304145597,-0.001674193978080482,0.0007874239003751517
0,60,122880,19.0896687079221,-0.005795134232538815,nan,0,445.73522996883116,0.434612610848064,0.003076294076971459,0.028564453125,-3.6218866756123775,1.029090335598677,0.002843193918735174,-0.0011386708258558469,0.0007199561379572907
0,61,124928,19.13925995794125,-0.005855529564713219,nan,0,428.5875186275869,0.4151774405539358,0.005604862201238477,0.0740966796875,-3.6774768012830084,1.2641866990914574,-0.0015240928307971415,-0.005492197873234177,0.000581256482308058
0,62,126976,19.18950445810333,-0.005829645231341907,nan,0,441.9165709137988,0.4009544420411013,0.0024395152317190968,0.0120849609375,-3.635557160051266,1.1216800119144357,0.00360611944902797,-0.0002728457410684508,0.0004868160600903088
0,63,129024,19.23862141603604,0.006025856433694971,-6.292524350570406,8,380.3292541552361,0.42726548614702275,0.0037004402817332675,0.04150390625,-3.652789052940852,1.242488820218642,0.020135564000279833,-0.0009278506911895986,0.03482125127705715
0,64,131072,19.296113583026454,-0.005800179478282641,nan,0,440.82388814076165,0.40648348261003475,0.004005357183248624,0.04296875,-3.6760049680285345,1.3290453745230524,0.0025074166434273055,-0.0016741650848772353,0.001011153520552011
0,65,133120,19.345914375036955,-0.00575620639854473,nan,0,449.5692389983226,0.4151023832810963,0.002494623799810064,0.0135498046875,-3.7609889578834435,1.1050812807924704,0.0034124090015645774,-0.0006684868507951741,0.0006398137889526152
0,66,135168,19.39603995787911,-0.0058233422471963775,nan,0,452.53419263980277,0.40228156977246265,0.00033934632694724524,0.0,-3.7492930486157534,1.0656548468840532,0.004501073371829633,0.0005049096528202766,0.0004937413407872094
0,67,137216,19.446173999924213,-0.005839609670906869,nan,0,443.4677052986836,0.3940762189891713,0.0035999719981354497,0.0382080078125,-3.811651059029578,1.255359179438076,0.0028524912532068496,-0.0012160250054443385,0.0005137303992432203
0,68,139264,19.49579633306712,-0.005708226170195598,nan,0,427.85314718287435,0.4184062514279835,0.002984183169027571,0.0211181640625,-3.8791064662416677,1.3095028887950981,0.0038994962070762673,-0.0003090841405029533,0.0006589477626751096
0,69,141312,19.545616040937603,0.006079552829937703,-6.23782591483245,8,371.5963100282488,0.4050187004241168,0.003537711806998046,0.032958984375,-3.867544436704715,1.0170328596249012,0.02045627579930962,-1.1522920264440961e-05,0.03320050856573869
0,70,143360,19.597828208003193,-0.005789921505495732,nan,0,446.7894407383454,0.39543113001709396,0.0007515407336921801,0.00048828125,-3.865968822241756,1.155570814494928,0.004488789527275738,0.0003383622420162595,0.0005689169260354415
0,71,145408,19.64760324987583,-0.005815854850832349,nan,0,444.19367761880216,0.4058745819243289,0.0032623963929183735,0.030029296875,-3.9535966182685987,1.2012505989801683,0.0029006573796717117,-0.0013921852939294578,0.0006784921106651455
0,72,147456,19.698949957964942,-0.00573852532414023,nan,0,429.30109069560626,0.41477040089206924,0.0028792544248542147,0.0252685546875,-3.993888092907956,1.1241436869897576,0.0040902706312737685,-0.00022964532693549116,0.0006520557306026059
0,73,149504,19.753251832909882,-0.005763750066388406,nan,0,432.4076554862034,0.38422225057824744,0.0028240206411799564,0.0233154296875,-4.017515404234368,1.0697077055972446,0.003825164251388552,-0.00043941786611256415,0.0004941334265334906
0,74,151552,19.804125583032146,-0.0058181612432796305,nan,0,442.1573868563044,0.4108016738385383,0.004304096489410155,0.05029296875,-3.9638942296969146,1.3163462843536693,0.0028556616145145684,-0.0014377919816143218,0.0006591187328639546
0,75,153600,24.579829541034997,-0.005913903791338602,-6.238347700217533,8,444.8001576338012,0.43798691575802784,0.0037292489532785977,0.0340576171875,-3.8692487311752983,1.501304338181905,0.0029874426716916323,-0.0011866248704141998,0.0006096376218610693
0,76,155648,24.62924241600558,0.006014322644724594,nan,0,372.4433397277493,0.441715527569164,0.0016393611114518928,0.006591796875,-3.9861284593368627,1.221245906780742,0.021574464942516195,0.0005417142310041845,0.03409324450435029
0,77,157696,24.67929270793684,-0.005843099748715623,nan,0,442.3881259068476,0.41690955558217324,0.003878375148539462,0.03466796875,-3.9178825384462628,1.182496880428235,0.002619320005072095,-0.001573104787320083,0.0005490845078918314
0,78,159744,24.72908854088746,-0.005763450082570894,nan,0,433.7571508340285,0.42149162747361923,0.001482924796581046,0.0079345703125,-4.02649545097498,1.3211446148930501,0.004729713532479536,0.0004625389687699039,0.0004813582254692998
0,79,161792,24.77791304094717,-0.0059702797267087455,nan,0,436.6418422773274,0.41748855120827744,0.0025334702341748877,0.0123291015625,-3.987695140616091,1.1414365201474932,0.0033697746315810026,-0.0008436801095883868,0.00045151920110659025
0,80,163840,24.828059250023216,-0.005670959718381363,nan,0,447.1828421146627,0.3988428705197482,0.0038290203936266125,0.0316162109375,-4.127718942968322,1.228216019843409,0.002557379986754549,-0.0017679300708966688,0.000395182229365791
0,81,165888,24.881461000069976,-0.005729361837525764,nan,0,448.1382885139305,0.4020090643167209,0.0010095286929736175,0.000244140625,-4.04961661799113,1.1988591901880779,0.005133728407476503,0.0008741701172536327,0.00041988334446348147
0,82,167936,24.930975415976718,0.006109721527332806,-6.257182627461288,8,375.89500442179855,0.4201006766675929,0.004449638377015487,0.0408935546875,-3.9918465947097683,1.196421738559664,0.01772686825733826,-0.0006981864492658909,0.028866416223788768
0,83,169984,24.980921583017334,-0.005928909485431897,nan,0,443.9614132997881,0.415006204217202,0.005522006757721857,0.0672607421875,-3.9690370080306367,1.5221830902150937,0.000931208634990026,-0.003344859673464339,0.000614062600847456
0,84,172032,25.03077858290635,-0.00575573392516521,nan,0,424.21119091648893,0.4080316326985541,0.0019509000220244979,0.01318359375,-3.9687814300326356,1.201531423898801,0.004336429100340736,0.0001293678465011574,0.00047655964761388644
0,85,174080,25.0804213329684,-0.005721207908676064,nan,0,448.9481028187834,0.38610818311588513,0.006285905204352581,0.0802001953125,-3.9718867570876397,1.4679071761823144,0.0011243367338128656,-0.0030448592690798726,0.00039461849161019733
0,86,176128,25.12898675003089,-0.005834991700856466,nan,0,439.6394069732192,0.4094984503239435,0.0029829678278645248,0.0201416015625,-4.003414459854614,1.0659205958111055,0.004349023688713514,9.473110142197219e-05,0.000501756254873852
0,87,178176,25.17809437494725,-0.005756246718894378,nan,0,448.3974085605438,0.41045178701246443,0.0038375545529961384,0.03125,-4.064456416635261,1.1846290126993946,0.0028910717399299557,-0.0013737044633738748,0.00040063957333713335
0,88,180224,25.22709787497297,0.006212938236509461,-6.202737370978031,8,357.27625389150035,0.41864975713105695,0.003611960812427289,0.037841796875,-4.122778146300327,1.2889792376495974,0.016329599057341562,-0.0010885727471630201,0.026590787316408526
0,89,182272,25.277648832881823,-0.005784559484607828,nan,0,445.13209446512633,0.37990260940994525,0.0032298917961624545,0.025634765625,-4.159586132247011,1.2471881261364146,0.0039789795721331435,-0.00043401966189509505,0.0005068262035624542
0,90,184320,25.327589875087142,-0.0058403024765738935,nan,0,441.8552037473539,0.39934149723810775,0.0060621640341634725,0.07958984375,-4.217258834468116,1.1557922160559477,-0.0009033841802401268,-0.005390256039744383,0.0005392260500722834
0,91,186368,25.377313958015293,-0.005761143866518356,nan,0,453.0224877336498,0.4193768278706872,0.003518089046822631,0.0269775390625,-4.2403461653053345,1.1805621910857937,0.004062405098462122,-0.00040387347409514586,0.000451864814503869
0,92,188416,25.427135166013613,-0.0058029298656220064,nan,0,453.980204801901,0.3888413805099909,0.004328891665175428,0.053466796875,-4.290480564454585,1.5035475865288508,0.003596757148199294,-0.0009067347816655125,0.00042602273082044395
0,93,190464,25.477913791080937,-0.0058214871269911435,nan,0,430.8592075479673,0.3996732851336226,0.005427386393236866,0.0670166015625,-4.344810224005198,1.5120012049909468,0.0033603832694280855,-0.001179753023491584,0.0003906521378289447
0,94,192512,25.526670875027776,0.006213016521126241,-6.196622916848577,8,363.7485391958145,0.38762537001729946,0.003603623038601828,0.0411376953125,-4.455669648335023,1.0736097728036118,0.016334969574882594,-0.0005078700164897736,0.024774339886074685
0,95,194560,25.5811362080276,-0.005771102777241575,nan,0,451.1731933323415,0.4024609404037396,0.002371524977823417,0.0091552734375,-4.4621736212107646,1.3832865185594854,0.006250936875067125,0.001340644910655804,0.0008962366864011114
0,96,196608,25.630194833036512,-0.005803901286451961,nan,0,455.82425947143855,0.41472916185046316,0.0049670595158198,0.05078125,-4.428089775442906,1.2902423874726021,0.0007944101284851528,-0.003911589880966005,0.0005558204680165008
0,97,198656,25.68148645805195,-0.005745805549646374,nan,0,455.7036802169421,0.38705358673278956,0.0036891881154539835,0.0335693359375,-4.517498673032707,1.37471093657663,0.0016161170468035717,-0.003081027901415772,0.00035929255037327683
0,98,200704,25.736213583033532,-0.005910480102091406,nan,0,447.57961076789417,0.4079999992154064,0.006975106677238326,0.099365234375,-4.591883908292522,1.5862321227764213,-0.0003722167997404699,-0.005229678648360901,0.0005311558806558197
0,99,202752,30.68816674989648,-0.005632293423219524,nan,0,446.0003803408189,0.39531835713057595,0.002835140193328897,0.0146484375,-4.561841956905257,1.1732766903118614,0.004649707454553691,-0.00010288103545882422,0.0003814930662145192
0,100,204800,30.737814625026658,-0.005852355654082965,-6.214011589999876,8,446.1749684708462,0.4052884603670131,0.003560661092533908,0.025634765625,-4.659517757259469,1.2589919031293022,0.003863975522385596,-0.0010063793866627176,0.0004216743035776832
0,101,206848,30.788862250046805,0.006161354012529537,nan,0,367.5866849202634,0.4017099745527218,0.001275017647989996,0.0018310546875,-4.670385019098607,1.0937081120302432,0.01556545170938147,1.2928992012519597e-05,0.02176427539654069
0,102,208896,30.84139029099606,-0.005754336507527764,nan,0,448.4544930505793,0.3984539082479055,0.00683526322969619,0.09521484375,-4.61854012457861,1.4313201856498603,0.0010540883588071644,-0.003984630968191889,0.0008403584048408845
0,103,210944,30.892128207953647,-0.005716665363450064,nan,0,446.01441341261614,0.3875249859022597,0.0043757885524499315,0.0419921875,-4.642130176756806,1.3921075055213117,0.0034981313052602075,-0.0013657952446847117,0.0004435927463762237
0,104,212992,30.9438124159351,-0.005897625834368508,nan,0,447.6326886210842,0.3978910311089019,0.0021877657265908894,0.01123046875,-4.621491058358764,1.044691530877192,0.004323958355273142,-0.0005159071870369531,0.0004367489679026622
0,105,215040,30.9942330410704,-0.005856473763455911,nan,0,452.428811792962,0.42315494155171507,0.00464055600542467,0.0487060546875,-4.6598998772033315,1.1476318542977206,0.0019377736885823134,-0.0029597389753602803,0.00047522557347852445
0,106,217088,31.045080290874466,-0.005742649906832021,nan,0,453.95504859225844,0.37014207616933037,0.001643196165825024,0.0086669921875,-4.771576602389884,1.076122125248597,0.005371207161977861,0.0004607062660156921,0.00027784858714457013
0,107,219136,31.095551500096917,0.006159235197742303,-6.209645181231698,8,369.1546734520134,0.3942248387131752,0.0032794835645328824,0.033447265625,-4.739150512515256,1.2585850056020742,0.01432380491590852,0.00017281424289195598,0.018823680321002612
0,108,221184,31.145205874927342,-0.005760756737078174,nan,0,432.01157237012853,0.3990772038889531,0.00465519984066764,0.0504150390625,-4.7343710101636685,1.2845986465780332,0.0032939440233489947,-0.0016756893277884398,0.0004705246819475329
0,109,223232,31.19605266605504,-0.005868795730554129,nan,0,454.2874040333013,0.39124202688181486,0.003913819328376715,0.0391845703125,-4.8629393553964775,1.2641401504073437,0.0029152774529480896,-0.002141890482880683,0.00038845716086459154
0,110,225280,31.245612582890317,-0.005700920759811319,nan,0,446.24675469351047,0.4017307626365729,0.005699619831028557,0.0716552734375,-4.851585267209359,1.2523535564468946,0.0028818233144989485,-0.0021966379010766733,0.0004537518967325237
0,111,227328,31.324205958051607,-0.005850814205842784,nan,0,446.98266717386304,0.40051440461260385,0.003335376644523801,0.0291748046875,-4.926839981948753,1.0970114041204346,0.0037297373397798556,-0.0014033599836522923,0.00041251468296680063
0,112,229376,31.375013707904145,-0.005718212616318321,nan,0,456.7561654977003,0.4010831149555638,0.0031549787437669076,0.029052734375,-4.899427645232539,1.204883578584811,0.0036609935478822886,-0.0014141913565051674,0.0003515145183098335
0,113,231424,31.425498290918767,0.0062327982574901,-6.19281471271087,8,370.6451067899428,0.3929536083853677,0.002821810883067882,0.0198974609375,-5.053744578470797,1.4730098358728063,0.014176160751671538,-0.00011956826606596485,0.01848396887853341
0,114,233472,31.47652066592127,-0.005739947681813732,nan,0,452.12753688251144,0.3807364824444197,0.002944301185450913,0.02099609375,-4.952670254760308,1.05844209980331,0.0039611400583705846,-0.0012478136847755682,0.0005125669767716839
0,115,235520,31.528789957985282,-0.005843969415085009,nan,0,450.0319003276328,0.37996021803573293,0.004234490494757321,0.0478515625,-4.928080545381503,1.1317013887238552,0.0035970573538100154,-0.001508394609411011,0.00035474283567904757
0,116,237568,31.579158500069752,-0.005775470229253083,nan,0,449.54610286683993,0.42047616274261146,0.004760361081015063,0.05078125,-4.889090143444861,1.4450890207558835,0.002557704534835149,-0.00256592145607826,0.00046907169493709034
0,117,239616,31.631254832958803,-0.00578589182916581,nan,0,459.2188289950126,0.3850415969477445,0.0029569686896847485,0.0185546875,-4.919682000994229,1.516616141701551,0.004970889314399549,-0.00012160913946502629,0.00034563290574069427
0,118,241664,31.6828757498879,-0.005732167041900094,nan,0,457.10628139823007,0.3817919779985926,0.003290948943489533,0.019775390625,-4.945786322520023,1.3554734134972135,0.004577720546748891,-0.0005263739930918294,0.0003166164346413901
0,119,243712,31.7327205829788,0.006069032561756079,-6.193089655534829,8,371.4289086453033,0.41108729667099636,0.0016313689418919301,0.0064697265625,-5.03776010397527,1.2417172500437959,0.013065331322728994,0.0004473834420387207,0.015160375553430007
0,120,245760,31.785105291055515,-0.0058238952391392275,nan,0,453.43285231748695,0.4012930011945022,0.003167602281219141,0.0262451171875,-5.081771607605527,1.388349417547531,0.0037000308002628664,-0.0015769259867185192,0.00039037035875172247
0,121,247808,31.843741958029568,-0.0057718550703247,nan,0,444.4918062986424,0.42195482439629467,0.005092259380970286,0.061279296875,-5.157819377135295,1.2121209562419395,0.001922974343803608,-0.003456315789635597,0.0004429415126078144
0,122,249856,31.895630083046854,-0.00582005670428192,nan,0,454.1378039573866,0.3968418748932067,0.00429412474977946,0.0394287109375,-5.197231517423168,1.4863235346988393,0.004667442692141031,-0.0007340020685575044,0.00040842648655073474
0,123,251904,31.945849708048627,-0.005788449346578985,nan,0,452.8272267795516,0.38276530435921974,0.005045236752514566,0.056884765625,-5.231186860067833,1.2435733595910858,0.003908608182881568,-0.0014966060672203926,0.00034805478006825325
0,124,253952,36.840619874885306,-0.005750157287968191,nan,0,451.3521379039133,0.3952023330499704,0.0035430742330553123,0.0264892578125,-5.2874869598608685,1.2662594231720545,0.004472522100284964,-0.000981202707549381,0.00033247569594695365
0,125,256000,36.890787333017215,-0.005673994342507583,-6.172625959959864,8,453.9256286574899,0.3652087670298957,0.002208813985147104,0.013671875,-5.373873374447305,1.395937259146323,0.005173611609875457,-0.00032880710855602764,0.0002570906879683582
0,126,258048,36.94025883288123,0.006171125781675925,nan,0,372.74149873160627,0.3993550230775058,0.003984976535035219,0.045166015625,-5.436118983254063,1.6203550138679925,0.01052564074151827,-0.0014019762938290783,0.012982996104186571
0,127,260096,36.99141408293508,-0.005763247775576215,nan,0,447.9880756223749,0.40464464218125984,0.004303901168363253,0.040283203125,-5.251566347349553,1.249271422347206,0.0032708196489664772,-0.0022855888046399795,0.0006096842125138126
0,128,262144,37.041406291071326,-0.0058100486223690295,nan,0,441.4839675277479,0.4002971031764239,0.0035895849101887783,0.03515625,-5.229687921378474,1.2604154244369012,0.0037558590831706616,-0.001711715629660453,0.0004757735829052825
0,129,264192,37.09186504106037,-0.005745843539578864,nan,0,457.20059902082835,0.3782219830291036,0.002901458936558748,0.0228271484375,-5.339200474634662,1.2933389334105394,0.0053243399885649495,-0.00014472195598918582,0.0002597229398389506
0,130,266240,37.14211729099043,-0.0057994359113065575,nan,0,450.1326172821327,0.3961486879927386,0.004730952821986592,0.0540771484375,-5.399270865260634,1.4238098813623858,0.004171095157758643,-0.0014115282890939046,0.0003667051631838236
0,131,268288,37.19205683306791,-0.005699039271221916,nan,0,455.2487079213205,0.3858438777299624,0.0032691380200689816,0.0333251953125,-5.385222228580574,1.2326080263737471,0.005394795198343442,-0.00015743888476326415,0.00033402370905226685
0,132,270336,37.24180729105137,0.006150177562095028,-6.168961868882489,8,374.67792418382766,0.39936061733815154,0.0035969221519818627,0.02197265625,-5.453224021719391,1.252613883679982,0.011068029275468877,3.4302021598505913e-05,0.011161006464301959
0,133,272384,37.2914134580642,-0.00578742976715223,nan,0,454.1865538464752,0.38863524802019256,0.003483904567937585,0.0396728515625,-5.41594255367025,1.335975277308465,0.004669185648501446,-0.0009457593554014878,0.0003980049004653609
0,134,274432,37.34062062506564,-0.00574636283094556,nan,0,454.2605668764958,0.39876104231260845,0.005444368258612494,0.06884765625,-5.436869636368389,1.5934018277737216,0.001271680256451203,-0.0043433927064465945,0.00035640665305881544
0,135,276480,37.391584208002314,-0.00576521882687301,nan,0,451.5625447665343,0.3957317814240081,0.004007034515814866,0.0428466796875,-5.5018860679634685,1.4270652911981674,0.002192744939282691,-0.003514155571898707,0.00041002888643585164
0,136,278528,37.44092887500301,-0.00566242127208183,nan,0,461.8259129085317,0.35804856266189866,0.00550757809759314,0.0650634765625,-5.488458030704274,1.5005844853828423,0.0024435310208394245,-0.0031615500965193766,0.0002332461733090538
0,137,280576,37.49033033289015,-0.005865334107853448,nan,0,455.3819883023763,0.39867240031316453,0.005682933625543412,0.0677490234375,-5.536539907370322,1.5229194215443052,0.0033546729646877172,-0.0023684885312338045,0.0003732431771024023
0,138,282624,37.53998512495309,0.006273431964156982,-6.158115351023807,8,370.24274627989774,0.3824744416460518,0.0061173343537906065,0.0806884765625,-5.698708242503205,1.450624500730652,0.009148270141901116,-0.0014048817453353266,0.009708887289466468
0,139,284672,37.59120304090902,-0.005838814037229571,nan,0,443.88934231748846,0.3882683405887482,0.004390786496778521,0.0401611328125,-5.597164932739415,1.2635037793733828,0.004063530925558626,-0.0017747023452967092,0.00048213667623184665
0,140,286720,37.64209779095836,-0.005664235649241031,nan,0,452.4528031426293,0.3600020988013708,0.004211770906868594,0.040771484375,-5.682627230578248,1.446589289695553,0.004938973635936879,-0.0008851301943114901,0.0002829531993402414
0,141,288768,37.69217979093082,-0.00569565661995825,nan,0,461.2245809879768,0.38496532856419197,0.0029321449781105633,0.02294921875,-5.708948534704104,1.3210797423351586,0.005263908931365438,-0.000598949962062157,0.00030782071744698327
0,142,290816,37.743498290888965,-0.0057684051396357005,nan,0,450.2317446796797,0.37425158353860266,0.003861324471438353,0.0396728515625,-5.72191103397076,1.2412970608666365,0.003773538682477283,-0.0020763880502271508,0.00025603139746734646
0,143,292864,37.794865041039884,-0.005717938940822297,nan,0,452.8216738336032,0.382360987121647,0.0043349774932484285,0.0439453125,-5.890379575718373,1.352580627713377,0.005925745303972726,-0.00010942622767905457,0.0002895839118668154
0,144,294912,37.847052790923044,0.00625784082373246,-6.10163027997823,8,374.0235083013548,0.39673662543919985,0.0062787973105768845,0.0828857421875,-5.783178500923192,1.3387968618970105,0.006794049394306366,-0.0031930505218596174,0.008407842830485585
0,145,296960,37.899899082956836,-0.005670195598222767,nan,0,452.9256234038772,0.3761729440966741,0.0029401896775853205,0.0240478515625,-5.887050185157113,1.5880852556907983,0.0056697403043701735,-0.00039731144859291067,0.00036000313561193966
0,146,299008,37.95835066610016,-0.005853064256223431,nan,0,450.56170628282,0.4121895753806027,0.0026238955889210805,0.017333984375,-5.923335498871921,1.3843415151918141,0.006030072268777612,-0.00011241412821485814,0.0004383017962410957
0,147,301056,38.015716874971986,-0.00576236084449868,nan,0,455.10008219045795,0.3743631640563708,0.0035471530413183896,0.0400390625,-5.9359392931879364,1.489975034189074,0.006249054294688277,0.0001540258752552896,0.00031817825249010414
0,148,303104,43.02721270802431,-0.005818706534460864,nan,0,451.2452589232698,0.3832863622614262,0.0034578302007979653,0.0289306640625,-5.968037096650113,1.2695013855126238,0.004580300454635687,-0.0015486212217726697,0.0003217691595164934
0,149,305152,43.08037633309141,-0.005768501420173671,nan,0,450.6322635075811,0.3856691464144384,0.003462407467554267,0.03466796875,-6.043702054305804,1.4880232246860086,0.0055197596867336725,-0.0006744811922591953,0.000301077649374128
0,150,307200,43.132973958039656,-0.005753827640470204,-6.173791693519567,8,457.2168161491273,0.37409482102195857,0.004470361832429704,0.048583984375,-6.101060946965509,1.6640322110515908,0.0041018150498216,-0.0021459580361435243,0.000293424277999238
0,151,309248,43.1922108749859,0.006213311497374343,nan,0,380.65553774424,0.40532969802916985,0.0051682802857130825,0.065185546875,-6.005230189431848,1.5008092576627616,0.00611405893793206,-0.003401798852452009,0.007021255201904444
0,152,311296,43.244511916069314,-0.005726234031645729,nan,0,449.97692178649163,0.3619307285867282,0.005878064646449415,0.0726318359375,-6.042735778792654,1.373661776158975,0.0034651341361186046,-0.0028380733208643147,0.0005209433563805274
0,153,313344,43.29792679101229,-0.005741365750054527,nan,0,458.08350435439866,0.3801438663852751,0.004403108382928626,0.046875,-6.013965256166166,1.4437064530914863,0.005812343918241356,-0.0003950355648815384,0.0003868284539134577
0,154,315392,43.349780458025634,-0.005782845359672753,nan,0,448.7221855483514,0.4037080836052036,0.0010582584821483055,0.0003662109375,-6.009885770456645,1.363805809190181,0.0063366155856943475,0.00014080333606825667,0.00037185295833888556
0,155,317440,43.40534770791419,-0.005742057390991283,nan,0,456.6870071545895,0.38357720909920145,0.004037139484267305,0.0396728515625,-6.022343156739847,1.6181818859425776,0.004869082160586922,-0.0015051718051590983,0.0007038216180123371
0,156,319488,43.45883791591041,-0.0058015630677462,nan,0,459.7838486226015,0.3944636162463167,0.0030160889588223827,0.0234375,-6.026864008420425,1.392689344169682,0.004948153060745586,-0.0012614099454967883,0.0003653979956438986
0,157,321536,43.51238845800981,0.006276408315954469,-6.142700993860906,8,383.5895561378494,0.39574953350317765,0.002623408118032942,0.0255126953125,-6.118533421809037,1.240583481742822,0.009069893066819747,-0.00026084589318475185,0.006424411076390926
0,158,323584,43.56517241592519,-0.00574765307272305,nan,0,457.9578848404394,0.37151561474851447,0.004201890261621528,0.0455322265625,-6.080084037464921,1.2773550639548144,0.0049311403150055395,-0.0013732918982983975,0.00044869635167803544
0,159,325632,43.61827037506737,-0.005818017174796835,nan,0,456.4295449850624,0.39722499898570846,0.003636350213547066,0.0267333984375,-5.943917179664357,1.4370352423560206,0.006716529708110498,0.0006022694253395369,0.0003406862062132044
0,160,327680,43.6702118748799,-0.005749275382152687,nan,0,454.4372040942918,0.3793061963191285,0.0054858123630570615,0.0684814453125,-6.007070281807809,1.4499904397522756,0.0029635085351433135,-0.0031888203172634987,0.0002905171411980116
0,161,329728,43.72351099993102,-0.0057612328594187695,nan,0,448.53187063974326,0.4046871172690214,0.0041555208273853506,0.0467529296875,-6.049808503365579,1.657467934828694,0.005609097671553794,-0.0006371117345962277,0.0003928018055688863
0,162,331776,43.77668512496166,-0.00587057780228784,nan,0,446.3157202990005,0.4028454114899309,0.005136605851534444,0.0587158203125,-6.005735403381246,1.4457121320048396,0.004571849792292557,-0.0016949458700797559,0.0005221205179821322
0,163,333824,43.82991679105908,0.006286990205850006,-6.162396989205561,8,370.93591169026433,0.4169765200059623,0.005209917352405096,0.0682373046875,-5.93124884544754,1.4172018902239998,0.007470815174700024,-0.0010883528911531633,0.005255838440811292
0,164,335872,43.88162254099734,-0.005767714506670043,nan,0,458.9166860856231,0.3911285043047699,0.0016075802245061291,0.0045166015625,-5.98732327120352,1.5341567357853183,0.007100474328034408,0.0008979323996790543,0.0004304373143036698
0,165,337920,43.935541790910065,-0.005749478235595999,nan,0,453.01814492011613,0.36421870719605687,0.0025415394590012504,0.013671875,-5.928626952954,1.5491205012329459,0.00561604829778158,-0.00045236086522345816,0.00027956442010207904
0,166,339968,43.99152904096991,-0.005715535020639893,nan,0,456.6152772000002,0.367465843610126,0.004500791934524868,0.0504150390625,-5.8511130855905105,1.6665642813151578,0.0027189621438474514,-0.0032913382510094133,0.00031837461853270673
0,167,342016,44.04422162496485,-0.0057102668667102065,nan,0,456.6866012450718,0.36428885710253345,0.003996015574110062,0.038818359375,-5.939664481830969,1.311931910023584,0.004146738527890574,-0.001911963224563696,0.00023807454124660096
0,168,344064,44.098379041068256,-0.005734327428061606,nan,0,459.0436716347048,0.39491062165918567,0.0023125925369103396,0.013671875,-5.98035540967815,1.3751131812300075,0.0059628570898434185,-0.00016916269850354975,0.00030332875733763516
0,169,346112,44.15689458302222,0.00618359909107394,-6.134275017313291,8,366.56811961603853,0.40120383387308145,0.005589117572314766,0.0684814453125,-6.038641073441805,1.50026204797555,0.006244157691752608,-0.0021881001170304115,0.004787233470682425
0,170,348160,44.212492499966174,-0.005735085582439693,nan,0,459.0853540901717,0.35681499806807243,0.0039887984021740085,0.0343017578125,-5.991499763556352,1.3133155667800107,0.005435386175465438,-0.0006537918006351597,0.0001953564250884867
0,171,350208,44.26546466606669,-0.005795392665516878,nan,0,459.47748816585295,0.37624314432843076,0.0035798283792090524,0.0322265625,-5.93046538973601,1.2056366956148687,0.005116817961675245,-0.0009619353163092511,0.00029657577649697033
0,172,352256,49.330848708050326,-0.00568954830970169,nan,0,459.1515407627483,0.38999422106488124,0.001991108402501403,0.0155029296875,-5.863028665817923,1.3716261293453798,0.006391725902154009,0.0003710964309584109,0.00031520161075535404
0,173,354304,49.384624915895984,-0.005782085465372016,nan,0,448.97283476607276,0.3733071384380278,0.002454007829656931,0.0201416015625,-5.775860574296878,1.2786635180349757,0.005493990193528307,-0.00039386814415141944,0.00022399552676569465
0,174,356352,49.4364688328933,-0.005811037767939137,nan,0,457.25794179042083,0.3932522456799572,0.0029219755855298224,0.02734375,-5.857190034467175,1.5565709431589794,0.005502598770472401,-0.00048657654948946116,0.00026397057098937295
0,175,358400,49.48906920803711,-0.0057558666765185435,-6.143500934059304,8,454.4170128104887,0.3763080858192196,0.0023156452673840826,0.0203857421875,-5.914302493694432,1.327343709811223,0.004924318889338723,-0.0011176305584406987,0.00025529390816997864
0,176,360448,49.54246108303778,0.006302898400030975,nan,0,380.9197205462932,0.3672999075436095,0.006544129819547653,0.08837890625,-5.900717501707683,1.2813213336578784,0.005689129499631238,-0.002544111123028096,0.004665046241903296
0,177,362496,49.59477608301677,-0.005735754897533269,nan,0,457.8492944568587,0.37463212490601283,0.004058995890253136,0.03515625,-5.847676346864804,1.587967570121743,0.005000555816517161,-0.0010227461979248004,0.00035125133515431117
0,178,364544,49.64921687496826,-0.005722930751118061,nan,0,459.68013573685687,0.3488635814844434,0.004153725268268624,0.044921875,-5.838289278281788,1.525216484074785,0.004625619794984451,-0.0013273996679749878,0.00022946036935530173
0,179,366592,49.70279624988325,-0.005774511935747063,nan,0,459.95679484114413,0.37156976374074524,0.005235205359968874,0.0604248046875,-5.899693751357118,1.4718744300602582,0.003599472225578954,-0.0024107596207549927,0.0002210761899536579
0,180,368640,49.755526083055884,-0.0057629652534772575,nan,0,455.3986314764762,0.37472015679379006,0.004258702711621633,0.0413818359375,-5.953500264732835,1.122938590299469,0.0040864658885119455,-0.002032317016091265,0.0003305652797407528
0,181,370688,49.81142204091884,-0.005736740703927287,nan,0,453.5584837581663,0.39216182401775995,0.0045694570900142815,0.055908203125,-5.854513304593531,1.4924456156778496,0.003999180883210987,-0.002073679256335944,0.00043669366990679805
0,182,372736,49.86477099987678,0.006216226153482901,-6.113580313985162,8,370.29817338529267,0.4044500626437826,0.0014470881432213695,0.0069580078125,-5.819457156734201,1.0979492456516187,0.008261557228396998,0.00039713086123075586,0.004089938420864078
0,183,374784,49.91621874994598,-0.00581260514797482,nan,0,453.3541728767689,0.3923048218956099,0.004507363779780397,0.0556640625,-5.872064015839905,1.5070634850371252,0.0031181604415716274,-0.0029127824328607646,0.00031775771718497926
0,184,376832,49.97210237500258,-0.00572519032365696,nan,0,451.1963702514404,0.3805743197475997,0.003454631510560877,0.0347900390625,-5.880049935663269,1.4263354368072978,0.004124133493028759,-0.001911384254393874,0.0003109356235187254
0,185,378880,50.024922790937126,-0.0057621477525951125,nan,0,458.19395856193125,0.36985028154217015,0.0036010843001813837,0.0252685546875,-5.974294393881437,1.4979841369585896,0.006076222679336676,-7.317018188137585e-06,0.00021849060728675192
0,186,380928,50.07730762497522,-0.005691449691540899,nan,0,457.6348514818573,0.36277069483528873,0.001771895984911721,0.00390625,-5.962615088814553,1.5100104216754555,0.00614284816503936,6.428931872624801e-05,0.00023188751499712322
0,187,382976,50.13028658297844,-0.005785506316041628,nan,0,456.53255245497877,0.35592462158150207,0.0014705358431930258,0.00244140625,-5.996333991999064,1.1686324779307082,0.0060218553098199895,-8.685147260865684e-05,0.0002247455808591656
0,188,385024,50.186134124873206,0.006248040040880717,-6.14191931040562,8,373.80434938969256,0.40398770963473485,0.005644910665262836,0.0689697265625,-5.965868380288082,1.4997661989589166,0.005766036267905661,-0.002151421405400782,0.003903178586036725
0,189,387072,50.238234125077724,-0.005783294114572236,nan,0,455.3604724039673,0.3731100375621832,0.004362141217660254,0.048095703125,-5.974058069969759,1.5693879040609282,0.0041430886032436335,-0.0020135460233008983,0.00036515311314954237
0,190,389120,50.30505208298564,-0.005745584681460794,nan,0,457.01345231667926,0.3736760194450782,0.004984406774342373,0.05908203125,-6.009057681610472,1.995917501267475,0.00257188390929118,-0.003707320862520837,0.0005402941804030857
0,191,391168,50.359133790945634,-0.005727229058882802,nan,0,457.55973503067213,0.37068219723230156,0.002858653525448733,0.0244140625,-6.034468129994091,1.307114929852408,0.005118220073516617,-0.001022098720570502,0.00021170132818605126
0,192,393216,50.413512374972925,-0.005816801509255655,nan,0,459.57769763566785,0.4006597349578405,0.004640959868709542,0.046142578125,-6.126962658485676,1.5104312570836684,0.0029354778642708915,-0.003347676637840342,0.0003123836872511152
0,193,395264,50.47255879105069,-0.00569477550966758,nan,0,450.6661457530243,0.36150518193958314,0.005158347175951881,0.0513916015625,-6.165291132826533,1.5352881287409532,0.004329377187399806,-0.0019670609703969725,0.0002622940499404902
0,194,397312,50.52712629106827,0.006226849226438624,-6.136260699555543,8,380.642140655938,0.38378121638513896,0.0040230983384718765,0.04150390625,-6.277889720034009,1.4149558233347426,0.008987437853966567,0.0007908824251710508,0.0038373314175230147
0,195,399360,50.57854387490079,-0.005764205940551251,nan,0,458.67394631447706,0.3523875642203072,0.002858269725398952,0.0264892578125,-6.295977864181373,1.5149798815103726,0.005985296521165261,-0.00040549884750357384,0.00018963500897492368
0,196,401408,50.635503916069865,-0.005621533141365591,nan,0,453.47385395494547,0.34200424071038416,0.003504069813761182,0.0301513671875,-6.293697631313104,1.2623367729204271,0.004690293075730087,-0.0017078804422982446,0.0002089517734304549
0,197,403456,55.56367120798677,-0.005763472433858493,nan,0,459.97925435773027,0.3744823421179797,0.0041711282271873935,0.0474853515625,-6.259254901628644,1.451868008580496,0.0054026411080315695,-0.0009761831069786623,0.00023913862676317387
0,198,405504,55.61595583287999,-0.005724464670146702,nan,0,460.2152775240107,0.380303190248726,0.005400688308382048,0.064453125,-6.2598839551533585,1.6035599491365002,0.00306384045661933,-0.003329231403051628,0.0002663758090351995
0,199,407552,55.66811966593377,-0.0057574278390468085,nan,0,456.9120923594663,0.37105842396183353,0.0025384564668434343,0.0169677734375,-6.298010095554809,1.4045610834820272,0.006299560230298645,-0.00010958619841793405,0.00022227266632354173
0,200,409600,55.721188582945615,-0.005756079088743961,-6.099927852778408,8,447.9698092258206,0.3725580392078995,0.004071329891210363,0.0439453125,-6.3711409672273005,1.3294806191397501,0.003938723679644131,-0.0025462899372328627,0.00022774529929939038
0,201,411648,55.776291500078514,0.0062329662105734315,nan,0,371.63104765140355,0.3904255300254167,0.0028283466489476966,0.0191650390625,-6.463327342436003,1.6123274307089968,0.008351122907947787,8.720480995825022e-05,0.003601181511107069
0,202,413696,55.83009662502445,-0.005708956221274236,nan,0,458.8528531276061,0.3566553654344927,0.004621411333054057,0.049072265625,-6.419730237473873,1.73477398417751,0.005973155408704446,-0.0006058280164971089,0.0003185063754553639
0,203,415744,55.8832901250571,-0.005636297296348849,nan,0,456.96326562758907,0.3634422969052432,0.0032213878760267572,0.03271484375,-6.341064141843786,1.2288834278584164,0.006447180163379214,6.036506764453163e-06,0.00020015902954194874
0,204,417792,55.93629129091278,-0.005765189307749521,nan,0,459.03755484832993,0.37588983833178324,0.004004744149284836,0.0389404296875,-6.22447129274901,1.5984559580673354,0.005140304254982262,-0.001198610293991282,0.0002288865124490631
0,205,419840,55.99035495799035,-0.00576641541384456,nan,0,458.8002110730642,0.3568166924380981,0.0040358429222743745,0.0364990234375,-6.159769643913899,1.322944545095312,0.005385935587401776,-0.0009058896719011836,0.00026411123077811947
0,206,421888,56.0448805000633,-0.005675430270254366,nan,0,460.2989645578109,0.33564805638671324,0.004271240422068474,0.0447998046875,-6.0866063053801875,1.5768911392355625,0.004101104503926926,-0.00206867794966165,0.0001663522964167784
0,207,423936,56.09838499990292,0.006229442372525776,-6.079595488001081,8,372.6307616468487,0.3925765968720527,0.007770385617302298,0.1143798828125,-6.061030810607875,1.387199516259377,0.004389525740812672,-0.0034652325937350363,0.0035874550478796627
0,208,425984,56.150871499907225,-0.005716707311312266,nan,0,460.7307823554381,0.36633530789516366,0.0023051205014774766,0.0067138671875,-6.084203587198271,1.5715389928100496,0.006013157430255663,-0.00017829348876595083,0.00021449466364669337
0,209,428032,56.2040747909341,-0.005700745810119334,nan,0,459.7331950170559,0.37751230889587817,0.0010263736781065658,0.0006103515625,-6.057918701812596,1.4212330772934851,0.006660223757352929,0.0004642929172039177,0.000276024276672829
0,210,430080,56.25680129090324,-0.005760114813048395,nan,0,458.2138912327356,0.3725763334477775,0.0048086829663744925,0.0543212890625,-6.109226500333236,1.544841051939811,0.0033501764313270182,-0.0029081766714741547,0.0002982532049358711
0,211,432128,56.30889079091139,-0.0057418578346844305,nan,0,461.74572010042317,0.3539995547805329,0.003731157285214337,0.0430908203125,-6.146344233394359,1.4797249702548878,0.007197910508849319,0.0009488325469639777,0.00020546745698195906
0,212,434176,56.36170966597274,-0.00576605380259478,nan,0,451.1373727767103,0.4043022338955313,0.005314041648137046,0.0621337890625,-6.130303741905735,1.5909600796146912,0.002675417155482099,-0.003618825570991434,0.0003278779691355905
0,213,436224,56.41398183302954,0.006255190059659046,-6.1179774437173755,8,373.8601488852692,0.3751075582093326,0.005359542474390837,0.065673828125,-6.052058863801623,1.376855651642639,0.006739430075516469,-0.0010477626448593485,0.0034702677131483893
0,214,438272,56.46510866610333,-0.005701853779916428,nan,0,459.58457558221505,0.35595441084362067,0.005750869561132565,0.0755615234375,-6.044449870891631,1.5343683417916445,0.0032895412934722777,-0.0029456888477867992,0.0003815605407348899
0,215,440320,56.51894195796922,-0.00564496357842084,nan,0,457.5958216665358,0.3510909720767419,0.003301649599634215,0.0277099609375,-5.998228087984227,1.5291946269313668,0.0052712215885558494,-0.0008215358186187197,0.00018905863838067827
0,216,442368,56.575072708074,-0.005813891320681748,nan,0,458.41091342360176,0.37203905643008167,0.005839083119124058,0.06982421875,-5.959142011771806,1.550336247658671,0.003951415100810042,-0.002142979499320204,0.0002705051767168824
0,217,444416,56.62862587487325,-0.005668084375227885,nan,0,460.96437157895025,0.37066608902657794,0.001069427045841236,0.003662109375,-5.933663223789341,1.5955312433051199,0.006641103154908579,0.0005816178235675449,0.00025164421510338083
0,218,446464,56.687723624985665,-0.005766892494061076,nan,0,462.56636961948556,0.3678741708586022,0.002528166277917666,0.024169921875,-5.9106134674370825,1.3764989090824757,0.005856914503171496,-0.00015664418222714922,0.00020589043592312564
0,219,448512,56.74480541609228,0.0062928195627456095,-6.081465754333381,8,368.2138912847275,0.3758290479952624,0.002998803648033699,0.0350341796875,-5.8836280138402035,1.3842677373968266,0.007108199144363966,-0.0005099155895019998,0.0034689734400515206
0,220,450560,56.79753387509845,-0.005720423394370835,nan,0,453.7590774732861,0.35809267195075106,0.0027858552770355775,0.0225830078125,-5.96274580002401,1.4287525533676244,0.006201964442338465,0.00012981816515238512,0.0002188009543241438
0,221,452608,61.724464250029996,-0.005746772609876372,nan,0,459.8151732911549,0.37461967989290723,0.004778776850980923,0.04931640625,-5.9667835846962385,1.4535284310351144,0.0028657121229339745,-0.0032282383554089107,0.0002543337872932922
0,222,454656,61.7772216249723,-0.005789423288553191,nan,0,462.05882244563145,0.38022389510794863,0.004555591386319188,0.048828125,-6.0534584286322985,1.772375019393701,0.00431828155646519,-0.001916683340738007,0.00036301293714179625
0,223,456704,61.82886225008406,-0.005686179476429503,nan,0,460.93074308478884,0.36805238767562787,0.002950875412354365,0.0186767578125,-6.1016675616870835,1.4023589436612078,0.005379382074760226,-0.0008379119977620138,0.00023125302167031607
0,224,458752,61.88085583294742,-0.005643986766706201,nan,0,463.6155832149286,0.34926878871820055,0.0040164366130063505,0.038330078125,-6.099761398202551,1.4289770071330368,0.0038419956581834764,-0.002357446014622181,0.00019936054920621156
0,225,460800,61.94892070791684,-0.005771792485762204,-6.087454356055849,8,459.0037943731927,0.3766898467755495,0.0036711060777234947,0.0384521484375,-6.134001412598195,1.7289366817618914,0.0041466752155322716,-0.002097043740852003,0.00021943508757214883
0,226,462848,62.000097499927506,0.006296932862919522,nan,0,375.2567594925163,0.37253934472412564,0.0015581690643822453,0.0057373046875,-6.093021939829589,1.350190615365207,0.008218904993790061,0.00048553871484367274,0.0032806886782336007
0,227,464896,62.05332287494093,-0.005733526393872708,nan,0,460.98929003052973,0.3416097179155799,0.00892108421469141,0.11962890625,-6.198728571164336,1.7327191982070431,0.0005705481208198677,-0.005783316275551766,0.0003102716504145935
0,228,466944,62.10633874987252,-0.0057046252798367576,nan,0,456.89366882161926,0.35689780247520686,0.0071346171309140385,0.096923828125,-6.169827106446967,1.840676513136241,0.0024411083250054106,-0.0038628659364323935,0.0002682943099816712
0,229,468992,62.156629000091925,-0.005649628056552614,nan,0,457.75144785216287,0.34079941847257644,0.0025163050854233506,0.012939453125,-6.256759183524309,1.3585194766040902,0.007004789399790292,0.0006651075702169109,0.00016584529209814967
0,230,471040,62.20703687495552,-0.005723184896038113,nan,0,463.90210773712863,0.36987773473464647,0.003559383662112124,0.026123046875,-6.214354868359156,1.7051135704485612,0.005424329845101187,-0.0008900424643002083,0.00020003488208447187
0,231,473088,62.2582401658874,-0.005753116788724647,nan,0,462.3589648883364,0.3655440156048641,0.0031284726755545725,0.0262451171875,-6.293886144305697,1.724444914560643,0.005772951523245435,-0.0006280471395042689,0.00021422503688801292
0,232,475136,62.3228339580819,0.006260530869078839,-6.06758727914711,8,377.7063862574445,0.4045101778012696,0.00527016865393537,0.0604248046875,-6.192889821735261,1.5887872674210333,0.006478176415039496,-0.0013883258837167388,0.0033472249540419455
0,233,477184,62.37525470787659,-0.005732131625265891,nan,0,462.26971317492985,0.3586752139200694,0.001212334879676816,0.0050048828125,-6.277240260780783,1.6215725110061578,0.006785781447980924,0.00035915598298417485,0.0002987704084319329
0,234,479232,62.42844512499869,-0.005760800132440214,nan,0,460.196002092248,0.3641139292503771,0.0034612178119388937,0.033447265625,-6.324703715770526,1.4601836170615607,0.004722352511503141,-0.0017061430159811325,0.0002075836234274968
0,235,481280,62.47975858300924,-0.0056419982291249175,nan,0,459.59274888520815,0.36452767464753544,0.004462511084734921,0.048828125,-6.25512977401608,1.7169149985397292,0.004548398897842887,-0.0018180886417182244,0.00022271553109006788
0,236,483328,62.5328986661043,-0.005819912122038591,nan,0,460.65977189181615,0.34461398030406976,0.0010976969109170705,0.0045166015625,-6.162946411984418,1.422300733928695,0.00673257309084256,0.0004278366034317499,0.00028358015085278466
0,237,485376,62.58508658292703,-0.005687427168488784,nan,0,457.51435869886006,0.3709656575146354,0.0031107830076013638,0.0186767578125,-6.157267249383861,1.5780966618434449,0.006417183180903805,7.926783592370401e-05,0.0003612961911924798
0,238,487424,62.63826087489724,0.006235569902547467,-6.090432658583108,8,366.6827489972378,0.3796639190631432,0.004397091541289067,0.05712890625,-6.209920006591549,1.528419381481604,0.0068602203272539256,-0.0010453193858699725,0.003391239413064701
0,239,489472,62.69330750009976,-0.005712299241053433,nan,0,461.5193138076003,0.3703853031705223,0.002771447581130835,0.0277099609375,-6.174900056763795,1.5153867666279335,0.006109892702842935,-0.0005691235390494339,0.001008232370257148
0,240,491520,62.745830541010946,-0.005745501498390929,nan,0,458.8534239105584,0.35828990892325785,0.0033388381849716034,0.031982421875,-6.215109617514292,1.6241998076903301,0.005865824987003691,-0.0005331902762328198,0.0003678112914444392
0,241,493568,62.79851608304307,-0.0056983793284017936,nan,0,460.6881200252233,0.3720239290049651,0.006060096625213262,0.07421875,-6.1615875490655485,1.4508352757630123,0.0033390954315910227,-0.0029235385196554843,0.00020209280436191514
0,242,495616,62.85758137493394,-0.005722753255495897,nan,0,457.4501995923824,0.36113651776681743,0.0036120283923228667,0.0328369140625,-6.220950981755243,1.3522322162813067,0.005088195805766057,-0.0012367307575153952,0.00020795116305242118
0,243,497664,62.914174708072096,-0.00572776822974025,nan,0,455.33031355832827,0.3517515690504802,0.0026164776462670194,0.0181884765625,-6.366216615778325,1.2938860611681249,0.006361565618110446,-0.00011423523288826148,0.00021916847044076485
0,244,499712,62.967917666072026,0.006277826324338462,-6.0817767890433325,8,369.5175196666756,0.36580572564501646,0.002437877997889762,0.0123291015625,-6.324062784311511,1.0313539386913986,0.007041034558513427,-0.0008207196047344736,0.0030753827578727773
0,245,501760,63.02186408289708,-0.005695039279111946,nan,0,463.2412580919989,0.3519629315471635,0.006356721289338302,0.085205078125,-6.363853285520042,1.65370894872104,0.003075207159821635,-0.003424913804632496,0.00027253535786817614
0,246,503808,68.19660933292471,-0.005633070337278289,nan,0,462.6189238483948,0.35365074593780554,0.0020966810432406337,0.0155029296875,-6.42346975589013,1.692983875947808,0.00769199186445116,0.0011946394585485905,0.00014776530002488374
0,247,505856,68.24810183304362,-0.005701444380541835,nan,0,458.895309032938,0.37911775644203216,0.0046147224748733385,0.04833984375,-6.469830350915377,1.7493081955107108,0.004312365352586438,-0.002254333348227721,0.00019373669979756605
0,248,507904,68.30125441588461,-0.005766295377061533,nan,0,453.38625742513193,0.3666246008887706,0.004462297439050751,0.049560546875,-6.521340963901592,1.7142017738953208,0.004279412023844919,-0.002337470560765534,0.0001910832414177237
0,249,509952,68.35210945806466,-0.005746633747502499,nan,0,461.1370516097201,0.36254162052414307,0.002895105143563056,0.0186767578125,-6.46755224082858,1.3607597777497387,0.006082622301700524,-0.00046751226525536087,0.0001651646522546088
0,250,512000,68.40498662507161,-0.005736087625520905,-6.0855186098276,8,460.84414872306417,0.37516096316363834,0.0012410394800041608,0.004150390625,-6.4842696055292555,1.4158512192161903,0.006790942880875124,0.00019643082929110198,0.00022048489210953236
0,251,514048,68.46073629101738,0.006279996272537494,nan,0,370.4631543883276,0.3705928791937556,0.0016017706075976046,0.0086669921875,-6.455404532398911,1.6863444452575411,0.008438387652656528,0.0005095141153454164,0.0029469380098244005
0,252,516096,68.51975149987265,-0.005722246968925607,nan,0,462.9375387667427,0.35933683606255573,0.0061086789627311025,0.0767822265625,-6.540362305898417,1.7419214994713477,0.0023783577844627285,-0.004244390600058148,0.00016477215724491998
0,253,518144,68.57021854096092,-0.005754626427557188,nan,0,463.17973160334213,0.36183217907964094,0.0016927037907290142,0.0101318359375,-6.612822249785056,1.3437994701646667,0.006826882633921987,0.00012233699095949308,0.00018344678635487513
0,254,520192,68.62186300009489,-0.005695385119834796,nan,0,464.80398732978455,0.35062647394691826,0.0016338736983077685,0.0096435546875,-6.554123271134994,1.306351899769565,0.006976287003007489,0.0003375420267319653,0.00016924341028105475
0,255,522240,68.67348870798014,-0.0056283214714460215,nan,0,463.579456061458,0.35703507643450744,0.0013567892815717414,0.0067138671875,-6.6167927278821645,1.709702587979793,0.00655360615879599,-0.00014934925409354656,0.00017232537001474587
0,256,524288,68.7271354580298,-0.005821273055995233,nan,0,459.3967392695481,0.38120746413726525,0.0058257263172256015,0.0767822265625,-6.607215375177702,1.5812409560920089,0.003667313075831344,-0.003073450589018341,0.0002670965793439595
0,257,526336,68.77846137504093,0.006295108856375544,-6.079406454108817,8,372.6540306898472,0.374747495151709,0.0031329446611825114,0.0272216796875,-6.607765788485257,1.2713710817727943,0.006726962380171608,-0.0013890831818804327,0.003016559547133566
0,258,528384,68.82982524996623,-0.005768214858291163,nan,0,463.09479361584164,0.37966814827458295,0.0035994003105067813,0.033935546875,-6.6437224790246745,1.6309990580919702,0.007046938882880202,0.00029685200202177013,0.00021272880366751738
0,259,530432,68.8807965409942,-0.0056640196762323975,nan,0,461.1415429751973,0.3502826040308682,0.0038130916603567886,0.0321044921875,-6.757788321524122,1.3169233373932578,0.004883743446384804,-0.0019578837109247484,0.00016767767157086408
0,260,532480,68.932641915977,-0.005775454624789577,nan,0,458.75243689977503,0.3525316799394335,0.0020322481417847384,0.0103759765625,-6.81110804346028,1.5582122680674004,0.006632177770788197,-0.0002717896026629531,0.00018571865998174067
0,261,534528,68.98733291588724,-0.005675631272435265,nan,0,447.14510611147495,0.36518695184279215,0.00294924746522767,0.0191650390625,-6.865057861064002,1.5735466295484084,0.006148611929284382,-0.0008312863378628346,0.00022968081216643253
0,262,536576,69.03961012489162,-0.005683795326038652,nan,0,461.45823889788363,0.34079062208190203,0.006758162605997035,0.0955810546875,-6.7671799065998455,2.113981262205297,0.0027685709635806863,-0.004069426897141603,0.0001416359082448899
0,263,538624,69.09177475003526,0.006288676559077935,-6.0724779302103284,8,379.90249544223525,0.36831346995138964,0.0018656113033586111,0.00390625,-6.812039336954434,1.4147166426052369,0.008135254723199311,-0.00021324934966659125,0.0030729294718229395
0,264,540672,69.14518962497823,-0.005704549385703172,nan,0,460.07024781866664,0.3573815118282051,0.003973190561562326,0.0419921875,-6.837267784694816,1.352705248207958,0.004407952200693305,-0.002515379572291523,0.00017212797658002155
0,265,542720,69.19952062494121,-0.005658442851738202,nan,0,464.6856088332147,0.3521572376911824,0.0044601299810716755,0.0455322265625,-6.718838378962602,1.577523115342315,0.003433849315419043,-0.003368292691957779,0.0001666072568284379
0,266,544768,69.24993974994868,-0.005832186725122084,nan,0,463.6230778886229,0.3843830079537115,0.003371365430608724,0.0338134765625,-6.6793922734393005,1.4663099183960828,0.005702582862185092,-0.0010911759247609295,0.00022873302701344262
0,267,546816,69.30672016600147,-0.005673875006476014,nan,0,461.6289676030744,0.34926038151520244,0.001550392722813712,0.00439453125,-6.627803253937369,1.5991848696074569,0.00715281709600104,0.00044509451455140023,0.0001598386550245406
0,268,548864,69.36276504094712,-0.005642687351963565,nan,0,457.5918474074571,0.3628530012148727,0.005323330984544524,0.066162109375,-6.635892973247024,1.8288612195838598,0.004308494956800923,-0.002428809858946086,0.00020282368499996775
0,269,550912,69.41755745792761,0.006171519222062538,-6.072738330247144,8,377.5482330063494,0.3501100277835,0.0045800515394578325,0.0609130859375,-6.666755946714174,1.7047518210460246,0.00522131487218558,-0.0028366089736827443,0.002782335798308307
0,270,552960,74.40634433296509,-0.005704352797873697,nan,0,463.6347913519832,0.3645568436043233,0.0017125522784602067,0.005859375,-6.501487261116342,1.5648286937512275,0.007239717393807748,0.0005837394497909439,0.00030898136580092455
0,271,555008,74.45931641594507,-0.005656731013427733,nan,0,464.07414974796,0.3567600510542122,0.001215460768097859,0.0028076171875,-6.558049108075842,1.717135480036057,0.006863584216150009,0.00021135284573463894,0.00018836452467904994
0,272,557056,74.50993770803325,-0.005738105750794446,nan,0,456.67680120712623,0.3710840240189061,0.003029939672716902,0.0250244140625,-6.553577336952034,1.455855793778816,0.005914060295458321,-0.0007517255583997405,0.00022441703381205025
0,273,559104,74.56205195793882,-0.00573524986458473,nan,0,459.5450152749912,0.34716836504630477,0.0029015289025106404,0.02001953125,-6.5353903745849244,1.8139745306155675,0.005779544963697789,-0.0008373184826484387,0.00016294614352261168
0,274,561152,74.61354820802808,-0.0056920369516119985,nan,0,459.428688624757,0.35793681221086027,0.0028554570967735697,0.020751953125,-6.4872427672317885,1.6926784458948276,0.006370859176368045,-0.00020565132298327928,0.00017853546423907433
0,275,563200,74.66664258297533,-0.005702063622637715,-6.068228284070703,8,466.0921312324153,0.3541447514528613,0.0029811291542060623,0.0194091796875,-6.560005609849137,1.5354624055116497,0.0057327841482686884,-0.0009052911481473875,0.0001561393731338796
0,276,565248,74.72022849996574,0.006302328010154268,nan,0,369.9630040864312,0.3597522620205037,0.006122770842447265,0.0771484375,-6.65311111949364,1.767832828409944,0.006215339871279815,-0.002032327509612724,0.003189112522797798
0,277,567296,74.77283791592345,-0.005674030556479819,nan,0,456.88491826319813,0.33929182343549,0.0031198706607548023,0.024169921875,-6.706263363919177,1.7057113319507287,0.005732161461707229,-0.0010757558927159388,0.00020330798100797663
0,278,569344,74.82310129096732,-0.005685923955595134,nan,0,457.7088169051032,0.3480512268889996,0.004210690920263731,0.0416259765625,-6.635309830193185,1.6574181067435207,0.0058123847187922534,-0.0009047831697013868,0.00016371611660091087
0,279,571392,74.87464600009844,-0.005733331864069828,nan,0,456.3995310313351,0.34878960387128355,0.005267450575568584,0.0599365234375,-6.611752242811271,1.6966308058669315,0.003915950437692087,-0.0027773645353085913,0.00016312546037881024
0,280,573440,74.92750545800664,-0.0056663640174007095,nan,0,462.17041534556284,0.3359793858187309,0.004687547765332689,0.0498046875,-6.474976932127511,1.8221141455112286,0.004493192637613744,-0.0020609048020806377,0.0001582410151337418
0,281,575488,74.98058266588487,-0.005716490268602232,nan,0,461.8838703971708,0.3722745422488175,0.003400777051918765,0.02294921875,-6.444579608515158,1.4169836401498588,0.004178116191308983,-0.002350868647542827,0.00016881046067330406
0,282,577536,75.03218683297746,0.0063304855560740855,-6.0448841546728715,8,368.6232861467648,0.36040196050441115,0.0032694900098600493,0.0347900390625,-6.40659794667515,1.5348898676400389,0.007572934689972566,-0.00019416187551237135,0.00272099723761957
0,283,579584,75.0819466249086,-0.005696544315134703,nan,0,466.77499152325987,0.339361423156891,0.0035556744484133073,0.0435791015625,-6.410669292603242,1.7540394448157361,0.0055315115365853216,-0.0009507940290209536,0.0001432725460060666
0,284,581632,75.1314969160594,-0.005724409809906057,nan,0,449.1076716135998,0.3542847752919468,0.002645106580055163,0.0133056640625,-6.371230845159662,1.3349647410044512,0.006132367502679701,-0.0003319263766990519,0.00018612606843818538
0,285,583680,75.18241116590798,-0.005724943826538713,nan,0,464.6104828682336,0.3627296846031003,0.0035627001804760155,0.034423828125,-6.461451430558352,1.9842424843235937,0.005860124511347332,-0.0006982948689121327,0.00019393589940222436
0,286,585728,75.2353428748902,-0.005645273380602206,nan,0,459.7181303183378,0.330616255748647,0.005584301602936466,0.067626953125,-6.493779892225554,1.6327072112799632,0.00423116834085246,-0.0023484677235829027,0.00017171234441961904
0,287,587776,75.28941362490878,-0.005658057369714412,nan,0,464.25059142158386,0.3443528226206949,0.0034717762760630958,0.025634765625,-6.4298688722917445,1.2751606846783923,0.005004213534319292,-0.001491526535628198,0.00013174239531149725
0,288,589824,75.34480654099025,0.00632445728752009,-6.010870852028144,8,371.80951565154913,0.37887353124973633,0.004433016692168432,0.04736328125,-6.493594678633771,1.7621531572607885,0.006129313573248028,-0.0017217835487201927,0.0027150048866689007
0,289,591872,75.4081656250637,-0.00565602816271512,nan,0,462.1740931371435,0.33646470089662633,0.004309835060302783,0.048095703125,-6.547523766783647,1.693737266947256,0.004654904988308754,-0.0019761545168947847,0.00016707147683977846
0,290,593920,75.47005666606128,-0.005748152307860984,nan,0,462.0735193047948,0.34993578617240834,0.003204305416740498,0.020751953125,-6.57216578667417,1.3597497073316602,0.006384520220515121,-0.00027897474680036284,0.00018265836128262346
0,291,595968,75.57409558305517,-0.005717743353120919,nan,0,447.5152988316158,0.3910001485758694,0.003361320760049567,0.0318603515625,-6.582940990332446,1.743973799569567,0.00584932931870348,-0.0008488986647516897,0.00023057398624544623
0,292,598016,75.63313508289866,-0.005741203814794746,nan,0,457.01228775304634,0.3639666733359539,0.006760101134114625,0.08740234375,-6.535999460408515,1.9632219369784016,0.0013876866287687428,-0.005254256762585024,0.00021188786189050679
0,293,600064,75.6866079159081,-0.005709982057326306,nan,0,465.74181399744117,0.36326188600027187,0.004162020139801108,0.0438232421875,-6.550569594189551,1.320533513242629,0.006071608399877209,-0.0005649399466735542,0.00017195750472242654
0,294,602112,80.6695726250764,0.006266592802660677,-6.078913696029223,8,377.21146427353125,0.3703357276826804,0.001655335966080519,0.0067138671875,-6.474443611758039,1.6683087287844547,0.007727261849650001,-7.477066435362684e-05,0.0026551778044911784
0,295,604160,80.7242624158971,-0.005704220328311196,nan,0,461.66167313958,0.3423960134852847,0.004359108143022849,0.04833984375,-6.465691769931533,1.7612990425632171,0.004326704790785977,-0.0022089650212446296,0.00013995608419814978
0,296,606208,80.78047550003976,-0.005689678251006263,nan,0,460.5174322295142,0.356000866857059,0.0037808284275523533,0.0350341796875,-6.426459520200867,1.6714401583805918,0.005621374036744184,-0.0008770513634352422,0.00014393175995711826
0,297,608256,80.83522237488069,-0.005676615927327988,nan,0,464.0058948693278,0.34532882357271266,0.004989730941034984,0.054931640625,-6.376785505064103,1.704237200039062,0.0033759380221975513,-0.003088262037603087,0.00017482910947306667
0,298,610304,80.8897500000894,-0.005755855583466286,nan,0,459.13687533830307,0.36784444016557766,0.006329228213975482,0.0836181640625,-6.241398996089287,1.951716918549562,0.0035059730097416844,-0.002839129851504398,0.00020740773031359028
0,299,612352,80.94331941590644,-0.005624581265362316,nan,0,460.0866939274825,0.3483478864902151,0.004161130624167984,0.040771484375,-6.205624606009997,1.498817986859402,0.00451403555856884,-0.0017810717052492327,0.0001789653156161508
0,300,614400,80.99848916591145,-0.005790122535976404,-6.06134775676499,8,451.19376099291185,0.37264004286666796,0.004202438754762398,0.0396728515625,-6.254674390564866,1.65713937339668,0.004000309078546692,-0.0023599440600686242,0.00021115749610089887
0,301,616448,81.05705287493765,0.006322123535715107,nan,0,381.4136810344964,0.36117157811436584,0.005726277875294434,0.0667724609375,-6.191736671008535,1.5935679105371436,0.006405960411073507,-0.001083750171669503,0.002595947823468955
0,302,618496,81.10966195794754,-0.005772066950642121,nan,0,458.2662710004654,0.37580399293887534,0.003115401902845029,0.0263671875,-6.283791621001656,1.4714949918281528,0.00576848259491685,-0.000629712332603314,0.00022880661303701424
0,303,620544,81.16427979106084,-0.005783270571769429,nan,0,461.9649168216199,0.3763070696931905,0.000230524946784844,0.0,-6.322694171190641,1.6208189092399088,0.006943619544992953,0.0005091088560049244,0.00022363303559477446
0,304,622592,81.2197503328789,-0.005646989614323422,nan,0,463.8573797857481,0.357596491157525,0.005187759092754292,0.0540771484375,-6.303472221873454,1.709518247681404,0.004007870318800871,-0.002393563641171752,0.00019592347619833378
0,305,624640,81.2749705829192,-0.0057285490669182065,nan,0,467.0290705702727,0.3423375754194684,0.003010087263460823,0.021484375,-6.427526569764151,1.7341849582874784,0.006031772455052881,-0.00047325629469262493,0.00015500435996271343
0,306,626688,81.32962658302858,-0.005748611632058661,nan,0,453.0090683497539,0.3673940206670748,0.0048580157155325935,0.0477294921875,-6.461841669213556,1.9245341382031365,0.005877064553649238,-0.0006911018763201124,0.00021264952151158902
0,307,628736,81.3823312909808,0.006331607726497849,-6.086493363875343,8,380.256697894255,0.36839818391631984,0.004179493540622182,0.0421142578125,-6.392973963639529,1.7239446470166295,0.00708949329403421,-0.0005732535069951947,0.0025395456747797475
0,308,630784,81.43757633306086,-0.005697232860428683,nan,0,463.29493429990765,0.34221323712696883,0.0016413234228996676,0.0054931640625,-6.424352288700694,1.7554848455549528,0.006627842545990766,0.00013649744540813178,0.00013398562376388065
0,309,632832,81.49130204110406,-0.005726656062526284,nan,0,465.0084734284595,0.3532927744599362,0.0015818536633014396,0.003662109375,-6.454576656484614,1.708402828405048,0.007185604763284418,0.0006574132189346468,0.0001472297757303187
0,310,634880,81.54739987500943,-0.00572681914941762,nan,0,462.24839510283374,0.3650280823661844,0.005280550033778565,0.0684814453125,-6.477498959535465,1.9534753097743998,0.004360413509060276,-0.0022028736125346404,0.00017157632411890527
0,311,636928,81.60079041589051,-0.005669776431697764,nan,0,468.2988400326283,0.3446538206986656,0.00519224562286899,0.0604248046875,-6.615671909754578,1.9352920348058202,0.004391170826757069,-0.0022851794603793406,0.00012135675476366652
0,312,638976,81.65974049991928,-0.005709442851222204,nan,0,465.1642728432479,0.3580162285358403,0.0024883366007054037,0.018798828125,-6.429623588914299,1.4502539212052894,0.006545740871979547,-1.4837953029340958e-05,0.0002619104721891813
0,313,641024,81.71351437503472,0.006254051882302152,-6.046267679075345,8,374.96041784831823,0.3659429479187978,0.003367724848216423,0.044189453125,-6.54061850672662,1.228336408433672,0.007481217771672094,-0.00043747715772016627,0.002756152845331281
0,314,643072,81.7742268750444,-0.00565064350458801,nan,0,463.94940022317485,0.3344753791202254,0.004261236154439574,0.0389404296875,-6.555840746375358,1.3743508279044838,0.004131305032223413,-0.0024947602398091868,0.00014044905131448127
0,315,645120,81.83325729100034,-0.005691603908092227,nan,0,458.22811884329906,0.34544700937775286,0.004458938093167676,0.04248046875,-6.6460466117024275,1.768966615237733,0.0032875044513651433,-0.0034324702484331256,0.00014785617619168242
0,316,647168,81.88963737501763,-0.005692047862242096,nan,0,461.59192042681417,0.34070378427507025,0.002876190086166417,0.0203857421875,-6.650559272230337,1.5363104319583267,0.005458629362089426,-0.0012686867039420878,0.0001535135876023513
0,317,649216,81.9446310410276,-0.005686010297379736,nan,0,461.3186562420621,0.3471234364638788,0.004256045256763471,0.046875,-6.723165265027415,1.7385706370976866,0.005464458113106296,-0.0013379101275919375,0.00015840595134163549
0,318,651264,82.00056345807388,-0.005687199290646348,nan,0,464.49327399964614,0.3514003774137391,0.001307025024205817,0.004150390625,-6.730251567974948,1.7366970931948535,0.007531924143887932,0.0007190283475855127,0.00016528845665494596
0,319,653312,86.8781538750045,0.006326662570258195,-6.028724984309516,8,379.77557130373725,0.347596604567434,0.00407467310863723,0.0489501953125,-6.681763027442211,2.0549539004341644,0.008866526049210528,0.0009281899763109652,0.0025131460909147037
0,320,655360,86.93215883290395,-0.005695239767766378,nan,0,461.48859622553323,0.3561995658471684,0.004515775930802623,0.046875,-6.699288362109483,1.9051591139677864,0.0043064333522091144,-0.002476476869861685,0.0001672437199226293
0,321,657408,86.98809887492098,-0.005764841832412956,nan,0,457.9177247685189,0.3687227948905797,0.00331187403310639,0.0299072265625,-6.769730857457563,1.9027968239757356,0.006032712438447022,-0.0008294900349487752,0.00018494323187646938
0,322,659456,87.04288712493144,-0.005670703153503997,nan,0,461.9224603168808,0.3481097582492081,0.0031826056354673418,0.030029296875,-6.65794435400225,1.6382340660188608,0.00596445391892624,-0.0008250656158114108,0.0002631503614708017
0,323,661504,87.09502054098994,-0.0056903780069786835,nan,0,460.1978014344582,0.3482577797085983,0.0015954228087536148,0.00537109375,-6.641724262887124,1.6786780711117242,0.006298500029546403,-0.0005346146263241402,0.0003827807859668393
0,324,663552,87.14830945804715,-0.005672619047598221,nan,0,452.9835863817287,0.34666130195076394,0.003197393979472306,0.023193359375,-6.733207617285946,1.5180043852687646,0.005002420866315256,-0.0018076211812419283,0.00015366886054247707
0,325,665600,87.2012855829671,-0.005704480606387218,-6.051182581719495,8,465.5234721502402,0.34301419257059323,0.0005538026063084014,0.0,-6.766727225709651,1.4673137492485269,0.007153500655934956,0.00031448206074659465,0.0001445827389574176
0,326,667648,87.25448829098605,0.006206937174806323,nan,0,381.1443538941624,0.3906088142484218,0.004014261831491814,0.05322265625,-6.786076783661679,1.6853210794704914,0.006111381036918485,-0.0019590079126462472,0.0025686243318061067
0,327,669696,87.30714450008236,-0.005673769472791607,nan,0,466.62058592394567,0.3469215288968018,0.0011381439476550442,0.003173828125,-6.809900812862417,1.806089872048235,0.006874912262189902,-9.621231407178164e-06,0.00014926536146932638
0,328,671744,87.36289387498982,-0.005615697081169628,nan,0,466.90083947818476,0.333065946805679,0.0034385988714471833,0.036865234375,-6.794015621159213,1.7465965610603837,0.005304178196438809,-0.0015749915825048581,0.00017030831556890947
0,329,673792,87.41428008303046,-0.005774589384124409,nan,0,464.7622804114768,0.3437795702534857,0.0005281483280313933,0.0001220703125,-6.755854549005516,1.5061651459213632,0.007066745750592518,0.00018686735502620967,0.000248047693121583
0,330,675840,87.46991162491031,-0.005687219430055961,nan,0,462.31441048595764,0.35735274216589813,0.00429966816937721,0.04443359375,-6.763762078942202,1.715958832850859,0.004366587793119079,-0.002526049467594632,0.0002577503635430178
0,331,677888,87.52145787491463,-0.0057066829796098735,nan,0,459.9896817077396,0.3655322164254461,0.004840814260169307,0.0634765625,-6.689719494380025,1.9533570540621241,0.0041031450529871675,-0.002695271433340222,0.0002173939838947303
0,332,679936,87.57493108301423,0.0063104692501897534,-6.06059206827142,8,379.2517011124334,0.37803557824535217,0.003910257500662379,0.032470703125,-6.746686495342265,1.5266667805274277,0.006764843545744026,-0.001218773472605069,0.002473861046013653
0,333,681984,87.62786708306521,-0.005725065862666207,nan,0,462.3747072874667,0.350009240965608,0.00435083106781854,0.0545654296875,-6.7035343228421995,2.136650169608113,0.00414169823955184,-0.0026725650841867496,0.00022145800179278286
0,334,684032,87.68117933301255,-0.005689198657463336,nan,0,464.7506090180122,0.35150097852351647,0.0026861685673525955,0.01318359375,-6.807714595417931,1.5609908563082855,0.006451412844021466,-0.00044255023758790974,0.00017249697238289307
0,335,686080,87.7338896249421,-0.00563564900323838,nan,0,460.56592219957355,0.33239489309798825,0.0021068381768981027,0.009033203125,-6.834234831734374,1.7211132818365482,0.0074553074516037965,0.0005400055087133862,0.00016213422231207416
0,336,688128,87.78592766588554,-0.005730337591434414,nan,0,461.2134031292857,0.36630408732874237,0.006531719089189687,0.0819091796875,-6.8282224936044535,1.775633649764096,0.0018694128682895887,-0.005047381823629661,0.0001771443966295944
0,337,690176,87.83850558288395,-0.005677073834362233,nan,0,467.67135883109654,0.3625786765285822,0.0016952205668496548,0.003173828125,-6.853959765257224,1.594682920232016,0.007362183773989257,0.0004226257232087102,0.00017119657104664522
0,338,692224,87.89339362503961,0.006101436206839041,-6.074225742829944,8,383.50980861645473,0.4032512908776032,0.003949063152368077,0.04248046875,-6.925300320010549,1.4869070074197563,0.007044577382056326,-0.0011496001625984215,0.002537754449288398
0,339,694272,87.94672333309427,-0.005652846420233117,nan,0,460.2528599665114,0.33758077067433795,0.002815246392021682,0.0213623046875,-6.854171869324777,1.412039521106389,0.005300321449614224,-0.001650874896928263,0.00019404895443541863
0,340,696320,88.00591195793822,-0.005662101545200228,nan,0,461.30151250211594,0.3496966347003604,0.003735361872162182,0.04638671875,-6.786392303005945,1.6440990826208217,0.006169554109088822,-0.0007079991687186575,0.0001823219496030726
0,341,698368,88.06074670795351,-0.0056200504138578435,nan,0,458.0209069875256,0.3387753805923235,0.006713498447028897,0.0948486328125,-6.806935107393428,1.8031498021866432,0.003266217361669396,-0.003610758865043825,0.00014008223863959526
0,342,700416,88.11340445792302,-0.005788906381100944,nan,0,459.80457795264294,0.3429630585260122,0.004502663925092282,0.050537109375,-6.795957886454768,1.5974366353703289,0.004606738771133855,-0.0022580621395727205,0.00013768604850361292
0,343,702464,93.0518284579739,-0.005633527716675619,nan,0,463.64996148448324,0.3265201131509991,0.004932476671768778,0.0565185546875,-6.774447738050425,1.6446924689086253,0.004063784334602182,-0.002769935602107411,0.00011854439731833223
0,344,704512,93.10487470799126,0.006282288868542289,-6.025295179666759,8,379.9274073639809,0.37735991139386066,0.006918780843302563,0.099853515625,-6.77169884987608,1.557068315797039,0.003214697830577996,-0.004806838270122717,0.00249967450164926
0,345,706560,93.15711700008251,-0.005754351733639043,nan,0,467.2189414542606,0.353171172855088,0.001165878124278776,0.00341796875,-6.777526880205056,1.647773706852237,0.006870174892309819,-0.00013036837127701918,0.0004460327667635603
0,346,708608,93.20993662509136,-0.0056911946267667116,nan,0,459.69272040413824,0.35868786803812647,0.00170037859959425,0.00390625,-6.7281057676861,1.6121263393975247,0.0066753507758522315,-0.00015296247137884175,0.00020041495908994624
0,347,710656,93.26273908303119,-0.005688323535288941,nan,0,463.11542695591163,0.3345160330814574,0.0017587520987999814,0.006591796875,-6.688858006387022,1.4620541726838958,0.006134215886100362,-0.0006397143818335452,0.00017014452309376395
0,348,712704,93.31799408304505,-0.005670964582101123,nan,0,464.8367573328154,0.35465435993038785,0.0027702323084983853,0.01611328125,-6.603014599854181,1.6255117894351083,0.005577829362692901,-0.0011052242207407379,0.0001600779671589128
0,349,714752,93.37213529087603,-0.0057056283006524725,nan,0,459.11833196249347,0.34725080107685025,0.0026347590953553985,0.013427734375,-6.654902803095442,1.976130021921394,0.0057143833077199484,-0.0010378920757561413,0.0001947451607612998
0,350,716800,93.42545562493615,-0.005722350452357392,-6.058612770361371,8,461.7333433431738,0.346299847217036,0.0036347886054127667,0.0413818359375,-6.775441474845803,1.8389649387671314,0.004037063853827649,-0.0028238948609220454,0.00017103447980777947
0,351,718848,93.48313741595484,0.006347987483895558,nan,0,376.45322720459893,0.3476967989768055,0.006118761543553312,0.0867919921875,-6.781661656711891,1.6042085878938754,0.004661955454225311,-0.0033629988467793357,0.002486585288585511
0,352,720896,93.53748691594228,-0.005714188052983393,nan,0,459.1996645151546,0.34390378810614297,0.002242697475296033,0.017578125,-6.859655827701511,1.6007282333577635,0.006679003080618126,-0.00033576048248154815,0.0003102154707963267
0,353,722944,93.5891782909166,-0.005707227010346819,nan,0,456.0722834244196,0.35811363569241905,0.003106438996279038,0.02685546875,-6.902968504287829,1.8351506311964176,0.005677220509046698,-0.0013164268691238795,0.00018135774776549893
0,354,724992,93.64271649997681,-0.0056539392479483894,nan,0,465.5561895146271,0.3369053060684998,0.0034109533365119524,0.0224609375,-6.985352735222964,1.4712474121590002,0.005840739057205901,-0.0012012168095697408,0.00011320626310534982
0,355,727040,93.6949302079156,-0.005711837574225083,nan,0,464.54324541919146,0.3547905754126439,0.003068347520989393,0.0238037109375,-7.04825466481372,1.4358915814465203,0.006001685114509989,-0.0011204682787161401,0.00014779745682481736
0,356,729088,93.74717199988663,-0.005680551849001366,nan,0,467.0884446306499,0.3355896962674283,0.0028273519117891885,0.031494140625,-7.017826492348341,1.8246023439044023,0.006776246247862323,-0.0003072500692809224,0.00013133964958980852
0,357,731136,93.80055549996905,0.006218666316820055,-6.049046167741734,8,378.6658346827077,0.36158730898443187,0.004275710077081184,0.0382080078125,-7.115538900345362,1.9177044388923803,0.007056413854047237,-0.0012127785325901307,0.0023073069725840093
0,358,733184,93.85345691605471,-0.005655181658512131,nan,0,463.2005164462348,0.3356031983625013,0.004255943101224133,0.0491943359375,-6.957635824985238,1.8474159973193394,0.005225333973392073,-0.0017959565413199268,0.0001273093794535236
0,359,735232,93.90563599998131,-0.005637562607683612,nan,0,464.3724931392706,0.3449079215288442,0.0035144679862918653,0.0362548828125,-6.942131457977686,1.5783863421930868,0.004952227088171093,-0.0020553675284749606,0.00013092631733673367
0,360,737280,93.95824383292347,-0.0057608241166427435,nan,0,462.2484314543278,0.36418201779660164,0.0030856495789536556,0.0224609375,-6.926735324649424,1.7536855953051664,0.005088076686512741,-0.0019280153690967704,0.00017871346192017745
0,361,739328,94.01817637495697,-0.005753823263957539,nan,0,462.5442092444293,0.3696943272708288,0.0013655408346116547,0.007080078125,-7.005877597937315,1.6027431920730508,0.007285411592655163,0.00018524670891037053,0.00018857457161495467
0,362,741376,94.07853437494487,-0.005758293499948795,nan,0,459.4622300777417,0.36668880049269553,0.0003121930131081993,0.0,-7.010224565100932,1.4924428437817583,0.007361050263977686,0.000240607646017868,0.0002204361057177719
0,363,743424,94.13075795792975,0.006356681858152528,-6.0587656357690145,8,380.92902724213866,0.32981061358759584,0.0030379449105662364,0.0230712890625,-6.958063135504194,1.4773601572447381,0.007654956889221386,-0.0004323989444076084,0.0022585853962496
0,364,745472,94.191345582949,-0.005679966577725406,nan,0,465.5559952719234,0.336433328079912,0.005138967115814547,0.0576171875,-6.965153173211644,1.739398184005888,0.004073921402679264,-0.0029734753701097186,0.0001644871991546814
0,365,747520,94.25217408291064,-0.005722816621485397,nan,0,468.33386679649215,0.3512187402961563,0.0030902031068958087,0.0244140625,-6.996366175710675,1.73140399005804,0.004843202060963093,-0.002231539111860292,0.00015674999422541773
0,366,749568,94.3086612499319,-0.0056208777212790155,nan,0,456.7675246275342,0.3370352915280969,0.002569343250899794,0.0201416015625,-6.839499650713977,1.5084834851922513,0.006163358499209277,-0.0007492770552095327,0.00014627180740966664
0,367,751616,94.36259966599755,-0.0056782760889548135,nan,0,459.31704461096314,0.337083416691886,0.0020772114465792586,0.008056640625,-6.942393991559806,2.0021944219678125,0.0063516381560478116,-0.0006477838892759106,0.00011405610752783833
0,368,753664,99.36037612496875,-0.005607498515433939,nan,0,463.7440605195491,0.3372385716790307,0.002421431081809402,0.0177001953125,-6.840382371142875,1.5241015350710472,0.005067594242343484,-0.0018395376965932662,0.0001334991355877558
0,369,755712,99.42195691587403,0.006262954187416301,-5.9995249676413644,8,385.8410692313667,0.3500503786822213,0.004177588553068103,0.0611572265625,-6.9087377799486145,1.6311931609462413,0.007103226660180694,-0.0008932608924412319,0.002175499545346618
0,370,757760,99.47797895804979,-0.005698716958505202,nan,0,463.08934343625106,0.3466205510188205,0.00594708384074525,0.072998046875,-6.916918752656706,2.0607831300457957,0.003304773447980361,-0.003690944898803992,0.0001575991882552964
0,371,759808,99.53605033294298,-0.005669391773399551,nan,0,466.65284892496584,0.32071270216687264,0.0049584948672551496,0.0657958984375,-6.891678446587171,2.0172646617109082,0.003949599081014052,-0.002996976893141304,0.00010979505513637394
0,372,761856,99.59092995803803,-0.0056907317818075025,nan,0,464.7454243980341,0.3505708779203638,0.002414389852891486,0.0103759765625,-6.93300731341172,1.9928632748465547,0.00673125772663744,-0.0002771160183503295,0.00015073286315209938
0,373,763904,99.64390745805576,-0.005686962095706646,nan,0,464.95467117604966,0.3367796256113583,0.0016782306555283252,0.008544921875,-6.983808197057263,1.7486845114466065,0.005888783558285319,-0.001160429621494573,0.0001308099654452618
0,374,765952,99.6987604580354,-0.00570940736014323,nan,0,463.6576328904183,0.34040388424873136,0.00021528857208405212,0.0,-6.838653064376743,1.4449996477053668,0.007173300791050815,0.00026648603414348125,0.00013632338506118684
0,375,768000,99.7528869160451,-0.005677117553891379,-6.030622162172044,8,464.79535222930167,0.34075897989650594,0.002711917957746541,0.016845703125,-6.897220164117174,1.7037699213893778,0.00636683687721914,-0.0005928559572130575,0.00012494534063004823
0,376,770048,99.80658616591245,0.006327866416617473,nan,0,378.42484648472396,0.34139396818184164,0.0009659819136776594,0.0001220703125,-6.908182990583903,1.5060455968350492,0.008125517074076737,0.00010918761497607024,0.0022162929370335292
0,377,772096,99.8609852080699,-0.005693001287637303,nan,0,453.1175848743022,0.3446944875920259,0.002432426462138493,0.0115966796875,-6.949264462922041,1.9221985405156596,0.006042767964902714,-0.0009729838721529473,0.0001329747482672405
0,378,774144,99.91618800000288,-0.005697942545999911,nan,0,459.6619580742907,0.3449394883703477,0.0027727548337847744,0.02197265625,-6.887339252420523,1.818563200916417,0.006299961646297449,-0.0006510870999343905,0.00012741898762263414
0,379,776192,99.97105754096992,-0.005685658974701921,nan,0,463.7077396268922,0.346409414937459,0.00397471133781159,0.03515625,-6.897018189959175,1.8396636115162135,0.003697580877131116,-0.0032727160391248424,0.00014655745259356472
0,380,778240,100.02540404093452,-0.005600381561679788,nan,0,460.2610072161467,0.3179776362989896,0.0029727068037292284,0.0302734375,-6.804364957220703,1.9248449070677394,0.004012989566007646,-0.0028508181622885747,0.00011888554215103706
0,381,780288,100.07746620802209,-0.00570252647114984,nan,0,458.959156569705,0.34735434419500727,0.0005162805551921864,0.0001220703125,-6.88545943196679,1.6219708774604862,0.007227157118963103,0.0002747291447281752,0.00013393708453627245
0,382,782336,100.13629824994132,0.006307956154893336,-5.999849989564643,8,385.32253522967517,0.3631932506142955,0.001173379806311433,0.0040283203125,-6.931731807297194,1.6937274132368445,0.007046908358046514,-0.0009728099370816985,0.0021759729756620338
0,383,784384,100.19193329103291,-0.005637218812155977,nan,0,463.5551044995119,0.3268309962412248,0.0034363858943253223,0.0303955078125,-6.9957804134856945,1.8711337739135239,0.006497929092277349,-0.0005575883245620408,0.00011947400670739171
0,384,786432,100.25881900009699,-0.005680694904302149,nan,0,464.4192759881531,0.348570328610024,0.00029518601816012766,0.0,-6.94467720886737,1.7515924228451591,0.0074086313212742795,0.00039270082351600165,0.00014250657778181087
0,385,788480,100.33289545797743,-0.005682169888240684,nan,0,463.6969105027284,0.3444174406388726,0.002035845054974691,0.0106201171875,-6.9545326415760105,1.6193078818191087,0.005949509893683619,-0.0010656573468594086,0.00012126919793403088
0,386,790528,100.39809587504715,-0.00569652997857625,nan,0,462.0801235601711,0.3251525426119971,0.0005440415987338423,0.0010986328125,-6.939869286046659,1.6326475488472882,0.0071607566387209085,0.0001657301409690344,0.00011031442341042833
0,387,792576,100.45570295793004,-0.005703957756573152,nan,0,459.2840936389082,0.3573553413226861,0.003157002795372236,0.0296630859375,-6.905567289213165,1.7605661867596059,0.005420358332481288,-0.0015619658032840775,0.00015351369310439864
0,388,794624,100.51595799997449,0.006348906454183312,-6.016884614797131,8,370.93196101862844,0.3461257791063448,0.0029873949496841586,0.0201416015625,-6.889816548630758,1.9305952455708764,0.005933031048321131,-0.0020637763024596197,0.002213981604299987
0,389,796672,100.57152962498367,-0.0056677872733603245,nan,0,462.7689061630087,0.3390832738406149,0.0006382797715054328,0.000244140625,-6.975575210054274,1.878718892928315,0.007027561570637029,-9.214184109278007e-05,0.0002882564033510678
0,390,798720,100.62667012494057,-0.005683460364371531,nan,0,460.2350423264286,0.3414404373254589,0.0005299715617844772,0.000244140625,-6.963881117788171,1.6118462763604255,0.006881033889015951,-0.00016971358898329372,0.00017373272042215055
0,391,800768,100.68012004089542,-0.005650179095289972,nan,0,457.33764087780594,0.3443345349950056,0.0035352039828782243,0.03515625,-7.042382774071749,1.715526185513229,0.005044529267916863,-0.002079617500559034,0.00016352798880830212
0,392,802816,105.59628266608343,-0.005661178942840257,nan,0,465.83033881511244,0.33869386433662746,0.001685227704861363,0.00634765625,-7.057840310702235,1.6409120715481724,0.0061842645864341565,-0.0009308914068895616,0.00011463136524296251
0,393,804864,105.6492315409705,-0.00572833945558042,nan,0,463.0875029401909,0.34894757058339637,0.0009006978911491766,0.001220703125,-7.1232082702729755,1.5252944552015162,0.006701708806647218,-0.0005041683494994428,0.00016533777174736604
0,394,806912,105.70514404098503,0.006256406338457206,-6.039323037676892,8,379.7742085457988,0.3848555565509053,0.005858342220337267,0.080322265625,-7.174402864240388,1.8588485800085124,0.006387735142849592,-0.001876436003972822,0.0021795365651640477
0,395,808960,105.75880729104392,-0.005684961044173423,nan,0,458.3771128789585,0.33845630254895315,0.0038298672844646648,0.0328369140625,-7.2564633851887725,1.9095639225338947,0.005733204454745532,-0.0016009478352574397,0.00015537780962839427
0,396,811008,105.8115618750453,-0.005735637288072028,nan,0,457.51530905513516,0.34497400972621906,0.0035173404020258183,0.02978515625,-7.250533691325129,1.7886623207522585,0.007131616533276422,-0.0002026435768919645,0.00016745283768651576
0,397,813056,105.86742783291265,-0.005681314471290189,nan,0,461.3278689566912,0.350724244057253,0.0024198341656301164,0.0159912109375,-7.293810074589777,1.714389822351463,0.006829760151744737,-0.0005439767550172504,0.00015985366434441949
0,398,815104,105.92051258287393,-0.00568201205719926,nan,0,455.4278470266674,0.3359949914181116,0.0038115108066803446,0.0360107421875,-7.304438516505012,1.7218712908614853,0.005712545138078561,-0.0016631382797573013,0.00014248980266170377
0,399,817152,105.97359983297065,-0.0056756315468923565,nan,0,464.9440709931506,0.33196178283887534,0.0012132499282618574,0.0032958984375,-7.268010018984887,1.840496613321863,0.007325241540739812,-1.0693796209666762e-05,0.00013585063592917788
0,400,819200,106.02869224990718,-0.005663141404397018,-6.021405336606437,8,460.8693255442015,0.3323933424166621,0.003605041338774665,0.0355224609375,-7.333207975601523,1.8549188172745565,0.006032516582170861,-0.0013651284477149213,0.00012887410856851942
0,401,821248,106.08587579103187,0.00630693961533465,nan,0,379.2109415497668,0.36624315836895605,0.004150359139150589,0.0506591796875,-7.353040618743956,1.5913236141497955,0.006747455086871723,-0.0016756059869115093,0.002140040910078556
0,402,823296,106.14084495790303,-0.005699030104458614,nan,0,467.55613272086754,0.3432020007231665,0.004621871478978032,0.0538330078125,-7.304640629339465,1.7941665748639788,0.00681332149423643,-0.000552033160740496,0.00012142805127492498
0,403,825344,106.19399929093197,-0.0056448396511415925,nan,0,466.5686441992871,0.3286633647979025,0.004777121913531374,0.0615234375,-7.407441982717617,1.8043899094254017,0.0042795967183271305,-0.0031957616397308396,0.0001358327506807066
0,404,827392,106.24704766599461,-0.005726154839719087,nan,0,456.5002461420874,0.3604869746371582,0.001798893533827573,0.0098876953125,-7.38788551265519,1.652991103749918,0.006673808131324493,-0.0008150166724052409,0.00020187858214909136
0,405,829440,106.29973958292976,-0.005708624571893037,nan,0,461.10241117377564,0.3488467982189165,0.0006418314063893881,0.0,-7.368338872229309,1.6728834447000391,0.007561326842222177,0.00012120241963665783,0.00014357110071242348
0,406,831488,106.35522520798258,-0.005617561236808135,nan,0,463.7282295324619,0.32716543299564776,0.0003108954077690008,0.0,-7.372788157475179,1.52099336194965,0.00750494118960378,6.71624972549377e-05,0.00012998106974732777
0,407,833536,106.40813229093328,0.006264354035951881,-6.042816104774831,8,383.9313356605388,0.35434113023359953,0.005407971365321201,0.071044921875,-7.366231979450619,1.6062292706674537,0.006094518258988762,-0.002324945555147095,0.0021064636693704742
0,408,835584,106.47232370800339,-0.005811729504951805,nan,0,456.8579861990421,0.3746949727760931,0.0036488704843474153,0.0311279296875,-7.35426032755975,1.820529142590407,0.006148348763053618,-0.0013068907215186753,0.00020195831402508444
0,409,837632,106.5297752909828,-0.005650356575391448,nan,0,461.05579217874225,0.34008391588898246,0.0019467439231927973,0.0120849609375,-7.328801209627727,1.8983168222615614,0.005588567165037853,-0.001811177501275586,0.00014188691337142356
0,410,839680,106.58529616589658,-0.0056775728701824475,nan,0,461.2584383684051,0.33252838436093834,0.0011760208348084885,0.0028076171875,-7.178458104735673,1.7071332901282839,0.006492236655035299,-0.0007494597999868667,0.0001264767005729837
0,411,841728,106.64171920809895,-0.005685558787386798,nan,0,456.8960775737683,0.3524379097368656,0.0024400777681748307,0.0186767578125,-7.32583186597126,1.5233604869037363,0.004946934803616062,-0.002451672762392503,0.00014555140007460802
0,412,843776,106.69863308290951,-0.005679254451720723,nan,0,463.9967352163238,0.34142824639173686,0.0005744115240493841,0.0,-7.327133305324003,1.7707472240153161,0.007388260728822315,-7.550583054722823e-06,0.00013735601310606521
0,413,845824,106.75259420787916,0.00629143635481603,-6.028478835134587,8,383.6367721482963,0.35700244082569427,0.0007417983361993106,0.0,-7.397471030611424,1.4108036351195077,0.008902227141095872,0.0004660877615802368,0.0020773366978084212
0,414,847872,106.8057231248822,-0.005711487264006704,nan,0,463.970636552925,0.36451646329253273,0.0017612489021407874,0.010986328125,-7.408112947328865,1.597947687159269,0.00648975141851478,-0.0009966400121914855,0.00015655696675480774
0,415,849920,106.86326125008054,-0.005692338193830374,nan,0,455.1098796370643,0.35981460302087975,0.0009624478331450452,0.001220703125,-7.418326680308397,1.5808491032912066,0.006925758147056315,-0.0005730987199662162,0.00016106037342827206
0,416,851968,106.91603379091248,-0.005725368698167163,nan,0,463.87644497055066,0.3597910552172982,0.0009085869968343754,0.0006103515625,-7.375808534870071,1.5126759814139987,0.00741345272196072,-4.610597482201419e-05,0.00016750032382532385
0,417,854016,112.09595725010149,-0.0056808582610010355,nan,0,469.3095869051977,0.3322546715481224,0.004176926120318983,0.0467529296875,-7.398687562402403,1.5930922040104267,0.006364584509180376,-0.001097041681864642,0.00012587725728522778
0,418,856064,112.15894716605544,-0.005653688397727767,nan,0,466.7928543647605,0.3395173728448547,0.006403835239894148,0.0850830078125,-7.368671895419471,2.118541472945299,0.0023484241067496187,-0.005086616076031493,0.0001327365747232789
0,419,858112,112.21474641608074,0.006362855856059312,-6.037625244048839,8,378.1297585390461,0.3442112230636406,0.00231960771396091,0.0201416015625,-7.284123467410977,1.8992952878683627,0.00690047965011818,-0.0014390018494015897,0.002110716064217582
0,420,860160,112.28229662496597,-0.0056382221506897845,nan,0,466.6911556519239,0.3356870928681759,0.0022452340412873156,0.0179443359375,-7.282131218356769,1.430177742928108,0.00662400216286656,-0.0007383239738081946,0.00016038983663597142
0,421,862208,112.36347037507221,-0.005741421711799557,nan,0,461.40321543967997,0.3396580699403902,9.631941500962401e-05,0.0,-7.287786296017069,1.437739602967752,0.007515685395200869,0.00015481381059825276,0.00014617057717109091
0,422,864256,112.42696787510067,-0.0055846423516643755,nan,0,460.08193499645796,0.3355021602442416,0.0009094749673433495,0.00146484375,-7.296826630336462,1.5429087881972938,0.006979701473553726,-0.0003836066055132401,0.00013296289746100832
0,423,866304,112.49270641594194,-0.00578199337648109,nan,0,468.3742331101065,0.3490346031027858,0.0037908934105889518,0.043212890625,-7.347426312582919,1.5769245621680938,0.0043005544655706635,-0.0031098535413093017,0.00012596338859409255
0,424,868352,112.5623786249198,-0.005673727372368841,nan,0,464.2737252026431,0.34578879479309654,0.0007779132054994934,0.0001220703125,-7.385618019048854,1.5364606332744817,0.007133011564117633,-0.00032569350174906867,0.00014617409363569506
0,425,870400,112.6203077910468,-0.005707157389852547,-6.023176302206496,8,456.95930353040626,0.35915059887353656,0.0006937700769604179,0.0001220703125,-7.433691731946347,1.8423674061210695,0.007230376065613872,-0.00028584285903250715,0.00016505438540006227
0,426,872448,112.67247191607021,0.0063228592165871485,nan,0,377.5631514393978,0.356837860897571,0.00035027621318602575,0.0,-7.4129939350217295,1.6431722456059248,0.008611989022566121,0.00015296575063784325,0.0020920586738130934
0,427,874496,112.72564658289775,-0.005739413111059055,nan,0,461.1455199146856,0.35437732770253505,0.001227075719788555,0.0023193359375,-7.357772045223994,1.698822388130631,0.006902601878126904,-0.0005280289318267684,0.0001457175294593556
0,428,876544,112.77806879091077,-0.005626645139587867,nan,0,458.1833639559223,0.34219842760780006,0.0038267715027817417,0.042236328125,-7.374741419423275,1.5557346633912408,0.005870133746395386,-0.001586871985039511,0.00016452862402324862
0,429,878592,112.8331537079066,-0.005712468456391787,nan,0,462.7113585831089,0.3426729100403316,0.004629390075294492,0.0545654296875,-7.308998796259751,1.79740660942041,0.004656021699654316,-0.0027164626413645676,0.00012697108951826148
0,430,880640,112.90449370793067,-0.005644927679490454,nan,0,468.60904862747054,0.32419625343509556,0.0028804351740666194,0.02099609375,-7.263319306320205,1.5277448021698588,0.005808293206617887,-0.0015123374478721637,0.00011462269633968729
0,431,882688,112.97749125002883,-0.0057103832049431955,nan,0,464.2554047519817,0.344393865487082,0.0005521965097328575,0.0009765625,-7.303053354528263,1.665165076341089,0.007234010243446429,-0.00013600624561660923,0.00013392626906954947
0,432,884736,113.03827674989589,0.006298585474367964,-6.026102875498523,8,376.3864173024879,0.35378708761653893,0.0028831040054161797,0.030029296875,-7.329784493752271,1.5912967549802557,0.006238616556300206,-0.0021313244805674526,0.002080313086230773
0,433,886784,113.09774299990386,-0.005630531969337148,nan,0,461.7927131239382,0.34001986825011127,0.0011182111453984863,0.0045166015625,-7.386212635452376,1.4319907719437115,0.006655951039526897,-0.0007960927489447439,0.00013166230603853268
0,434,888832,113.1576212910004,-0.005671516583407242,nan,0,465.0344545714644,0.3395733511339038,0.0005321861163817847,0.0006103515625,-7.410316916584676,1.4952012318507402,0.007335899327540486,-0.00013919217594725417,0.00012954917380612822
0,435,890880,113.2172037078999,-0.005733374612478132,nan,0,455.36103474836045,0.35117891240419463,0.0025490578575043422,0.0140380859375,-7.3787441699249365,1.5002830256473056,0.00621698305786691,-0.0012424257119122732,0.00016132919970849859
0,436,892928,113.27702204091474,-0.005674628455841159,nan,0,463.4484488383862,0.3409206889837818,0.0009035272711804478,0.000732421875,-7.350657386260792,1.911149291649597,0.006573460599998126,-0.0008402867086598114,0.00012617984479428902
0,437,894976,113.33561679092236,-0.005680210115840418,nan,0,464.46667319773843,0.34726097990185434,0.0012694745443870236,0.0025634765625,-7.33248072676512,1.4944667208419173,0.006330215685193706,-0.0010845922992988076,0.0001646545154547843
0,438,897024,113.3914291660767,0.006357724662474326,-6.00371049737632,8,374.6859744631117,0.33871864086760894,0.0005591985882494263,0.0,-7.272972904939476,1.7462294341028115,0.007418046264432359,-0.0008452198270420125,0.001980586373069793
0,439,899072,113.4474927498959,-0.005725162715764341,nan,0,462.5839382718679,0.3490505712161191,0.0023801490959759154,0.01513671875,-7.263293855907851,1.8244578164186762,0.004874699416078409,-0.002467837274974417,0.0001584856702899487
0,440,901120,113.50390229094774,-0.0056616402839483725,nan,0,460.2206754536864,0.35798363150400014,0.0005541974045185658,0.0,-7.229108579945288,1.5027081424437783,0.007414245038786895,9.130693660095758e-05,0.00018765904448129128
0,441,903168,118.21245104097761,-0.0056983278396909,nan,0,462.67239488519203,0.33699612982147126,0.0015228386098587018,0.003662109375,-7.30657222016902,1.7610355743559358,0.006461092405200761,-0.0009072488337515229,0.0001235380375665352
0,442,905216,118.26334816589952,-0.005680502069962241,nan,0,459.0609659600379,0.3372051262140614,0.001877002601243411,0.0130615234375,-7.3119497080872335,1.7041795587909432,0.00615191492360565,-0.0012285944106970679,0.0001371192524309671
0,443,907264,118.31373620801605,-0.005711045243673503,nan,0,461.9848075391066,0.3571933887202412,0.0013532579366595026,0.0047607421875,-7.34867475852702,1.9944134099982507,0.005099802475702934,-0.0023231251594717697,0.00014850575329536923
0,444,909312,118.36498212488368,0.006281085667466545,-6.042755424204229,8,382.8066032189463,0.3606176315275684,0.0036597005733790622,0.0440673828125,-7.385019242568976,1.6835781556209348,0.006589329600403463,-0.0018289382345933053,0.0020664971848555844
0,445,911360,118.41529295803048,-0.005674434498959427,nan,0,462.3980309426134,0.3398259784195555,0.005508830759304056,0.077392578125,-7.429885637089134,1.8447768962203712,0.004664941354404467,-0.002852440324322118,0.00017499208327490613
0,446,913408,118.47510829102248,-0.005639158021402375,nan,0,458.2641752749501,0.3358460948109351,0.002644601004896883,0.013427734375,-7.445539529966204,1.8804150512647095,0.007941930378881194,0.0004367042529213024,0.00011937319198737119
0,447,915456,118.52562679094262,-0.005671981085759019,nan,0,467.541620280622,0.3311443818691761,4.4227580911550425e-06,0.0,-7.412228367350865,1.6940475046136245,0.00755813598331202,8.99880072982263e-05,0.00011183921732586111
0,448,917504,118.57630095793866,-0.0057018509080172305,nan,0,466.5635642490266,0.3434162916346522,0.0013414534432196323,0.003662109375,-7.376731829001135,2.078786230523005,0.005321625337298718,-0.0021190555893218456,0.00012789819523885822
0,449,919552,118.6272789160721,-0.005623354810663792,nan,0,456.2895736909507,0.33028777585000874,0.0009494556298235636,0.0009765625,-7.468998759498996,1.7905362145873376,0.007139989605048929,-0.0003908172992807622,0.00012361628966139147
0,450,921600,118.67819395801052,-0.005718373369760677,-6.0092680426220095,8,461.52630094040126,0.3541711209052903,5.673598252366263e-05,0.0,-7.491174239697878,1.675859690671872,0.007637627152383508,6.303227284460734e-05,0.00016684127968204568
0,451,923648,118.72867520805448,0.006335605796247645,nan,0,379.0237766114008,0.35167709595193664,0.0006076781126777662,0.0,-7.499387335865928,1.857026753093125,0.00881949233351088,0.000311780580834951,0.0020166488336200014
0,452,925696,118.77872441592626,-0.0056695822846376705,nan,0,462.96211365218534,0.33862425033621285,0.0007823883587367168,0.000732421875,-7.491407086311444,1.7250392387134412,0.007030637356820788,-0.0005413511802070912,0.00016116290143287183
0,453,927744,118.82971670804545,-0.005682376565082168,nan,0,465.54937487102694,0.3332994565862124,0.0033767441396428508,0.03857421875,-7.461784076213383,1.7473022379421885,0.004520732171284655,-0.0030043988598335257,0.0001266939098095964
0,454,929792,118.8860476249829,-0.005707093393740968,nan,0,460.8767008197491,0.34589938493732764,0.0009762043101417036,0.0020751953125,-7.468602937720082,1.8099040176959629,0.006841427579909602,-0.000700428452897436,0.00014650619017391223
0,455,931840,118.9364598330576,-0.005675610020634821,nan,0,448.8177179823515,0.3612311233744722,0.001968296857505089,0.0125732421875,-7.440028048285184,1.7791714858901075,0.005759846279362234,-0.0017731699332864366,0.0001859763287269736
0,456,933888,118.98761150008067,-0.005701048420174361,nan,0,460.41324035091816,0.33003543615551334,4.022652899073982e-05,0.0,-7.4339192889497685,1.714202367823332,0.007652822406193618,0.0001535961968441614,0.0001306138407993716
0,457,935936,119.03902954095975,0.00636161965539505,-6.021726708605799,8,380.6086430873884,0.35933315205671346,0.00010913199803486719,0.0,-7.467999010078876,2.2529993274089257,0.007954261843076212,-0.0005226498509847853,0.002017825367964241
0,458,937984,119.08963854098693,-0.005757926965526406,nan,0,463.4268785054244,0.35172958369673496,0.001032792002602275,0.0035400390625,-7.467811117561013,1.9252310719017396,0.006654020820398257,-0.0008868181977966577,0.0001460558012678043
0,459,940032,119.1404523330275,-0.005645140663954032,nan,0,463.289636925145,0.3244676297215613,0.0034069955092813926,0.0306396484375,-7.526410808214306,1.6242592896408317,0.00502441099695501,-0.0025599975213618483,0.00011599542020510574
0,460,942080,119.19352662493475,-0.005663002708633649,nan,0,458.1029001639832,0.32892524172441734,0.0004792341803007853,0.0,-7.583836020976366,1.6832616641768687,0.0071065637906935885,-0.0005416600018152834,0.00012877554306501695
0,461,944128,119.24434208287857,-0.005673988815321933,nan,0,467.6042158812876,0.3414495217991109,0.000172670047889278,0.0,-7.505286367177325,1.6310865756254944,0.007448556570948816,-0.00011500919287424772,0.0001165587932914777
0,462,946176,119.29648783290759,-0.005685326169355197,nan,0,463.5124780277963,0.3532112495709542,0.00023339037246857897,0.0,-7.557241378812167,1.8473983562570657,0.007803538136577099,0.00017528231237945967,0.00014202889077094305
0,463,948224,119.34877316607162,0.00623649692672998,-6.0212896407952226,8,378.97851432713236,0.35457402787665854,0.00014373483138360358,0.0,-7.532553075379729,1.577703938424901,0.008232569515885843,-0.00029253840157759383,0.0019851096841674125
0,464,950272,119.39857083302923,-0.005634960031249862,nan,0,463.6617749874423,0.3425138454713019,0.00017238541890750276,0.0,-7.477350619096727,1.724317432939483,0.007216168347249086,-0.00032808457214782497,0.00013380460060036998
0,465,952320,124.01986550004221,-0.005692840985880205,nan,0,461.3830321171807,0.33739438642125646,0.00046158525239703505,0.0,-7.447779689363124,1.6380714987165916,0.006940136141611636,-0.0005794321133370276,0.00014357713117107705
0,466,954368,124.07277041603811,-0.005651667871603512,nan,0,467.844390863493,0.3528109797700259,0.00012718525484036147,0.0,-7.490721478966866,1.2478803342384066,0.007503734282302884,-6.1955784483478e-05,0.00014993717563899824
0,467,956416,124.12531049991958,-0.005758222937513576,nan,0,464.5294724763621,0.3645164019529149,0.0004401014809904152,0.0,-7.417274346349107,1.8062201438713457,0.007301297457185679,-0.0002025756169218517,0.00017319745551684618
0,468,958464,124.17731787497178,-0.005681416552434735,nan,0,462.8252575037509,0.33362771450621953,0.00034899990070834527,0.0,-7.439106614579133,1.6874986823307787,0.006438811861059865,-0.001069186536776929,0.00013778356651531946
0,469,960512,124.22933241608553,0.0062590180733781515,-6.04184090977207,8,380.14575907178045,0.38034777722670876,0.001497767297903012,0.0067138671875,-7.470366358197134,1.3399750481802852,0.006944463401552805,-0.0015128756442710882,0.001973945375253517
0,470,962560,124.28052733303048,-0.005703824265348911,nan,0,465.09196581162394,0.34952162750517424,0.0003208955032741299,0.0,-7.5741883330578235,1.7348632415895513,0.007000446701499602,-0.0006348367315732279,0.00012219020003000986
0,471,964608,124.33248454099521,-0.005727610720303911,nan,0,460.1669665505296,0.37429287575814635,8.363059333537981e-05,0.0,-7.550861723771497,1.7283544702200182,0.007786385640484833,0.00013575635441206296,0.00019953512460254782
0,472,966656,124.38552333298139,-0.005690095578238456,nan,0,465.25693195642,0.35201934819913283,7.203901784815875e-05,0.0,-7.515199853561656,1.6442773793912306,0.007481404911424256,-0.00010840853932057122,0.00014922719436633996
0,473,968704,124.43733275006525,-0.005736132200364881,nan,0,465.9920799893167,0.35162159180176655,4.241426335106146e-05,0.0,-7.503490399241299,1.646390979508194,0.007543013961868267,-3.0465449655393134e-05,0.00013997802456472346
0,474,970752,124.49022887507454,-0.005661715469308732,nan,0,461.80935144536323,0.3373749237585545,3.895448691684714e-05,0.0,-7.550812073783985,1.6726021844279395,0.007534931157074204,-9.06812396269871e-05,0.00014960064583441303
0,475,972800,124.54277350008488,-0.0057333699096113015,-6.066237032582033,8,460.6530381768821,0.37305226455312296,4.6007127146277036e-05,0.0,-7.596768796762758,1.6741279689234458,0.007607016162016541,-8.82529319330825e-05,0.00019700059437372788
0,476,974848,124.59434695797972,0.006308696386247802,nan,0,382.3343857938695,0.34572183792276023,0.0004904498024288827,0.0,-7.536519049802424,1.7530373402389081,0.007883800049015226,-0.0006290769401898527,0.001952715878805308
0,477,976896,124.6460210410878,-0.005672942635409481,nan,0,461.87689535230976,0.3616522374934903,0.00014351224863970978,0.0,-7.540129455938378,2.0467621212474527,0.006984651670517722,-0.0006352991244420797,0.00015964267804284297
0,478,978944,124.69768587499857,-0.00574021852174603,nan,0,461.9174905796062,0.3627615506285732,0.00020124145536580312,0.0,-7.5667674126844275,1.7462607877559637,0.0074858964628890575,-0.00015711374162500095,0.0001524855836592635
0,479,980992,124.75058833300136,-0.005685450649528223,nan,0,464.20933387563935,0.3431548617955888,6.025053631404138e-06,0.0,-7.567072880380907,1.7464720872086357,0.00764726072047874,1.617719297453135e-05,0.000128021294246602
0,480,983040,124.80310883303173,-0.005682903654499218,nan,0,465.42408949187336,0.3295514081857356,4.9263731404556406e-06,0.0,-7.553796617593173,1.3726556284292355,0.007582820185879548,-2.785894564147611e-05,0.0001137650278556952
0,481,985088,124.85529337497428,-0.005667312844940836,nan,0,467.5389621960667,0.35282380614916536,0.00016385490431749042,0.0,-7.5430618782017955,2.4266442424936456,0.006652598088195249,-0.0009649492409944311,0.00014897090197577419
0,482,987136,124.90760520799085,0.006243807355242015,-6.049483695025848,8,384.2018682413797,0.3496912228687165,0.0002400960701829619,0.0,-7.530692588223117,1.9930269558318592,0.008013027471925742,-0.0004928458237388183,0.0019503614148828864
0,483,989184,124.95930966595188,-0.005669263377111157,nan,0,467.2693183750641,0.3318465542333084,9.652962057780736e-05,0.0,-7.501926699708415,1.7583207263076939,0.007374550564528345,-0.00017589191607026594,9.703156178038938e-05
0,484,991232,125.01060704095289,-0.005696627702992499,nan,0,461.1737888110432,0.34705860337259814,7.2885471791991695e-06,0.0,-7.556605146355928,1.5957068963699936,0.007535511589162605,-9.027629714628699e-05,0.0001383654799059286
0,485,993280,125.06206429097801,-0.005677583948756037,nan,0,466.13403687180096,0.34305850183826037,6.678604635091084e-05,0.0,-7.522741522999314,2.233405021905557,0.007110422721125082,-0.00047756517228581853,0.00013049274082317414
0,486,995328,125.11277787503786,-0.005619846371812355,nan,0,457.86748081653644,0.32671528793402915,1.135701140743685e-05,0.0,-7.471305559290935,2.0048429243201706,0.00751482943096754,-2.9278011081789986e-05,0.00014560376551679295
0,487,997376,125.16585395787843,-0.005788451003960828,nan,0,460.9622242630916,0.37494898853972214,5.693964876112034e-07,0.0,-7.541016767845418,1.8384855282903887,0.007637026070103641,1.8094811853557654e-05,0.0001558289808093295
0,488,999424,125.21729045803659,0.006332205462643478,-6.015529114815087,8,382.0008617318184,0.34956435496602645,1.196452284082548e-06,0.0,-7.547470938479984,1.4980129895073948,0.008515247123270765,-2.1520619349141117e-05,0.0019785936082798456
0,489,1001472,125.2669116249308,-0.005671628027258123,nan,0,460.2533735653673,0.3537292971390617,3.360537242252823e-07,0.0,-7.5416905764255375,2.0354670447093355,0.007592124697026675,-2.4372213663051163e-05,0.00014961266852837472
