seed,update,environment_steps,elapsed_seconds,mean_step_reward,mean_episode_return,episodes_completed,minimum_tension,mean_command_speed,approximate_kl,clip_fraction,entropy,gradient_norm,loss,policy_loss,value_loss
1,1,2048,6.846771499840543,-0.005327084860387727,nan,0,-175.376384434756,0.4799044653642559,0.008666416751012505,0.132568359375,1.187920336516795,0.7269601122232234,0.004818177268402472,-0.014504387514566472,0.04102097023897148
1,2,4096,6.898829291807488,-0.006337128263683531,nan,0,-156.91106339955738,0.4847473102725423,0.012808737537887088,0.1881103515625,1.1946763913899936,0.9475796075990724,-0.0021634312635054965,-0.018262973753674354,0.0345884377631177
1,3,6144,6.949570624856278,-0.00519977151582364,nan,0,-166.77292147681166,0.4760277854133097,0.009466429694947792,0.1436767578125,1.1692387344121982,0.9774422247782955,-0.00019146978334614803,-0.015406309234393784,0.03276815637091966
1,4,8192,6.999840332893655,-0.004755559690866553,nan,0,-195.06863442489208,0.4737634632216889,0.00969427034317401,0.150146484375,1.1559706483961907,0.9224348626455776,-0.0035057194420073665,-0.016159925350542895,0.02762035311386344
1,5,10240,7.049634707858786,-0.004988462413761118,nan,0,-184.082920138364,0.508340821315101,0.011565102078078303,0.1690673828125,1.0972760720171997,0.9959597529462503,-0.004562287015281618,-0.017321289911239924,0.02771255793595101
1,6,12288,7.099010417005047,-0.005648118871095254,nan,0,-191.8383922260161,0.5150551265304281,0.009171427714308079,0.1357421875,1.0916393457068465,0.9042656657064836,0.0038466972866580853,-0.012437732085965866,0.0347521374366616
1,7,14336,7.149324500001967,-0.00022746436638559908,-8.312800290483416,8,-193.89764436848324,0.46528129374203586,0.0100518761725359,0.1485595703125,1.0125750148549015,1.0470094190889339,0.002636151724686507,-0.014457652090113886,0.03621275765931059
1,8,16384,7.198687041876838,-0.005578783851292093,nan,0,-191.9241136303134,0.4678334973080547,0.011767250059902352,0.1842041015625,0.9394469574088304,1.0545110918175005,-0.0074999524750547185,-0.019884920169857143,0.02664882930442251
1,9,18432,7.248508332995698,-0.004622486880624613,nan,0,-191.37364257394222,0.47632816580464166,0.010678200064769055,0.1651611328125,0.8408010964161367,1.0706931531375576,-0.005520141364292486,-0.01636878399440445,0.02337888745305621
1,10,20480,7.299156666966155,-0.005689668054384393,nan,0,-198.3572971652449,0.4921721287307546,0.008374250679924849,0.12451171875,0.733648880478801,1.1323943758097295,-0.004521356493290215,-0.013275394985709692,0.018975374745796556
1,11,22528,7.3489722919184715,-0.005562097717249689,nan,0,-190.01575016051427,0.44072962644492286,0.01024072017428877,0.1490478515625,0.664369875977631,1.2676515431473163,-0.007469395785052601,-0.014389549011053736,0.015169046203957532
1,12,24576,7.400745457969606,-0.004892721799470126,nan,0,-191.14048372493454,0.4675061741090393,0.0088425720248361,0.136474609375,0.5387338797584722,1.0484777361685724,-0.0082247384580708,-0.014726232238070958,0.014080455319517259
1,13,26624,7.451609957963228,0.0017029055970110844,-7.5796593683971665,8,-177.45743487875674,0.4638641881458292,0.009225860398642479,0.1370849609375,0.444859446079522,1.2423247794638002,0.006880283374055043,-0.009070211507420236,0.03279070865510961
1,14,28672,7.501716707833111,-0.005665251684467015,nan,0,-199.57533609974698,0.4440550116559225,0.009544241292908671,0.134765625,0.3097545704219007,1.264807934810752,-0.008040623712083032,-0.013227374817554035,0.01099301135178581
1,15,30720,7.55176499998197,-0.005342900351478035,nan,0,-197.79549226869395,0.47127476888718967,0.010481685110283273,0.1517333984375,0.18153292618625416,1.121452784712306,-0.009806938103276035,-0.013436751322855805,0.00762269229153205
1,16,32768,7.602128041908145,-0.005354152191475744,nan,0,-175.1164170902312,0.46613837901535404,0.009499564224468654,0.1407470703125,0.05107295400413122,1.3371606458078915,-0.012127814021782037,-0.015537694437601637,0.006921906739647467
1,17,34816,7.65325816697441,-0.005740793255597519,nan,0,-198.9147273108115,0.46923517473944854,0.008197332239550487,0.10986328125,-0.11642112713676334,1.292535134704614,-0.00789278497458641,-0.011149967957046213,0.006281523710646088
1,18,36864,7.703275457955897,-0.005383735177311527,nan,0,-139.35182380322584,0.44728522547785105,0.008158370658373399,0.1131591796875,-0.2628159440353117,1.32635163125973,-0.009246603178181502,-0.012086969324735457,0.005155100405037279
1,19,38912,7.753412207821384,0.004721749920641477,-6.84708555576791,8,-155.34325950170933,0.4884328672080922,0.00675166759775444,0.086669921875,-0.397214331787929,0.9565168925281441,0.014744063768194194,-0.0040310138670138825,0.0367557266068403
1,20,40960,7.804665667004883,-0.006014999728305296,nan,0,-134.09009047967177,0.4476702356752006,0.008566283277215625,0.1263427734375,-0.5191078629260071,1.2493514709886837,-0.009496714869354989,-0.011862638507371175,0.003693631550180357
1,21,43008,7.8556292918510735,-0.005532610582422479,nan,0,-164.08245227427133,0.431855400901502,0.008684746994585803,0.125,-0.6368359641783428,1.2359604560284354,-0.008676948643297898,-0.01091910338607451,0.003210637557196536
1,22,45056,7.910117749823257,-0.005839581388617723,nan,0,-199.78364830488155,0.43221281260175237,0.007228688998587423,0.0986328125,-0.7813799679960296,1.3721890829625425,-0.0064292811758252365,-0.008597147606197677,0.0027729729247528197
1,23,47104,7.960059582954273,-0.0057167084766511925,nan,0,32.9997785152805,0.41978805983297585,0.008195071656082301,0.115234375,-0.8828564325679248,1.3527625930368021,-0.00864234207983916,-0.010581913063588296,0.0021134291023624215
1,24,49152,8.016210292000324,-0.005642779387648811,nan,0,-52.608111981917766,0.4283063124925924,0.005969531141684873,0.0794677734375,-1.042165912961691,1.1987335014113583,-0.006084292047956139,-0.008088735273329616,0.0019245546248235676
1,25,51200,8.0726279579103,-0.005715068735684246,-6.534892859471537,8,99.37716947971582,0.43809096006368153,0.007106204883149301,0.0963134765625,-1.1380494786050146,1.3789128798143255,-0.0035295271802871135,-0.005702428449420659,0.002069703581057064
1,26,53248,12.954505041940138,0.005364090391585841,nan,0,172.2154431988693,0.4568006016765327,0.0048404122498619875,0.0523681640625,-1.2458435593480517,0.9864118203155638,0.01939986479838596,-0.0011971370962867,0.03870231667064923
1,27,55296,13.003466750029474,-0.005905901158383627,nan,0,-44.839326720516254,0.4095144637515977,0.007147922209667377,0.095703125,-1.1443875096279235,1.2705479881867168,-0.007637234021726428,-0.009565794998298337,0.0015683469338879737
1,28,57344,13.052341124974191,-0.005884531553290684,nan,0,82.71996247083229,0.46552195859720136,0.004645583100479135,0.0509033203125,-1.347712652217918,1.1224537695693217,-0.0033693263712912414,-0.005562463000490205,0.0016908479539620917
1,29,59392,13.098680458031595,-0.005618857150387071,nan,0,32.764255745989054,0.4564969267698041,0.00751210756841417,0.0989990234375,-1.450304345754078,1.3711982597185175,-0.007448571675595445,-0.009548801700924866,0.0012998513591506826
1,30,61440,13.14763708296232,-0.005828295754143845,nan,0,-19.306797483143136,0.4251171819492564,0.005637056461716818,0.0706787109375,-1.6308639070676056,0.947905254296608,-0.0028532868701028396,-0.005163491369154008,0.0013586811839671222
1,31,63488,13.196571792010218,-0.005843766369925446,nan,0,141.24668043027708,0.41359592012828866,0.005472944931680056,0.0701904296875,-1.7395947422140337,1.3210381173714294,-0.004765495920585034,-0.0070337845804471204,0.0010573878352961022
1,32,65536,13.245103457942605,0.005759462505542177,-6.416254617609129,8,185.4537602882759,0.4215353846154992,0.004851209949525672,0.052001953125,-1.8335477712834503,1.1867211243502185,0.021255058314885528,0.0003564981864026956,0.03813002471439876
1,33,67584,13.292919041821733,-0.005718298273965321,nan,0,267.670400184016,0.4171729256218583,0.004902920176733333,0.0548095703125,-1.9110433514614074,1.2519616077049596,-0.0005610771719579168,-0.003117469417742185,0.0012906977886457246
1,34,69632,13.340431124903262,-0.005957662921748091,nan,0,-1.3125516184137853,0.4574259340530834,0.005736467290203755,0.0704345703125,-1.9235342898798455,1.3671773484765368,-0.0025198021796156984,-0.005115732166338102,0.0013447913936851137
1,35,71680,13.388662291923538,-0.005701878202961048,nan,0,137.00369181922093,0.4546910219753246,0.00456791842540533,0.052734375,-2.0805505315543416,1.2276703798240263,0.00035773916737608623,-0.0022326052305946076,0.001019587732832705
1,36,73728,13.436473082983866,-0.00578993587390609,nan,0,303.15539208938304,0.4554805541727991,0.006140943929564833,0.0810546875,-2.23581265437517,1.2318490972286902,-0.003580423052420475,-0.006362769555824836,0.0010930676980583811
1,37,75776,13.485686416970566,-0.005774235832592586,nan,0,362.19286537881896,0.4178927338690467,0.004991265769934925,0.06494140625,-2.3040147154291275,1.2033976974288048,-0.0006575541489595655,-0.003368755308662194,0.0008143728885470033
1,38,77824,13.535135957878083,0.005591755075896627,-6.407921632001022,8,290.1708280823201,0.4663440469461241,0.0012840386488431528,0.0067138671875,-2.316998728271724,1.0712110187311152,0.02153424961524706,0.00020329355531129023,0.0380279146633281
1,39,79872,13.583533166907728,-0.005961036269326653,nan,0,352.0244699318124,0.46600135266418385,0.006061684467822164,0.0777587890625,-2.2815399321962984,1.1497501423486796,-0.0002496531372586149,-0.0032653727230593996,0.0014683593072089723
1,40,81920,13.631978999823332,-0.005964424753737707,nan,0,325.39311410048435,0.4361803465932822,0.005397669715251577,0.0616455078125,-2.372421082719442,1.0610471149158514,-0.00013912653490393,-0.003013935085300597,0.0010047749353544518
1,41,83968,13.68050912488252,-0.005779516878602902,nan,0,311.7892039350522,0.4489038853126697,0.004112581731269887,0.039306640625,-2.452164123983655,1.0582611679161817,-0.0012673367877639023,-0.004267853945153403,0.0010967060668116897
1,42,86016,13.725878624944016,-0.0059437496723916934,nan,0,366.4130341673949,0.4221116248045612,0.004131211258141006,0.0450439453125,-2.5338255808943204,1.2678256811097603,-0.00026931839322001617,-0.0032331399625341703,0.0008599919768396706
1,43,88064,13.773765249876305,-0.005643537524088891,nan,0,368.5543605509831,0.42406372200243553,0.005959768927230291,0.0775146484375,-2.6269108796503886,1.365426734348041,-0.0018567893111201212,-0.004826377813419412,0.0006853552452978081
1,44,90112,13.822069332934916,0.005974050903328295,-6.3781708092531915,8,359.328752396792,0.4382968213728384,0.003637635068120859,0.0283203125,-2.6732293570812926,1.0591156524999683,0.021623406956010113,5.034726751782263e-05,0.037799660662822
1,45,92160,13.869978624861687,-0.0059251132716628095,nan,0,391.3117646507822,0.4311156230708072,0.00536991027152356,0.0589599609375,-2.595391402071386,1.2892308398159176,-0.0008702600214250174,-0.004045657923970351,0.0011600130009478916
1,46,94208,13.918631125008687,-0.005835136855471221,nan,0,352.0698842608161,0.4195512117541027,0.0029165224930652834,0.0205078125,-2.7670209740544487,1.1737405798043108,0.0009683723465508933,-0.002176732666634859,0.0007561680782626078
1,47,96256,13.96718508284539,-0.005824775821055026,nan,0,339.33527977368476,0.4287624764648737,0.004754056756267265,0.0521240234375,-2.7660008598400596,1.1164421761391425,0.0008563019631547975,-0.0022904529094038666,0.0007615080254372083
1,48,98304,14.015760541893542,-0.005865907518815943,nan,0,410.97763375474506,0.4072409830849606,0.003424054913381247,0.0313720703125,-2.8824286973207727,1.2853493908060742,0.0026437435589910475,-0.0005259092273884221,0.0005744481781173936
1,49,100352,14.08048658282496,-0.005788044590855142,nan,0,370.1920148877502,0.41805518819341947,0.001047373724242739,0.0067138671875,-2.785610472491662,1.2279315049506594,0.0036308156253825226,0.000490816004553616,0.0007087782966744907
1,50,102400,18.64364583301358,-0.005702660765151128,-6.2870374239808156,8,383.4812318987985,0.37834583967494606,0.005454919867898015,0.06201171875,-2.9113749529788193,1.1224061015320812,4.416637001277823e-06,-0.0031413558862210325,0.00046879514048698206
1,51,104448,18.692852624924853,0.006044447217678623,nan,0,325.9882662546441,0.39610819845591005,0.0009705248381762306,0.0003662109375,-3.0421843906865336,1.3000424313454468,0.02141320199062136,0.00033046564698338944,0.03608110390590287
1,52,106496,18.74113137484528,-0.00573627797026598,nan,0,378.2334360565076,0.38713574838591813,0.003933157940719319,0.0380859375,-2.936733645593801,1.1265496805238198,0.0013313446398956173,-0.0020182395619098193,0.0008257011124232696
1,53,108544,18.79040224989876,-0.005778120166283981,nan,0,402.18435099591466,0.41996779328057027,0.003748686377380828,0.04150390625,-3.0407313770905287,1.230179340091183,0.001102995006094995,-0.0023401437002975693,0.0008048146586040736
1,54,110592,18.83845020784065,-0.005927704822334297,nan,0,345.6272163570639,0.3917088306106861,0.004193870193923565,0.037353515625,-3.129295101853388,1.3194820683635253,0.000490516313822931,-0.0028817486034887867,0.00048593963091665996
1,55,112640,18.88610995793715,-0.0058297729240090815,nan,0,434.6798680609702,0.46415291477873977,0.0031484491912181847,0.0299072265625,-3.145825327106897,1.3109179308658225,0.003412591185501271,-0.00022514908006603194,0.0009838298769208134
1,56,114688,18.934329291805625,-0.005740601782834731,nan,0,416.3705086437897,0.40971371220302727,0.003977599646627523,0.039794921875,-3.173867292926442,1.2513563054951797,0.002073488229515131,-0.0014122724750295643,0.000623786823236501
1,57,116736,18.982080791844055,0.00592309278648113,-6.276721038122652,8,374.1444006188912,0.4278168971097305,0.0047817842602605595,0.0531005859375,-3.21457874685567,1.1591009938090373,0.01948959177030538,-0.0013267141800929298,0.035203454407085284
1,58,118784,19.029179374920204,-0.005771215399360594,nan,0,393.1288057714562,0.4357446031093406,0.0046644465318052535,0.05078125,-3.098624855864423,1.1010593230694963,0.0014695009479027197,-0.0020846406068883855,0.0009110333978533626
1,59,120832,19.0765310828574,-0.00585927592154397,nan,0,437.0120604733396,0.3989981362177395,0.004390854103786345,0.0452880859375,-3.2361796546283945,1.1207115685656461,0.0026477032429248018,-0.0008784592301057442,0.0005799656368043044
1,60,122880,19.125347249908373,-0.005872896629409712,nan,0,418.6997304657342,0.43181716384728275,0.004104028500238768,0.0416259765625,-3.282373339934342,1.2033709040585963,0.0014871571730164217,-0.0021397267025157676,0.0006890210711956986
1,61,124928,19.173298083012924,-0.005809242615924175,nan,0,439.25154464854444,0.44720700624891074,0.004644228319318156,0.04833984375,-3.378036028557607,1.0800901941959475,0.0011346679505005938,-0.0025831723680120105,0.0006796085799099961
1,62,126976,19.22027895785868,-0.005811026276972567,nan,0,432.2651850419996,0.42558928510536664,0.0022433642633139105,0.0054931640625,-3.4819505896709657,1.2178538068524654,0.0041813529894676495,0.0003862347304864366,0.0006263353386204935
1,63,129024,19.267713082954288,0.006130773679324055,-6.290696222426287,8,369.8418258441094,0.39932544307376305,0.003530503125702052,0.0291748046875,-3.5565985287565747,1.1771225368102654,0.01935812573722541,-0.0007313233958639812,0.03306570120866563
1,64,131072,19.315473957918584,-0.005835413073899861,nan,0,434.49092467407786,0.42193688718629363,0.0018310091289547676,0.0037841796875,-3.656864699365112,1.0606580723263779,0.00456413796879915,0.0004498425153659641,0.0009148615081361381
1,65,133120,19.36356358299963,-0.005849091645485407,nan,0,445.8186957511655,0.41723609503802317,0.003666488341745683,0.03271484375,-3.6175403897441534,1.3371029956027214,0.0018985334658375276,-0.002079200845799203,0.0007203878437851555
1,66,135168,19.411587374983355,-0.005777380351319816,nan,0,436.45984231053484,0.38813663942682636,0.003123233344329653,0.027099609375,-3.6584371387829906,1.24876458599025,0.004374893271059211,0.0005064526761580316,0.00042000691223637954
1,67,137216,19.458980582887307,-0.005805679048462202,nan,0,440.89793984209143,0.4284140093371347,0.007264687627371579,0.1014404296875,-3.6552011496036383,1.4394276825166972,-0.00012662101610454515,-0.0040934428060883,0.0006232412807602295
1,68,139264,19.507337666815147,-0.006001205544111108,nan,0,440.97347355312183,0.45005853330262785,0.0039193810462767945,0.044189453125,-3.6812704065927155,1.0891123030786292,0.0018743083524021074,-0.0022011330268419714,0.0007883419453027249
1,69,141312,19.55534129193984,0.006097251806105387,-6.2874070954390024,8,368.3558682372999,0.42895776413476217,0.002606269651297326,0.015869140625,-3.689893675858988,0.9736366656730169,0.01857068054900303,-0.0008874672036273189,0.031536508153542725
1,70,143360,19.603763042017817,-0.0058296061897421675,nan,0,443.8984680006879,0.4217223937892306,0.003615361583213299,0.0369873046875,-3.8076923028022045,1.266333520229829,0.0014322752488819539,-0.0027558925982630704,0.0007609510886856365
1,71,145408,19.65265820780769,-0.005798815981263377,nan,0,439.5715268495671,0.4112307002509973,0.0030635928076376837,0.0189208984375,-3.7805862593129596,1.3168790288514853,0.003938298804842108,-0.00016506916681963092,0.0006455634246975627
1,72,147456,19.701040957821533,-0.00587335055281002,nan,0,437.18058956973,0.43365640658124704,0.004254392545961352,0.0489501953125,-3.8012309025345132,1.4148416560436679,0.002355279848560963,-0.0018404128228862553,0.0007889235378254152
1,73,149504,19.752486999845132,-0.005732449952721654,nan,0,449.9168883675586,0.42639987241987587,0.0027326420512507124,0.0113525390625,-3.8899486000582235,1.218607529990217,0.004015267073500938,-0.00014476804556315826,0.0005401730380117458
1,74,151552,19.80231437482871,-0.005943474508560179,nan,0,438.05323125665956,0.4207988042442463,0.0018343556980979718,0.003662109375,-3.947916313466494,1.291775798118132,0.003936509208071209,-0.00032284147760238465,0.000622868744414201
1,75,153600,24.38128558290191,-0.0057738288054617675,-6.274357000348052,8,443.8724030572948,0.4109199276415248,0.005649823202986363,0.07421875,-4.004694525974546,1.1802200196419412,0.001562202622492407,-0.002672701979222622,0.0004604201514809635
1,76,155648,24.434987166896462,0.0060897525143698015,nan,0,372.09730853744225,0.44185577900233336,0.005516008198105955,0.06640625,-3.9542988616174406,1.1742308044554024,0.016978024044667,-0.0014460289968253313,0.02893950835974978
1,77,157696,24.486255916999653,-0.005841092588716779,nan,0,451.48508973587917,0.4293941621832069,0.0008304435035881239,0.0001220703125,-4.076411625125836,1.2645470708852506,0.005069656819643332,0.0006308425982292538,0.0007248051925764833
1,78,159744,24.53794337483123,-0.005866413277069924,nan,0,440.2643980170323,0.4136669421221748,0.004300679281127689,0.0452880859375,-4.038041952929766,1.3746457036003543,0.0020510077753132473,-0.002391251666655882,0.0008084349780787242
1,79,161792,24.592798124998808,-0.005876240410361085,nan,0,447.0019186987113,0.40486553936476305,0.0018677383896084944,0.0079345703125,-4.131584105437335,1.224183671790465,0.004729827609977489,0.0003165056077654143,0.0005634757935494845
1,80,163840,24.644357749959454,-0.0057301243798266645,nan,0,438.26040811611307,0.39077746911667155,0.002057600512154171,0.0079345703125,-4.264832144339644,1.0239129268708749,0.004021866667450283,-0.0004164497703421531,0.00034696858690558366
1,81,165888,24.701097124954686,-0.005869827680644432,nan,0,442.12374661761294,0.4076631539626061,0.0038759023965907915,0.040771484375,-4.287453727663083,1.0627247497900103,0.003190586001429927,-0.001336793250855832,0.0004798510492453523
1,82,167936,24.75265287491493,0.006275306718240836,-6.243237342544187,8,361.8284731541355,0.405148737555524,0.0029285298187840744,0.0201416015625,-4.370734217334579,1.2004781651758176,0.01685512508981261,-0.0016899211735166182,0.0283486240919893
1,83,169984,24.801393166882917,-0.005843378580888594,nan,0,448.40873303198083,0.43100393724251773,0.004718118328271999,0.0556640625,-4.398338609977232,1.3003347098754408,0.0026215566767729542,-0.0021975735763071257,0.000841583286205698
1,84,172032,24.850233082892373,-0.0058962110460234265,nan,0,452.547799371329,0.4186371219149501,0.0037416180646991665,0.0255126953125,-4.4696698193534665,1.3029617685027213,0.0038226347436272523,-0.0009228075844691622,0.0005515450174858974
1,85,174080,24.898159082978964,-0.005757135778577484,nan,0,448.76208039785655,0.40316899356650304,0.005147918863224941,0.0628662109375,-4.393328525876139,1.3784771776712132,0.001160661623394163,-0.0034776460997122576,0.0004899583944605634
1,86,176128,24.946751874871552,-0.005754698409691131,nan,0,437.8147804717729,0.4061116346060721,0.003705970960151703,0.033935546875,-4.4785001273549945,1.246906584193852,0.0026619035435605422,-0.00204732320452059,0.000461453241452271
1,87,178176,24.99466666695662,-0.005699666591920742,nan,0,453.9415472973455,0.3816151966053146,0.00305529725192912,0.0177001953125,-4.528327728541702,1.0267947683016512,0.004530261026012148,-0.00017560741306413795,0.0003550814210691685
1,88,180224,25.044007416814566,0.006159620005286288,-6.223844881563828,8,365.5438757714943,0.42106015227404997,0.0038151421411688562,0.03564453125,-4.419204057594314,1.3122267330763893,0.01660034871862437,-0.000486375959067779,0.025335041240195675
1,89,182272,25.097349707968533,-0.005822589708151669,nan,0,448.50906394968325,0.40794176475454913,0.004054329247265244,0.03857421875,-4.337000986752647,1.226473164255653,0.002646026202484605,-0.0024047674101495115,0.001427585251762939
1,90,184320,25.145908624865115,-0.005812634858611342,nan,0,453.1237808221549,0.39818449562844616,0.005212104478193309,0.0587158203125,-4.4548561048566455,1.1622103675252224,0.00135338873459054,-0.0033391602488678845,0.0004753857572035547
1,91,186368,25.194931583013386,-0.005803606012772911,nan,0,452.9115633952591,0.39583861989371044,0.006738843358438086,0.0927734375,-4.463512669842382,1.3082461106026315,-0.001194368646010878,-0.005903682376795412,0.0004916021218843112
1,92,188416,25.24251937493682,-0.005760462213048047,nan,0,443.81886974035854,0.4330543427080783,0.005524013193775329,0.0643310546875,-4.493061900705689,1.3236840116412996,0.0020838802118561517,-0.00273505283440541,0.0006517422911117443
1,93,190464,25.290107375010848,-0.005834545653337011,nan,0,448.2400211261567,0.422623383041689,0.003403949556757362,0.0384521484375,-4.543678668453795,1.2934589156401197,0.0037947750235484395,-0.0010883480366645692,0.000678888783518426
1,94,192512,25.338091125013307,0.006055959370236304,-6.242015052778793,8,366.3918066198056,0.44002858147167356,0.004903318997740921,0.05615234375,-4.602928073181912,1.2026496248596983,0.015480459927092217,-0.0008226688783318442,0.023400401464484296
1,95,194560,25.386307041859254,-0.005828984166473311,nan,0,450.9616149540231,0.4254843820020962,0.002033158209924184,0.007080078125,-4.698064224103493,1.1373157514985195,0.005215844013137757,0.0001536872128085117,0.0007281851524514936
1,96,196608,25.433353082975373,-0.005877431419878597,nan,0,452.82158311859683,0.42356804435394657,0.0025114076401417055,0.013671875,-4.621719342006134,1.443680967645062,0.004454714647683676,-0.00044346102377439784,0.0005529126589038759
1,97,198656,25.484094999963418,-0.005718800579279459,nan,0,455.15157530064,0.3895117831310583,0.004776245680728393,0.063232421875,-4.649426757642496,1.442385884121913,0.002279426858694108,-0.002565668793864311,0.0003913377898318427
1,98,200704,25.536101582925767,-0.00581125131727924,nan,0,439.3506586974046,0.4070168322836406,0.0049314293692855815,0.054931640625,-4.653401280542354,1.2248019721787364,0.003000812477926172,-0.0019489518049339146,0.0005927260046354646
1,99,202752,30.675488749984652,-0.005809399062983047,nan,0,450.2588916566246,0.4080871520401016,0.00528695081409207,0.0626220703125,-4.639450045248571,1.3341256949975229,-0.0006564402965614307,-0.0055490210766684965,0.0005062614697169947
1,100,204800,30.723560124868527,-0.005775273728219585,-6.227639710152236,8,456.8733818952501,0.39475709810763443,0.004620575964619206,0.04736328125,-4.580547265897938,1.2422563070108317,0.005158708545289331,0.0003809042573526501,0.00039451404407748385
1,101,206848,30.770841291872784,0.0061698959964008445,nan,0,376.22727162165734,0.429134123971728,0.003964819967355094,0.038818359375,-4.611581335151884,1.2511596028435163,0.01360287751160263,-0.0016007148995079603,0.02118402215191741
1,102,208896,30.818161541828886,-0.0058106526540719705,nan,0,455.1679946688989,0.3886811983011599,0.0027156224520583907,0.0115966796875,-4.6071733794542915,1.3587311884645343,0.0050612275645278045,0.000157981157277165,0.0005921460555926915
1,103,210944,30.86539754201658,-0.005840163447101228,nan,0,446.9742394130973,0.42510053914863855,0.0039088431912256095,0.0517578125,-4.640436753951215,1.600378886792313,0.005031908289357009,0.00011139331902863163,0.000560156432754322
1,104,212992,30.91435783286579,-0.0058904675387285756,nan,0,448.1885957701174,0.4347875317293511,0.0037877417234026154,0.0345458984375,-4.6765269969190495,1.3978281756544155,0.0032351047069301055,-0.0017326399116641897,0.0005824352433505002
1,105,215040,30.962214791914448,-0.005699305580280574,nan,0,445.23550510314743,0.39188653206705826,0.0036875469164717213,0.0262451171875,-4.6614075252411205,1.2290991203609014,0.003940584266605559,-0.0009717126718000908,0.0005017788263290562
1,106,217088,31.008502332959324,-0.005852637940939128,nan,0,440.55431147001315,0.42831741599864165,0.0030614064054716914,0.02001953125,-4.589422856167355,1.111257712536909,0.004296151182514384,-0.0005653910010394256,0.0005442386547729078
1,107,219136,31.055944416904822,0.006096669370936543,-6.261127413814384,8,369.1020727603536,0.4438547103466,0.002167237153264466,0.01171875,-4.542483776278465,1.0227992267124177,0.01357809365772343,-0.0003961798696693296,0.01886357950222859
1,108,221184,31.103364582872018,-0.005889128666418652,nan,0,449.9857301258346,0.4037015176778965,0.0028934405058956567,0.0206298828125,-4.470318234329202,1.1438803614143591,0.003694967252258305,-0.0010534668057623057,0.0005562316473828155
1,109,223232,31.152486708015203,-0.005807863871446101,nan,0,456.1716994623306,0.3844085188424975,0.007152883445674172,0.0955810546875,-4.567447010774832,1.4568342993642278,0.00021413424249722255,-0.004534100702070962,0.00036157586758670944
1,110,225280,31.199555166997015,-0.005788158703616191,nan,0,444.42805407633296,0.4386641982587771,0.0035553896017025115,0.0316162109375,-4.455034507104499,1.194078887239383,0.003992992626833853,-0.0007400098463632163,0.0005559359321851436
1,111,227328,31.24701966694556,-0.005809179809438932,nan,0,453.9243200410674,0.37567387166993776,0.003695647123979217,0.034423828125,-4.564449196764646,1.3371599547020319,0.0030596632174812524,-0.0016901468527930493,0.000370721747019314
1,112,229376,31.293747375020757,-0.005708816282691816,nan,0,449.058773130616,0.4087625149183601,0.003986182683789953,0.0491943359375,-4.538852832529203,1.5850679223723327,0.002157453045442511,-0.0026490553073154543,0.0005353110404575193
1,113,231424,31.34096454200335,0.006125414600192298,-6.218440113872042,8,366.3995293696737,0.4028322305653538,0.004020823083835069,0.036865234375,-4.57980170269745,1.5639011129772376,0.013379884255121603,0.00047393478808956894,0.01665229552866916
1,114,233472,31.388208624906838,-0.005781366415620003,nan,0,456.8139276245689,0.39274507913657625,0.0039648435310282075,0.037353515625,-4.524923375184968,1.327448932905734,0.002955763494538806,-0.001791520612087442,0.00044472146288256195
1,115,235520,31.436220832867548,-0.005834704191860716,nan,0,445.21243802047036,0.42390893387785716,0.006235065987392875,0.08154296875,-4.559037720989333,1.4861628512283276,0.0012989542949174496,-0.0035285306217568034,0.000536894391369835
1,116,237568,31.48971274984069,-0.005813473546929946,nan,0,448.73369863878634,0.4155061671762881,0.002981668767466906,0.0284423828125,-4.55656737840148,1.4220773481671058,0.004213986280929124,-0.0005524927443060633,0.0004198232936674125
1,117,239616,31.546186999883503,-0.005773629650291439,nan,0,448.6274353685932,0.3873558104457031,0.004153639445440906,0.0440673828125,-4.407207117016068,1.3336924829164425,0.0036351232506057814,-0.0009468065149356138,0.0003494452970506549
1,118,241664,31.602293374948204,-0.005744352591239257,nan,0,451.4902607158064,0.37785672535195225,0.002690921612400247,0.0146484375,-4.459642308304929,0.9729851858375449,0.004132291912071773,-0.0004872345586492263,0.00031976832483213895
1,119,243712,31.660805666819215,0.0062227205552398464,-6.185615651196785,8,378.8369304015663,0.40251160676499936,0.0013008350438257002,0.001220703125,-4.571575855927625,1.1665579158362678,0.012622930145510514,0.0005899323409595185,0.014922843897246737
1,120,245760,31.712930749868974,-0.005792861333166812,nan,0,451.4492922372567,0.41215114148904586,0.0048890423874887465,0.0570068359375,-4.522713139456364,1.3847287020906887,0.0014726327123140825,-0.0033644413346112095,0.0006287218149378534
1,121,247808,31.76795820798725,-0.005849314395254818,nan,0,442.5488294133524,0.41908271588265167,0.004191960389342924,0.048828125,-4.54377852972771,1.4594738185084333,0.0034938356773607715,-0.0013577550135509243,0.0006156243223679699
1,122,249856,31.826251958031207,-0.005926184517585542,nan,0,445.3678101440669,0.46501130494085197,0.003312141283047751,0.0296630859375,-4.6040066693762345,1.2277006011458491,0.003800460362354834,-0.001241277095197139,0.000875461576351482
1,123,251904,31.889047832926735,-0.005834241808587821,nan,0,449.89495066532953,0.40769123038216537,0.0028182442858946887,0.0164794921875,-4.633033645155766,1.2390901398177125,0.0038181257410032678,-0.0010434623533962873,0.0004571088984875756
1,124,253952,36.578735291957855,-0.005806328742663101,nan,0,446.2030145234468,0.4320352843665004,0.004441943742884789,0.042724609375,-4.654142366426326,1.248513159915013,0.0019738766804730575,-0.002968553777824804,0.0005765761837430699
1,125,256000,36.62967125000432,-0.0058011811828626875,-6.279280782211391,8,448.8936342757286,0.41794337688292427,0.004841651718750069,0.059814453125,-4.6877368528558065,1.602474193351504,0.002306112492569572,-0.0026302922774141396,0.0004973358342558071
1,126,258048,36.67918008286506,0.0061584649359132625,nan,0,366.35333458969274,0.4118146580778146,0.0027321967144458108,0.0245361328125,-4.688057909573004,1.5184657406003375,0.010578555749051312,-0.0008840516588328688,0.013549098996622353
1,127,260096,36.728183625033125,-0.005848238968021216,nan,0,455.0235242810063,0.4169457720365195,0.002271842669782852,0.008544921875,-4.7879690616614745,1.235668446163126,0.004570693989781117,-0.00044051133283257507,0.00044647252190443693
1,128,262144,36.77532154181972,-0.00580622204633724,nan,0,451.22436142511276,0.3946343954098729,0.00660706462517492,0.0865478515625,-4.784393055048711,1.5444388848775916,0.0015924677058951463,-0.0034083608948587488,0.0004328710914103766
1,129,264192,36.823030832922086,-0.0058415930238163195,nan,0,452.3229178948821,0.41202736940892576,0.002387307134070262,0.007568359375,-4.868792711719706,1.0783254306139596,0.0044206958365063925,-0.0006584365707353341,0.0004206793910440476
1,130,266240,36.871228999923915,-0.005765783123604694,nan,0,454.9980510691035,0.40249556913450146,0.003221578633046405,0.0291748046875,-4.815389060745158,1.3808267781029078,0.0041761421436620465,-0.0008224299975932792,0.00036636616102033684
1,131,268288,36.92148695793003,-0.005686562074434017,nan,0,453.94597328392115,0.364413866161061,0.003646313250451598,0.03173828125,-4.834583256783299,1.276841371011006,0.0035260282881397443,-0.001440920393928282,0.0002647308505694517
1,132,270336,36.97109937481582,0.006105998940481126,-6.22196994904028,8,368.3955201738569,0.38325927450498815,0.0031923048895008055,0.0252685546875,-4.930221212514624,1.206491271850319,0.011105707057695006,0.00027239582323463143,0.011806180043891501
1,133,272384,37.0189837499056,-0.005734215541527024,nan,0,451.72883317408787,0.3879731158476392,0.005301279964116748,0.066162109375,-4.866500438589567,1.4439925315462556,0.0012277174986707663,-0.003835184399626523,0.0003928029194154447
1,134,274432,37.06677674991079,-0.005821071017787898,nan,0,447.80432352385577,0.3942032672974989,0.003931576235794446,0.0406494140625,-4.803648795209497,1.1954636866980277,0.003150117594919403,-0.001801224000746557,0.00029538560091291546
1,135,276480,37.11484537483193,-0.00572809836460369,nan,0,429.0783128506101,0.4018235426007646,0.0026921508835502745,0.0184326171875,-4.890193570237933,1.3926711312488727,0.0035484561081529577,-0.0015948600099672744,0.0005062450957645988
1,136,278528,37.16375254187733,-0.005817628289697488,nan,0,457.68115680968447,0.3974280369948684,0.004355326115009128,0.0419921875,-4.867081650926211,1.149677998185776,0.0021563384256424803,-0.002896736432703495,0.0003719864148395266
1,137,280576,37.211756916949525,-0.005845394651880085,nan,0,455.80382723212284,0.39635843347518407,0.003193085984411718,0.0228271484375,-4.945586909716616,1.2303077925798467,0.003114043467368502,-0.0020270835648647893,0.00039108024503334564
1,138,282624,37.259753041900694,0.006246881027557141,-6.193636603695579,8,378.2578423115516,0.4148202246173476,0.003173718393961706,0.02880859375,-4.869870068142651,1.1993860973325334,0.009452463626084468,-0.0005584183325078223,0.010282023780899287
1,139,284672,37.306705582886934,-0.005807362246892791,nan,0,459.68703429365723,0.376419647223313,0.001326827841520128,0.0103759765625,-4.886290385702566,1.3462292449446238,0.006309079325399499,0.00022591976360632638,0.0023937383521812168
1,140,286720,37.355872832937166,-0.0056989999277718695,nan,0,456.70503070783997,0.37116448071532093,0.004600250989886135,0.0474853515625,-4.984187963084288,1.577520533882046,0.004104364001725121,-0.0022237352503572975,0.002687822577996261
1,141,288768,37.40365158300847,-0.00582081903493197,nan,0,448.10087807734357,0.39842719498592916,0.0033451774817628774,0.0262451171875,-5.058560954704799,1.053753873249882,0.004305752188859818,-0.0010845842830753457,0.0006635510344607275
1,142,290816,37.45114970789291,-0.0057177188811918765,nan,0,447.74349128071157,0.38792166270677364,0.003946710111848548,0.0401611328125,-5.086099877764374,1.3599797585419269,0.003842223470800521,-0.0014197051766507052,0.00035165753937370175
1,143,292864,37.4985879578162,-0.005768858436983633,nan,0,458.4066494402675,0.37329627732610515,0.00325740056409179,0.0233154296875,-4.963640524030607,1.2403277372186896,0.004082565099504506,-0.001031456153725508,0.00030076145839881015
1,144,294912,37.54929166682996,0.006151739433924358,-6.153619811081873,8,383.8515604236888,0.42584420128551925,0.004381538705581976,0.0438232421875,-5.069489265173155,1.19794627389331,0.009111688963898919,-0.0005179837240398468,0.00912036684553121
1,145,296960,37.59840779192746,-0.005751625465733896,nan,0,451.05807172838814,0.39745735418028927,0.003033487742547422,0.031005859375,-5.000383842530228,1.3425670162841246,0.005593379673171828,0.00040575204608615475,0.0003744875691108887
1,146,299008,37.6470992078539,-0.005823878244167625,nan,0,450.58417075891873,0.40682333662507086,0.006682526408909879,0.0892333984375,-5.049717103691299,1.3871891578563913,0.002708010848489638,-0.0025226414623081483,0.00036187041421297157
1,147,301056,37.69860858283937,-0.005757818552733275,nan,0,454.4359475558914,0.3868599042448877,0.0033603782845152636,0.02197265625,-5.128711584494307,1.2115910184027583,0.00437367472206143,-0.0009173009906966898,0.0003245282565276247
1,148,303104,42.29202429181896,-0.005723341976467341,nan,0,457.27927473048965,0.3932735287842377,0.002532832643546942,0.0159912109375,-5.096470903999645,1.563447283572665,0.005120721524038178,-0.00014577472509391502,0.0003400506902648976
1,149,305152,42.3406404578127,-0.005779952824042171,nan,0,453.4526094801665,0.3828737876891976,0.007685559987572807,0.104736328125,-5.042516763715679,1.3903519424867188,-0.0006738428655183775,-0.005892276511326445,0.00035183376418477976
1,150,307200,42.38964349986054,-0.005882396625902521,-6.20248435122937,8,451.7792223926951,0.4160320980304906,0.006531601136760458,0.0860595703125,-5.081275202933187,1.374472233687257,0.0014375344126595318,-0.003869561764377822,0.0004516419482083301
1,151,309248,42.438433832954615,0.006187073641784962,nan,0,371.48266516276544,0.40175889110689766,0.007885494626733797,0.1131591796875,-4.977180345345234,1.2626057325858075,0.0061720174514701956,-0.0027457041138774846,0.007881082440004891
1,152,311296,42.48653570795432,-0.005760290279840862,nan,0,442.27125756165873,0.3875930703940992,0.003067711465519995,0.02978515625,-5.103702608228025,1.3207603672789459,0.005347607154345043,5.052308504069347e-05,0.0003867629221526532
1,153,313344,42.534261082997546,-0.005742052074945596,nan,0,453.44064742938843,0.3947954367676255,0.0015039468289993164,0.01123046875,-5.048239853677098,1.3744641906658277,0.00544670764875283,0.0002057522352526646,0.00038543111964613706
1,154,315392,42.58372566686012,-0.005784769675999275,nan,0,457.3666286946067,0.3851661687971295,0.0043805497264059615,0.04736328125,-5.034441202708425,1.522353786783186,0.002466665501501975,-0.0027167775480354834,0.00029800369365807496
1,155,317440,42.63122099987231,-0.005751384054444917,nan,0,461.98499632020327,0.36703160179690825,0.0009075721016079811,0.004150390625,-4.9771883939832176,1.359495649355885,0.005403809241021224,0.0003086370439510087,0.00023596760617399307
1,156,319488,42.67899641697295,-0.0057653609693144,nan,0,453.9701635653666,0.3885644457528086,0.0038892985711131457,0.0404052734375,-5.067641454478597,1.530620626415484,0.003636209239592506,-0.0015830598086547208,0.0003032551875372683
1,157,321536,42.72631070786156,0.006208178434307835,-6.158925857074113,8,368.66193718494185,0.3762061754490691,0.003601927557286974,0.0389404296875,-4.861209799479264,1.3799367649447931,0.007649859628656773,-0.0007551543171640924,0.0070876082926832
1,158,323584,42.77390079200268,-0.005716346594331494,nan,0,457.7564841494279,0.3935036487011372,0.0015094574117893494,0.00244140625,-5.005555033719002,1.3120918014020928,0.005724576806419912,0.000473348626791019,0.0004913462918197816
1,159,325632,42.823600666830316,-0.005765363765821681,nan,0,456.3370736380064,0.38465432659456716,0.0054860134056455845,0.0703125,-5.014558212838361,1.2008133839512884,0.0011828467709912392,-0.003960235955212871,0.0002570490267315006
1,160,327680,42.87092358293012,-0.005724629001211781,nan,0,455.11914103757823,0.37914351208484914,0.004314600825111828,0.04638671875,-5.146631528156465,1.4520089095821955,0.0026576347506586267,-0.0026245114190380707,0.0002710292830804577
1,161,329728,42.91842474997975,-0.005783085884288595,nan,0,458.14826978770554,0.3730301492163929,0.003685679678912572,0.0291748046875,-5.170438437694109,1.2414595915938786,0.00453963006761067,-0.0007632496916841281,0.0002648826432013774
1,162,331776,42.9653250828851,-0.005775377906034881,nan,0,455.3895037844908,0.38735803441367234,0.0022942138417949218,0.01513671875,-5.1286641267983075,1.4071946170494372,0.006332921292580031,0.0010362647749776396,0.00033598478160816697
1,163,333824,43.01344312494621,0.006217658772492683,-6.153797266892424,8,377.3844314578399,0.40414553218143423,0.0018981080828614325,0.012939453125,-5.133696032055935,1.2243947170655443,0.008220130186179212,-0.0002403059944520035,0.006653480297150559
1,164,335872,43.06189458281733,-0.005772188115090317,nan,0,458.95836744255735,0.36396437845691204,0.005877189634035788,0.0723876953125,-5.180919809187268,1.539158013150892,0.002178199665893667,-0.0037501481362315677,0.0014948559858759271
1,165,337920,43.11122883297503,-0.0057053707103116354,nan,0,456.00354852833703,0.3731229023065753,0.005166809405183846,0.056396484375,-5.171431769284112,1.4775468523800652,0.004013495484704267,-0.0015589565914810835,0.0008020406138024815
1,166,339968,43.160544332815334,-0.005731505262254421,nan,0,456.000703700773,0.3608413422245834,0.004999712880661601,0.0577392578125,-5.3085585464452345,1.331494613457663,0.0012417670732592558,-0.004227126763052968,0.00032067057973397914
1,167,342016,43.20934549998492,-0.005768359767263027,nan,0,448.06176755275084,0.3671367732403607,0.0018581836491430024,0.0091552734375,-5.238527305319499,1.3576014207487246,0.005625652720637614,0.0002689457404594208,0.00023635934971738754
1,168,344064,43.26243183296174,-0.005686474029648494,nan,0,451.66810745952046,0.375782149008414,0.004054028157763925,0.0447998046875,-5.261079887024152,1.6051208437779838,0.0037558257462945665,-0.001662636787612368,0.00031476529376556087
1,169,346112,43.31126716686413,0.006190389264052711,-6.1012176952973185,8,371.5965335154632,0.3904323745364488,0.0035448624437729006,0.0362548828125,-5.344331065668312,0.9433673796523896,0.008173381045642386,-0.00010904654885774724,0.005876193057663638
1,170,348160,43.359329582890496,-0.005743498797280739,nan,0,450.48916247460926,0.37506405729787473,0.007334307795308166,0.1029052734375,-5.2560966162794625,1.5299486958325734,0.0007807148064575594,-0.004661665207169388,0.00037256679469497504
1,171,350208,43.41175324982032,-0.005740357627473054,nan,0,451.5648724622694,0.3901603283430807,0.004232902571237822,0.0430908203125,-5.278672938357197,1.3577751395455016,0.0043743973724889775,-0.0010707359058936203,0.0003329206800507993
1,172,352256,48.07986745797098,-0.00576676572561228,nan,0,457.06959832081844,0.3841462033393621,0.003483820099821284,0.034912109375,-5.206302103713427,1.470124772614069,0.004647307490693083,-0.0006987266104352325,0.000279463994829778
1,173,354304,48.13523658295162,-0.005791092537931702,nan,0,456.47172722279925,0.389691598257081,0.0022746176010911487,0.009033203125,-5.2618564015959155,1.2652323368813825,0.0055173186165069325,9.949198517805128e-05,0.0003119404594659315
1,174,356352,48.192156832898036,-0.005707122319092767,nan,0,463.8663599999873,0.37216913999657486,0.0034681681388042257,0.0321044921875,-5.339359730802258,1.4268979230400758,0.0036348750904868802,-0.001819641541262365,0.0002303138018939732
1,175,358400,48.24537320784293,-0.0057419123756309465,-6.14158106519942,8,459.95415688931905,0.36293312915289655,0.003132012720483315,0.0322265625,-5.30090452308346,1.3531328928706503,0.004976016505914951,-0.0004500068178239086,0.00025023760131079916
1,176,360448,48.30020562489517,0.006212125594788612,nan,0,382.99253040513025,0.40069256386277663,0.005817041090961549,0.0750732421875,-5.2723983205956575,1.0136594841763245,0.006415029243994613,-0.001627139981190301,0.005539541809178514
1,177,362496,48.35188749991357,-0.005761593318872996,nan,0,458.99678404169975,0.37066182366661793,0.0025697109938891917,0.017333984375,-5.395315146568022,1.2328662177789962,0.005245532675947931,-0.0003304885906416481,0.00036141224004311546
1,178,364544,48.40613279188983,-0.00573540722218449,nan,0,450.1724096356274,0.37404656632825983,0.0032797870078728475,0.0338134765625,-5.389921603643267,1.47413587478813,0.0038567042264641953,-0.0016932089532727453,0.0003199831521873474
1,179,366592,48.45867787487805,-0.0057118109823059825,nan,0,454.75409427753783,0.3773907590895398,0.0026346879175309272,0.0235595703125,-5.429620310576759,1.5099922411417657,0.00521641701515423,-0.00036788046391918704,0.0003093543369933178
1,180,368640,48.50880170799792,-0.005808977934728757,nan,0,459.9881480079824,0.3849260314098648,0.0054735016160747125,0.0633544921875,-5.434737946163505,1.3364890046605153,0.0027463445666205725,-0.00283079865264629,0.00028481054620671737
1,181,370688,48.56250195787288,-0.005722476568488028,nan,0,460.38330202303007,0.344424873500884,0.00490096613372281,0.0533447265625,-5.55282436019028,1.3694882838642137,0.003787672339797897,-0.0018700620124895862,0.00020981998419440705
1,182,372736,48.612136457813904,0.006277295123934313,-6.126353976915983,8,382.1964961979803,0.4113284242124089,0.006423670362389493,0.0855712890625,-5.477923607820289,1.2367794375673273,0.0064746276528654355,-0.0015002304050305772,0.0049938689001514484
1,183,374784,48.66415616683662,-0.005751681968185053,nan,0,456.0018431817884,0.3554172581233894,0.0052248462257864885,0.05810546875,-5.311595459229567,1.345073325194333,0.001553142013410079,-0.003898423962807325,0.0002799410339756741
1,184,376832,48.71315220789984,-0.005757554631320468,nan,0,453.10577088571625,0.3885382879242194,0.0021630316191652895,0.009033203125,-5.400676919182113,1.3409592927649885,0.00554953995887676,-7.682005384539344e-05,0.0004513661870800828
1,185,378880,48.763501749839634,-0.0057832489384167796,nan,0,460.8620239528118,0.36017246367998634,0.005565413998908536,0.0672607421875,-5.436193523835721,1.2514197133917166,0.0028002541838873752,-0.0027403608794849942,0.00020884307907329534
1,186,380928,48.814227166818455,-0.00568531349619358,nan,0,453.21573755414835,0.36541915840820394,0.0031019781293194736,0.028564453125,-5.485923250377606,1.1342271382566456,0.004808237919335512,-0.0008041337048484785,0.00025289674761276907
1,187,382976,48.86458008293994,-0.005723021677467082,nan,0,455.0577476043474,0.3865312574198816,0.002037710585345891,0.0081787109375,-5.548526244772762,1.5323269746170558,0.0058316006438173815,0.00013312061210065881,0.0002999075738879166
1,188,385024,48.91490645799786,0.006240543396327828,-6.123243634853647,8,357.62978771485723,0.3954924811819045,0.0009354831940817183,0.0010986328125,-5.534039608908178,1.2160350081100377,0.008016759999528915,8.479859351016774e-05,0.0047958435942211325
1,189,387072,48.96564579196274,-0.005739518335717678,nan,0,458.32588436165963,0.3780580652750929,0.004004401840967747,0.0390625,-5.553995751441928,1.3686737642766156,0.004755101200761086,-0.0009581990082741434,0.00031860891518660354
1,190,389120,49.01559874997474,-0.005810110409462612,nan,0,454.1737897371552,0.37190167231463006,0.0036319956464400246,0.0399169921875,-5.672384804374816,1.4729548819008667,0.00519780683585157,-0.0005845341265870822,0.0002199123161276707
1,191,391168,49.06454762490466,-0.00569311823860629,nan,0,461.7147712855844,0.35761992535181586,0.0038876183760830547,0.0318603515625,-5.712056135233451,1.3010292782036585,0.00474602442867024,-0.0010567296940627007,0.00018139597499897955
1,192,393216,49.115878166863695,-0.005725949677443173,nan,0,446.217116678364,0.34193772867326944,0.0038922995084036583,0.040283203125,-5.7338031091354615,1.4423726468959062,0.003299538632360986,-0.0025376800204701994,0.00020683108739145105
1,193,395264,49.170656458009034,-0.005635478281051236,nan,0,458.93987833363957,0.34837616258778503,0.004589963877084751,0.045654296875,-5.692140386786706,1.319855443859891,0.0031476780071708396,-0.0026593300716297114,0.00022973538402769333
1,194,397312,49.22088387492113,0.006141869593922536,-6.11792682556494,8,378.6691778154604,0.40761977015245665,0.0032595021884098655,0.0294189453125,-5.669674939711186,1.1417439615965077,0.007521944016442177,-0.0004492514528730324,0.004603041059208045
1,195,399360,49.27237916691229,-0.005718911706665126,nan,0,460.1889677729332,0.34056426084630737,0.00284909381453065,0.0220947265625,-5.5601502632815185,1.3255876488966578,0.004862315933721115,-0.0008521192032629361,0.0003085697474050602
1,196,401408,49.32064095791429,-0.0057691733965295425,nan,0,459.5697594769125,0.3849308974315776,0.0026732818194931778,0.021728515625,-5.505891357070848,1.3289914086816563,0.0057969648948440755,0.00015105384113499147,0.0002800393932764721
1,197,403456,54.199391041882336,-0.005713183670165276,nan,0,456.4415451802636,0.36990327583316257,0.0028350784520042942,0.0230712890625,-5.528294446763801,1.2457405441072744,0.005247462194320863,-0.00040027200903162627,0.00023887951317738164
1,198,405504,54.25139604182914,-0.005828661110197066,nan,0,459.6564109626226,0.392055668043757,0.005217576218675332,0.0618896484375,-5.5543569410527995,1.5371991603679018,0.0048592100476393535,-0.0008341350119209726,0.00027797623701505026
1,199,407552,54.30091012502089,-0.0057512537338803935,nan,0,452.9607466078395,0.3797723954402859,0.002545935164797987,0.013427734375,-5.677094106203015,1.1772874256006292,0.005929676235421706,0.0001102068658246011,0.00028475052678817727
1,200,409600,54.36566304182634,-0.005658461386415877,-6.1094222443484245,8,461.70309163341443,0.3652702693315503,0.003379447885370994,0.029541015625,-5.639481835078527,1.4025519572527223,0.005111650165397171,-0.0006485788329268268,0.00024149432649094488
1,201,411648,54.41680429200642,0.006278917226528415,nan,0,380.81666583359447,0.3861857896948807,0.003882267502096016,0.0430908203125,-5.674197674511767,1.4742245753015444,0.005910764428174409,-0.002033649001926668,0.004540431511178624
1,202,413696,54.467038166942075,-0.005773374271362382,nan,0,457.7334729242324,0.3751857847553025,0.004988608606125633,0.063232421875,-5.7286117543999335,1.5369858156885012,0.0025634125236853027,-0.003309729544878943,0.000289060628328627
1,203,415744,54.51602183282375,-0.005714300491631989,nan,0,455.60677733222064,0.37710493858269895,0.002513443770640048,0.023193359375,-5.694902713566783,1.3570469558744267,0.005765626096511225,-9.073280225808077e-05,0.0003229123704050444
1,204,417792,54.56490574986674,-0.005761990474969874,nan,0,463.8021180150684,0.36382031409135707,0.0028192463796238546,0.018798828125,-5.625408985101675,1.3425174974887937,0.004033426263449298,-0.0016901948654731713,0.00019642428764158736
1,205,419840,54.61517145787366,-0.005794776276501199,nan,0,452.35634255174665,0.3832688833540512,0.004381735277280753,0.0517578125,-5.731887294761624,1.5090350002163049,0.003953150773197064,-0.0019215413877498146,0.0002856097323705104
1,206,421888,54.66566962492652,-0.00574824020997881,nan,0,453.6933918631659,0.39203093746248974,0.0024754729460074567,0.01513671875,-5.83680463918332,1.4474489409703546,0.006901507253211618,0.0007953724968150491,0.0005386602344264915
1,207,423936,54.71672883280553,0.0063141921876699,-6.1160723932714856,8,375.59705948946237,0.40792269415728377,0.004442025205675134,0.0479736328125,-5.726017138869562,1.4033287718314753,0.0070894209507534,-0.0009047457482625832,0.004536299120292843
1,208,425984,54.76587100001052,-0.005814886510839164,nan,0,459.5007788893894,0.38590190848612155,0.005354352876985868,0.0638427734375,-5.688908086413745,1.3628755370432086,0.0035367240838661733,-0.0023181740288300383,0.0003319800525649352
1,209,428032,54.81755245802924,-0.005713350423819246,nan,0,457.1276982335894,0.37619826627260666,0.0038963291268765635,0.033447265625,-5.695115320272879,1.3632680046859171,0.0044895429402503975,-0.001324719663817536,0.00023829456759011389
1,210,430080,54.86661725002341,-0.005762512119789467,nan,0,457.38356433859275,0.35799991617406235,0.0035752560888365897,0.0382080078125,-5.67522994497976,1.6411595476034626,0.0030755512089839423,-0.002740986585696816,0.0002826156994019944
1,211,432128,54.91650770790875,-0.005718693624261577,nan,0,459.5808719272377,0.36746707801384576,0.00239872204664837,0.01708984375,-5.702349457128548,1.526801016511898,0.0065516168300869485,0.0007433676737690024,0.00021179939837879657
1,212,434176,54.96881766687147,-0.005754963630402291,nan,0,462.98623101012004,0.36294660911543364,0.0025105635068298554,0.0189208984375,-5.729601842473507,1.4103491703421345,0.006015788609867899,0.00019148272630670898,0.0001894080821753672
1,213,436224,55.01792824990116,0.0063982272023451105,-6.11073222304545,8,371.86531771850974,0.3491133892308965,0.0026792177532998403,0.0220947265625,-5.7944769299566135,1.325673533266405,0.008522562430404348,0.0006752893241928743,0.004105592352509716
1,214,438272,55.06900762487203,-0.005795220584485445,nan,0,451.3004151868662,0.3724097631742332,0.00291433961492035,0.02294921875,-5.74687003664459,1.4878398298366102,0.005011672556242299,-0.000905984211874258,0.0003415734629439337
1,215,440320,55.11899087484926,-0.005646290187074871,nan,0,453.10729139225106,0.35829128758838924,0.005565011214522124,0.06884765625,-5.687743261795742,1.4718193422097032,0.00281785659045891,-0.0029786777500313303,0.00021758215738899845
1,216,442368,55.16970145795494,-0.005836160962050389,nan,0,457.3387310243551,0.3907194864650273,0.00486383235925225,0.056396484375,-5.649381224971752,1.7545563974415659,0.00389484062914442,-0.001902029999027379,0.00029497880640009193
1,217,444416,55.22092300001532,-0.005690052685473977,nan,0,462.0944793077835,0.3627040268918742,0.0029347441678689787,0.024658203125,-5.7361469035093675,1.5568230187153294,0.005668823151458516,-0.00017507372804572655,0.00021549995198975018
1,218,446464,55.273196041816846,-0.0056787437750739495,nan,0,453.4712261877618,0.3707035354562628,0.004376109315496111,0.0496826171875,-5.684958703277415,1.297989133506371,0.003913320505685441,-0.0019005734481141482,0.00025787050104434815
1,219,448512,55.32897362485528,0.006126705840053319,-6.095502724611739,8,375.0295217781245,0.4018496042400461,0.0023220840723693742,0.007080078125,-5.6940684351382576,1.2903627527804304,0.008495729066511429,0.000677178562568919,0.004248964137608506
1,220,450560,55.37975037493743,-0.005574662471498799,nan,0,460.123195604007,0.3432800321966423,0.003912156794932851,0.035400390625,-5.631438025565918,1.5795829701300779,0.005638206708267081,-0.00013729308707602014,0.0002881235395543643
1,221,452608,60.33512599999085,-0.0057423670075000335,nan,0,458.5288454751616,0.36027038690857904,0.003209466999198955,0.024658203125,-5.713541188407501,1.4808168154449253,0.005140392499149818,-0.0006980346067854883,0.0002497718350556139
1,222,454656,60.38902437500656,-0.005738283890343494,nan,0,462.17632018655866,0.3533913006841917,0.0026479539686094294,0.0169677734375,-5.783256164664586,1.4390357854998623,0.005813438551970396,-0.00010124256100284106,0.0002628498966172991
1,223,456704,60.44625124987215,-0.0056661553005992755,nan,0,463.31940071881445,0.352886608743504,0.0037248069864191605,0.0362548828125,-5.693448080128342,1.3500273064176662,0.00399186439429206,-0.0018441107618564967,0.00028505415204042807
1,224,458752,60.498652666807175,-0.005738056190660557,nan,0,459.18493531266864,0.35587963504986586,0.002523310864022958,0.015869140625,-5.6841610633536135,1.520603274216148,0.005224460380947064,-0.00057540457229229,0.00023140777977148159
1,225,460800,60.55308641702868,-0.005687990426780767,-6.05734809804753,8,454.3406314352669,0.346921241917444,0.003555273666284358,0.039794921875,-5.703725107901397,1.49660780996542,0.004362418349863575,-0.0014630417787913864,0.00024347004150713266
1,226,462848,60.611078958027065,0.006244333041647803,nan,0,380.1927095975417,0.36686340625726355,0.003719800508511521,0.0419921875,-5.804300409296317,1.505957771301687,0.00726488024040684,-0.0006414334001305713,0.00420402646248219
1,227,464896,60.671935125021264,-0.00563310245343507,nan,0,463.30412415462916,0.3451674057392089,0.004658095784932222,0.047119140625,-5.892508757979529,1.4756006736791736,0.0034853425662412945,-0.002495195474005298,0.00017605856453413422
1,228,466944,60.734765792032704,-0.005704324107966157,nan,0,460.6132330550651,0.36720837855326216,0.0033625956691855784,0.0238037109375,-5.753227433555274,1.4544581489197503,0.004570081495609892,-0.0012968696435732832,0.00022744741125579822
1,229,468992,60.795712457969785,-0.005737692060647647,nan,0,458.92703543294914,0.358622330008602,0.0028139259376089034,0.02880859375,-5.760167349485689,1.287852480718207,0.004362727415128111,-0.0015025484175263852,0.00021021696633761512
1,230,471040,60.85743124992587,-0.0057282861106536884,nan,0,459.89309585341795,0.3611428317305748,0.0018229830843891435,0.0111083984375,-5.842921642490369,1.6405529887672567,0.006724285029317772,0.0007763652737536974,0.00020999622614740774
1,231,473088,60.92012308281846,-0.005651883021191167,nan,0,462.903835085774,0.34719368074597085,0.0036142165402575977,0.0435791015625,-5.808513997798023,1.5954771516261141,0.005448213087679052,-0.00044675537513805567,0.00017290893003817315
1,232,475136,60.982355957850814,0.006278241008269527,-6.041553452611604,8,381.3513350459414,0.3761040325831396,0.0007076656336213528,0.0001220703125,-5.850998280489568,1.174088278101097,0.008051819689725303,0.00013577681380443464,0.004130089190862598
1,233,477184,61.04337487486191,-0.00578086088103706,nan,0,447.31665231043627,0.37635729161780485,0.0032715475081110733,0.025634765625,-5.900561522870774,1.2696200295260613,0.0047047151806830605,-0.0014024640206135028,0.00041323535685157734
1,234,479232,61.106784499948844,-0.005715797080921785,nan,0,453.8319512886302,0.3732080195731344,0.004606414029461324,0.0462646484375,-5.8793785754178165,1.4950387336655269,0.004556813354584285,-0.001437078654388648,0.00022902686711023535
1,235,481280,61.17059062491171,-0.005650397134872814,nan,0,459.6366029484775,0.3552701661518953,0.006894487474433633,0.0933837890625,-5.781046989763398,1.5577049621196875,0.0033501099773729378,-0.00252887531164512,0.0001958765985093147
1,236,483328,61.23542445781641,-0.005717821018724179,nan,0,460.818809987396,0.3544516921283481,0.00357896181489564,0.0318603515625,-5.679106188362269,1.7724159488586944,0.005073059482755323,-0.0007165814561277441,0.00022106950104159838
1,237,485376,61.30137370782904,-0.005758342706007103,nan,0,462.3971039890153,0.38405987330341407,0.004673692579530191,0.055419921875,-5.620749856916224,1.5988070939641872,0.0037631029615457015,-0.001971250822786575,0.00022720785483210522
1,238,487424,61.36999524990097,0.006200451682339585,-6.1074223442778806,8,378.1198286310569,0.39407478838036386,0.0033794631147045454,0.0281982421875,-5.765061960712212,1.2720071619188729,0.007355558724386552,-0.0003839782215407407,0.003948949970430162
1,239,489472,61.439270082861185,-0.005712222562118939,nan,0,459.37318372968866,0.35189123067822803,0.005835182542489486,0.0714111328125,-5.672839600721821,1.5257081076207766,0.0022027019067890723,-0.0035795881165003743,0.00021890084513524695
1,240,491520,61.5302972078789,-0.005693718082273609,nan,0,458.4156360883343,0.3572714344360161,0.0036894198626368363,0.0357666015625,-5.6796405519016835,1.5377728804923587,0.004382914902983016,-0.0014123963068469296,0.00023134131585652418
1,241,493568,61.591070333030075,-0.005766112885689154,nan,0,449.7992267074171,0.35329542982545886,0.003803895029123015,0.037841796875,-5.823328955676886,1.5303489240732429,0.003393053384578835,-0.002524539200770376,0.00018852725934465498
1,242,495616,61.65449279197492,-0.005615496583732588,nan,0,459.8038584573055,0.3645147746079553,0.004418058310740854,0.0491943359375,-5.881725363015805,1.3853110139375002,0.003907954941994519,-0.002098226864777295,0.00024891288751201294
1,243,497664,61.724156291922554,-0.005774261387844492,nan,0,451.54518675632215,0.37932905604285816,0.0022484572261714814,0.015380859375,-5.874655492131478,1.4507768603896647,0.0055217458745563325,-0.000462457999928975,0.00021909676470765484
1,244,499712,61.79199383291416,0.006165998584326634,-6.0892870903398,8,383.4934690019897,0.3786863835020361,0.006384149822466773,0.083740234375,-5.824173527496167,1.1585222260339834,0.004980048721033919,-0.0028136339285467086,0.003939018244168922
1,245,501760,61.853394666919485,-0.005662081355622739,nan,0,452.4281603347575,0.3606330648277729,0.0008623118621791594,0.0008544921875,-5.918362425737977,1.435629303232388,0.00604825117370053,-2.9007406337838975e-05,0.0003177923086007836
1,246,503808,67.43675083294511,-0.00575179580809261,nan,0,454.8744173382557,0.36786888189757583,0.0038358830584307117,0.0318603515625,-5.926857871579246,1.6120295759002055,0.004630781079292391,-0.0014060554762795668,0.00021995736798542678
1,247,505856,67.48722066683695,-0.005616339653452467,nan,0,456.71474111723614,0.34599068815224127,0.0023880892531181206,0.0172119140625,-5.987274288083532,1.6445624666571415,0.006035348400836978,-5.498481953361556e-05,0.00020611786457411889
1,248,507904,67.53529841685668,-0.005719202825556078,nan,0,463.09157831343674,0.37180994717129356,0.00416561125486355,0.0389404296875,-5.95263747430158,1.590966215681386,0.004419721860678058,-0.0016430477644994734,0.0002202643017518985
1,249,509952,67.58404445787892,-0.005751073700661476,nan,0,461.1529831819426,0.3546501238106141,0.0029326625120694636,0.031005859375,-5.846308758877218,1.5958030538872394,0.00616973190055909,0.0002293612775750675,0.00018812372821360682
1,250,512000,67.63690070784651,-0.005734880734920297,-6.078324079513132,8,454.8577379171159,0.3768052573894784,0.004710673052153924,0.0594482421875,-5.916791442578996,1.816080121878862,0.004663688675992456,-0.001372631177095687,0.00023905682101829268
1,251,514048,67.68690516683273,0.0062483780165305735,nan,0,380.73300855987424,0.39176187979199945,0.0035922041257905614,0.047607421875,-5.943427213658262,1.381897106477854,0.00678984275676051,-0.001080106015680132,0.0038530431175647513
1,252,516096,67.73899837490171,-0.005746707731325821,nan,0,462.9447886924769,0.3604310023829501,0.003793265953342261,0.04248046875,-6.016869720312528,1.6925635161087293,0.0040593334168055415,-0.002070815611590186,0.00022655861616639722
1,253,518144,67.78968104184605,-0.005730171642720447,nan,0,460.8069523307913,0.3752684789380679,0.0033589762905581457,0.0341796875,-6.044647107028908,1.4548087299727364,0.00543081192387003,-0.0007380373573001734,0.00024840434828259333
1,254,520192,67.84323479188606,-0.005721278253555602,nan,0,456.3749257197311,0.37731720831250604,0.0032426955899704938,0.0355224609375,-6.065525686369253,1.6487897539351937,0.0050844547909816165,-0.0011025156768820652,0.00024288956298885712
1,255,522240,67.89533899980597,-0.00572460350957377,nan,0,461.5297507936112,0.3597186509190263,0.003563909542684433,0.0294189453125,-5.958922163005696,1.559524446751152,0.004342117208777897,-0.0017040429038502904,0.00017447589924498392
1,256,524288,67.94476179196499,-0.00573300209398305,nan,0,461.9198185022803,0.35596475264865635,0.001500848881646075,0.00439453125,-6.093089109083295,1.2728747521556474,0.00637682361323781,0.00017839679641356155,0.00021067541548191047
1,257,526336,67.99767674994655,0.0061449650103458965,-6.1212598424899864,8,383.5097685101792,0.38773999950194116,0.00442000659793755,0.0528564453125,-6.097472283533561,1.2149558108118756,0.006866872706870222,-0.0011049971910555038,0.0037487952287843258
1,258,528384,68.05010949983262,-0.005676731843200591,nan,0,459.6918490392054,0.3632075243749523,0.003957366588945602,0.0338134765625,-6.125801342581649,1.5731228558391215,0.00520174108611416,-0.0011610299655201326,0.00047393941810528904
1,259,530432,68.10168879199773,-0.005678847698996289,nan,0,453.2354905171627,0.36297929581924093,0.0053687405149674666,0.0631103515625,-6.037963733842514,1.5209078485553316,0.0028348793426674276,-0.003407025521088316,0.0004078822598264668
1,260,532480,68.15186608303338,-0.005747559184080394,nan,0,461.9844273408398,0.35045082713883896,0.005132584052411839,0.0621337890625,-6.163588952861464,1.5095997890327246,0.0035909588426587275,-0.002679758022216095,0.00021425582402671752
1,261,534528,68.20355033292435,-0.005759825956155389,nan,0,458.1766471566921,0.3613948741980115,0.0008128902170955913,0.0,-6.204117510330084,1.4633640069391998,0.006654875277300158,0.00032877182970248754,0.00024397187453517502
1,262,536576,68.25474041700363,-0.005694400082321253,nan,0,457.14745189886617,0.3739133178700529,0.005498066767074439,0.0675048828125,-6.169556472228062,1.5353089083718192,0.00397064639522211,-0.0023148440906320925,0.00023186802725227475
1,263,538624,68.30997366691008,0.006293264143881974,-6.083723809920382,8,371.96779942708633,0.37578133470596564,0.0040804558160923475,0.0498046875,-6.076844936611563,1.40507309336947,0.007025677800470035,-0.0008712230416748632,0.0036401118110666692
1,264,540672,68.3646416249685,-0.005733093337018074,nan,0,458.5165014490801,0.3534439518545406,0.0038074943482715546,0.0316162109375,-6.044850889629913,1.5447975263211386,0.0045168130048441665,-0.0016289537409799799,0.00020183171238845983
1,265,542720,68.42585970787331,-0.005681373184468817,nan,0,459.3309783396841,0.36697258188238147,0.0023482523832530832,0.011474609375,-6.062897826850232,1.6904497301455572,0.006023363353499718,-0.00013639219640644053,0.00019371544611185136
1,266,544768,68.48301437497139,-0.005729408948219376,nan,0,464.45722702445426,0.3509755050450218,0.002871319717867241,0.029541015625,-6.1080369694200805,1.5844624417056332,0.005118155580003324,-0.0010819758519624687,0.00018418892509142377
1,267,546816,68.54586320789531,-0.005764379619225465,nan,0,460.87611513856586,0.36217089994047147,0.002408534204066306,0.0181884765625,-6.165943480280297,1.5227386083873977,0.0057498186825660986,-0.0005091893013764244,0.00018612900732445457
1,268,548864,68.61057095788419,-0.005614104212375087,nan,0,465.46983282735226,0.33816141032015634,0.0029250170215641786,0.026123046875,-6.090926457376228,1.5478037757800516,0.005811138419935888,-0.0003470963581323777,0.00013461664138407535
1,269,550912,68.66945145791396,0.006164451899210785,-6.071176318336981,8,369.91298816298126,0.3955385195951103,0.0033727816204021247,0.0335693359375,-6.083217934574629,1.604675650931779,0.007959011042394668,0.0001159332899307499,0.0035197196357785792
1,270,552960,75.649576833006,-0.00571481130403327,nan,0,461.4743345379234,0.3711933574693188,0.005078959400693905,0.064453125,-6.07791120910203,1.6255741858978763,0.0029321584105124945,-0.0032942357922911177,0.00029696598740316146
1,271,555008,75.71460345783271,-0.005672328679476714,nan,0,459.1009633997312,0.3438608316630087,0.0039053322353781272,0.0360107421875,-6.197544847955611,1.3380551575086739,0.004866295511044774,-0.0014608937750791324,0.00025928887633659643
1,272,557056,75.77959670801647,-0.005677740295240539,nan,0,459.33027841718507,0.3509014390582793,0.005451054913560589,0.069091796875,-6.234994525955351,1.957972875953795,0.004223402025187343,-0.0021511565539598797,0.00027912810638374796
1,273,559104,75.84242925001308,-0.005776904457274305,nan,0,452.88194083294167,0.3712977520231816,0.005185873715105427,0.0635986328125,-6.020846987912934,1.7366448828125138,0.0032153459279282487,-0.00291066078518124,0.00021031945039310794
1,274,561152,75.9065963330213,-0.005733172597854639,nan,0,460.06269240591234,0.37444767631548254,0.003969819427865214,0.03466796875,-5.99081718545157,1.607577291025714,0.00461553683448632,-0.0014850515880472006,0.0002195424741638992
1,275,563200,75.97156183281913,-0.005695834843374235,-6.083576452805648,8,467.89359338553515,0.3484919109916653,0.0014362452996826908,0.0076904296875,-5.938187998317577,1.1426353779733083,0.005646017784132813,-0.00036766196643940553,0.00015098350450928232
1,276,565248,76.03292112494819,0.006258406049814995,nan,0,385.58580231613223,0.37842721251839917,0.006496551539834756,0.087646484375,-5.858425525768821,1.255855347517845,0.004678562478552565,-0.0029345187255590908,0.0035093113566856647
1,277,567296,76.09721849998459,-0.005742589036515413,nan,0,463.2533594276313,0.3654931103282845,0.0017834948037577865,0.0096435546875,-5.954686826221854,1.7669145030835007,0.006694413247513907,0.0006333909822554152,0.0002126708780732665
1,278,569344,76.1596902499441,-0.005732669782309298,nan,0,454.539167740115,0.3692856215713943,0.004958438488995539,0.0595703125,-5.9358259208902995,1.5003842594933323,0.0021787921479895795,-0.003886179337226032,0.0002582911286506267
1,279,571392,76.22236970788799,-0.005637195068261535,nan,0,460.6620705892056,0.34012550125183455,0.0038850675160653487,0.0340576171875,-5.982104773987286,1.640138487135953,0.004076174007288734,-0.001983585830074361,0.00015531012675160674
1,280,573440,76.28205491695553,-0.005676769093357407,nan,0,462.5311467294799,0.3306396110506623,0.003694306496377242,0.0408935546875,-5.9099369229893695,1.3721341766334005,0.004726169319650358,-0.0012572986869669386,0.00014706216725585426
1,281,575488,76.33835474983789,-0.00573354666237745,nan,0,460.3363268049064,0.37367799069731167,0.0011666079539408107,0.0006103515625,-5.8884005874241305,1.3247887587247331,0.0065710992402590596,0.0005654971444988468,0.0002344030166721659
1,282,577536,76.39489162480459,0.006311952297105463,-6.0664678356421415,8,381.9647369238918,0.3729741927547502,0.0033715294996445313,0.0269775390625,-5.913625954754076,1.617058138641971,0.008151104831000304,0.0004025716047636966,0.0036698145429650635
1,283,579584,76.45605237502605,-0.0057473670562870754,nan,0,456.2170273252278,0.369097640812158,0.001684727047864724,0.011962890625,-5.852661510310362,1.7550095742122025,0.005547891864609829,-0.0004433264554414432,0.0002771136194818193
1,284,581632,76.51978570781648,-0.005704987342728693,nan,0,465.7164216184148,0.35065260080460753,0.0063977562245469115,0.0816650390625,-5.841144684346318,1.4550278780793666,0.004101794909897196,-0.001832678366920036,0.00018665718494182378
1,285,583680,76.58179483283311,-0.0057555642038531986,nan,0,458.2500522089495,0.3596341347810735,0.004898041117852079,0.06201171875,-5.7904103393577575,1.4443338384776232,0.0034311389676179964,-0.0024729275640612484,0.00022731238464297616
1,286,585728,76.65632583294064,-0.005698753961362327,nan,0,463.4185468294033,0.34323784882040054,0.004369403914809885,0.041748046875,-5.789108054404516,1.5005460619480242,0.0041304645980335015,-0.0017498031502979393,0.00018231938785384769
1,287,587776,76.71739533287473,-0.005698275475471384,nan,0,461.44470695211936,0.3571765461125338,0.00499922107574801,0.0545654296875,-5.804206630966066,1.7359111633723407,0.0038129601607644996,-0.002097470130939822,0.00021244732147651272
1,288,589824,76.78192774998024,0.0062512811987364865,-6.067673814249639,8,381.979936011442,0.37065391008696735,0.00176146740472904,0.0128173828125,-5.754873830921257,1.4179204027295407,0.007355204785715892,-0.00018076344641673042,0.0035621888024227263
1,289,591872,76.84159174980596,-0.005641742503657432,nan,0,459.4842672867006,0.337609204843791,0.005092910844579109,0.0628662109375,-5.794112794886007,1.562513331806712,0.0028716364416513903,-0.0034802651220105963,0.0011155775375519567
1,290,593920,76.89996845787391,-0.00561014450215324,nan,0,463.04512955380403,0.3446661793048295,0.006352729517195852,0.0865478515625,-5.677606740616158,1.6672086849891856,0.0027011065470727634,-0.003219628012792829,0.0004862556384988721
1,291,595968,76.95494750002399,-0.005702965566697874,nan,0,453.731570735124,0.37137199913192365,0.0027942206865111297,0.018798828125,-5.688192763737515,1.8990303677633675,0.005393778527967633,-0.00040246194308847603,0.00021609541463718995
1,292,598016,77.01129637495615,-0.005743228258780786,nan,0,462.1020735614532,0.3562728234016681,0.0010846871917797405,0.0009765625,-5.619745286644906,1.3826977360269594,0.005288675766449459,-0.0004219461444510213,0.00018175324851114622
1,293,600064,77.06728816684335,-0.005666583682424575,nan,0,464.63553085321905,0.35964097009184437,0.0044642645071836864,0.03955078125,-5.689383556017709,1.3953277928514587,0.003410734004004326,-0.002368993368932771,0.00018068763383877586
1,294,602112,82.55263974983245,0.006143477428367197,-6.06030128859276,8,382.7018898083336,0.37727087309144114,0.008179864384280387,0.1263427734375,-5.58560961548419,1.6547232024716072,0.004213596734093142,-0.003060527491276905,0.003377029219771718
1,295,604160,82.60792899993248,-0.005667135205836397,nan,0,466.82329161671504,0.34583075742002245,0.0017611543814247323,0.005126953125,-5.666822525906266,1.2765303173126483,0.005906243216240538,0.0001464793292142207,0.0001858827222401028
1,296,606208,82.66316770785488,-0.0057071242166342896,nan,0,460.5775698765753,0.3522633198799804,0.003958083162473235,0.0400390625,-5.692986873850381,1.3723099487960262,0.0043240340047301686,-0.0014525907659896486,0.00016727579373887545
1,297,608256,82.71972683281638,-0.005724568326460131,nan,0,460.9536903182675,0.3605024038938023,0.002950041405332662,0.023193359375,-5.746130534509766,1.5189095750109758,0.004861221583705418,-0.0010069343729326979,0.00024405084425669884
1,298,610304,82.79037887486629,-0.005665466160859235,nan,0,459.7569153316905,0.34155386097276175,0.0005234161840314782,0.00048828125,-5.720666175760519,1.4509875696262529,0.006260672995285042,0.0003914966401910515,0.00029702035866694353
1,299,612352,82.84908737498336,-0.005674798090975725,nan,0,454.01586563233604,0.34121821466620417,0.004782913602064302,0.0496826171875,-5.6000633814458975,1.5698472981425566,0.0032259127341684015,-0.0025037283019897997,0.0002591553094246043
1,300,614400,82.9048449168913,-0.005716055301846495,-6.044254667870868,8,456.51977462997445,0.37958928945828785,0.001072718487226458,0.0030517578125,-5.611896454646952,1.3554456875068186,0.006051276579162328,0.00031077728070965423,0.0002572056876114458
1,301,616448,82.96186437481083,0.006291342197320778,nan,0,383.90603794299267,0.364125344462905,0.006018518654834228,0.0758056640625,-5.6124984973800744,1.3823747628516576,0.004395227030364103,-0.002831482118426774,0.0032284213028216076
1,302,618496,83.01651979191229,-0.005711292981571438,nan,0,459.70688935552784,0.3713828322292265,0.0016685692750676763,0.009765625,-5.663639323217307,1.6556973887508226,0.005597434373676794,-0.00019054657141696863,0.0002486832437529133
1,303,620544,83.07111174985766,-0.005818473946087633,nan,0,458.1166788392688,0.37351672149760384,0.004000631996907145,0.035888671875,-5.586510496096044,1.1174567992166797,0.0040742136518909025,-0.0016262388223368105,0.0002278839562633385
1,304,622592,83.12918754201382,-0.0056825140858530795,nan,0,462.3487367862233,0.34553877459032195,0.0010988410771182382,0.00048828125,-5.7027385870688985,1.2249212691870468,0.0061956826839436475,0.0004063235631557322,0.00017324106743803495
1,305,624640,83.18540429184213,-0.005642248222427567,nan,0,461.9138901660258,0.34758342703363193,0.0005449882714309628,0.00048828125,-5.661971547949532,1.21477858473383,0.006112722125698726,0.00036522650317499794,0.00017104814914838693
1,306,626688,83.2425507500302,-0.005708612736827882,nan,0,465.02422931529446,0.3641990424510627,0.00387893805836522,0.03955078125,-5.634215034670325,1.3635372031880224,0.003338389341221659,-0.002379926457847759,0.00016820152879818947
1,307,628736,83.29907900001854,0.006289649971320272,-6.071334001401619,8,374.4671595579124,0.34507330014539755,0.00639505687871677,0.08447265625,-5.644918647670551,1.2030332564683985,0.005641522390783506,-0.001572838935696391,0.003138885357618694
1,308,630784,83.35644270782359,-0.005702434537303798,nan,0,461.6279446536193,0.3441648645876002,0.0024585144929476378,0.0135498046875,-5.70706759410375,1.5385612808993137,0.0058224028954897734,3.5551412813706815e-05,0.00015956777714463657
1,309,632832,83.4160732079763,-0.00574014871525198,nan,0,460.6841340526108,0.36392539578446526,0.004111368786048995,0.0389404296875,-5.746063402038853,1.6591721097295298,0.00399330117543432,-0.0018598188847824804,0.00021411331635589497
1,310,634880,83.47193691693246,-0.005677217854523889,nan,0,465.410217272157,0.33134627512151615,0.004065663614980894,0.03955078125,-5.730321578528253,1.612211614051657,0.0041836961030400155,-0.0016135128369376686,0.00013377472289885674
1,311,636928,83.53529770788737,-0.005636780124459661,nan,0,461.14695129450075,0.35579335720094063,0.0035598900608156377,0.0296630859375,-5.783083672198509,1.414759861632454,0.00441510180711853,-0.0014547754257364914,0.0001735871213130256
1,312,638976,83.59203329193406,-0.005766546487763693,nan,0,459.3282860292634,0.35155691813846873,0.004557005362874153,0.054443359375,-5.879791138994918,1.597598887077797,0.004976194241081308,-0.0010094598765939284,0.00021172595736063511
1,313,641024,83.65100650000386,0.006341370132699524,-6.04596213266181,8,376.15235383955,0.36424639833547134,0.0015435764086505679,0.00732421875,-5.863120506955196,1.5373099766546063,0.007207218115631596,-0.00021304214677547208,0.003114279510903743
1,314,643072,83.71276883292012,-0.005643801126411632,nan,0,467.26968433358326,0.3290095259531809,0.003031132546761062,0.0245361328125,-5.960165998957658,1.442738387700404,0.006261125880834491,0.00022004974896127748,0.00016182026583111102
1,315,645120,83.77090816688724,-0.005756399845645467,nan,0,463.7487709484377,0.3623355317358748,0.0038667411217193242,0.0357666015625,-6.033877170120693,1.378547837725462,0.004458246852257464,-0.0016757380716431267,0.0002002155075598011
1,316,647168,83.82800366682932,-0.005733138808837175,nan,0,457.0690649380328,0.3655341493813735,0.005175233615340625,0.0615234375,-6.056706770665638,1.718302062592024,0.003381459353236711,-0.0027689817413921835,0.00018746864792651755
1,317,649216,83.885497167008,-0.0057049477266338,nan,0,462.76094518651644,0.361911064342425,0.004172242380181914,0.037109375,-6.156541102156607,1.5545813803841697,0.005479132346531013,-0.0007691490209743618,0.00018348053069753065
1,318,651264,83.94485441688448,-0.0056811181333207925,nan,0,465.4237954620278,0.34782163597482113,0.0009969075219729458,0.00537109375,-6.171063841158311,1.5539772929449702,0.0062845222029393995,3.311112560522734e-05,0.0001606944723517197
1,319,653312,89.69807187491097,0.006163310939836863,-6.073212011608865,8,375.8478216589378,0.37244994960168787,0.0017318183108330346,0.006591796875,-6.182133362738027,1.188917797404613,0.007275845475557255,-0.0005139705731264724,0.003215365371891399
1,320,655360,89.75184054183774,-0.005604876922022557,nan,0,459.01290623707007,0.3295870265263722,0.0035005394810877014,0.0302734375,-6.161792396019707,1.4161392145219076,0.005522452424482515,-0.0007339071443465128,0.00018913434561864355
1,321,657408,89.8045062078163,-0.005755443461327221,nan,0,459.5286771957105,0.3645007815574788,0.0022369245720758493,0.017578125,-6.042927048131256,1.4259908719009986,0.005830266892336373,-0.0003238992675083435,0.00022247822342692287
1,322,659456,89.85591779183596,-0.005733781026966414,nan,0,458.01188656113504,0.36309527274585396,0.005694618728871141,0.072265625,-6.014081538840781,1.7921000807654064,0.0005643802621318325,-0.00556359371467267,0.00022778487592744614
1,323,661504,89.90938058285974,-0.005681376781387236,nan,0,459.84923125808075,0.3668762179337202,0.004219002849850549,0.040771484375,-6.009164555514269,1.4859428083257846,0.004186632324222768,-0.0019234594797183624,0.00020185449685372243
1,324,663552,89.96196024981327,-0.005763512481407717,nan,0,459.7009399306018,0.3524146867658531,0.003495189208495797,0.0263671875,-6.0546998961641325,1.3770981105214273,0.0044722535833129195,-0.0016684542976998112,0.0001720159696971954
1,325,665600,90.01598616689444,-0.005779871760182964,-6.088241172736954,8,459.9273680214374,0.35270194175570835,0.0007944395397329866,0.000732421875,-5.996495018712119,1.4206617076998351,0.006630205094588391,0.0005557508476133912,0.0001559184565257603
1,326,667648,90.06853045802563,0.006349460890928646,nan,0,376.77868919428386,0.36766170402639775,0.004939648266711514,0.06298828125,-5.932496406226214,1.3793143912430397,0.005554724541326726,-0.0019695777175621825,0.0031836117053253878
1,327,669696,90.12170954188332,-0.005823754485826286,nan,0,462.76739162569925,0.3641166034901581,0.0031696157662473843,0.0255126953125,-6.072416894289189,1.3378626152010133,0.005870553521934992,-0.00031056844794540624,0.00021741015118242223
1,328,671744,90.1732559169177,-0.005575300708765825,nan,0,462.79736615401987,0.3271162027121709,0.0017081032470595624,0.0028076171875,-6.0678009012791705,1.246728033608325,0.006437751640466763,0.00029678591302674355,0.0001463296523217016
1,329,673792,90.22466604202054,-0.005736408137224354,nan,0,463.2857127405791,0.357331063547249,0.0026048601323666225,0.0263671875,-6.1129166868103155,1.5412025930909097,0.005035890381675643,-0.001175488906069484,0.00019692520186961635
1,330,675840,90.27837554202415,-0.005663411806529869,nan,0,452.27691196221116,0.37391142671014055,0.0026580684050107233,0.018798828125,-6.0529656833882735,1.5239295522409404,0.0051054512926886255,-0.0010706107471088787,0.0002461927128184601
1,331,677888,90.33074079197831,-0.005786114066451622,nan,0,453.1538373521295,0.3475943462315231,0.00317598380862646,0.0257568359375,-6.016071972454805,1.3234176060687608,0.005235805818624207,-0.0008659425810774038,0.0001713528544936066
1,332,679936,90.38485349994153,0.00627062259972834,-6.065435333444206,8,377.0279562962971,0.36927873084266544,0.0015397198751016753,0.0069580078125,-6.071329855089434,1.477169392623777,0.007291232269923549,-0.000325672357644195,0.0030911495449566224
1,333,681984,90.43724666698836,-0.005674162008147191,nan,0,458.76287946347026,0.3501587495541103,0.003690149480391411,0.032958984375,-5.965563405327998,1.762652006274626,0.005510885593551494,-0.0005479124565124388,0.00018646928947187142
1,334,684032,90.49607366696,-0.005795506647550871,nan,0,458.253821276329,0.3708318731540721,0.0030911975415416435,0.0245361328125,-5.9472000827266545,1.3166735860387853,0.004645563423980648,-0.0014032443349806293,0.00020321535246923958
1,335,686080,90.55158429197036,-0.005654611338799936,nan,0,457.2527583582125,0.35242379624772446,0.00261608841750033,0.0150146484375,-5.9749834816245295,1.6015893878982694,0.005330070408387703,-0.0007525049280417452,0.00021518370960983707
1,336,688128,90.60533908288926,-0.005696252213286228,nan,0,462.9411167667556,0.3321106298192202,0.003350544872834351,0.03271484375,-6.076441229586181,1.441880420644707,0.005833642481103905,-0.00030558821085101273,0.00012557892473747523
1,337,690176,90.66428070794791,-0.0056832094226894805,nan,0,460.0937478901976,0.3345580463605188,0.00418757886381398,0.05224609375,-5.97705529715311,1.8087370546027102,0.004066265935792323,-0.001975894361112127,0.00013020999950267878
1,338,692224,90.71927920798771,0.006240033871833191,-6.048009498548167,8,374.12972171345433,0.3817592330226532,0.003082467762803107,0.0179443359375,-6.054828618845762,1.4006661642918052,0.006219917513938119,-0.0013565165139641875,0.0030432108181130827
1,339,694272,90.77305129193701,-0.005704891028168134,nan,0,459.0113678821805,0.35666097199758207,0.003090055523348893,0.0272216796875,-6.130264982943066,1.6984690145684769,0.00410090346100756,-0.0021100309847714247,0.0001613389256718421
1,340,696320,90.84505087486468,-0.00572022697492065,nan,0,464.5711598509628,0.37568753644479785,0.0003190625372073457,0.0,-6.201907209357968,1.249517856868279,0.00656806417912997,0.00027247224082629484,0.00018736945789141874
1,341,698368,90.90209404192865,-0.005709414261580461,nan,0,466.2436687017426,0.334683429427513,0.004238671579029952,0.0484619140625,-6.219257558136462,1.402659308922049,0.003672116344524826,-0.0026145874862258866,0.0001348925452285005
1,342,700416,90.95687974989414,-0.005699912595288101,nan,0,462.82377468046565,0.3675893640217007,0.0024766479782629084,0.0146484375,-6.081719750824048,1.484598959123029,0.0056656696177197815,-0.0005165616978867818,0.00020102312956503908
1,343,702464,97.20056649995968,-0.005676685225007401,nan,0,456.829091541552,0.34967507183491897,0.0023325830915627444,0.007080078125,-6.083988310191059,1.3981469657995775,0.005174077990730178,-0.0010052435633007457,0.000190666487679732
1,344,704512,97.2732132920064,0.006259747420876346,-6.071741466182155,8,385.8651776654033,0.3606368374403156,0.001894984156823638,0.005859375,-6.1342656285114945,1.7026470380200776,0.006764837395232747,-0.0008283846530065453,0.0029179128394555944
1,345,706560,97.34447854198515,-0.005685255153944006,nan,0,459.48517783745854,0.350560355160343,0.0037107754164075572,0.0338134765625,-6.213241164039378,1.3708788493755275,0.003927388512415138,-0.002379919901809796,0.0001881345003711106
1,346,708608,97.41373933292925,-0.0057034308785744794,nan,0,463.3776407311436,0.35452583196443743,0.004628017351762945,0.050048828125,-6.193444557322312,1.4988710618774737,0.0036991475064906175,-0.0025773255221328084,0.00016605694260223253
1,347,710656,97.48495741700754,-0.0057226658124155914,nan,0,458.8581667699343,0.3579662623946016,0.003581517807884902,0.0302734375,-6.173705839025419,1.6984992581237655,0.0040855896344631805,-0.0021782949283629806,0.0001803574476014846
1,348,712704,97.55669316696003,-0.0057259766298511094,nan,0,460.15994654353153,0.35212144311505555,0.003006843326383143,0.021484375,-6.2616248746721785,1.4277309489082106,0.004776470307938185,-0.0015638490344537146,0.00015738893543944932
1,349,714752,97.63043654197827,-0.005709397395916515,nan,0,462.2446142047998,0.3516484400300396,0.002605283926363346,0.0174560546875,-6.22424719033634,1.6135366379388218,0.006450045785076742,0.0001385978296821154,0.00017440153011658463
1,350,716800,97.70346683287062,-0.005623715554056722,-6.045325717602321,8,455.1067217480746,0.34838338592063445,0.002372049897885657,0.0118408203125,-6.187179368954036,1.4276059391225266,0.005828772065752558,-0.0004505029563264605,0.00018419130624996685
1,351,718848,97.78352695796639,0.0063508968634614586,nan,0,371.62328204726106,0.3439645892741787,0.004087328314390534,0.0472412109375,-6.178230762983448,1.3736174528401488,0.005290234374200292,-0.0023194727266704247,0.00286295267577454
1,352,720896,97.85568162496202,-0.005616987303533667,nan,0,466.7848745023241,0.3384779585323146,0.0048238616603131085,0.0565185546875,-6.337779855398808,1.8987787576286919,0.0037698125020532002,-0.0026483390872788608,0.00016074346786650447
1,353,722944,97.92550258291885,-0.0057650103960722576,nan,0,455.7889027943661,0.34427213871255286,0.0022898107244270637,0.0098876953125,-6.3841037644827505,1.599134135453264,0.005304025445759298,-0.0011729867987358778,0.00018581696002484917
1,354,724992,97.99727529194206,-0.005701213933631387,nan,0,465.37950156113357,0.328420347923755,0.0014390326002954102,0.004638671875,-6.379516733874113,1.3025248151385056,0.005736314753332842,-0.000711143624938888,0.00013588328879523328
1,355,727040,98.06760712503456,-0.00572029774304931,nan,0,459.5383215010515,0.36802361199080164,0.004475715832827874,0.0465087890625,-6.314582087272991,1.4736919488508626,0.004630623368596469,-0.001794065804260997,0.00022021417116894988
1,356,729088,98.13793466682546,-0.005701231402273393,nan,0,455.0797041210039,0.3559133414486656,0.0006725790613261419,0.0,-6.270125746464588,1.7964266309292383,0.00639142828359353,3.5044897111527994e-05,0.00017251528003482653
1,357,731136,98.21360224997625,0.0062244753372507535,-6.047752114109775,8,380.74672794640696,0.37553630771575064,0.0012757276271006884,0.001220703125,-6.22905407959054,1.2523023885053264,0.007761440047444019,6.802435858552832e-05,0.002928723218535898
1,358,733184,98.28929991694167,-0.005597734751800237,nan,0,463.8843808075151,0.33485198637925084,0.0030618650051965485,0.01953125,-6.218515156110502,1.5629136591653459,0.006076270714212991,-0.00022661313171398528,0.000168737379632948
1,359,735232,98.37304870784283,-0.005781345553352795,nan,0,460.4974573399161,0.36316599733004645,0.003195516416167158,0.02490234375,-6.2239218952557245,1.4276414896043312,0.005318250462172911,-0.001003421864106512,0.00019550086204739737
1,360,737280,98.44967454182915,-0.005730715990751868,nan,0,460.5783773287411,0.34227601831010906,0.0048307060574398885,0.0521240234375,-6.206399037549048,1.8376288515789478,0.0029812087805747576,-0.0033090260981347257,0.0001676716823208721
1,361,739328,98.5181706668809,-0.005631037421459572,nan,0,461.42366487203515,0.3552058512141726,0.004021564035168277,0.038818359375,-6.220951687248755,1.50231001266922,0.0036375019845859106,-0.00266564986439975,0.00016440032347381152
1,362,741376,98.58586387499236,-0.005696297588854819,nan,0,466.0756052660558,0.3311187006490602,0.0012984533126865947,0.00390625,-6.273713373104908,1.2932069191971922,0.006265732776012706,-6.913646756319305e-05,0.00012231174094197762
1,363,743424,98.65446020802483,0.00628378960407012,-6.040450601824765,8,379.8567334382482,0.38972928202902735,0.0018196174142300864,0.0069580078125,-6.178362597081407,1.7363778315764191,0.007080654746814357,-0.0005632217091133059,0.002931027717692514
1,364,745472,98.72155512496829,-0.005726702682362483,nan,0,462.18391306409364,0.3326995631295202,0.0026984199721732686,0.024658203125,-6.214067043869708,1.301402598088497,0.00586943990450367,-0.00042256896052689837,0.00015588364232172372
1,365,747520,98.78751337481663,-0.005563314460665814,nan,0,462.0552521427718,0.32641272847340885,0.003003989274455148,0.028076171875,-6.211027267422567,1.6166159791779564,0.0059074958716591845,-0.0003948453307801147,0.00018262787003347128
1,366,749568,98.86680266703479,-0.005729169480509347,nan,0,465.7650087460176,0.3381552271545551,0.0028812032157408555,0.0267333984375,-6.207652021460488,1.6443122022153904,0.006121862607306709,-0.0001673723347092827,0.00016316584111100528
1,367,751616,98.936965291854,-0.0057059902328474065,nan,0,460.69811527038127,0.3395095360326814,0.005299941761772185,0.060791015625,-6.181453898909126,1.5038338152699255,0.0020889224977683886,-0.004173652692536218,0.00016224258279096213
1,368,753664,105.5640584579669,-0.005695143500510591,nan,0,460.72228588010694,0.3705306821063557,0.0028497670029591026,0.0205078125,-6.195430546386376,1.522872821773046,0.00510321717147924,-0.001196508882403361,0.0002085910149924466
1,369,755712,105.63102516694926,0.006242267180509395,-6.043434237710027,8,380.24089991693535,0.38130271127738646,8.345729363821854e-05,0.0,-6.24338987584909,1.6291284749161568,0.007877464698767024,0.00019110817778927262,0.0028859332902573245
1,370,757760,105.69917208282277,-0.00566756034527429,nan,0,461.8514512128677,0.3505710937789024,0.001852692216649329,0.0079345703125,-6.287466324129388,1.5174499899460245,0.0062153224947813866,-0.0001735189148931466,0.00020275017109028535
1,371,759808,105.77515399991535,-0.005703195286903653,nan,0,464.26455592595664,0.3379545807574643,0.0031280675387040254,0.029296875,-6.246660912989907,1.6035511768814525,0.005177013320469362,-0.0011440427222768274,0.0001487902595125701
1,372,761856,105.84449870791286,-0.00569337549826214,nan,0,462.27910969349506,0.34347739996463644,0.0033255561737960317,0.0362548828125,-6.189214266520121,1.6227873792713494,0.0055137951533228416,-0.000747290190277384,0.00014374215416021024
1,373,763904,105.91316970787011,-0.0056447357233224355,nan,0,463.19337950599396,0.333360918954835,0.0044710917263614085,0.0435791015625,-6.159690026930863,1.895093238822605,0.0038172783812717415,-0.0024257390509497398,0.00016665481058123648
1,374,765952,105.98099008295685,-0.005740789633043116,nan,0,458.45902916802385,0.3570658554463707,0.0024412014991653875,0.0145263671875,-6.183818213579924,1.5726452927345846,0.005899525997864958,-0.0003911413430123002,0.0002136982545946673
1,375,768000,106.0491717918776,-0.005714666078228646,-6.041185067838312,8,459.18967732065863,0.36359141415699403,0.0020358441739791637,0.0115966796875,-6.2824445825498145,1.7921974201145563,0.005879386564164944,-0.0005104361833004013,0.0002147563298310654
1,376,770048,106.11864879191853,0.0062553745044347546,nan,0,378.0125205298729,0.37072635947916255,0.0052107728784065764,0.0638427734375,-6.280143249238116,1.6898810775260555,0.00723725592188503,-0.0005140822750113539,0.002942389895316537
1,377,772096,106.18622924992815,-0.005690407496821684,nan,0,463.95495848664905,0.3551332320513908,0.0031734390148362877,0.0233154296875,-6.267958073597969,1.5963001336503497,0.004686555214878875,-0.0017019131213770059,0.0002410205253158219
1,378,774144,106.25286191701889,-0.005722928980692599,nan,0,462.06955524610595,0.34871214802432204,0.0005575341154311981,0.00146484375,-6.346683957143664,1.5610180489119574,0.006292544720038323,-0.0001342320357808893,0.00016018559735109586
1,379,776192,106.32197312498465,-0.00559662640888257,nan,0,452.056516749486,0.3034464816840859,0.004742120125508844,0.0599365234375,-6.292522287118369,1.6264070532855524,0.0036860760262936634,-0.002659225158992166,0.0001055577963349202
1,380,778240,106.39667008281685,-0.005632719431548225,nan,0,467.08377183452154,0.33243777754705417,0.0029454305963845595,0.021484375,-6.290163121266215,1.5155719963895176,0.0048005781152316955,-0.0015494652489633836,0.00011976048585772865
1,381,780288,106.46822979184799,-0.005730044872406295,nan,0,459.6653731427399,0.35044487295343113,0.003933899932403823,0.043701171875,-6.25332304722844,2.0217042419223215,0.005619785396085827,-0.0007136995651912748,0.0001603238280973231
1,382,782336,106.54422533302568,0.006367598248305528,-6.019377323208184,8,380.02043151501783,0.3508973485970837,0.0023877780781350884,0.0208740234375,-6.187549388081832,1.3775611102954866,0.006474550051626627,-0.0010811947700749324,0.002736390867239459
1,383,784384,106.6133748749271,-0.00577307658979777,nan,0,457.03028186515456,0.3569957020116731,0.004250547748452973,0.0394287109375,-6.114890730862099,1.6181349195778414,0.004407883403831277,-0.0017967344192602866,0.00017945418445893506
1,384,786432,106.69198941695504,-0.005674484797831994,nan,0,460.3432970219057,0.3332859922574264,0.0006404988892174848,0.0003662109375,-6.179626853028967,1.397699387857899,0.006248313679836616,-1.1331643659656665e-06,0.00013963998234722445
1,385,788480,106.76709020789713,-0.005648127446691464,nan,0,463.40128579104817,0.3323736235692282,0.0014758769677067952,0.0078125,-6.265329750172224,1.5310122477514954,0.005757548058003117,-0.0006442088479568613,0.0002728543115755105
1,386,790528,106.8363312499132,-0.005702485465683831,nan,0,454.6326802438564,0.3583551014328372,0.0013177814034379537,0.005859375,-6.195954816460702,1.645620332535962,0.0053367190913905585,-0.0010824542954332847,0.0004464371407262833
1,387,792576,106.92012216686271,-0.005726883974097031,nan,0,458.0906766302931,0.36686148493253273,0.002968749936514653,0.024658203125,-6.314469877615588,1.6452027646934657,0.005626959660137198,-0.0008134724503573083,0.00025192446575783513
1,388,794624,106.98957516695373,0.006364996709980123,-6.030920282119429,8,377.1353996966515,0.3487648940492829,0.003891520130897664,0.038330078125,-6.385974086710922,1.3853177886686745,0.005404163997477992,-0.002353345083602361,0.002743069988738861
1,389,796672,107.05700833280571,-0.005778161497807771,nan,0,453.2230240171833,0.3726114606843397,0.001838819591943618,0.0135498046875,-6.340787244625989,1.6549044373407407,0.006207636880493023,-0.0002441472880654223,0.00022199384786490857
1,390,798720,107.13131654192694,-0.005615383238102588,nan,0,458.845262749044,0.34601325790298676,0.0019991580835946373,0.0120849609375,-6.384953037801463,1.1765321460501732,0.00584020268994059,-0.000629204234706934,0.00016890777369212573
1,391,800768,107.20153387496248,-0.005731492320487351,nan,0,462.3145913067657,0.3540367164865431,0.004156157619710407,0.039794921875,-6.356726830336636,1.6013469258039863,0.0033071292234813253,-0.003133926839440781,0.0001686584651709433
1,392,802816,113.952244249871,-0.0057021033631916565,nan,0,463.78896082440116,0.33316967050882784,0.0038619993591550296,0.0355224609375,-6.299738303222707,1.6406356409764928,0.0039638463490801,-0.002406022191452812,0.00014026047462042083
1,393,804864,114.02218691702001,-0.0056136601421366405,nan,0,462.8369208443029,0.3318200882721207,0.004812426408879966,0.056640625,-6.282091195334028,1.5983115590521693,0.0030486264615194477,-0.003301290458419144,0.00013565144920912926
1,394,806912,114.0925154578872,0.006274178745911675,-6.028171265333854,8,379.3762197237199,0.36061420150875356,0.004288136053618169,0.0472412109375,-6.281259660763842,1.5790729093131508,0.005640261023916831,-0.0020290242858076197,0.002776051297921221
1,395,808960,114.16303699999116,-0.0057447182144067365,nan,0,460.246146217438,0.3752442427907482,0.0003222305988892142,0.0,-6.233318056484752,1.548627156472524,0.006341138467534947,-2.2191509198937753e-05,0.0002600238404982664
1,396,811008,114.23427483299747,-0.005674118689455278,nan,0,461.9297917943524,0.3480231541219029,0.0020696396524024947,0.0137939453125,-6.159762655716673,1.678906147812121,0.005273019341182985,-0.0009628961259835521,0.00015230562289972934
1,397,813056,114.30611070781015,-0.005713411697057684,nan,0,464.45623359318233,0.34513183589469526,0.0033541730276706394,0.0283203125,-6.266559262209141,1.6105623099412245,0.004435286678606497,-0.0019094669367096875,0.0001563887062140869
1,398,815104,114.37564849993214,-0.005691410263912425,nan,0,449.61991883383047,0.35218400909689823,0.006067898409963819,0.07958984375,-6.312307000765678,1.5526247769106845,0.0017919779558744145,-0.004604938757875916,0.000169219425969303
1,399,817152,114.47479241690598,-0.005711491441200536,nan,0,459.38607025338035,0.36515076762845594,0.003120486402502974,0.02587890625,-6.3312689685201775,1.534661126155171,0.005353598218641164,-0.001068033871773854,0.000180726243789682
1,400,819200,114.66409341688268,-0.005664767255009306,-6.056278106257419,8,467.4435238941622,0.3491971468591819,0.001048120862399705,0.003173828125,-6.303043564783749,1.5718883012254685,0.0060356436470380605,-0.0003471620169315931,0.00015952419837180311
1,401,821248,114.8026990420185,0.006285428318125449,nan,0,374.3282297414591,0.37736908808800895,0.0013703732906525904,0.0030517578125,-6.345196444046053,1.2755166250277807,0.007616956244891597,-0.00010384051261678844,0.0027512006269246646
1,402,823296,114.9003829578869,-0.005746978505696601,nan,0,461.8787284493304,0.3550355015774474,0.0037532414708235907,0.03857421875,-6.386349069432113,1.5285442901071415,0.0036142641083391804,-0.0028800056990493598,0.00021584147591285224
1,403,825344,115.00401720800437,-0.00562969456607537,nan,0,460.7696634712003,0.3357340946842463,0.0036421935944027407,0.0389404296875,-6.252425196241319,1.6443374655833438,0.004666248200335132,-0.0016578880422545277,0.0001434220926966767
1,404,827392,115.13937062490731,-0.0057548892985498454,nan,0,458.0840042981132,0.3265967677696019,0.0005596829066220902,0.0,-6.284839220756913,1.340991932073626,0.00629978152448935,-5.0831631282608966e-05,0.0001315478700300985
1,405,829440,115.22501891688444,-0.00564091287036615,nan,0,459.16141168274964,0.35604431317123764,0.0025633170048649347,0.0150146484375,-6.209769324802156,1.670117569506718,0.004839362209049496,-0.0014413969937450018,0.00014197975598468536
1,406,831488,115.3112502079457,-0.00568998721147802,nan,0,455.6879382057657,0.3348528226837504,0.0016022678774752963,0.006591796875,-6.214308032769059,1.8227048854685608,0.005679248095372701,-0.0006059822758162606,0.00014184467683980284
1,407,833536,115.39680200000294,0.006229311348664988,-6.050773643870725,8,366.23535387610013,0.4148471514796161,0.000267414012831537,0.0,-6.173800252116005,1.5463215250088553,0.007747230464004136,0.0002089521068033189,0.002728956210169618
1,408,835584,115.48442108300515,-0.005749213800225721,nan,0,462.13146800699747,0.3541596762152176,0.0023582386626930466,0.013916015625,-6.206639868410595,1.7022505126359584,0.0050889871437219455,-0.0011988845691243964,0.00016246368887149384
1,409,837632,115.57408458297141,-0.005755631366639516,nan,0,459.3967763640106,0.35444810003177063,0.0020790979579196215,0.017333984375,-6.2564547969216004,1.5400890907773395,0.005759550930725575,-0.0005858511319836984,0.0001778945315753452
1,410,839680,115.66223362484016,-0.005657383375214783,nan,0,463.90035866170297,0.3461202616816569,0.003186284729240379,0.0318603515625,-6.2676180292493076,1.7080551781761772,0.004149614652580845,-0.0021994140550426243,0.0001628213567483313
1,411,841728,115.85649712500162,-0.00569236474307248,nan,0,462.44145984478286,0.34758293506369115,0.00022348117080527128,0.0,-6.226814890100354,1.5488802566196938,0.006300157797858516,-2.880990615404186e-06,0.0001524477967471346
1,412,843776,115.95257712481543,-0.0057132819895940766,nan,0,465.1988335431315,0.34135425146163406,0.0004245108325140237,0.0,-6.277156574086673,1.3026674876219988,0.006221114003139279,-0.0001334697973833822,0.0001548544528719771
1,413,845824,116.10597699997015,0.006300064733990484,-6.06131417671035,8,383.11671570860074,0.3563795440334153,0.0025980077137161446,0.026611328125,-6.284233862666751,1.1450269789146656,0.006449359545356342,-0.0011448481663423227,0.002619947698063834
1,414,847872,116.24626991688274,-0.005693399648422988,nan,0,464.4924058954371,0.3518244087963896,0.0017393265993950434,0.005615234375,-6.3465583869768185,1.4512048605694066,0.0057695509054154215,-0.0006637176724018793,0.00017342038168096546
1,415,849920,116.34362708288245,-0.005636218111492011,nan,0,464.751143925635,0.32784368386222984,0.0001646531715995114,0.0,-6.366537716327851,1.2774127843692906,0.006276271358184688,-0.0001638342022748547,0.0001471356882633846
1,416,851968,116.4685371669475,-0.005680556589283329,nan,0,454.2578098044306,0.33586179323515974,0.002438232737285592,0.0233154296875,-6.440016432770072,1.4567497428088512,0.005050320330195493,-0.001463022270794037,0.00014665233643891003
1,417,854016,125.3266045418568,-0.005659963436580921,nan,0,461.2224400436856,0.3496717588088887,0.0014540743178660602,0.0087890625,-6.436571565754782,1.6311989809691543,0.005721381046397191,-0.000794169572924862,0.00015795810713454438
1,418,856064,125.42910629184917,-0.005663957126646831,nan,0,451.9066652375276,0.3285376620396094,9.535767890533034e-05,0.0,-6.4239095263292185,1.6731499903249003,0.006584419476909819,5.98327151995837e-05,0.0002013544707620335
1,419,858112,125.50515037495643,0.006287246107161676,-6.025228040396907,8,377.48570889120845,0.3606465082198755,0.002613133898366906,0.024169921875,-6.418264967049381,1.5529400939630227,0.007340210111654817,-0.00038881302144698655,0.002621516332104846
1,420,860160,125.58960704202764,-0.005782382831598079,nan,0,454.2065681173611,0.37919053497361777,0.0049654385372158525,0.0594482421875,-6.456535265832342,1.6528917310786002,0.00273802434864336,-0.003825130265762252,0.00021323869714653948
1,421,862208,125.72943029203452,-0.00573804391683486,nan,0,457.6570177042105,0.3692830685355044,0.002610216072900692,0.0277099609375,-6.478831398549692,1.7643696263559425,0.00466289147876745,-0.0019166623518741752,0.00020144486418386033
1,422,864256,125.80461004190147,-0.005673131927834196,nan,0,463.0435523899061,0.36230741179304493,0.0035230570337830016,0.0323486328125,-6.400386909199592,1.4070686790220068,0.004860121468662014,-0.0016322511948418106,0.00018397150860846985
1,423,866304,125.88554599997588,-0.005740180512842664,nan,0,465.7675539903252,0.3394252203157242,0.0024530825406513367,0.0179443359375,-6.404069158989982,1.7537046843937265,0.006120773729610897,-0.00034926038326954165,0.0001319299077809101
1,424,868352,125.96158479200676,-0.005680402227544917,nan,0,465.0408524484162,0.3525455870887971,0.007084560377976733,0.100830078125,-6.3676471050895564,1.8622153091442382,0.0010442051649804602,-0.005397516346602899,0.000148148812987608
1,425,870400,126.03646137495525,-0.005723115458950235,-6.08019172481427,8,464.99546711331897,0.34040224730010604,0.00050864988701352,0.0,-6.379102941796729,1.3871209867938419,0.006714982663154699,0.0002681344990618302,0.00013549044459227743
1,426,872448,126.11038212501444,0.006337359365044232,nan,0,381.9168735847709,0.3471472755043096,0.0010546672774136817,0.0028076171875,-6.397013497906954,1.5023449037174788,0.006790079973121721,-0.0008801089610646906,0.002546350872558917
1,427,874496,126.19624229194596,-0.00570342998371124,nan,0,461.6730171212328,0.34811248111002807,0.0013445340779906058,0.005859375,-6.432807024032243,1.662885983601499,0.0056710732480950085,-0.0008480270799551949,0.00017258660803592206
1,428,876544,126.44986483291723,-0.005693028636776221,nan,0,464.8174646651864,0.34471048923856207,0.0019313832872265386,0.0128173828125,-6.444117762545763,1.4512603083556672,0.005315073584471962,-0.0011973689658281335,0.00013664957550865823
1,429,878592,126.54998845793307,-0.005657554657749892,nan,0,462.8624284679548,0.360945692889142,0.00037920029645852987,0.0,-6.374673331015983,1.3123254535408897,0.006585083194736798,0.0001258532567193671,0.00016911321400289617
1,430,880640,126.63453212496825,-0.0057212240845172235,nan,0,465.163361217187,0.3387328044198973,0.00015140262489711016,0.0,-6.409316567042536,1.5931257321535708,0.006464417189998573,-2.0334244630412605e-05,0.00015086973517289943
1,431,882688,126.7182034580037,-0.005685191787494082,nan,0,461.6415306309096,0.3423009878083254,0.0020842533839151144,0.0103759765625,-6.4511404889694095,1.7572005108267157,0.005030315839180696,-0.0014943501734084427,0.0001470510472394586
1,432,884736,126.80021274997853,0.006297560148436098,-6.032340345774684,8,373.710286197407,0.35272852442130354,0.0008397267204156157,0.0003662109375,-6.416647855657015,1.9463415479000115,0.0069319415021573275,-0.0007942602763821205,0.0026191078457648664
1,433,886784,126.88393612485379,-0.0057179229288255905,nan,0,461.7615798518039,0.3452574739360634,0.0022929220200188314,0.01806640625,-6.341790607833979,1.8950919170528069,0.005308136988681659,-0.0011130062155048463,0.00015870519270504943
1,434,888832,126.96315287495963,-0.005670630677569507,nan,0,455.9930777057307,0.3595716941846835,0.0005151757068823353,0.0,-6.357008499270934,1.2250941062489917,0.006086552356032154,-0.0003529681720792128,0.00016502405768086144
1,435,890880,127.04328795801848,-0.00573306097557459,nan,0,463.7584450474871,0.3319690489288155,0.0003638255761927423,0.0,-6.342643158042794,1.8224251399082183,0.005715327389641403,-0.0006891799042126716,0.00012372827162255928
1,436,892928,127.14334437483922,-0.005715639068196942,nan,0,466.0858229552898,0.3758890821395543,0.0004432724829532876,0.0,-6.387019808382394,1.13579531644821,0.006487905102139795,7.000621736498501e-06,0.00018776934404180666
1,437,894976,127.23038691701367,-0.005682723119476402,nan,0,459.6461013343078,0.337491546214855,0.003998540961974097,0.046630859375,-6.431451989364165,1.4987311692318959,0.0028681421262213465,-0.003622889994702996,0.00011916026312035369
1,438,897024,127.31711912481114,0.006254245268072972,-6.0423512101150685,8,384.2237454604909,0.3716624777292783,0.0023672109656811364,0.0115966796875,-6.482601932464272,1.477429933476031,0.006573261951920265,-0.001223484820777515,0.0026282896804670167
1,439,899072,127.42228699987754,-0.005615499058835294,nan,0,460.77253987481856,0.33811504594306724,0.0012360957330663615,0.005859375,-6.40700003354594,1.8788458042901834,0.005279965403776496,-0.0011993278373629073,0.00014458641518692576
1,440,901120,127.52917587500997,-0.005679504791353738,nan,0,464.0725515859097,0.3507895983802991,0.0015357033956634495,0.0054931640625,-6.442746894953427,1.5510227864035238,0.005784974252450096,-0.0007331579349655866,0.00015077058492451257
1,441,903168,137.04857354192063,-0.005709399126951209,nan,0,459.0499430219256,0.33718691579515125,0.0001951075775419963,0.0,-6.478261048721588,1.5736463371533054,0.006824673152315984,0.0002872295280738745,0.00011836515104104729
1,442,905216,137.1389689578209,-0.0056559435821945565,nan,0,464.6232132454772,0.3337691685866761,0.0012882588807797614,0.006591796875,-6.515506110840605,1.6174169874126798,0.005271792487779115,-0.0012981005109662276,0.00010877377580947642
1,443,907264,137.2156922079157,-0.005726593912796054,nan,0,463.5954989082517,0.350903196932521,0.00014438901299760682,0.0,-6.4885897393609175,1.4595694016045533,0.006603970060323575,3.481742382979453e-05,0.000161125794265729
1,444,909312,137.37022737483494,0.006312039626128677,-6.035602549152404,8,383.22294711058566,0.36550301212023306,0.00016285897310293492,0.0,-6.443773962905066,1.4992930009519014,0.0076942316642565865,-3.227117198509495e-05,0.002565457746673229
1,445,911360,137.5546703748405,-0.005720060064470928,nan,0,464.5956210159001,0.33677187775241657,0.0009711192382375473,0.00341796875,-6.470626011083409,1.5791511443116313,0.005724499343244073,-0.0008146948528544419,0.000137136370030213
1,446,913408,137.63737404183485,-0.005677711991411399,nan,0,460.856275879931,0.3549255270150524,0.002847367054714741,0.031982421875,-6.465542733886025,1.6434778813892423,0.0044705614000457765,-0.0020693974281172896,0.0001488321885540875
1,447,915456,137.74669849989004,-0.005746271688056763,nan,0,456.2933800352072,0.37272031650820614,0.0001292901623522972,0.0,-6.453045997001553,1.576905084298981,0.006603538012531513,4.928753333117118e-05,0.0002024089643975776
1,448,917504,137.82795224990696,-0.005711634971108769,nan,0,459.55719076272567,0.35221332303588304,0.0007758133487025813,0.0006103515625,-6.4928504600700006,1.6838325296563112,0.006484434767377707,-8.688968436874368e-05,0.00015694798335290166
1,449,919552,137.90134508302435,-0.005683840105321255,nan,0,460.63006885585816,0.33600636942957124,0.0004046474952935584,0.0,-6.53511536135928,1.2690744982399815,0.005905465633281021,-0.000698677942884618,0.0001380564296127146
1,450,921600,138.09891208284535,-0.005649093469274059,-6.044522989097686,8,460.2313548348576,0.33841575659571255,0.00028114188576617563,0.0,-6.435586741203976,1.3939352646768621,0.006088069495960606,-0.0004188354822971816,0.00014263647410761503
1,451,923648,138.26729729189537,0.006226995572729018,nan,0,381.5501029943731,0.3915310334853589,0.0013224612552299685,0.005859375,-6.412902972663433,1.729888546647413,0.006843993102160352,-0.000865317123834925,0.002592814506663689
1,452,925696,138.3970032078214,-0.005758916045311788,nan,0,464.5983696023799,0.36217041334218325,0.0010989420629633718,0.00244140625,-6.4834942946419645,1.3549467259388828,0.005831637048060961,-0.0007469160273824976,0.00019011756160298992
1,453,927744,138.51705424999818,-0.005681614785597578,nan,0,460.4452856751714,0.3455648172297946,0.0005456356808590996,0.00048828125,-6.450337726075452,1.6945874194435033,0.005421182872266209,-0.0011059296502867653,0.00015354959295503702
1,454,929792,138.645110958023,-0.005629914826023894,nan,0,461.712686687405,0.3414302208458029,0.0006411443377001012,0.0,-6.404189665723642,1.4034942415385747,0.006519340584493905,4.439238195314086e-05,0.000141517073634243
1,455,931840,138.77716375002638,-0.005673722677639409,nan,0,464.43656074405624,0.3292840259976798,0.0008590637462927515,0.001708984375,-6.427275448353753,1.7434404099243284,0.0052782462586395225,-0.00121114172295601,0.0001242250664835598
1,456,933888,138.91746420785785,-0.005662187948797715,nan,0,465.8987889623235,0.32459636153901383,0.00023279186051472224,0.0,-6.416233308534908,1.687073047862036,0.006432449461866822,-4.040506643571617e-05,0.00011324243953525835
1,457,935936,139.23670095787384,0.006332297555194104,-6.031624226447281,8,372.50306036612903,0.3368249731195728,0.0003028200992760187,0.0,-6.512956784741664,1.746866185713612,0.006884704219443356,-0.0008908179372505405,0.0025251307439044706
1,458,937984,139.4075765828602,-0.005714412184631555,nan,0,457.5443019434567,0.3733100830066064,0.002538664601856971,0.0224609375,-6.5020102096658485,2.223077690868145,0.00311433814362973,-0.0035054305766838087,0.00023551702129538275
1,459,940032,139.5531059578061,-0.005754438275862638,nan,0,459.37387015519226,0.3621999930269946,0.0009459274066014388,0.0025634765625,-6.5057417990926485,1.8086016023605334,0.005389497862385683,-0.0012017495920294777,0.00017101131064502543
1,460,942080,139.69007675000466,-0.005740524031274814,nan,0,459.5557807940461,0.379365980154149,7.876931065609206e-05,0.0,-6.517966262619863,1.5202251855739006,0.006440954439493707,-0.00016050097151646542,0.00016697829678061896
1,461,944128,139.816858332837,-0.005628993489647347,nan,0,463.1657327083256,0.3308223731437006,0.0001899174114901313,0.0,-6.488488874589454,1.5020092430810097,0.006689291981747508,0.00013435549174767303,0.0001328952308207583
1,462,946176,139.94601058284752,-0.0056474163419310075,nan,0,462.90294792562884,0.34670435802750926,0.0001146464551089583,0.0,-6.4522615335117575,1.5515454547476377,0.0062412858757378955,-0.0002914142742243015,0.00016087723290088366
1,463,948224,140.0983501668088,0.006272040245563617,-6.060972285430717,8,382.88938296589316,0.3812583526519071,0.0001589502361520214,0.0,-6.452518610468967,1.6028063696167558,0.007572112120385936,-0.00014213437883912796,0.002523455777512192
1,464,950272,140.28268966684118,-0.005711010669968408,nan,0,466.11334623365696,0.35142231510170996,5.807300412523296e-05,0.0,-6.4559671173052315,1.8610387048717838,0.006629615985565899,0.00010366076213951664,0.00013997621224230136
1,465,952320,151.49168104189448,-0.00571964258607616,nan,0,459.7956464725257,0.37397892788038023,5.833248656393291e-05,0.0,-6.438695993141707,1.7678482276011862,0.006370606303159878,-0.0001655299212661894,0.00019488046256872261
1,466,954368,151.67672554193996,-0.0057985751596222835,nan,0,461.362834734736,0.35499672677673727,4.4066528071973717e-05,0.0,-6.43170806294387,1.6538363698104188,0.006460425235011334,-4.7772122227632274e-05,0.0001529785885901875
1,467,956416,151.83930699992925,-0.005697004704808584,nan,0,455.0415398796391,0.369566141769102,0.0002786015183898559,0.0,-6.450229669293011,1.419198741232628,0.005996692126914071,-0.00054981238466488,0.00019254968457187928
1,468,958464,152.01664979197085,-0.0057567834564407235,nan,0,460.42461896418075,0.35892995190214116,0.0017077852902622893,0.0086669921875,-6.4190238067761305,1.9149963818188653,0.003695354458224655,-0.0028130908709116985,0.00017884304472044765
1,469,960512,152.19134262483567,0.006289662458166174,-6.084018137253256,8,381.0466942151803,0.36145177394268124,0.00014999088902318614,0.0,-6.398409803260635,1.7155705562887138,0.007471774878991691,-0.00017717352181075268,0.0025010771950836177
1,470,962560,152.36327966698445,-0.00568013241714462,nan,0,461.193948263807,0.3379223302528128,0.0001521085829248992,0.0,-6.346340605040357,1.5713331829928165,0.006431279718457016,1.840911413158921e-05,0.0001330599985701362
1,471,964608,152.52068041684106,-0.005693750279530991,nan,0,465.3033086442495,0.3514094303759705,4.813298189346448e-06,0.0,-6.431834889737043,1.5517614430371962,0.00652488976810006,2.08827101811351e-05,0.0001443443363637601
1,472,966656,152.67510266695172,-0.00571091932123544,nan,0,461.45087609650886,0.35229023715325675,0.00018082567434265162,0.0,-6.3900746192101145,1.482941943884473,0.006233967508582473,-0.00022855183228614063,0.00014488944331699432
1,473,968704,152.81276670796797,-0.005697467877762857,nan,0,455.3361330046503,0.37335417466369464,0.0001703694208723985,0.0,-6.395149565010602,1.4282373779826232,0.0062345128174263135,-0.000265857631713628,0.00021044176825867774
1,474,970752,152.947129416978,-0.005703604302303701,nan,0,464.8673774929684,0.34244315716075335,0.0004036156058022987,0.0,-6.310449712795306,1.6571978320176752,0.006069313135490317,-0.0003039976600749776,0.00012572216553997798
1,475,972800,153.08543433295563,-0.005657719842410286,-6.040410731315182,8,469.10375360480003,0.3251289016778883,1.711918104084655e-05,0.0,-6.320334648488761,1.557222362606974,0.0063391789854880965,-3.8781255564620566e-05,0.00011525118512791527
1,476,974848,153.21891404199414,0.006296806796364903,nan,0,386.4336786625311,0.36856095772374664,7.937330042124099e-05,0.0,-6.368038762696177,1.9161758432643565,0.007200625658988489,-0.0004595366679409241,0.0025842471284664766
1,477,976896,153.3527269170154,-0.005712656048273914,nan,0,462.9702540662911,0.34117530228823967,1.3530594191679096e-05,0.0,-6.390984668700108,1.555677570975335,0.006503884139515394,4.478781353580222e-05,0.00013622331455896323
1,478,978944,153.4918044579681,-0.0056885755550954795,nan,0,463.19300657067987,0.3444040842176368,6.925956916115254e-05,0.0,-6.389193508892102,1.9274169416800353,0.0061660969621918915,-0.00029170796872153397,0.00013722284404264144
1,479,980992,153.68054429185577,-0.005658354960442146,nan,0,463.9659505407956,0.3310742838774899,5.760138659981651e-05,0.0,-6.350348607694718,1.459527811207323,0.00621208903047997,-0.00020577508566900927,0.00013503101690852395
1,480,983040,153.81586133292876,-0.005607778635838763,nan,0,463.04054384561294,0.33799767205630177,7.338474918007589e-05,0.0,-6.417628730522013,2.007905230650558,0.005993173942930452,-0.0004970461296200158,0.0001451826840569093
1,481,985088,153.95010158303194,-0.005693996034435679,nan,0,459.7477867913084,0.33393528613534723,0.00013753897935692546,0.0,-6.404277463605772,1.7700036432664654,0.005885279851330952,-0.0005903599355144666,0.00014272464647929262
1,482,987136,154.0788541669026,0.006270265173694307,-6.019679133210951,8,384.60466898172916,0.36526409788189695,6.931594456167067e-05,0.0,-6.4357164385680425,1.9779631509928959,0.007417623850005286,-0.0002653035810542678,0.0024944219849830163
1,483,989184,154.20943733281456,-0.005671004311981139,nan,0,463.48021060068527,0.3401607119541441,8.96965176236995e-05,0.0,-6.384963143418675,1.4251118123613837,0.006097404061983728,-0.00036444986216349097,0.00015378156145708728
1,484,991232,154.3425166248344,-0.005750219022398811,nan,0,462.9479150452515,0.3598802138369671,7.385642169500154e-05,0.0,-6.396446014781473,1.8084767648366888,0.0060473011084252746,-0.00043410163049222017,0.0001699134482720469
1,485,993280,154.50182212493382,-0.005702493684435888,nan,0,459.5630668049904,0.35416906938070586,2.8195528857561866e-05,0.0,-6.355117392635961,1.8762599356306628,0.00620471062670201,-0.00022135011247341485,0.00014188669307892902
1,486,995328,154.6512552499771,-0.0056654319853279966,nan,0,465.0029633963298,0.33798920135623445,1.79795534812496e-06,0.0,-6.484689433285908,1.8432178760134303,0.006575507335902865,2.113168635110331e-05,0.0001393724325317065
1,487,997376,154.79605045798235,-0.0056371199091278254,nan,0,461.624233072319,0.3308482037612141,1.3593536162665457e-05,0.0,-6.418460264988351,2.0084267722531175,0.006218805019427672,-0.0002617606888665582,0.00012421088661175995
1,488,999424,154.95062549994327,0.006205043125066117,-6.041787261800406,8,374.6791500323621,0.3665228977563253,4.316952156287887e-06,0.0,-6.353153227385583,1.506492654937639,0.007565957028639646,-3.4908663347315606e-05,0.0024954249292027555
1,489,1001472,155.08978629182093,-0.005631429802940618,nan,0,463.14449354418025,0.3505705324453211,5.0837682200150186e-08,0.0,-6.411793829811395,1.4539258838103901,0.0065055036731747375,1.512744488763127e-06,0.00018439419774915093
