seed,update,environment_steps,elapsed_seconds,mean_step_reward,mean_episode_return,episodes_completed,minimum_tension,mean_command_speed,approximate_kl,clip_fraction,entropy,gradient_norm,loss,policy_loss,value_loss
3,1,2048,9.008138084085658,-0.005954765325866711,nan,0,-166.5837666809295,0.4916054933386881,0.009649849769210943,0.14501953125,1.1960740202388762,0.7093292148229556,-0.0007948879020758044,-0.01729432310331414,0.03539101844295442
3,2,4096,9.10523808398284,-0.005351040577982127,nan,0,-164.12684913899676,0.48308273084140274,0.009587027360388321,0.1478271484375,1.1988798056594259,0.7704280835627665,0.00016095297969388744,-0.015451753681293954,0.03362317293329453
3,3,6144,9.18167187506333,-0.005411542560940378,nan,0,-183.69565569657223,0.5111153247848739,0.011201152304976156,0.1634521484375,1.1774631507647153,0.8487214391168276,0.0018832294092932431,-0.01686634590568121,0.03985407693147834
3,4,8192,9.259430375183001,-0.00529909049077627,nan,0,-172.85752197716295,0.47952844974311926,0.009088690184393358,0.1363525390625,1.1544148564776304,0.8907746694794174,0.0034600784962120048,-0.014071905375095303,0.03737279745556987
3,5,10240,9.329076834022999,-0.004504954837499764,nan,0,-183.03644643150355,0.48400150366175465,0.010245906447226024,0.1551513671875,1.1305526458364812,0.9598916453381741,4.137439787928708e-05,-0.014872252262456103,0.03208835861234374
3,6,12288,9.39882304216735,-0.0056953046084989595,nan,0,-195.62025918670267,0.45443726592329886,0.011778029013495308,0.178955078125,1.0854343968391122,0.9938168277739055,-0.004837200968340454,-0.018628488247184896,0.029753443351367113
3,7,14336,9.47108754212968,-0.0012198650556980233,-8.425859812838912,8,-184.0638802717443,0.5107232153275161,0.011179755286611753,0.16064453125,1.0603711223858763,1.0048627078290844,-0.00012534359403242046,-0.014039843483416026,0.02994974202353896
3,8,16384,9.55883370898664,-0.005030552810235856,nan,0,-191.02381813017695,0.46475393551388267,0.0069397323815672245,0.0947265625,0.9822264658329736,0.9701099763773786,0.0018979216753875275,-0.011933789410153009,0.029627875102747017
3,9,18432,9.654266959056258,-0.006150197460224193,nan,0,-189.1596024098937,0.4702891712460054,0.010605582797855138,0.16064453125,0.900853021280196,1.0038748427519768,-0.005259341530627959,-0.016182120140240473,0.023647263261785418
3,10,20480,9.727011250099167,-0.004108397319671729,nan,0,-190.91911543739926,0.5048305601844625,0.01035235251972813,0.1566162109375,0.8208688972160076,0.8851044974653764,-0.007580847004405078,-0.01643298329548415,0.01934601037659015
3,11,22528,9.79826758406125,-0.00555146021997076,nan,0,-190.69942992124788,0.4495115219606105,0.010017964303092111,0.1494140625,0.7310122572117367,1.115284800291224,-0.004319468260359844,-0.013751374411561348,0.02032583681682648
3,12,24576,9.88656070898287,-0.005197560086209514,nan,0,-212.16408230932527,0.4312626325004281,0.009895410321191522,0.145751953125,0.587722880381149,1.0252857533775135,-0.009794322025667,-0.016387299391944436,0.014361400493317175
3,13,26624,9.956617209129035,0.0023348205635236254,-7.424133758300654,8,-202.0191399812512,0.4633999640539278,0.008524698269548093,0.1285400390625,0.5019165287709388,0.9677744832840993,0.006230094047866116,-0.010567106317262754,0.034598233787799616
3,14,28672,10.028962375130504,-0.005337391435289236,nan,0,-193.646911921172,0.4600763394724417,0.008745810531545838,0.1258544921875,0.39611898276838525,1.0587483496126717,-0.00834094002941453,-0.013538334558898288,0.011187027024504297
3,15,30720,10.111538584111258,-0.005266381321335025,nan,0,-181.50126906094485,0.44637700362299604,0.009415847367220573,0.1387939453125,0.2312131916591973,1.2977923031995426,-0.011082393332555682,-0.014938175193392888,0.00817399010499281
3,16,32768,10.19364970899187,-0.005768577866787899,nan,0,-184.70776487660655,0.45222380220160513,0.0075810290779757625,0.1068115234375,0.12275613845117972,1.123192829910205,-0.008426238854585003,-0.012586096609817271,0.008565227787366897
3,17,34816,10.289675374981016,-0.00553442780722549,nan,0,-184.4897767866486,0.4668979022855758,0.00853410986815895,0.1259765625,-0.044365246327212504,1.268016209893236,-0.010768957146087735,-0.013688850160453209,0.005751055536076523
3,18,36864,10.360979417106137,-0.005469001392068455,nan,0,-194.06502433139653,0.4496551476687859,0.006895511965764581,0.0904541015625,-0.15721885940761648,1.2675010061312055,-0.0065602237613082755,-0.009932758348745789,0.00643063145605979
3,19,38912,10.440917167114094,0.004352816201677665,-6.894535359992213,8,-192.27856780804157,0.4554091830787031,0.007890176364648173,0.113525390625,-0.296595598606861,0.8342214077039203,0.012481703678963842,-0.005922003967803095,0.03621422409632015
3,20,40960,10.511950375046581,-0.005840567471373051,nan,0,-125.39086520193679,0.42623007883475283,0.007013229240258685,0.0936279296875,-0.3843300443121702,1.1151958725013995,-0.007132154998971952,-0.00940611009959761,0.0037792501126269772
3,21,43008,10.586094084195793,-0.005562824897584138,nan,0,-103.55999398459771,0.41289305137573096,0.008132062960880704,0.11669921875,-0.5694896625658584,1.2056035870035597,-0.010676127186409505,-0.013041922590252369,0.0035926114825540166
3,22,45056,10.65648779203184,-0.005464567669464169,nan,0,-63.52787491271551,0.4295982630682485,0.008718990640991083,0.127685546875,-0.7668064006181512,1.3636870875907499,-0.010227549146306629,-0.012380404380275059,0.0027720976667005488
3,23,47104,10.72997450013645,-0.006085964750678673,nan,0,71.45051233332302,0.45915184297923733,0.010172937273178417,0.147705078125,-0.813191611036277,1.6069088826986007,-0.010094579089861213,-0.012123435139476014,0.0024313288771570427
3,24,49152,10.801902417093515,-0.005668272179342406,nan,0,3.1835641421994296,0.42380670871147064,0.007329814435387076,0.104248046875,-1.0267033863165749,1.2108880156729915,-0.008910386938307337,-0.010834805285590133,0.001795429921932443
3,25,51200,10.870697542093694,-0.005512813408620332,-6.515729574632529,8,-69.73369877253593,0.4312987053800791,0.005928009189946084,0.0732421875,-1.1796343575352741,1.0765730957449802,-0.004126153998092022,-0.006200114850490109,0.0017886529897256274
3,26,53248,17.669715292053297,0.005256013435092792,nan,0,196.8087300934703,0.46825786420581916,0.004402798680089569,0.0465087890625,-1.3457569705075596,0.9938948055247334,0.020080324341071515,-0.0012256344244932068,0.03992040359011432
3,27,55296,17.740937625057995,-0.0056178243005601345,nan,0,200.84663080870965,0.41881515870803027,0.007572477383773453,0.1087646484375,-1.4069773640442516,1.2789901201892933,-0.0072147807915812195,-0.009297949577693249,0.0013523828441355519
3,28,57344,17.814328000182286,-0.005850238811560205,nan,0,229.60554687808116,0.4307162327175435,0.005292197449478921,0.0660400390625,-1.5583487435434114,1.2547147399884293,-0.003869631638462101,-0.006114864351500467,0.0013737679389899118
3,29,59392,17.883460000157356,-0.005853359407486055,nan,0,99.80388995374933,0.4419544105019846,0.0067618774219362805,0.0948486328125,-1.6454217052309814,1.2401553238630418,-0.0051552833063035625,-0.00753197520193704,0.001462540380804994
3,30,61440,17.953394459094852,-0.005590027378494964,nan,0,189.0838133873174,0.41439856241187445,0.005755431833983772,0.0709228515625,-1.8603326220691514,1.138365274318568,-0.001553123261887123,-0.0038493995793348577,0.0008718873907571727
3,31,63488,18.02334012510255,-0.005983884014319507,nan,0,284.55573273135786,0.44811991400096635,0.005992292308371338,0.0772705078125,-1.922242867558949,1.1646874125020776,-0.0038174711667484213,-0.006303450417092184,0.0011274727655696272
3,32,65536,18.09483962506056,0.0057775968098226355,-6.404719255951065,8,277.60944464315463,0.46655774343208356,0.0036711810963249705,0.0360107421875,-2.0433719549165024,0.9373501489375478,0.021666691933202666,-0.0006927935897637532,0.04063222713609984
3,33,67584,18.166530084097758,-0.0057642892132531345,nan,0,304.64978025543724,0.4353486400439293,0.006668240545484373,0.0904541015625,-2.009171013909529,1.1872024507084613,-0.0034088441629150385,-0.006027260229968601,0.001218490106288063
3,34,69632,18.23952945903875,-0.005947572715484829,nan,0,272.48514515045383,0.45851663299879886,0.004816146496999197,0.054931640625,-2.066374369176468,1.1864455780455792,-0.0009291186341579445,-0.0035238157177714087,0.0010566454288739896
3,35,71680,18.311013084137812,-0.005772457864240545,nan,0,286.2991413127735,0.4194106604296691,0.0034800790154433394,0.0242919921875,-2.223201278163619,0.989008052424308,-0.0011195163377017113,-0.003669708534466779,0.0006539818372028905
3,36,73728,18.38183533400297,-0.006100797406823579,nan,0,299.9349333166042,0.4552671960770842,0.005651937787538315,0.075927734375,-2.214836393128793,1.2584302270020582,-0.00016253789747055917,-0.00287455508834121,0.000994361595483714
3,37,75776,18.45262954221107,-0.005771486367448437,nan,0,352.06878912894945,0.448002176734684,0.005365209390021362,0.0609130859375,-2.4064626819878434,1.2037737747859472,-0.0008568908253539554,-0.003755012199011494,0.0009833173833393894
3,38,77824,18.526778083993122,0.006034480795910549,-6.403789995757984,8,273.4036760055782,0.40934632938641713,0.0023339214733541914,0.0159912109375,-2.4738399784337535,0.9299369718432959,0.021695564407975133,-0.0006566135981771123,0.039756676055436986
3,39,79872,18.600382042117417,-0.005871998542756288,nan,0,345.6412063573576,0.41750920438540606,0.005883212867068503,0.07568359375,-2.4919958206801454,1.2594487034729662,-0.0033520297695389285,-0.0065836065232730435,0.0014791618661079294
3,40,81920,18.681520625017583,-0.00569392889187359,nan,0,338.3477145602585,0.4159775658210916,0.004827434529227123,0.0504150390625,-2.636838798458104,1.274341658476332,-0.0003072632299736485,-0.0034239907355378754,0.0009597774142122465
3,41,83968,18.75758641702123,-0.005940790175825326,nan,0,409.7033322004814,0.44313466394755047,0.005149130430293953,0.0648193359375,-2.641664234257749,1.3061586115658343,-0.001081917119366867,-0.004160911496310168,0.0008746602853711045
3,42,86016,18.850644667167217,-0.005967425253597475,nan,0,390.1260434392124,0.47164765641999357,0.00460944037012332,0.0521240234375,-2.771525271703083,1.1411640946945947,0.0009395969090754165,-0.0023081951978635423,0.0009525336704717455
3,43,88064,18.92307083401829,-0.005858553477493978,nan,0,384.97506183610386,0.43051448834983885,0.006548159919415523,0.089599609375,-2.8638307418103466,1.2902275412649842,-0.0021603320457631962,-0.005405108086539158,0.0007618905979312294
3,44,90112,18.995013792067766,0.006050979749438062,-6.362958466862285,8,351.9643827464309,0.44823827595027255,0.004873401266879488,0.052978515625,-2.9227648087410163,1.1876919202140137,0.022167454536035067,-0.0007513545309569686,0.03999208851650203
3,45,92160,19.06735641718842,-0.005872747630422424,nan,0,403.8111723883984,0.41716685127086295,0.005379322554449478,0.067138671875,-3.0508811236335256,1.3022367359438896,-0.002003764825301905,-0.005539022849330007,0.0009687538007891507
3,46,94208,19.137797417119145,-0.005683765675676347,nan,0,375.25325257597717,0.418869970632443,0.0019588504106768517,0.0052490234375,-3.0710945424770957,0.9868580958469211,0.0035929899976433707,0.00010891676771427987,0.0008259573749039907
3,47,96256,19.212808709125966,-0.005950406250494186,nan,0,423.62344159130294,0.4269888960599052,0.003954954882078743,0.0400390625,-3.1052935260438,1.2299386236215883,0.0017697411885223332,-0.0017470290535904955,0.000822953432138054
3,48,98304,19.288933084113523,-0.005754694807264612,nan,0,437.7281051521474,0.4160324993671156,0.004734060952060739,0.0557861328125,-3.206855855567637,1.144219401069439,-1.1383844149713898e-05,-0.003579486634545352,0.000722493869656003
3,49,100352,19.361296667018905,-0.005892974367047819,nan,0,421.75802962475046,0.41554227317970105,0.004413383265954343,0.042724609375,-3.250436075392652,1.0214833202250269,0.0017973038302689865,-0.0018072020634487648,0.0007081396366502016
3,50,102400,26.2876904590521,-0.0058379042434313026,-6.2897946187830875,8,414.52083549564134,0.445819224204437,0.002298222827503867,0.0096435546875,-3.3398283052383393,1.0504347867976676,0.0038129913355800893,8.207339740587362e-05,0.0007821792658717541
3,51,104448,26.382426667027175,0.0061361539224505605,nan,0,358.44725090000753,0.4190219696786869,0.002103229654154928,0.013916015625,-3.457505182289182,1.075447933939416,0.02287841218091088,3.316457074401978e-05,0.038775484855755354
3,52,106496,26.456350959138945,-0.005919462120257282,nan,0,434.5502727910604,0.41284173750560144,0.005694104325569842,0.071044921875,-3.4761189904769876,1.1589729451618553,-0.0010854943822095082,-0.004939800936523678,0.0007563751276743653
3,53,108544,26.52910150005482,-0.005750032361940072,nan,0,437.8238026297687,0.40204654752129976,0.005311359769170717,0.06103515625,-3.4261953898282136,1.0924359107182195,2.9623247193166866e-05,-0.0037179432042178566,0.0006427421231656224
3,54,110592,26.606922417180613,-0.0058199953362558735,nan,0,433.3682515354614,0.4032043250323234,0.004612900852985654,0.0535888671875,-3.499964959346726,1.3224690584773038,0.0009067366649202673,-0.0028929063021018676,0.0005993560153508177
3,55,112640,26.687047166982666,-0.0058654569727304585,nan,0,439.1487660261711,0.43022465692267875,0.0037427423446724285,0.0269775390625,-3.473503118709197,1.3078789290725732,0.003607804464725381,-0.00019927948283079457,0.0006671616576939554
3,56,114688,26.762429875088856,-0.005816836019794994,nan,0,438.0113306809022,0.43280978938716796,0.0026822665071388773,0.0238037109375,-3.497555421016095,1.1895381303115484,0.0030610876876245143,-0.0008249587939871943,0.0007769821211912299
3,57,116736,26.840255834162235,0.006006951308660448,-6.291048728791621,8,380.757794994325,0.40715327419833025,0.0033894255838945583,0.0289306640625,-3.5243320042027886,1.1201050728653947,0.019917333654226748,-0.0025456703707006038,0.03787734404144913
3,58,118784,26.914299583993852,-0.0057933290876005,nan,0,440.40172747349453,0.4123028802247214,0.004578864066683486,0.0479736328125,-3.7226265811452333,1.1246464669983198,0.0014793634479790957,-0.0028112061142407663,0.0011358859621492601
3,59,120832,26.98868454201147,-0.0058250608230115105,nan,0,444.44270427245954,0.42260761316153483,0.00542287220800915,0.0655517578125,-3.654532907369411,1.2449189181072173,-0.0002856583062953123,-0.004291424299036162,0.0007024661707428792
3,60,122880,27.062905125087127,-0.00597218329453772,nan,0,438.5560670865008,0.43593732878480373,0.0021109259753712287,0.01025390625,-3.7669674750899347,1.2688406550657634,0.004326563158761693,0.00018973372310512014,0.0007397239211332785
3,61,124928,27.136591125046834,-0.005715401810650061,nan,0,443.1293043586403,0.4140713689699884,0.004393969960037129,0.04443359375,-3.667009956852063,1.1485256470687737,0.0019363094192651176,-0.00202346773633625,0.000585534397498605
3,62,126976,27.213129084091634,-0.005754086345315492,nan,0,447.4211794053311,0.39176595518879964,0.003074952760799436,0.0296630859375,-3.7299807869171504,1.3169554477625627,0.0020892413039689597,-0.001877018131693801,0.00047255729749122574
3,63,129024,27.303821792127565,0.005986984514025532,-6.275927686740714,8,364.84379339336465,0.4435473439570256,0.0059859004883116695,0.0745849609375,-3.7306577524949023,1.2075607337644416,0.01941061193309232,-0.0024880864819671195,0.03633608132512907
3,64,131072,27.38816941715777,-0.0058831321891566705,nan,0,433.66877317233616,0.4237020696133525,0.003996445699272504,0.043701171875,-3.7357586115244183,1.318021724155701,0.0021345774760108942,-0.002009415174690096,0.0008164680783531487
3,65,133120,27.481898750178516,-0.005780787321116068,nan,0,452.41594592067685,0.422433456554409,0.0035445043315973576,0.0341796875,-3.818199338735984,1.2012254580152002,0.0028284715624878757,-0.0013512889171945989,0.0007231222818929783
3,66,135168,27.559742250014096,-0.005991701302827972,nan,0,441.39573930961126,0.4403484154688147,0.006840489827476358,0.0916748046875,-3.871788016603858,1.295411596004231,-0.0006232181092454625,-0.004940618528037243,0.0008912248043758441
3,67,137216,27.636242917040363,-0.005780551764289701,nan,0,443.5958457816929,0.4148479583125615,0.00334993605349746,0.0263671875,-3.805997784424591,1.1081889426650005,0.0032903777966153095,-0.0008221455044965433,0.0006130510333745253
3,68,139264,27.712985792197287,-0.005825026467718064,nan,0,435.3964560750532,0.42787331030779296,0.0025376157272187128,0.018798828125,-3.8408559309291994,1.1534534359132753,0.003993704476811212,-0.00015397790534185836,0.0006136529024477418
3,69,141312,27.788333208998665,0.0060718555425776435,-6.309266306183501,8,381.86028643509263,0.41209240304050787,0.004486416049002946,0.04736328125,-3.7822803559637306,1.1898579567006229,0.02088402579201868,-0.001190043476509495,0.0365835778251289
3,70,143360,27.86184012517333,-0.005597825913575094,nan,0,447.4459943893365,0.3853586578751795,0.0008173985465946296,0.0032958984375,-3.8598125058030988,1.1306306734379392,0.004355348283806426,0.0002116416616944148,0.0005677882326178308
3,71,145408,27.943114000139758,-0.005941862390571812,nan,0,448.8065588978583,0.4289749911164634,0.0039526133349530885,0.0306396484375,-3.8824674327103548,1.2403289078396802,0.0023730796275171443,-0.001799643514103993,0.0005805114178215596
3,72,147456,28.030056375078857,-0.00581304166847566,nan,0,440.3272972663719,0.3964406214307017,0.003003440505384376,0.02978515625,-3.90337275764686,1.1676944469258062,0.0031192169531847882,-0.001016763804474676,0.00046521600002521487
3,73,149504,28.1043195000384,-0.005845389597470729,nan,0,439.34286308978284,0.4164556911629561,0.0019276234783974825,0.0037841796875,-3.922237477328509,1.157014671620741,0.004391953210349443,0.00025277061235081245,0.0004338902413402435
3,74,151552,28.17637116718106,-0.005895553045552032,nan,0,447.52199530159965,0.4198716719111911,0.002678591635772035,0.0191650390625,-3.986532197888905,1.429346009639336,0.003653128979707284,-0.0005821920206140856,0.0004975776048649313
3,75,153600,35.447543875081465,-0.005708822360069445,-6.235717062016134,8,442.8670695666576,0.39623886750197895,0.006654801712642447,0.087158203125,-3.9334097774184196,1.2483223695193075,9.843477328342633e-05,-0.004089116173157787,0.0005082823380455874
3,76,155648,35.542562416987494,0.006106941548739064,nan,0,370.1462226584564,0.3959569134440315,0.004270277133435943,0.0394287109375,-4.040575032919501,1.1920941476967952,0.019343319420633616,-0.0016932043934911227,0.03399189756241048
3,77,157696,35.616934000048786,-0.005804140726802843,nan,0,439.55241398906065,0.40255092468207954,0.005704156139477628,0.0704345703125,-4.065308489812226,1.3192277557080772,0.0002326590892508416,-0.004265187300101489,0.0008650757990802092
3,78,159744,35.69515195908025,-0.005663134723234672,nan,0,451.59083041411117,0.3864544209386124,0.004936406512122636,0.0556640625,-4.095649206507149,1.445051209018135,0.0013366855759283005,-0.002993735512465486,0.0004695437637732705
3,79,161792,35.77539200009778,-0.005740753777667421,nan,0,444.4691651585634,0.4140881019281204,0.00045846443710405576,0.0,-4.130557174802871,1.3939863350150699,0.004883300970850957,0.0004041099708539291,0.0006972676503883098
3,80,163840,35.86202779202722,-0.0060022395505008935,nan,0,446.23249442263125,0.4309293202289187,0.0022841742335295246,0.0162353515625,-4.105808410588999,1.193240355692244,0.004165325077823806,-0.00020069815546054377,0.0005204296453907019
3,81,165888,35.95988504216075,-0.005817786583493568,nan,0,446.3801187618208,0.4142420282499669,0.004803657836086527,0.061767578125,-4.111131613692632,1.3204378055694566,0.0028036220030124774,-0.0016164000314271036,0.0006177808414938944
3,82,167936,36.06346133421175,0.006184394485032113,-6.222897559375975,8,372.7623466045174,0.4117660163931548,0.004042213525179927,0.0352783203125,-4.088292460733761,1.176947264962075,0.01913525626373308,-0.0009528208606072674,0.03199956932721317
3,83,169984,36.14462987519801,-0.0058294931652039614,nan,0,441.71742368451,0.41211507615288917,0.0032444006664205565,0.0238037109375,-4.1882612524791085,1.302607886109072,0.003633899787994664,-0.0009337984336863754,0.000758873938403864
3,84,172032,36.22660604212433,-0.0057808634022848936,nan,0,451.375772608192,0.42594924872808326,0.004280674211781056,0.0439453125,-4.13242924999595,1.1196397776543074,0.0014935701748506162,-0.0028879600421710073,0.0004982019340513447
3,85,174080,36.3076080000028,-0.0059140364617714875,nan,0,446.3775047486919,0.4054509242179384,0.005483726193460212,0.067626953125,-4.171043596367113,1.3481051325852649,0.0021915007681726703,-0.002249408024168894,0.0005397303919489047
3,86,176128,36.38838695921004,-0.005749834518621981,nan,0,441.43716302187886,0.40223689888239406,0.0034863751799358153,0.0390625,-4.190505356678345,1.3093619004243515,0.0027247557680715262,-0.0017134164699610364,0.000495333762708436
3,87,178176,36.46471083420329,-0.005745896752794134,nan,0,444.4787104548417,0.41531012929645916,0.004350995109219422,0.0450439453125,-4.254141564660431,1.1782899952364314,0.004593300627447684,0.00010162201036977795,0.0004750741048349483
3,88,180224,36.545927667059004,0.00611819625480482,-6.243648589654482,8,367.16225146990945,0.42256342175058415,0.0053745901591584965,0.064697265625,-4.197168388030994,1.2481579388816197,0.018127481571411606,-0.0010721546574464168,0.030004935681654056
3,89,182272,36.62516033416614,-0.005770378136089963,nan,0,450.50092898465977,0.39811445535841505,0.0036659961823089617,0.031005859375,-4.310646895980897,1.2916704362102642,0.0032015801241912552,-0.0013646951708493772,0.0005112567981194709
3,90,184320,36.70261379214935,-0.00589430337038252,nan,0,446.06793630909624,0.41096296955817446,0.0045001086551121425,0.0546875,-4.277982792078012,1.3675703897384357,0.002767701049728119,-0.0018083204360699002,0.0005960773874400113
3,91,186368,36.78463550005108,-0.0057035342294944405,nan,0,456.9648584669186,0.371843536628625,0.0036458290791785072,0.0318603515625,-4.428791019198979,1.2297751497077982,0.0029309244585547915,-0.0016533388510163822,0.0003109445807443884
3,92,188416,36.8613205421716,-0.005790544821139597,nan,0,435.12436604991194,0.4233695501957412,0.005682494424414946,0.0736083984375,-4.479323985354442,1.2807825623463303,-0.00022895541126659227,-0.0049535915461362415,0.0004906242990304119
3,93,190464,36.95377566711977,-0.0058332670031579804,nan,0,454.46537446321815,0.3953732722514098,0.003077301197288726,0.02392578125,-4.5029957993638465,1.2997455155289859,0.004134495820066643,-0.0005805432642160204,0.0004240865698376356
3,94,192512,37.033730584196746,0.006243464265952787,-6.198985841979757,8,373.1739303673517,0.39012785070687905,0.003434639601065297,0.0242919921875,-4.559350901825132,1.424038904404758,0.01737292542995962,-0.001305227278185361,0.028237603612639696
3,95,194560,37.131985834101215,-0.005807789317920921,nan,0,445.6261191089627,0.4108917260222906,0.003753432915715706,0.03125,-4.431402192074678,1.4249001728729154,0.003999820547433737,-0.0006974427047335436,0.0005317221201852026
3,96,196608,37.21030579204671,-0.0058855911752647,nan,0,450.33362113953785,0.402971266313491,0.004280305019990543,0.04443359375,-4.5367488186361165,1.3237227910019977,0.0029212908797537247,-0.0018373345371100842,0.0004437531964553899
3,97,198656,37.29037216701545,-0.005768717007487373,nan,0,440.2493972090152,0.40684140393495277,0.0039715988382131116,0.0391845703125,-4.472028546110856,1.5434955151587202,0.002497805351732281,-0.002222766867027785,0.0004970873452984273
3,98,200704,37.36636908398941,-0.005931657787158412,nan,0,445.78340098062836,0.40564078585229496,0.004717428560281688,0.0537109375,-4.569502103318554,1.5994831262691416,0.0018885529990808614,-0.002944513801325449,0.0005271293941755157
3,99,202752,45.169602000154555,-0.005677771942369904,nan,0,455.1215551717865,0.39591200600825927,0.0017523456668742873,0.007568359375,-4.618674972819721,0.8826637497440437,0.004392876505011876,-0.00042621051731495975,0.0004008240990142311
3,100,204800,45.28384312498383,-0.0058184311112031385,-6.23742327542589,8,454.29197212719174,0.39701790609383614,0.00261650966187955,0.0186767578125,-4.589645846240806,1.2317319857642843,0.003899728190422203,-0.0008696529269954876,0.0003594705423537628
3,101,206848,45.37676383415237,0.006159699407834604,nan,0,366.3193127638291,0.4042297926926687,0.005216012408844775,0.0618896484375,-4.599095575375954,1.38666526842725,0.015240662348596582,-0.0025813934840142067,0.026445920514469673
3,102,208896,45.48881704220548,-0.0056845572475662815,nan,0,450.8369497012255,0.37116392116716757,0.004729451336862473,0.0535888671875,-4.559499633203886,1.3293221200423906,0.0036409345235819315,-0.0011431143417045906,0.00044909846416526914
3,103,210944,45.57057058415376,-0.005775426001695998,nan,0,450.9570494923531,0.3780003901222774,0.0030436867463133786,0.0277099609375,-4.600660864989077,1.139295146959036,0.003843967151292707,-0.0009300368640704883,0.0003466863007482376
3,104,212992,45.647952834144235,-0.005742632552263948,nan,0,451.2058797559251,0.38950016351335126,0.0015589290165111402,0.006103515625,-4.604410827919541,1.22898510575301,0.005258865083722354,0.0004311903110905729,0.00044652788942447954
3,105,215040,45.74235050007701,-0.005854815642705957,nan,0,445.00333674413923,0.39334657733178263,0.004026442454448655,0.04150390625,-4.691791065417549,1.3589132217197175,0.003384169870873899,-0.0015149845471016414,0.0004147267051159854
3,106,217088,45.809154791990295,-0.005715162534478301,nan,0,450.15992025881724,0.40887521550257366,0.002890081913723983,0.02685546875,-4.805773910679756,1.2102303574389546,0.003554550858736841,-0.0015306903138094011,0.0005589345237329716
3,107,219136,45.87671720911749,0.006147781254846387,-6.169081196844532,8,364.1447617468954,0.40626961290386715,0.004769480173153015,0.0582275390625,-4.914575371560699,1.2085733538727133,0.015533661742441779,-0.0013430099938710242,0.023924192729504207
3,108,221184,45.94096820917912,-0.0058313481674715055,nan,0,447.13074787490206,0.4262963388860205,0.002696281466308668,0.0242919921875,-4.915415438203002,1.2862923706175815,0.004652414203977785,-0.0006434447007409843,0.0007608869330315341
3,109,223232,46.0063998750411,-0.005818836357969097,nan,0,446.1993141190158,0.4142389494108125,0.0028857731552009575,0.0267333984375,-4.882611548745596,1.2872542753977805,0.004933872819554981,-0.00021257266317972062,0.0005276678679782099
3,110,225280,46.06956116715446,-0.005848380255345143,nan,0,453.0299313288673,0.39334306822771237,0.0033067549248906795,0.033203125,-4.8812519473166045,1.4020130829841564,0.005001842702806628,-6.364895145193408e-05,0.00036847941388391456
3,111,227328,46.13379325019196,-0.0056219129363912785,nan,0,444.0039099646366,0.4051139477611285,0.003512076348637314,0.03369140625,-4.887715594417861,1.189342672218468,0.002865996054473399,-0.0022795524843505083,0.0005156658888120928
3,112,229376,46.19629645906389,-0.00599173877987628,nan,0,445.8277359108049,0.42774220256442735,0.003394882228356078,0.0318603515625,-4.940901322033925,1.4414892061300724,0.003584581170555697,-0.0016145792966047092,0.0005165182902529698
3,113,231424,46.26112508401275,0.006195809745444489,-6.222630758614994,8,369.67434821464417,0.42700189170206004,0.003693866630213473,0.0401611328125,-4.876126984312197,1.0653301079490411,0.014679114266065203,-0.0008630145170028937,0.021332003597511806
3,114,233472,46.33335045911372,-0.005848623703317473,nan,0,447.8957264446127,0.42245187085118013,0.00270226274382279,0.01806640625,-4.829312019751917,1.4485295953125,0.004387533803065284,-0.0007603782989656863,0.000637200164558103
3,115,235520,46.40600191708654,-0.005775871937937628,nan,0,453.6941072673509,0.40493036403527893,0.0032001935960411934,0.020263671875,-4.868632823154648,1.2925543060936477,0.004339246173767562,-0.000768213202981336,0.00047765310718849867
3,116,237568,46.471318709198385,-0.0057305059695929375,nan,0,455.5556480916208,0.383547309215004,0.004404425712981215,0.048095703125,-4.9362553607515345,1.372931991529425,0.00434236648311717,-0.0007574476065189658,0.00032711745776920116
3,117,239616,46.54617950017564,-0.005743874044341305,nan,0,451.17571178787847,0.3893778980345606,0.00503872012985193,0.055419921875,-5.003937456436353,1.0960296860834895,0.003857826025729225,-0.001319672635065492,0.000347122408716722
3,118,241664,46.61554675013758,-0.005772017928269565,nan,0,449.45189356852245,0.3914031575657958,0.0067498642968240605,0.0919189453125,-5.083080797750753,1.2706165433764387,6.117130603516645e-05,-0.005240270789947089,0.00043672259646300703
3,119,243712,46.67951829219237,0.0061415064715539605,-6.2058133497211845,8,369.0974671897068,0.4172587936344543,0.003952551325535412,0.041015625,-5.123186631780096,1.2464833280285914,0.013340378251275292,-0.001314217628726999,0.019062818496444388
3,120,245760,46.74981120903976,-0.005776623776673312,nan,0,453.0414264381742,0.39319653906888563,0.006654648064339862,0.09130859375,-4.979306943174121,1.5000889326965454,0.0009223006725739653,-0.004350125841113509,0.0005862391410267142
3,121,247808,46.82808370911516,-0.005791426810885878,nan,0,452.15738882729204,0.3940416534205102,0.0024146147970417415,0.010009765625,-5.030128570043022,1.2230245857365347,0.005929734154901596,0.0006767412623511285,0.00044572864501488466
3,122,249856,46.89381958404556,-0.005708333386302867,nan,0,450.901699613133,0.3937511258056623,0.0061400589435450376,0.0758056640625,-5.069954270424807,1.3742472162817165,0.0008752130451673522,-0.004405861082771552,0.00042223971502819137
3,123,251904,46.95806262502447,-0.005771283874891396,nan,0,457.8775280309848,0.36482302959055335,0.003075903371068939,0.02783203125,-5.196513743737227,1.1637405387524875,0.00557930056738654,0.00024175510183253,0.00028206344363356363
3,124,253952,52.81165641709231,-0.00571909774998848,nan,0,457.54793047029295,0.37610224944974807,0.00361397077598444,0.031494140625,-5.21256166892886,1.3745586595726182,0.005300851475136731,-5.619806160036666e-05,0.00028897573561647346
3,125,256000,52.8678807921242,-0.0058438625286220056,-6.163187733387533,8,450.2984281745052,0.39556223557866255,0.0024136469937916668,0.0146484375,-5.206094221219383,1.221411197593523,0.004630385091874661,-0.0007813517970037668,0.0004112853353180977
3,126,258048,52.92513437499292,0.006094013259446867,nan,0,373.9144190850243,0.4228092582377534,0.00443203435897852,0.057373046875,-5.255970370349782,1.4462760030892006,0.012528173177145888,-0.0012644904957549601,0.017073386605102138
3,127,260096,52.9806459590327,-0.005800322619561986,nan,0,446.82803459078735,0.43663660044242736,0.004758049082087608,0.0501708984375,-5.278648915521433,1.4339624296295872,0.003350975202965869,-0.0026779907433738086,0.0015006340616364865
3,128,262144,53.03668912500143,-0.005879062715898539,nan,0,447.9908267997591,0.43723282080352033,0.003070474521677988,0.034912109375,-5.3849567415859525,1.3684865341903274,0.004621716462563219,-0.0010433904699596788,0.0005603003818738896
3,129,264192,53.0938682500273,-0.005776025352431707,nan,0,452.13658670469005,0.38638173176565593,0.004014397212361048,0.033203125,-5.358299383783269,1.2658581062633472,0.0028197388937461713,-0.0027034921028058975,0.0003298632255375962
3,130,266240,53.15018741716631,-0.0057851572764113755,nan,0,449.6916998518235,0.4023692897769613,0.0043631070483340145,0.0423583984375,-5.440359633246009,1.2237882635217492,0.0036815278400896797,-0.0019571440634414275,0.0003966245405701936
3,131,268288,53.20902245910838,-0.005749824826292264,nan,0,446.53441062696845,0.3805124502861388,0.006003532127526789,0.073974609375,-5.380770710685553,1.3826361215878709,0.00282254998058865,-0.0027288157350477188,0.00034119000990162943
3,132,270336,53.26674083410762,0.006310161386606545,-6.216980617772712,8,373.34300037149495,0.4010051420534934,0.0037040425317593963,0.0400390625,-5.328991821052415,1.453433033617965,0.011664023306589949,-0.0009602501549462062,0.014590563280967478
3,133,272384,53.32510333415121,-0.005739624486538261,nan,0,453.21976370776105,0.3866736780947151,0.0023617762455149975,0.0135498046875,-5.404870880559802,1.2982720195768542,0.005322150962223257,-0.0002826291517917974,0.0003998184669105041
3,134,274432,53.392205792013556,-0.005731248501950291,nan,0,447.0774779006071,0.4027834000595597,0.004420479632085708,0.0479736328125,-5.316954230023588,1.447325044108052,0.0028506135929451375,-0.0027005398079394615,0.0004683983417220247
3,135,276480,53.45950141712092,-0.005931225773841621,nan,0,454.8958625989188,0.40324275507081225,0.002369640463057156,0.010009765625,-5.288243803422878,1.0141537697250755,0.005373791063987292,-8.653961521974283e-05,0.00034417375156831813
3,136,278528,53.52121554198675,-0.00577836609128334,nan,0,441.6688791705539,0.37127838540031743,0.0034742312382775374,0.03564453125,-5.32793747475254,1.4442921206993318,0.004322927744817754,-0.0011865946402231427,0.00036316982057671166
3,137,280576,53.57942470908165,-0.005714023212617931,nan,0,456.98290229823385,0.3707038049512576,0.003928650818188318,0.03271484375,-5.318318880854887,1.549956355311409,0.005444786833982211,-2.6977262753649645e-05,0.00030689043176194747
3,138,282624,53.63996220915578,0.006091032422512466,-6.176040731566674,8,370.6846719746157,0.4077973308044953,0.0033692362695141777,0.0284423828125,-5.348642079551705,1.1751355552919902,0.009393356775205475,-0.0022747240675609157,0.01263887752642937
3,139,284672,53.69825950008817,-0.005645273479311162,nan,0,454.2070891547518,0.3923612153153221,0.0015661791327883994,0.00244140625,-5.398596271864612,1.280080899833134,0.006122464310029409,0.00034328532962096207,0.0007611654170876689
3,140,286720,53.75972062512301,-0.005847163013247781,nan,0,455.35003727341757,0.3960704826920939,0.002586837054058831,0.0235595703125,-5.376046647171908,1.559501783425631,0.005407051227100495,-0.0001456354369404403,0.0003532800337380605
3,141,288768,53.83234358415939,-0.00584305247221794,nan,0,452.9146760180501,0.40589190235351336,0.004355687575143733,0.043701171875,-5.4290871345020815,1.2247971845554286,0.003746161272733913,-0.001889057897209434,0.000412264070882531
3,142,290816,53.89679341716692,-0.005800027750840349,nan,0,453.8412185209093,0.40661731922633787,0.003225134174454877,0.0389404296875,-5.347930522159583,1.2129235976646373,0.004042763505340826,-0.0015095210097349435,0.0004087079858323732
3,143,292864,53.969812917057425,-0.005658036710517886,nan,0,451.24130869744334,0.38526265179300784,0.0041542896907514355,0.0474853515625,-5.378653299049638,1.54361045915015,0.0027911069210240272,-0.0027514648486787253,0.00032783694130622873
3,144,294912,54.033266542013735,0.006121930940499127,-6.191069960007797,8,378.48097506742613,0.4140911928568495,0.0029621771138852657,0.0272216796875,-5.364772532879101,1.2168369086846442,0.010886218087945957,-7.484881911290963e-05,0.011192588748359532
3,145,296960,54.09384874999523,-0.005802935487295783,nan,0,455.22884563408934,0.3827952206756414,0.0029649096310089343,0.028076171875,-5.321734389595904,1.4646624694297352,0.005040269975988327,-0.000466548611853642,0.0003701683964921266
3,146,299008,54.15488029201515,-0.00578533993598513,nan,0,452.9177520291377,0.41653472090070565,0.0027928928830385775,0.013916015625,-5.374665890933521,1.3786792731348518,0.005448284725574738,-0.0001302262370462392,0.0004076901433749098
3,147,301056,54.215353292180225,-0.005746051515585718,nan,0,451.4483822453776,0.38304208956802854,0.004298220961458002,0.04736328125,-5.352584454337615,1.3473744141409807,0.003585996612773334,-0.0019132175652232333,0.0002932594473179015
3,148,303104,59.98216854198836,-0.005796695057060616,nan,0,456.62410419515805,0.4003067352723445,0.005536664129209221,0.069091796875,-5.4280787959009125,1.6194395413288398,0.005943377016605536,0.00033098949375968533,0.00036861745388988164
3,149,305152,60.037556166993454,-0.00580220490265848,nan,0,454.5780226966928,0.3891086702950656,0.0036339388641824784,0.034423828125,-5.48131926072576,1.5081194426280007,0.00586122040585859,0.0002069869935972463,0.0003458283030711666
3,150,307200,60.09283679211512,-0.0057560146396532594,-6.184046370559733,8,449.81801102553186,0.40417608805241334,0.006398062812468132,0.087646484375,-5.501234280634858,1.3779330235581482,-5.624849113228681e-05,-0.0057758132219537725,0.00043666090037325594
3,151,309248,60.15630304208025,0.006166544662486058,nan,0,372.16309002530363,0.42468488882850486,0.00511312310178036,0.0633544921875,-5.580790590317697,1.4497890646611027,0.00800234895274955,-0.002239881234263947,0.009322879193391604
3,152,311296,60.21254870900884,-0.00575342488129123,nan,0,456.07432851572497,0.38787312594327295,0.00423568145726317,0.047607421875,-5.523142157226282,1.4027803580211942,0.003534953748797803,-0.002182847282821366,0.0003893177487857783
3,153,313344,60.26928891707212,-0.005781045262794791,nan,0,457.50945869782777,0.37244671389104367,0.003339856593764172,0.029052734375,-5.587491035449112,1.531089231582843,0.005364056747193451,-0.00039080474001582446,0.000334740903520327
3,154,315392,60.32590891700238,-0.005715354740710854,nan,0,451.62996344889444,0.3928234448908301,0.005599241131886164,0.0704345703125,-5.572059561708864,1.59582844167018,0.002795710557993468,-0.003054707738765905,0.0005567174701010183
3,155,317440,60.38185929204337,-0.005923024653691796,nan,0,459.25473533736357,0.39107271349187356,0.0035299534967185176,0.0306396484375,-5.6636428307320905,1.3093949103956835,0.003829075410054211,-0.002041328798963049,0.00041352275657033746
3,156,319488,60.43831741716713,-0.005618710587253782,nan,0,453.91115753700535,0.38981437669292723,0.0017763290354866554,0.0126953125,-5.652738343836371,1.3309351820083635,0.005568746334570775,-0.0003560704185924775,0.0005441568186537684
3,157,321536,60.494890792062506,0.006206522043884961,-6.167592059459055,8,379.512771138268,0.4016111674677224,0.003329189582871071,0.03125,-5.622646809445095,1.2554647329065458,0.008473397903239043,-0.0013724048727236128,0.00844631193303512
3,158,323584,60.55215425021015,-0.0058579085952628045,nan,0,447.7786328434544,0.41013844493937857,0.004084917124703551,0.037353515625,-5.580790140760042,1.3585220030348193,0.00398174449084812,-0.001818690336497209,0.0004392893731705754
3,159,325632,60.60916512506083,-0.00582437774990651,nan,0,450.50605854307105,0.41959654150382364,0.004511515665031532,0.04443359375,-5.630631457233287,1.2456915280376246,0.004324203561271577,-0.0015102299499944348,0.00040760410806544683
3,160,327680,60.6666368751321,-0.005819972956301817,nan,0,445.59847181093437,0.4097138155190296,0.006524003241691638,0.0863037109375,-5.685928502366571,1.4829515608243795,0.001178883834197317,-0.004715971083685714,0.00041785283103292154
3,161,329728,60.73000491713174,-0.005695639737383575,nan,0,459.82729035657627,0.38317463961037557,0.00466876397005081,0.0545654296875,-5.777876417650829,1.6145902696355856,0.0024113255098938595,-0.0035127268154973457,0.0002923518154807509
3,162,331776,60.79084862512536,-0.005831846739714927,nan,0,459.74275848117816,0.37587211926493264,0.0033835557025157213,0.0294189453125,-5.765204026934897,1.3702715150452938,0.005229783018661042,-0.0006544958184065146,0.0002381496202653179
3,163,333824,60.85060795908794,0.006275995008648744,-6.188190830338421,8,357.31595120314734,0.38809471582562727,0.007268932863184661,0.1043701171875,-5.794900891238006,1.42689045673853,0.009378649521218372,-0.00031084807150083896,0.007789193402962405
3,164,335872,60.90908066718839,-0.005734258621946397,nan,0,447.08975756665563,0.3803945738878319,0.005632638207399298,0.066162109375,-5.756301530097742,1.4169171884589535,0.002423762624084838,-0.0035092693542146435,0.0003534608964034818
3,165,337920,60.97343000001274,-0.005660033557034917,nan,0,459.2640246015611,0.36849064183595776,0.002557610798547243,0.017333984375,-5.760678338279295,1.1987365886677033,0.005547751678436861,-0.00035291490322206936,0.0002799764867592621
3,166,339968,61.03246316709556,-0.005802671554752575,nan,0,451.9240082884805,0.39279884911504465,0.003993108256029882,0.0450439453125,-5.834196226703587,1.6096803273391196,0.00585367527277239,-0.00018329971022904967,0.00040555751259570874
3,167,342016,61.09625008399598,-0.005789814366795392,nan,0,457.55823383972233,0.39987787617878157,0.0027645515903890363,0.018798828125,-5.907487031159923,1.2959168077371988,0.0054136184967850205,-0.0006882142307995925,0.0003886913928493788
3,168,344064,61.16373004205525,-0.005752414074274371,nan,0,453.7376353127267,0.3672193122644897,0.00570515828564121,0.0697021484375,-5.877653257319883,1.6446113641190585,0.0030153804156225392,-0.003007185922931697,0.00028982616246870947
3,169,346112,61.22553745913319,0.006228589713321172,-6.13639307311851,8,375.00200582792326,0.4067865965631313,0.005374079817003854,0.0640869140625,-5.932385318438349,1.054420837117736,0.007999644888468011,-0.001340578518424669,0.00681567617690866
3,170,348160,61.28682287503034,-0.005781161396596842,nan,0,451.0638839830676,0.3682108724599182,0.002442506567517568,0.01318359375,-6.103224280249232,1.3744864418884686,0.005680859884431192,-0.000596321803255825,0.00034791481487556736
3,171,350208,61.345808459213,-0.0057724641524461995,nan,0,457.807462447991,0.37100754898291055,0.0010884944052332582,0.00146484375,-5.963677201366783,1.3849460945496634,0.006618765613397729,0.0005042481430163658,0.00030168053802915814
3,172,352256,66.95878191711381,-0.005652767803323626,nan,0,452.8456927305486,0.4011929234438472,0.0038285871857232944,0.0484619140625,-6.070900413961019,1.3767760881225029,0.0064300162238047935,0.0001473617466899906,0.000423508126307563
3,173,354304,67.01387487514876,-0.00581277130169287,nan,0,446.52061580852086,0.3695885950609207,0.004136051919819755,0.033935546875,-6.011174722764775,1.2236162312123697,0.004080437647226917,-0.002087299708884295,0.00031312526669287247
3,174,356352,67.0697259590961,-0.005680903614724307,nan,0,451.97805744193846,0.3675457874345286,0.003858162841621801,0.039794921875,-5.988147036912935,1.4442608357864377,0.005574083151315523,-0.0005371549574356115,0.0002461821436764083
3,175,358400,67.12664575013332,-0.005823849729002047,-6.136755787115551,8,459.43913566496997,0.3797570086154236,0.005433830258924459,0.05810546875,-6.007283659905262,1.365961224153367,0.00471729776292612,-0.0014510978225102098,0.0003222238510621365
3,176,360448,67.18187466706149,0.006192527462601021,nan,0,362.8230471700032,0.39147662403894784,0.007119480614252015,0.1016845703125,-6.06442514709409,1.2010209110466321,0.0058402823768571,-0.003080501066243093,0.0057127165920122045
3,177,362496,67.23983212513849,-0.005715762634589291,nan,0,457.18280706563104,0.35639001720926033,0.006650720730507606,0.0928955078125,-6.220413653916754,1.485073615720907,-0.0007410394471267703,-0.0072013917071316975,0.00047987721217635225
3,178,364544,67.30777129204944,-0.00572301790519706,nan,0,456.51198968021885,0.39810216148391897,0.003220074940954016,0.0235595703125,-6.122025561916153,1.185243480127263,0.007125480388254668,0.0008166392685648477,0.00037363111554733356
3,179,366592,67.36489725019783,-0.00578529797929446,nan,0,457.53536199288106,0.4026796221454205,0.004173759963235562,0.0364990234375,-6.1343138327784335,1.4859904701952011,0.005091897191480607,-0.001234977077665215,0.000385120872734777
3,180,368640,67.42144691711292,-0.00572805179172689,nan,0,458.84313113011143,0.37780122005418626,0.005847731047895195,0.0736083984375,-6.188761364271574,1.7593143711581103,0.0011881147051148646,-0.005147973894213046,0.00029465447011267035
3,181,370688,67.48692720918916,-0.005774809373024689,nan,0,456.9491338657192,0.37518290423063727,0.004209003826731864,0.0423583984375,-6.367621660097303,1.386201817111258,0.005404606592611182,-0.001095574590325009,0.0002651190456777756
3,182,372736,67.54533175006509,0.006295292431136373,-6.139563173730753,8,377.60887066105164,0.39192896131793564,0.0006379265326200989,0.0,-6.226282549427015,1.4094176201558224,0.009370238936380034,0.0005339674935718412,0.005219977786762354
3,183,374784,67.6030333340168,-0.0058477913091480845,nan,0,455.594994476263,0.38161287032995483,0.003008754166091531,0.014404296875,-6.200549892171549,1.3321864569802742,0.005889353398060432,-0.0004426185784255736,0.00026284416862892433
3,184,376832,67.65992291714065,-0.005697604934020328,nan,0,454.326165724032,0.39009752745796944,0.003249191183418629,0.0203857421875,-6.256645554026527,1.4866715120486562,0.006063300492311454,-0.00033464801997404835,0.00028260591651794976
3,185,378880,67.71619625017047,-0.005766934993030165,nan,0,453.6496653313857,0.3801835028941918,0.0026475694915198095,0.012939453125,-6.252158806768635,1.0555689185343613,0.006278355796964289,-0.00011500192108186442,0.0002823978225550374
3,186,380928,67.77470337506384,-0.005710147332841136,nan,0,449.2365388533967,0.35171744879344535,0.0005842255749106547,0.0,-6.376178986205952,1.3439239280600377,0.006486060258847057,-1.5450800450886966e-05,0.00025066414618398484
3,187,382976,67.83235970907845,-0.005725337961194172,nan,0,452.4146544943697,0.3809922249550302,0.0036698054708319367,0.031005859375,-6.384791956957974,1.5656298137757274,0.003012612175761804,-0.0035152918060875967,0.00028622404978285206
3,188,385024,67.89002187503502,0.006178297860674782,-6.120354240907494,8,379.9612535150554,0.40634716736459486,0.00595373645920824,0.070556640625,-6.326021192037385,1.466322765657037,0.008454665942875372,-0.00038399229798794475,0.005025274097651861
3,189,387072,67.95311658410355,-0.005725817533872724,nan,0,455.9266317295024,0.3952307047690212,0.0054015516300582305,0.0709228515625,-6.354346987570798,1.6559268010289536,0.0042202235826859676,-0.0023915491652323315,0.0005148515206950009
3,190,389120,68.01156779215671,-0.005778740448475002,nan,0,452.4077627053633,0.3804509911543465,0.003669578679217059,0.030029296875,-6.263458577257408,1.4008221957758256,0.005950026994349428,-0.000475491714097674,0.0003241202623793864
3,191,391168,68.07563229207881,-0.0057774965167921456,nan,0,455.42529754374607,0.3919387758925625,0.0034589051717120976,0.033203125,-6.2336551422818705,1.3103155369865602,0.004438279664342624,-0.001954791912101616,0.0003188328683247425
3,192,393216,68.14283408410847,-0.005759507798063235,nan,0,461.02940661895065,0.3760239194603423,0.003017287993766872,0.020263671875,-6.30747961390448,1.1863714962375969,0.006139956768093353,-0.0002835796103481305,0.00023211352907400828
3,193,395264,68.20335562503897,-0.0058128522550011455,nan,0,454.85582819788044,0.39217960596492074,0.0050182820105068695,0.0589599609375,-6.247320441191917,1.355276699657956,0.0024579200901100537,-0.003931681211096237,0.0002845617200287461
3,194,397312,68.26255737501197,0.006346734425106892,-6.137409985397531,8,380.3300738895455,0.3728194356360649,0.004656740533933926,0.060302734375,-6.136434442267434,1.4106964547707381,0.006409789107727662,-0.0020707316814244335,0.004688172693769318
3,195,399360,68.32274129218422,-0.005697331647344071,nan,0,458.10587754958215,0.3605304921648123,0.003939745890970764,0.0360107421875,-6.226434698599853,1.3120169294964237,0.004701348083792399,-0.0016628164218136154,0.00027545961401232116
3,196,401408,68.38094529206865,-0.005734370150060275,nan,0,460.08481538940913,0.3589766757687076,0.002825949350823983,0.0142822265625,-6.198060372906842,1.4715265959753538,0.005542584248863768,-0.0007602621062841129,0.00020957196448207838
3,197,403456,74.05943954200484,-0.0057540895637022684,nan,0,449.35360617881275,0.37150626835275713,0.007344671504095652,0.1051025390625,-6.229513750795691,1.6292909541703233,0.0026067802782758767,-0.0037436869686365785,0.00024190699223352815
3,198,405504,74.1143114590086,-0.005722549835681375,nan,0,458.05436389336546,0.3793495190407423,0.0030535904079884183,0.0255126953125,-6.198160742284472,1.1798465563950638,0.005144954149863112,-0.0011577427910784942,0.00020907239731427055
3,199,407552,74.17172629199922,-0.00569402667774072,nan,0,460.9860304239669,0.3616283018516996,0.0036890863871789073,0.0361328125,-6.171753764567777,1.5714841326392146,0.005391323036506351,-0.0008993633811832961,0.00023786530624373992
3,200,409600,74.22684012516402,-0.005767770983713786,-6.098405705882681,8,459.2182117610233,0.37145348211306684,0.004843731645946765,0.0533447265625,-6.2457443256528515,1.2823605924835841,0.003813966803233867,-0.0025429700980107526,0.0002223851511835433
3,201,411648,74.28275204217061,0.00626157304486996,nan,0,372.46646570664967,0.38252655919684025,0.000726523829199069,0.0,-6.247354030303813,1.0817532503300193,0.00870665271463257,0.00018750330732890093,0.004543590753999718
3,202,413696,74.33953662519343,-0.00573337665638948,nan,0,457.8834070260333,0.3746606656463142,0.003284481535816199,0.0345458984375,-6.330970846703452,1.5499317683363654,0.0055022160913508434,-0.000958419330403657,0.0002593291501020974
3,203,415744,74.39730029203929,-0.005706535107426096,nan,0,457.7338663767533,0.36992922292972885,0.004603358308113906,0.0625,-6.1871988854333315,1.7017464833720424,0.005259916764983155,-0.0010394804704973032,0.00022439670009425305
3,204,417792,74.45437879208475,-0.0057186125518234624,nan,0,456.0671243990379,0.35501937220856494,0.0024306678843947424,0.0230712890625,-6.252478692725477,1.5221690127651333,0.005387018977256021,-0.0009671578473088895,0.00020339626367886775
3,205,419840,74.51069033402018,-0.005828907576046377,nan,0,455.87538575359247,0.3654647074501156,0.005279341654855579,0.06982421875,-6.169469061936203,1.8136936950788287,0.002513341725407638,-0.003776468792084554,0.0002406829111119796
3,206,421888,74.57025008415803,-0.00565145539651154,nan,0,450.950367101058,0.41015907954497693,0.0034494582802730707,0.02587890625,-6.138656870915896,1.4515029259662104,0.0051565579888672355,-0.0011932731821667464,0.0004223486002361763
3,207,423936,74.63726500002667,0.006160781745839726,-6.10534050146039,8,379.5138252184642,0.39932192407474654,0.005951731491199459,0.0753173828125,-6.109469806436201,1.3222209916623489,0.005588325736194202,-0.002697755839367277,0.004353223538250555
3,208,425984,74.70206166710705,-0.005714013941680699,nan,0,452.0879391042456,0.3735770793963312,0.0026792455602313433,0.027587890625,-5.9600170536179515,1.532291503537586,0.005546120814636048,-0.0005459974982150503,0.00026420251846628423
3,209,428032,74.76904845912941,-0.0057198321247091235,nan,0,454.3695693143577,0.3709722498478064,0.003286548348150836,0.0225830078125,-6.046630612606643,1.2856149352350432,0.005707791039455134,-0.0004506026982957767,0.00022352625028853565
3,210,430080,74.82656229217537,-0.005767119521698619,nan,0,452.26075315257856,0.3668726658246846,0.0020587201694465653,0.008056640625,-6.11368460498346,1.349014361112039,0.00665879597784711,0.00043796769694581404,0.00021428735183567351
3,211,432128,74.88495695916936,-0.0057046120435494735,nan,0,453.5705758794714,0.3798897342506018,0.003544773499546189,0.0362548828125,-6.130593629517794,1.4754637592918685,0.005323127803019459,-0.0009521624960773752,0.00028939333915808176
3,212,434176,74.94325312506407,-0.0057602859717901245,nan,0,455.5253214217634,0.3756357886620477,0.00462774898372944,0.0491943359375,-6.187455192465675,1.4520627515206437,0.0027538228687161697,-0.0035697024305131565,0.0002721402135273032
3,213,436224,75.00175008410588,0.006272419618172213,-6.1157778819200015,8,377.3915335455444,0.39665845967996904,0.005539133712565493,0.0675048828125,-6.184586391274927,1.533306414496093,0.006167709560497515,-0.002185703414793091,0.004337653168031357
3,214,438272,75.06267020921223,-0.005824007697430996,nan,0,460.98508581119626,0.3669715513243276,0.0015103602437568377,0.004638671875,-6.143083252754861,1.4156292255700393,0.007053550050768676,0.0007637569582607576,0.00029341967950611875
3,215,440320,75.12305720918812,-0.005710761065736886,nan,0,463.1279860544784,0.35321844487125487,0.0032605560182928294,0.0362548828125,-6.044206335919677,1.635736461899533,0.004791860112139074,-0.0013544343849554216,0.00020417632234963123
3,216,442368,75.2036993750371,-0.005647943232995759,nan,0,451.2079200866018,0.3509490426433799,0.004728171681424262,0.0535888671875,-6.047435280155054,1.5440922743749794,0.0054071077389754195,-0.0007484653185237883,0.00021627555468830577
3,217,444416,75.26964804204181,-0.005611688783676282,nan,0,444.41676330361474,0.3538356672686497,0.004158054885212246,0.044677734375,-6.120249596611525,1.5631844516314137,0.0032885956069440723,-0.0029340374783277624,0.00020476697732062026
3,218,446464,75.32908783410676,-0.005784552482454616,nan,0,456.868102200464,0.37450913316172146,0.004697020091791448,0.05224609375,-6.161966751264606,1.3417042110967439,0.004289309595022056,-0.0019983810850442156,0.00025144785760333293
3,219,448512,75.39069879218005,0.006394746281973667,-6.050983577321109,8,373.50130124307236,0.37325214557354025,0.00426375803554274,0.049072265625,-6.065827461007723,1.469936259011896,0.007871620796129398,-0.00042960094839184296,0.004470788567027035
3,220,450560,75.44926179200411,-0.005752402893767181,nan,0,454.81333774143576,0.35873155846371385,0.005665143369204075,0.065673828125,-5.982976498631466,1.7685043993002547,0.0036893354999200214,-0.002592845827728573,0.0005984096580342563
3,221,452608,81.17318812501617,-0.005668928671248101,nan,0,461.506914048347,0.3566339189947699,0.005977287243585503,0.0745849609375,-5.96178378519989,1.526305414944212,0.00219525476201905,-0.003884982963577105,0.00023690788079252896
3,222,454656,81.22894475003704,-0.005805998204287146,nan,0,460.5265433748354,0.3849785450198162,0.001337934362401,0.004150390625,-6.002931702223591,1.4552528537273512,0.006777041065344807,0.0006377291926097164,0.0002727603410229928
3,223,456704,81.2867032920476,-0.005706475596243067,nan,0,458.4593986891734,0.36576158258865943,0.002148969549328806,0.009521484375,-6.040403640118072,1.3690755690535519,0.0055163585596757336,-0.0006421564882170237,0.00023622281554936742
3,224,458752,81.34255875018425,-0.005739495552786643,nan,0,456.50122648569265,0.35035310323674396,0.0047105015451774646,0.060546875,-6.129650068228031,1.7636822054083066,0.00395108719744823,-0.00229997599963333,0.00024282625770705852
3,225,460800,81.3994188751094,-0.005658904555987785,-6.080253607268772,8,460.56219003611415,0.35019037032855543,0.005210008872257166,0.0677490234375,-6.102347517045623,1.5395576542345264,0.004048774879387543,-0.0021515488381819887,0.00019595240104781068
3,226,462848,81.45517529221252,0.006432376117768788,nan,0,363.5676904048274,0.3637632913280935,0.00660117283829768,0.0943603515625,-6.154020917165425,1.5824079928314145,0.004968264401812457,-0.0034018346494128003,0.004432156268119659
3,227,464896,81.51178066711873,-0.0058774378326130125,nan,0,458.1679431168681,0.3679553751220692,0.004192011756269059,0.04150390625,-6.181301872510353,1.2961069976192154,0.004687111105097262,-0.001705517237335771,0.0004226529398453561
3,228,466944,81.56764895911328,-0.00567238622453135,nan,0,457.60767243627083,0.35551275158120266,0.0039546726448578175,0.0445556640625,-6.196080493857611,1.7294508341953283,0.004368831585547243,-0.0021170520918260202,0.000579606367031306
3,229,468992,81.62275983416475,-0.005709078596249373,nan,0,450.36308885820506,0.36892583436284987,0.004233333380918543,0.0401611328125,-6.326355767885537,1.4756900650220426,0.0046507133877026355,-0.0018340749147926273,0.00031686506921945433
3,230,471040,81.6795700842049,-0.005750605883163272,nan,0,460.8672083798721,0.363413780392981,0.0023368072623293932,0.0054931640625,-6.3748153488037715,1.3864297566437453,0.006662092852972239,0.00018525621947072454,0.0002040425693954888
3,231,473088,81.73789566708729,-0.005721743751275734,nan,0,457.72569139182434,0.3695693608049039,0.004137011006644011,0.03857421875,-6.308906130058551,1.268121109378901,0.004752612944046665,-0.001665412633933786,0.00021823889584379996
3,232,475136,81.79472604207695,0.00626399013907614,-6.065962117375396,8,365.109570072671,0.38831471018914043,0.003763181891007032,0.0362548828125,-6.284624206041471,1.2153737199040626,0.007118245271577953,-0.0012779016457421678,0.004223045422557301
3,233,477184,81.8532822499983,-0.005748477287494027,nan,0,455.60313100711164,0.37094777929878775,0.002665737221684861,0.01904296875,-6.336942900123533,1.462430932732576,0.00579124640060886,-0.000691292158476165,0.00029119131792298893
3,234,479232,81.91033191699535,-0.005717399137305087,nan,0,458.33212871933046,0.37967802015056573,0.0011444635359546516,0.0010986328125,-6.320917951370866,1.3988978485957952,0.006824706773634128,0.00033319320815366473,0.0003411912282191875
3,235,481280,81.9676727920305,-0.005718947837773948,nan,0,460.90166513502913,0.3652554198396085,0.007422665303157381,0.100830078125,-6.232893290195484,1.7747131261861635,-0.0008098288148029771,-0.007165316218809278,0.0002451882276216382
3,236,483328,82.02456866716966,-0.00582415568116371,nan,0,463.12257823775656,0.3808965805517185,0.00471552677937123,0.05810546875,-6.224212639909659,1.6523632140508062,0.004540249665633723,-0.0017949704582372087,0.00022201496792254513
3,237,485376,82.08174662501551,-0.005694636373215706,nan,0,452.043290020202,0.3801901295701528,0.0019007671948336887,0.0032958984375,-6.315405231674692,1.611047493795883,0.006357169695812792,-7.480621578157248e-05,0.00023314135983934254
3,238,487424,82.14393987506628,0.006277508808120337,-6.134099212212358,8,385.2113271805897,0.3820002113628403,0.005069289156474558,0.05859375,-6.272247049463438,1.6937199204956483,0.006378627619602085,-0.0019317262155311805,0.004076213571339656
3,239,489472,82.20551458420232,-0.005773220075335355,nan,0,454.9275057834518,0.337542705136632,0.004578937623835577,0.052734375,-6.1993896825809,1.569125889827525,0.0046162477660959995,-0.0017827114676905122,0.0003991391024112244
3,240,491520,82.26547754206695,-0.005675689296936839,nan,0,461.739026370565,0.3499885193265922,0.0034659133303952005,0.0299072265625,-6.165671283931042,1.5120251569585295,0.004684100911322192,-0.0015909992566600249,0.00021885776810235465
3,241,493568,82.3357710421551,-0.00571463013469291,nan,0,452.2096117350182,0.36922331593905655,0.004253390039435691,0.035888671875,-6.068156511567956,1.3572817839639064,0.0038643337534947676,-0.0023240847557417805,0.00024052399533718648
3,242,495616,82.39620050019585,-0.005657451205852985,nan,0,459.94489829544784,0.36462965744256454,0.004320108714811129,0.053955078125,-6.094544211441289,1.7048445040153097,0.005588846803133255,-0.0006291872667624019,0.00024697971690873413
3,243,497664,82.45868912502192,-0.005743178325207989,nan,0,457.2697188922323,0.3550239499415695,0.00602149120536513,0.0753173828125,-6.189666849175664,1.6411755198286837,0.002573263321195834,-0.003748705249127385,0.0002646034422951126
3,244,499712,82.519181500189,0.0063098098317366244,-6.057046695396137,8,381.1566888246053,0.36648210074541665,0.007725302776580411,0.110595703125,-6.191857741389294,1.8421761216606702,0.004261379916920185,-0.003849648724637016,0.0038383418003358144
3,245,501760,82.57746495911852,-0.00575969247189358,nan,0,455.22890768571824,0.3584203765555649,0.004497603901527401,0.052978515625,-6.2275479011161545,1.5276296742351188,0.00365506305366164,-0.00267044694492932,0.00019592419494961417
3,246,503808,88.81655083410442,-0.005593739639557792,nan,0,459.36946054758494,0.3440864401995467,0.0018778917036834548,0.015625,-6.124619455426215,1.147662070046648,0.00593519975161335,-0.00028300475882432966,0.00018717011002292858
3,247,505856,88.87288700020872,-0.00570325736655149,nan,0,464.4712449346136,0.3386282879041168,0.002627358931067139,0.0205078125,-6.183197617459759,1.5638068936301253,0.005459374807838709,-0.0008033761110463611,0.00015910660285062375
3,248,507904,88.92787125008181,-0.005804138232298953,nan,0,457.66003782232303,0.3696355574803261,0.0024444095604483035,0.0103759765625,-6.106333010767912,1.2622576842719724,0.005296652707421533,-0.0009330713364325526,0.0002467820661723447
3,249,509952,88.98079895903356,-0.00560964829726999,nan,0,464.9346385010645,0.33908993492693335,0.004531191910066932,0.0601806640625,-6.172836092280832,1.5195756328266072,0.004651036883023917,-0.001603575289835344,0.00016355216115685394
3,250,512000,89.03580545913428,-0.005750539690867487,-6.046602296820578,8,455.356704786196,0.3605781240572727,0.005168806255119119,0.057373046875,-6.10633544447942,1.4111548017828301,0.0029998813343603426,-0.003207346937667345,0.00020178565509652938
3,251,514048,89.09432129212655,0.006289694842439231,nan,0,375.28286059521366,0.35415526988952456,0.0020644845552504378,0.0166015625,-6.242620595290039,1.5907151603940248,0.007637616307685896,-0.0005261123266468949,0.0038422160780855023
3,252,516096,89.14898304198869,-0.005716407482416662,nan,0,457.7731240682077,0.36211579556890094,0.00502096615120042,0.05419921875,-6.1065130473248415,1.459703671345011,0.003993269710906996,-0.00221329336558416,0.00020010005833263003
3,253,518144,89.20644029206596,-0.005725856301033677,nan,0,460.49050626974775,0.3543845932641978,0.005391281838650655,0.066162109375,-6.108536608662433,1.5356049024628202,0.0046793100735075185,-0.0015336452528356592,0.00020883743536149045
3,254,520192,89.26133958413266,-0.005649417771023665,nan,0,455.9584415295513,0.3594705272638444,0.004328500017274622,0.0439453125,-6.196030402123589,1.5921856329126112,0.0046142367340389215,-0.0016989034357509725,0.00023421953533261274
3,255,522240,89.31754033407196,-0.005631849868538981,nan,0,459.6971641684825,0.3433634861784809,0.004768909452866767,0.0562744140625,-6.234147772379345,1.3145956577997682,0.0031625290380262756,-0.0031768583033303655,0.00021047913795459557
3,256,524288,89.3721846670378,-0.0057143824701249325,nan,0,458.6152450838484,0.34782090130367704,0.0023841691625631116,0.0125732421875,-6.317186787055702,1.6223560985760694,0.0048272094492677105,-0.0015788812310138,0.0001778077864516179
3,257,526336,89.42907987511717,0.0062608602666990735,-6.040162252121526,8,381.61973673855016,0.355410474189862,0.0041849778910120015,0.0413818359375,-6.4460569758308335,1.4130191967848522,0.00727245323870537,-0.0011309979806057554,0.003914788486960585
3,258,528384,89.48475787509233,-0.005697826716284191,nan,0,453.5023718685285,0.36283897198124326,0.0038114813912140696,0.033203125,-6.426649538378619,1.5026523387295954,0.005503929551672833,-0.0010601673779543261,0.00027489478249707823
3,259,530432,89.54121470917016,-0.0057253173085638365,nan,0,459.16372336153114,0.36837087759253395,0.0035445691538155437,0.0345458984375,-6.540370737581687,1.508885500857148,0.005559223095923879,-0.0010938159709472373,0.00022533665857885836
3,260,532480,89.59843666711822,-0.005709967185912637,nan,0,459.3726621540315,0.35863017496885397,0.0029035651594085873,0.025146484375,-6.591546771744939,1.5083888545492647,0.006376279062885962,-0.00032047003159288955,0.00021040464546783454
3,261,534528,89.65377099998295,-0.005742355157276519,nan,0,445.29915942749585,0.3707865074344051,0.0033542042929158213,0.0247802734375,-6.569820193400277,1.720497734055538,0.006683716876183217,-4.822902717127467e-05,0.00032425141990842705
3,262,536576,89.71033825003542,-0.005749517227246208,nan,0,458.1573316410029,0.361325591962362,0.004818305643400907,0.0557861328125,-6.6193845436605185,1.542724992623258,0.005326956564118454,-0.0014560985684862844,0.0003273411778884363
3,263,538624,89.76823045918718,0.006337322485595587,-6.066857187523322,8,384.0233139028958,0.3581095499390742,0.0027647719183589393,0.0311279296875,-6.559539022360221,1.3236268378420561,0.007943527476680406,-0.0004572655170180396,0.003682507942676449
3,264,540672,89.82671095919795,-0.005689269676110624,nan,0,452.11466449078324,0.3701917771724049,0.003247862399545283,0.0244140625,-6.603597911416514,1.7088506732485662,0.0047641881818102335,-0.001954442121823833,0.00023006478443511093
3,265,542720,89.88269845908508,-0.005679440242194042,nan,0,462.7780394549159,0.3659735736628543,0.0038223883014669104,0.0335693359375,-6.5458447712884364,1.5589209084720843,0.005328796528650957,-0.0013181323976872118,0.00020216831009946392
3,266,544768,89.9469055000227,-0.005847855037598138,nan,0,463.7798897695757,0.38596193445853033,0.0035414670484485624,0.03076171875,-6.552678213664468,1.5547546863730912,0.004542146597144855,-0.0021307581010776406,0.0002404529691160558
3,267,546816,90.01007566717453,-0.005749015960119485,nan,0,456.63136516032256,0.38858126703831686,0.0031873966006752286,0.0289306640625,-6.532186061456572,1.5153916507180876,0.005654709716215402,-0.001005289394775762,0.0002556260990691836
3,268,548864,90.06882583419792,-0.005751621967740787,nan,0,459.96223569633145,0.3740693976565621,0.0019086996879059122,0.004638671875,-6.49767568517115,1.5640445182332339,0.006633411798718205,4.282156575851736e-05,0.00018582909557707716
3,269,550912,90.12582966708578,0.00621765544349776,-6.11495357939057,8,366.8511440477926,0.37861872669145324,0.007315172049320366,0.1026611328125,-6.412557268300581,1.4226185500499926,0.006166842788896637,-0.0022487731163621776,0.004006117273916464
3,270,552960,95.75115754199214,-0.005646073113162312,nan,0,461.6878181200448,0.34242618888479426,0.003869621086409341,0.033447265625,-6.509812624282073,1.7151217699146977,0.005793012247403274,-0.0008379500166775175,0.00024229927959743526
3,271,555008,95.80997150018811,-0.00572440866696973,nan,0,464.12386913131996,0.36210456889766096,0.0035006012527825396,0.0321044921875,-6.5962802306410335,1.7656312460862211,0.005833654681026599,-0.0010285452613858174,0.0005318394235427625
3,272,557056,95.87031966703944,-0.005649264001334706,nan,0,461.93235571755605,0.3393758678080182,0.004877353882708667,0.0535888671875,-6.472764777322998,1.3555509832541035,0.00396554656958998,-0.0026010300196848257,0.00018762362390361534
3,273,559104,95.92678183410317,-0.005708716780680851,nan,0,463.6882521991504,0.3582748504074542,0.003130634576421399,0.02587890625,-6.435841905948793,1.3280027401702599,0.005679567901101926,-0.0008717654037140223,0.00023098279773430902
3,274,561152,95.98251975001767,-0.005768825125271109,nan,0,455.3725336510288,0.3752106928608483,0.0026876750637251988,0.0118408203125,-6.4276962972887155,1.56752947941334,0.0061459914834079655,-0.000394565771969333,0.00022572191617716307
3,275,563200,96.03832074999809,-0.005660468123945946,-6.055101706165836,8,461.4541587888585,0.3308140486445709,0.003002736768139525,0.021728515625,-6.526993232631066,1.3152010192159538,0.005805233315888397,-0.0007934666619063531,0.00014341349032736877
3,276,565248,96.09604250011034,0.006261889891935383,nan,0,379.9914313218804,0.3695727099641895,0.0022329115815632647,0.0186767578125,-6.459133323586669,1.7210161774739166,0.007613931639325637,-0.0006304457469217795,0.0035704881253214946
3,277,567296,96.15373004204594,-0.005659812499470916,nan,0,461.3305228313231,0.33672539225043047,0.0013987208380912533,0.0008544921875,-6.349470520557189,1.2182925361727255,0.0063475451728540674,-0.00010939657221867294,0.00021494244903110958
3,278,569344,96.20952395908535,-0.005637671809514623,nan,0,462.42398749466486,0.33271313571995487,0.0045020767393277455,0.052001953125,-6.426329666916238,1.662641096506348,0.0041122894208691085,-0.0023994451335040082,0.0001708097749137597
3,279,571392,96.26730533409864,-0.005710993041749602,nan,0,453.53018963093416,0.3579229359486056,0.003292046249703389,0.0330810546875,-6.465616278435831,1.6823002643222627,0.005923570491689713,-0.000644541007161931,0.000204990440831623
3,280,573440,96.32650054199621,-0.0056803553661304,nan,0,467.21715381481306,0.3569707017950744,0.002056669964621112,0.0126953125,-6.503871702375408,1.3673997207222823,0.007150122540305791,0.0005524831253693368,0.00018753542512209433
3,281,575488,96.38405341701582,-0.005728761831068003,nan,0,444.6099584539024,0.3657539508835135,0.0041822659149754965,0.052001953125,-6.512116346335977,1.7075585126472705,0.0056819440826202435,-0.000938594523048784,0.0002168445186660939
3,282,577536,96.44185208412819,0.0062700133031931785,-6.040845057905498,8,382.9586298423763,0.3703850401131367,0.004432088328016528,0.0458984375,-6.577727614110964,1.4020113310641755,0.006075854608299437,-0.0022654302074998694,0.0035271144033766797
3,283,579584,96.49855558411218,-0.005708105684536648,nan,0,455.8580851682761,0.36029597723293677,0.0021442425864473293,0.01318359375,-6.477947718277404,1.5277966726691914,0.005929700964281257,-0.0007073489178680021,0.0003182043277437061
3,284,581632,96.55755600007251,-0.005745335040993876,nan,0,460.44130875624745,0.34872404240518595,0.00529222671794931,0.060791015625,-6.505812025614535,1.5482663799675116,0.003129660442461755,-0.003501471004930059,0.0002506388435545555
3,285,583680,96.61498166713864,-0.005664450856891091,nan,0,462.6619831443088,0.3521382684959363,0.004173636719273178,0.0428466796875,-6.400783042308434,1.5618394594685232,0.003910410312732437,-0.0025795302601350537,0.00017831506111811316
3,286,585728,96.67196875018999,-0.005755791578055383,nan,0,447.1588053935165,0.3631721797799298,0.0033103678105711287,0.02734375,-6.2922165685236315,1.6324935873023159,0.005900262750870062,-0.0005026260081419194,0.00022134438097670025
3,287,587776,96.73110099998303,-0.0056315365347218505,nan,0,460.90531851620625,0.3539872306307748,0.0035554115672005978,0.0322265625,-6.472671927567899,1.674794376292145,0.005868746857271234,-0.0006827652006806957,0.00015768026076805715
3,288,589824,96.78998408420011,0.006231908296977879,-6.06893364654015,8,376.7218883409301,0.36805210877856825,0.0018826766566463053,0.003662109375,-6.512511850714041,1.4173520979723713,0.008634964495846699,0.0003825256599322372,0.0034798539704008428
3,289,591872,96.85130008403212,-0.005742615100126806,nan,0,463.6495193379464,0.38387236277020326,0.0028394633618688825,0.0194091796875,-6.354756373129756,1.327603204956329,0.006054044485588889,-0.00041530105780954304,0.00022917834053735325
3,290,593920,96.91692783404142,-0.005701468126353337,nan,0,461.81198131500275,0.34950724504858577,0.0026112210479489516,0.0157470703125,-6.45353788148914,1.5694802584440926,0.006679316568310914,0.00013079684387372423,0.00018996368589609987
3,291,595968,96.9776621251367,-0.005705938056992793,nan,0,465.3004170269916,0.32714538375399993,0.006018186699449885,0.0802001953125,-6.565053765794989,1.4872846460923919,0.0014070558363238922,-0.005243213499425324,0.00017043113990845428
3,292,598016,97.03793212515302,-0.005673738526321184,nan,0,465.77012612620024,0.35666922630534226,0.0032598942563549843,0.0213623046875,-6.452505874152637,1.3507675967426946,0.006189496217788208,-0.0003577406366533694,0.000189461960577881
3,293,600064,97.09567137504928,-0.0056984405280697216,nan,0,456.020158471872,0.3607055218441914,0.0030370039390948153,0.019775390625,-6.465658853450593,1.4745074787279937,0.006421004776302435,-0.0001478451404287695,0.00020638212656122018
3,294,602112,102.6953347499948,0.006269371915919164,-6.064676639861991,8,382.83271529042185,0.3695339780813621,0.0006651585837499302,0.0009765625,-6.547735218059282,1.3655673320514015,0.00841993111344102,2.0835182024878107e-05,0.0037027214267137238
3,295,604160,102.75914016715251,-0.005714364093713963,nan,0,464.35597960030407,0.3580024289099589,0.0035128387319451,0.032958984375,-6.564936700447051,1.4776679763731404,0.005171652708301721,-0.001521835798748487,0.00025710361320631207
3,296,606208,102.82668558415025,-0.005654048485520115,nan,0,463.9375683979705,0.34427369563398713,0.0037842130458786124,0.038818359375,-6.529423595609673,1.5803380883683364,0.00567927465955217,-0.0009295900883096713,0.0001588823045043438
3,297,608256,102.88153266720474,-0.0057165696199973845,nan,0,461.87893054626284,0.3204364406615704,0.003985815817096003,0.03369140625,-6.521978408636235,1.5553093284783417,0.005542394861047736,-0.0010561023826837243,0.00015303767019045003
3,298,610304,102.9383707921952,-0.00567049434377866,nan,0,459.71651912082285,0.35316305813975013,0.0026516990875264388,0.013916015625,-6.571142068231358,1.2972878934138086,0.006207406915027244,-0.0004517498662773064,0.00017602942614638607
3,299,612352,102.99260316719301,-0.00565590624503872,nan,0,454.53191618544923,0.3380035085117307,0.005745310950731714,0.0718994140625,-6.701205731672454,1.7614169451152877,0.004641599733907319,-0.002145268253466981,0.00017132451140368962
3,300,614400,103.0473523340188,-0.005689733177211125,-6.020859123079396,8,461.4580219535999,0.34917784523478823,0.0033554740720769124,0.02392578125,-6.663508900468013,1.5963295931459096,0.004908297732511305,-0.0018630552462542411,0.00021568815659506364
3,301,616448,103.10808879206888,0.006286323866409978,nan,0,376.96299172384147,0.3843848320988057,0.004640221847777917,0.0489501953125,-6.732580957743668,1.5352485142906227,0.008951950958343537,0.00046104423155090115,0.003516651538097933
3,302,618496,103.16536345914938,-0.005700582347921115,nan,0,462.7698550185221,0.3456039023372396,0.0020603231979206046,0.0072021484375,-6.804084776855822,1.4541067823749174,0.006527226590163215,-0.0003635289123091936,0.00017334145123317195
3,303,620544,103.22123541706242,-0.00570895873819304,nan,0,456.8105829705082,0.35765818331085375,0.003023848047812157,0.023681640625,-6.836270212457218,1.3992324784513888,0.006160013897200396,-0.0007672052421560105,0.0001818978537983779
3,304,622592,103.27772662509233,-0.005724499061306175,nan,0,465.3804844656477,0.3424713995046644,0.0034825863001259356,0.0335693359375,-6.799711456464106,1.4159467894145816,0.005646172721925141,-0.0012253034305090044,0.00014352939194008105
3,305,624640,103.33399941702373,-0.005598027557489288,nan,0,461.15887045281033,0.3497494202209168,0.0025752835076449368,0.013916015625,-6.824092425070712,1.4953468836321195,0.006190151505091051,-0.0007253716064260021,0.00018286137289268075
3,306,626688,103.39111766708083,-0.005795566200355373,nan,0,462.034163382003,0.35675556440439216,0.0019624311262255124,0.0120849609375,-6.740864307481305,1.3385426729178271,0.00650440787119734,-0.00033572888831286205,0.00019854490405779037
3,307,628736,103.44790795911103,0.006306040766439898,-6.053515598522367,8,381.1896229051303,0.37263671905746765,0.002431954477535812,0.017333984375,-6.836360052659555,1.4502886364045948,0.008498020936118978,-5.128576941813411e-06,0.0033335789208024723
3,308,630784,103.5042532091029,-0.005719059599940848,nan,0,466.0476863215553,0.3478578868821108,0.003138695371141658,0.0263671875,-6.777417876889654,1.6011329802995466,0.0060649246664669955,-0.0007856768461163002,0.0001463672713872822
3,309,632832,103.56027266709134,-0.005704503528569823,nan,0,464.5676943225073,0.3548474730498853,0.0038429262210510243,0.0357666015625,-6.790011163707196,1.6053526908992692,0.005213580373082187,-0.001662356255077915,0.00017185092890581222
3,310,634880,103.61612412519753,-0.005665074393108618,nan,0,466.653635535592,0.3397763039177424,0.0029577295068583835,0.0255126953125,-6.842963730290526,1.4795402428472864,0.006015739539374603,-0.0009114101640650841,0.00016837194629833006
3,311,636928,103.6776492500212,-0.0056644912233202215,nan,0,459.84186389396683,0.3428347316612701,0.003299041130494224,0.035400390625,-6.857525708719548,1.5177756975786818,0.0058970825665739125,-0.001034308110930882,0.0001477299375704864
3,312,638976,103.73650341713801,-0.005725868235524359,nan,0,465.48149899051515,0.3476420385570631,0.00640562353118111,0.0845947265625,-6.900726738831096,1.7712957717649584,0.0033372697557688263,-0.003637078404634369,0.0001472428431441965
3,313,641024,103.79556370899081,0.006357948716503859,-6.036966503362283,8,369.38376505383707,0.3731142451494626,0.0031616874898044503,0.026611328125,-6.953177413397819,1.4624863738282108,0.0077174879239457275,-0.0009053323204186812,0.0033392856619331767
3,314,643072,103.86132837506011,-0.005699315872765207,nan,0,464.7298503109237,0.33763819071578394,0.005294089131875806,0.0653076171875,-6.863523283165547,1.656258033041478,0.004094851963938681,-0.0028387156271041,0.0001400886157544675
3,315,645120,103.92095625004731,-0.005705068004276784,nan,0,460.08223739521276,0.351934180662687,0.0016972515351707986,0.004150390625,-6.875424375657635,1.6349583985836111,0.007999593505816022,0.0010307201153823137,0.00018689802955214238
3,316,647168,103.9777515840251,-0.0056586510569393,nan,0,459.27616928532274,0.3479497633925757,0.001969401649734105,0.011474609375,-6.849035895863323,1.8454446052238231,0.008143760758401694,0.0011664772263642771,0.00025649527234818765
3,317,649216,104.03511804202572,-0.005746247420057378,nan,0,452.3587849520378,0.3590654969882425,0.003516780886018682,0.026611328125,-6.822591537841527,1.4356516932428758,0.0060073850794220875,-0.0009200712851972596,0.000209729653555636
3,318,651264,104.09177454211749,-0.005737872305703695,nan,0,463.9296280963085,0.3653188116793751,0.0034928785366092237,0.036376953125,-6.731611088393503,1.6494558145000902,0.005120656845284315,-0.0017014250559941341,0.00018094162576989464
3,319,653312,109.78394500003196,0.006291032155947049,-6.048117755666403,8,384.47047473508,0.35352721260007736,0.003942373403712354,0.04833984375,-6.742878111187425,1.5522053310173303,0.007878249156278314,-0.00047766887847058674,0.0032260798471229553
3,320,655360,109.83955550007522,-0.005632528837588402,nan,0,466.70218269064367,0.33847956129874346,0.004610719003143636,0.053955078125,-6.863488127246226,1.7549527836557455,0.004364824762435758,-0.002576745713339842,0.00015616469705875092
3,321,657408,109.89872541720979,-0.005721605998855055,nan,0,465.4871448448063,0.33283669954818107,0.003257999400147026,0.0225830078125,-6.748675932331384,1.5660922221659226,0.006334028155306307,-0.00047580124670282796,0.00012230693935550465
3,322,659456,109.95511662517674,-0.005633181434644299,nan,0,458.922071185399,0.33633250779067964,0.0008521205954150886,0.0009765625,-6.772790011084522,1.5415256913402748,0.0074358877418554,0.0005889193510893115,0.000148356759363129
3,323,661504,110.01191729214042,-0.005753083470319035,nan,0,460.9025940054395,0.36223002682238903,0.00334157528628496,0.0294189453125,-6.753523436857462,1.4277620362345687,0.005384480832696066,-0.001457711685533992,0.00017733816274519192
3,324,663552,110.06615308416076,-0.005618361766325537,nan,0,460.9879217856676,0.3464072615449854,0.0016409394668260204,0.007568359375,-6.797946077719547,1.4002339260116914,0.006496034004756386,-0.0003821571253978919,0.0001604901048694542
3,325,665600,110.12242975016125,-0.005759247132873158,-6.03559500472759,8,464.37051120416,0.3540653396365505,0.002495582733547631,0.0172119140625,-6.6846921830633494,1.6959962220958125,0.00595571415464939,-0.0008153631803009967,0.00017277030377407733
3,326,667648,110.1777967500966,0.006264602902556219,nan,0,372.0747221077478,0.3631363991339337,0.003471679113905936,0.0382080078125,-6.669137439897747,1.7527809647499395,0.006692400858422695,-0.0016366593728841545,0.0033198455828181974
3,327,669696,110.23555025015958,-0.005707907155588276,nan,0,453.35235124019215,0.3740651730055663,0.0030075150894487146,0.02392578125,-6.663184631316675,1.452822057181982,0.0057786354443109195,-0.001003381275981639,0.0002376641779517578
3,328,671744,110.29225937509909,-0.00567256604644607,nan,0,462.7878653588584,0.33156711835619934,0.0006793884587886264,0.0,-6.716603258166465,1.517353377388305,0.006877176074606292,9.890191620251162e-05,0.0001233418004746267
3,329,673792,110.34815216716379,-0.005648269342080245,nan,0,464.8458586109437,0.3626701840027726,0.001333324042599112,0.0030517578125,-6.716900161567411,1.49965917886737,0.006797294559401418,-2.6063484600828864e-06,0.00016600149258817333
3,330,675840,110.40582920913585,-0.005748083260029919,nan,0,467.44283718102577,0.35700063175269625,0.0017750191796957215,0.007080078125,-6.821960411108509,1.2669526162813445,0.00653102915216837,-0.0004007937269500444,0.0002197249360198104
3,331,677888,110.46381220920011,-0.005828638606626435,nan,0,462.70916998011154,0.38750841512300316,0.0031371516360552123,0.0308837890625,-6.805104417459333,1.627324327990181,0.00648338222541955,-0.0004744768998507327,0.00030550941562190265
3,332,679936,110.52280358411372,0.006333876524227211,-6.076773029066786,8,382.1217542942367,0.35078130808294683,0.0010180671293254148,0.0015869140625,-6.879804173052452,1.2474357088952697,0.008608550610102099,0.00011926495737866983,0.0032189629593419623
3,333,681984,110.57860229210928,-0.005733727659398556,nan,0,462.70027190260504,0.361062159310526,0.004056381011153717,0.041748046875,-6.778693458718414,1.3306340419927105,0.004426501016413146,-0.0024660818107133907,0.0002277787368162425
3,334,684032,110.63634441699833,-0.005642101584065886,nan,0,467.10902810723036,0.3451693359568787,0.0022101700451764013,0.0135498046875,-6.7106058487892355,1.5952988727248902,0.006569852601690313,-0.00021453015428886824,0.00014755381437989878
3,335,686080,110.69373704213649,-0.005746084801696135,nan,0,462.25499423589696,0.35826454363311694,0.004467888738784766,0.043212890625,-6.740637858511008,1.5392534496658399,0.004764774993830916,-0.0020692203021673438,0.00018671487497450207
3,336,688128,110.76842375006527,-0.00567243422361032,nan,0,463.82618706733433,0.3372661741016313,0.0047503519588908815,0.05419921875,-6.829300316868932,1.6322494605497537,0.004857474090727527,-0.0020440201380125603,0.00014438782374230467
3,337,690176,110.82553625013679,-0.005642755718120765,nan,0,463.32633320604515,0.3551509704421131,0.0029433217821547373,0.029296875,-6.815269085251645,1.5868932456610152,0.006192945238299896,-0.0007069537751485718,0.00016925985639364448
3,338,692224,110.88554179202765,0.006251307383050563,-6.037310555435518,8,380.72448466210784,0.37582322600049306,0.0038680940906998438,0.0411376953125,-6.852862270644693,1.444711164347778,0.008101233001382952,-0.0003897440268672758,0.0032762295152110677
3,339,694272,110.95197170902975,-0.005667887682506305,nan,0,464.1454853118949,0.3422763977351603,0.004650492039127997,0.0506591796875,-6.8158048144895815,1.9672155363033625,0.006088260406268883,-0.0008332809079102978,0.00021147299937920115
3,340,696320,111.01225441717543,-0.005630761126648376,nan,0,467.6434464869443,0.3275272049193727,0.0032017615579257707,0.02197265625,-6.694471754003048,1.555117266081093,0.005562572725992723,-0.0012021722038752418,0.00014054635172984002
3,341,698368,111.07056641718373,-0.005741035401567724,nan,0,460.62583452368295,0.35374645769491603,0.0030552322762517716,0.028076171875,-6.675633099354936,1.6014643148738268,0.0060476681889511975,-0.0007155937430522682,0.0001752576652970577
3,342,700416,111.1288118751254,-0.0056751989228479936,nan,0,463.9305115726053,0.3427105377351132,0.0028833253284184963,0.019775390625,-6.632585881025616,1.554650845386376,0.0046105131864526035,-0.002108423916753161,0.00017270244436029436
3,343,702464,116.68803691701032,-0.005661337558352879,nan,0,461.08626290428197,0.34150702749061645,0.0053463941806385345,0.0628662109375,-6.701352793935324,1.7198139313173846,0.004028690963965131,-0.002755564138640209,0.00016580461734003218
3,344,704512,116.74342379206792,0.006302140714798173,-6.023524293492027,8,375.71658202734227,0.3676264224769098,0.004570549861541031,0.0506591796875,-6.645327548493919,1.9363707897138651,0.006399972989383602,-0.0018040116351599345,0.0031173141520992364
3,345,706560,116.80032083415426,-0.005734654987237046,nan,0,461.55746951140185,0.36391278342055255,0.0055330459621688545,0.076416015625,-6.640978500108664,1.8443359496054703,0.0027884517937574235,-0.003963788445761451,0.0002225234788204295
3,346,708608,116.85633429209702,-0.005703340765783101,nan,0,455.0239026824743,0.3547657780035143,0.002509228687511878,0.02099609375,-6.572693266913321,1.482735285119689,0.005518736226748683,-0.0011421926835340182,0.00017647128673875897
3,347,710656,116.91166041698307,-0.0057122575635996774,nan,0,463.1851569863199,0.3678933220266859,0.0030837553604194648,0.0311279296875,-6.594231137868967,1.512827530493907,0.005071832753213605,-0.0016258389207971877,0.00020688107228364973
3,348,712704,116.96663783420809,-0.00571095888076836,nan,0,464.8704325363809,0.3322048643894585,0.002340083580649849,0.012451171875,-6.698516451792166,1.8659085134142446,0.005392077619690656,-0.0013790185808639794,0.0001451594975249355
3,349,714752,117.02395083406009,-0.005615256550351132,nan,0,459.85794606713114,0.33465864081348307,0.004651412778408999,0.0595703125,-6.595601111695608,2.039861014112204,0.005278692350474812,-0.0014002864637896323,0.00016675540513766933
3,350,716800,117.08056441717781,-0.005815356230549657,-6.069415877075794,8,458.4142953563838,0.37530047590695736,0.0006407927905913047,0.0,-6.586723075121106,1.6656491029748475,0.006711117445159011,1.3670907324068657e-05,0.00022144692542767433
3,351,718848,117.13775737513788,0.0062756888498101395,nan,0,376.8334803327805,0.3481804253690731,0.004527561434395387,0.052978515625,-6.580393115599893,1.3365868786356896,0.006022364054602747,-0.0021242825573542365,0.00313250699271418
3,352,720896,117.19459850015119,-0.005580664437599204,nan,0,458.7625234463123,0.3480026590197415,0.003966044130075849,0.047119140625,-6.482228809711794,1.5737134583405754,0.005045890133717248,-0.0017564902622427838,0.0006403031724964753
3,353,722944,117.25389225012623,-0.005778984672103083,nan,0,463.5841883141462,0.3534560617455046,0.0032003742435925443,0.01904296875,-6.4305515439632845,1.56898335979594,0.006022810922262112,-0.0005354556074860951,0.0002554299715698419
3,354,724992,117.31099554221146,-0.005710024328366564,nan,0,461.8907973656677,0.358097975501122,0.0028856895714774477,0.01953125,-6.468400970966385,1.8588663406601502,0.0057582278810934615,-0.0008024276413262713,0.00018450910290669572
3,355,727040,117.36732479208149,-0.005716419536135754,nan,0,460.7159331061457,0.3567548943565446,0.0032208978598410824,0.0281982421875,-6.546487860240662,1.3992756010691434,0.00540317871818779,-0.001228875115230592,0.00017113194635544105
3,356,729088,117.42505854205228,-0.005663595260653781,nan,0,453.7051049597356,0.34274221888599166,0.003265065299815259,0.0413818359375,-6.562641770027304,1.713750349093433,0.006070697867149118,-0.0005646195529317565,0.0001453513001071452
3,357,731136,117.483890542062,0.006365393075420573,-6.0451159847663085,8,376.2536412392277,0.3567786039771135,0.005492091239494895,0.0701904296875,-6.578932372376885,1.556394674265242,0.0063275982437059975,-0.001772766386351144,0.0030428645153605135
3,358,733184,117.54204020905308,-0.005783333611015845,nan,0,458.95994850600556,0.35434722021377274,0.0014356969933012735,0.0076904296875,-6.47155325136045,1.5945954326207423,0.006348674614796404,-0.0002182611023120195,0.00019076493149594977
3,359,735232,117.60099116712809,-0.005694155182060212,nan,0,455.87313847216393,0.3377708252348504,0.003643795654968569,0.034423828125,-6.410604425593144,1.7853468187941006,0.004530853260694197,-0.0019606988053493366,0.00016189528090077693
3,360,737280,117.66104987519793,-0.0055813474759315316,nan,0,459.69480533153785,0.3219429119122377,0.0023880494508520737,0.0152587890625,-6.351500110182341,1.7006423402326347,0.00579125803499375,-0.0006230832329389359,0.0001256823155006917
3,361,739328,117.72121012513526,-0.0056960972159793115,nan,0,465.00582362825526,0.3406658235090968,0.005809568162739676,0.08203125,-6.38374182272508,1.7079533734341625,0.0006988107924376444,-0.005767845278871569,0.00016582849716826025
3,362,741376,117.78093033400364,-0.00574920345132957,nan,0,467.7360416244473,0.351840363217101,0.005295098342904748,0.0653076171875,-6.4036803572634255,1.7658589085777312,0.004874200595172769,-0.001598482853536194,0.0001380061828910734
3,363,743424,117.84646404208615,0.006275998605242952,-6.021459660378648,8,377.7839658921714,0.3594700760881351,0.007153767084104505,0.101318359375,-6.285186168208868,1.4714868392098785,0.006230998740075634,-0.001532089355142736,0.002955803854019005
3,364,745472,117.90973391709849,-0.005622216362381378,nan,0,461.9130094981352,0.3406188889061402,0.004988000845991707,0.05810546875,-6.410732497591605,1.6076589266092634,0.0029216319380942143,-0.0035713453029866107,0.00016448948697843672
3,365,747520,117.9716820421163,-0.005689550261384516,nan,0,458.78697698397536,0.3530500835338593,0.0002016125989279572,0.0,-6.30536448939682,1.6911514883419063,0.006705530106890473,0.0003120237929914002,0.00017628364900450748
3,366,749568,118.0299725420773,-0.005729641527131278,nan,0,458.8994395685626,0.3391774957877453,0.005132291607547412,0.05859375,-6.282250252846636,1.5964140901877801,0.0030845907029867694,-0.0032803811701327644,0.0001654432405457976
3,367,751616,118.09373670909554,-0.0056646950562263855,nan,0,466.4834041796983,0.33237991056280963,0.0003618019189659239,0.0,-6.393959583010382,1.7310485056283877,0.006642239825493504,0.00018224522862371603,0.00013207002771880734
3,368,753664,123.64156812499277,-0.005667818561269692,nan,0,459.22450701694686,0.3427156539383616,0.005593619711442503,0.072509765625,-6.326853300934043,1.9850215583842057,0.0027230063789183074,-0.0036785329407406754,0.00014937203744987989
3,369,755712,123.69686500006355,0.0062843408289100094,-6.0305061448871005,8,372.17455928920396,0.36189344508978954,0.001855545205234822,0.0107421875,-6.402742660693251,1.4085427951367073,0.007221709743995704,-0.0007436278448792995,0.003125189856363505
3,370,757760,123.75391366705298,-0.005699603023285538,nan,0,461.195588522683,0.33626469747950183,0.0017465494209290807,0.0096435546875,-6.407514222834393,1.6224596738279164,0.00615461432081609,-0.0003910995206928185,0.0002763992373490259
3,371,759808,123.81153020914644,-0.005619801767083706,nan,0,466.08937042189916,0.3332113620619387,0.0036412250990599526,0.0362548828125,-6.427782634733685,1.6748348899685361,0.003793720718590545,-0.00270001032843694,0.000131896824587597
3,372,761856,123.86856754217297,-0.0057833480044558235,nan,0,463.07322065531446,0.36575042127828056,0.003657880435405948,0.0399169921875,-6.283652010135253,1.8304083452300302,0.0034067117772369608,-0.0029799935378660193,0.00020610660993545526
3,373,763904,123.9253335420508,-0.00564385570216655,nan,0,462.5504513275509,0.36389476294651213,0.0013896160082923145,0.00927734375,-6.330077787150192,1.3184605920736705,0.006074331969445982,-0.0003570659831230818,0.00020264033083774877
3,374,765952,123.98035033419728,-0.005728430708788706,nan,0,455.94254989256467,0.3495990572546138,0.00349020504022579,0.0252685546875,-6.29164696874048,1.7733088653751543,0.0033606720314531104,-0.003011944853200223,0.00016193983182570402
3,375,768000,124.03745616716333,-0.005660517187803207,-6.033959995252542,8,460.5778063008827,0.3362471604859527,0.00514440460451393,0.070068359375,-6.1468760867114955,1.7061907603200437,0.0028357383427909306,-0.003390468381015347,0.00015866127418956568
3,376,770048,124.09506333409809,0.006249108559781985,nan,0,384.8414592712419,0.35890393210877586,0.0031338375792144156,0.0279541015625,-6.162146837969288,1.8689561596355044,0.00474231988128599,-0.0028822276890229717,0.002924801464679349
3,377,772096,124.15269958414137,-0.005619464567767267,nan,0,463.97153109239775,0.34337862232343586,0.004002605884669699,0.0418701171875,-6.257233520727782,1.4837954037473178,0.004025602536586727,-0.0023297083423515445,0.00019615471642097894
3,378,774144,124.20932104205713,-0.005694382034744853,nan,0,463.0474858126482,0.33750352251504867,0.0002031975609496511,0.0,-6.30077933362281,1.5867606053469183,0.006525266375822683,0.00015416133680996261,0.00014065141077982372
3,379,776192,124.26469016703777,-0.005669783621552494,nan,0,460.8319940810488,0.3348087734416645,0.0017075973852783335,0.0142822265625,-6.295325119614881,1.5430363317263198,0.0061142427222866235,-0.0002455825062201676,0.00012900021778382092
3,380,778240,124.32249341718853,-0.005670266352618944,nan,0,464.9559862944406,0.34484198173471325,0.0019215168558143554,0.010498046875,-6.273068966222867,1.8073359079000895,0.005527140936432239,-0.0008102686791099257,0.00012868129863859536
3,381,780288,124.3789125001058,-0.00575884898148719,nan,0,443.28593112085986,0.3678698681626694,0.0015461014593520532,0.0050048828125,-6.3691744184497985,1.5493539722566574,0.006144319667275956,-0.00033643707010800467,0.00022316463786832606
3,382,782336,124.43668025010265,0.006306406086210164,-6.031392060789749,8,379.5187556879862,0.35328941816404735,0.003806587326156044,0.047119140625,-6.3469562801095325,1.3794747479822462,0.006024916058536501,-0.0017711078314252343,0.002898135219704406
3,383,784384,124.4939142500516,-0.0055938985970273285,nan,0,465.82750620171436,0.32344334673156117,0.0036528689863618647,0.0435791015625,-6.25115739003041,1.6592283994294208,0.00436155854136667,-0.00195148977012841,0.00012378184292934308
3,384,786432,124.5528465420939,-0.005737129337228324,nan,0,461.6491743494822,0.3491836202607993,0.003566926016532474,0.0240478515625,-6.187002491038019,1.9922493782476365,0.00476901525426595,-0.0014947602137472763,0.00015354595395041437
3,385,788480,124.6123493341729,-0.005669352131058624,nan,0,465.0790058403448,0.3402602536259939,0.004328468984685727,0.049560546875,-6.2622153308302515,1.4518429169756162,0.004992723006139564,-0.0013319015031220283,0.00012481835686267896
3,386,790528,124.67137054214254,-0.0056759808205206815,nan,0,464.8926870948327,0.34209277855810066,0.0005340580666890028,0.0003662109375,-6.195614197633577,1.4474129289233342,0.0060277749375009446,-0.0002481013324811942,0.00016052414469711616
3,387,792576,124.72927270899527,-0.005664441834406859,nan,0,468.9897216782945,0.35365143257556086,0.0026159007466515444,0.0140380859375,-6.32531527906447,1.4567658262715342,0.005520937001647599,-0.0008816074605197382,0.0001544583662057318
3,388,794624,124.79656762513332,0.006219645205984663,-6.016845114509794,8,375.12032371034246,0.36616695248162645,0.00021379456948899395,0.0,-6.350861821627557,1.4360430859979991,0.007799670630627398,-2.053243513010011e-05,0.0029386824882598815
3,389,796672,124.8578639170155,-0.005633737293962923,nan,0,461.4177957215332,0.3434650972875609,0.003220118594915519,0.0321044921875,-6.2789396620239994,1.5884598924893956,0.005292162600514645,-0.0010590352030071335,0.0001445162829955578
3,390,798720,124.91672358405776,-0.005701417698681914,nan,0,458.4298009784977,0.33129691947867246,0.00462630471051167,0.04736328125,-6.355261749590538,1.5382454044871188,0.003620992291350253,-0.0028054044730450745,0.0001422700296095763
3,391,800768,124.97485145903192,-0.005698817289373062,nan,0,461.2675035179487,0.34993668635865627,0.000957647057380443,0.0029296875,-6.340676694495059,1.566286173961509,0.005552350015228506,-0.0008627399626491899,0.0001488265667652765
3,392,802816,130.8381807091646,-0.005717687287947179,nan,0,451.36525251089864,0.3624709008573799,0.0038726587002212536,0.0419921875,-6.283738784015645,1.503327659257989,0.0035893464280244347,-0.002791712564203283,0.00019464041642414684
3,393,804864,130.89273954206146,-0.005658446502649838,nan,0,458.55408275944774,0.3526204965088967,0.0017947159290484362,0.0096435546875,-6.301235643133252,1.7633580395450792,0.006068528206593813,-0.0003030070906830315,0.00014059930828718824
3,394,806912,130.94797429209575,0.0063023752091270905,-6.055585101376488,8,375.2998772833696,0.3747465638930634,0.000538191370194804,0.0009765625,-6.262909646300647,1.9876000042450979,0.007152507681148114,-0.0005629001168106496,0.0029049963033162323
3,395,808960,131.002930625109,-0.005842711570959224,nan,0,460.9239389587653,0.3798569940264669,0.0026093048758570637,0.0172119140625,-6.237445772358275,1.7623619522394378,0.006395127040841761,6.928590103937341e-05,0.00017679073488822462
3,396,811008,131.05801141704433,-0.005672696454045461,nan,0,460.47977368262286,0.3455190606229707,0.002633252947436088,0.02099609375,-6.23799820621471,1.5919916273580346,0.00531474606524282,-0.000994537926892131,0.00014257157184047837
3,397,813056,131.11308779218234,-0.005723912252676443,nan,0,457.72356769198376,0.3540268130446718,0.0026629111415070995,0.01611328125,-6.185167961990949,1.6805154713165635,0.0052942348373137315,-0.0009778570965509135,0.00017384794374739352
3,398,815104,131.1683244172018,-0.005661732600468948,nan,0,456.5200514607671,0.3557211777714608,0.00237695910462039,0.0130615234375,-6.206425895503317,1.600850658593079,0.005410541867365572,-0.0008851824364467494,0.00017859681661801463
3,399,817152,131.22390616708435,-0.00567710561259489,nan,0,460.42255479970567,0.3496031317067391,0.0003506140040589836,0.0,-6.3154878175772,1.7577308024725227,0.006646279130616684,0.0002491773116029463,0.00016322800287307823
3,400,819200,131.27978520910256,-0.0057080758842619735,-6.055500261546181,8,455.0575208350889,0.34279113471784206,0.000611815181635911,0.0003662109375,-6.230263841143216,1.7780333443029497,0.006039051531526129,-0.0002633518642242644,0.0001442791092143572
3,401,821248,131.34108625003137,0.006245244517523088,nan,0,372.62783130226046,0.37349769390877885,0.003880747701456459,0.034423828125,-6.2713070127480375,1.2896099307432873,0.007317122630589423,-0.0004195046511990272,0.0029306405380808247
3,402,823296,131.39816575008444,-0.005674892203995308,nan,0,466.77591180832025,0.335734336650648,0.0023546222238011194,0.022705078125,-6.189151065141223,1.6117167532512409,0.005497582675653954,-0.000769600634639192,0.00015606449030384486
3,403,825344,131.455063625006,-0.005642640034603573,nan,0,466.07393776293895,0.34876643440993516,0.004555708998771989,0.0504150390625,-6.295214936668355,1.6053502587711899,0.0038719229628301917,-0.0025085973076212713,0.00017061066756621728
3,404,827392,131.51095741707832,-0.005719075298723429,nan,0,457.88391765630837,0.35235526747687307,0.000891774485843344,0.0006103515625,-6.285602618591096,1.8224420006219464,0.005858941822728615,-0.0005088965217766566,0.00016447145182834873
3,405,829440,131.56985145900398,-0.00569349949259957,nan,0,465.6862069442463,0.34149739714460536,0.0023877990316161675,0.019775390625,-6.167774205845475,1.698113952745759,0.006585814020543462,0.0003495420164668231,0.00013699559646232354
3,406,831488,131.6261276670266,-0.005660447180492623,nan,0,462.9446267491543,0.3381897297363387,0.002855938232238916,0.01806640625,-6.1644512820748165,1.357193010618576,0.005666807985858676,-0.0005685255295716776,0.0001417644667110695
3,407,833536,131.68378508416936,0.006263696659414097,-6.045951920608793,8,382.6926491204587,0.36480808262606945,0.001936225031411775,0.01318359375,-6.2000559678943725,1.78003602620514,0.005986786092909176,-0.0016524860568261765,0.002878432363681958
3,408,835584,131.74061641702428,-0.005691222953543807,nan,0,463.74708449707583,0.35227022438128774,0.005339266415242509,0.0703125,-6.118665381881821,2.0593118136422284,0.0034678911771978543,-0.0027702309845770634,0.0002389135597861906
3,409,837632,131.80643529212102,-0.005679063157794435,nan,0,464.7960335754184,0.32542154636692316,0.004044178761986476,0.0401611328125,-6.176359895359338,1.6514413812425273,0.004781135144660801,-0.001479949060300783,0.00016944861920449475
3,410,839680,131.87792679201812,-0.005640087172690896,nan,0,464.9681516545787,0.3325324800342627,0.0036003526717913853,0.03173828125,-6.126125923358776,1.5642888521903688,0.00496285664118715,-0.0012203276025805395,0.00011411664081782483
3,411,841728,131.9542098341044,-0.0056883201900776266,nan,0,454.2600441725,0.33518043357677285,0.004326963009906953,0.0487060546875,-6.127142255532455,1.902442964194833,0.0046476106084852925,-0.001556034537260733,0.00015300578042714527
3,412,843776,132.04052012506872,-0.005674807264012205,nan,0,466.76650110542107,0.34003276350245526,0.0008683486207999051,0.0,-6.161094185571816,1.6002839138028335,0.007147673879505957,0.0009174590329627343,0.00013824132194281347
3,413,845824,132.1289608341176,0.00628698839981269,-6.013062395776046,8,377.6572853335383,0.3621178420561764,0.00017673315595893,0.0,-6.159356641770899,1.2995028345679664,0.007511180657096769,-5.848853233552352e-05,0.0028206250953227837
3,414,847872,132.2087608340662,-0.0056675613157656166,nan,0,460.15310191924624,0.3141522556382611,0.0039477357972525886,0.0439453125,-6.13361805282179,1.8068212795802545,0.0039262023510481855,-0.002267796658137587,0.00012076191272796595
3,415,849920,132.28072529216297,-0.005624649017571589,nan,0,460.90855432602416,0.3319803040111162,0.0030768308976091875,0.019775390625,-6.187744082084,1.5615881699806398,0.004621355460205865,-0.0016342326296871798,0.00013568801561808857
3,416,851968,132.3555857501924,-0.005629910293873486,nan,0,457.79195047093947,0.3259389670257705,0.00035911401200007954,0.0,-6.133116362580365,1.5800583229675467,0.006350532518686251,0.0001506199599947541,0.000133592392222262
3,417,854016,139.1335185840726,-0.005695680365011238,nan,0,456.4905250132543,0.3515158213085259,0.004227141828848409,0.05078125,-6.1126805052860185,1.8987088604263507,0.003085399738963856,-0.0031124812866831263,0.00017040104072193162
3,418,856064,139.20514904218726,-0.005723338528252342,nan,0,462.6469466349498,0.3492410916984965,0.0020480624887237895,0.019287109375,-6.134684651045934,1.6332127916218568,0.0049370415559451646,-0.0012744833340222403,0.00015368047784294122
3,419,858112,139.27879675012082,0.006339027492358023,-5.999584480576644,8,381.1486766587816,0.33984944551420215,0.0009545912428997451,0.0010986328125,-6.204660319377508,1.5391459640843117,0.007544303798494462,-5.733577839554501e-05,0.002793958515025001
3,420,860160,139.34692970919423,-0.005724157562642426,nan,0,465.3447433414038,0.3673280719792406,0.0007723909509640664,0.0010986328125,-6.182172217099763,1.833992934670805,0.006039221594988826,-0.00023551291536582806,0.00018512458650977594
3,421,862208,139.43525083409622,-0.005729746634214051,nan,0,444.91175957167763,0.36158084345731045,0.004107924832901172,0.0533447265625,-6.225117747838585,1.8350928127579036,0.003501772841496026,-0.0028277068953069225,0.0002087239779287245
3,422,864256,139.50365654216148,-0.005659653470819846,nan,0,464.61134058771177,0.33156237739422667,0.002097651069687378,0.0118408203125,-6.145607235752406,1.5755412350063254,0.004854150569042905,-0.0013532237842461253,0.00012353423507324647
3,423,866304,139.57504420913756,-0.005659944587310255,nan,0,465.7895342430047,0.32643417419588605,0.0007025774884276774,0.0001220703125,-6.183627393120556,1.6883623016698959,0.005513864640219232,-0.0007228061197486024,0.00010608673369454923
3,424,868352,139.64592016721144,-0.005694963372614888,nan,0,456.9908062539517,0.35772197143597995,0.002001470979371507,0.008056640625,-6.2802225716817315,1.4634234040034098,0.005647835097959742,-0.0007108737807683431,0.00015697261409270964
3,425,870400,139.71517587499693,-0.005718740456890746,-6.045706735042887,8,459.68236304160337,0.35715372540122825,0.0020115955587962746,0.011474609375,-6.224636057791208,1.8679192089281589,0.0053185736746548746,-0.0010021131645163899,0.000192101562760108
3,426,872448,139.78615858405828,0.006321669938626231,nan,0,379.0332593069111,0.3505850793490992,0.00035397730769979284,0.0,-6.279999081211706,1.8980654987748449,0.007359702935160498,-0.00029864612600386496,0.002756699959905319
3,427,874496,139.85531379212625,-0.005696863356335969,nan,0,466.875110431666,0.3540119556491529,0.0024739944811672074,0.0260009765625,-6.274638214004951,1.7722327540700125,0.005463057098895404,-0.0008904424157744725,0.00015772260132985928
3,428,876544,139.9268665839918,-0.005626731146909184,nan,0,459.86230100665597,0.34656119009371045,0.00244134545158877,0.0196533203125,-6.210797218851504,1.6015927926286406,0.005725991013005482,-0.0005721199188245835,0.00017462742595711955
3,429,878592,139.99615162517875,-0.005778444729238127,nan,0,465.440514154361,0.3426405993188748,3.545211092857301e-05,0.0,-6.315889153089826,1.3870183405961316,0.00647047815729119,9.103233591137554e-05,0.00012711333657997674
3,430,880640,140.06619154219516,-0.0056080139069406565,nan,0,467.1937169847021,0.3261455610137508,0.0002816475663853279,0.0,-6.29628502007087,1.6059970603710798,0.006229094766965206,-0.00013028204948602878,0.00012618359276072948
3,431,882688,140.15102487499826,-0.005683515594306681,nan,0,460.4074761076658,0.3474557101887693,0.0007680867793059089,0.0,-6.240493973632974,1.4417202793673585,0.005821072115234542,-0.0004905540603428165,0.00014226440388877105
3,432,884736,140.23593566706404,0.006271008772947296,-6.0222930169480025,8,386.4408733549001,0.3671728756306798,0.0006118917901168689,0.0,-6.094475019102669,1.765718237411335,0.00665987392652865,-0.0008529937043955096,0.0028367852236429823
3,433,886784,140.3378644171171,-0.005701750106333772,nan,0,467.6915852639804,0.3452270701351271,0.002729338017724102,0.0272216796875,-6.130554060179328,1.7626389718489226,0.004301551531905128,-0.0019281067859835375,0.00019820851541868048
3,434,888832,140.42954054218717,-0.005687335779031143,nan,0,462.8759191656619,0.3452392398162959,0.004654950496699202,0.0560302734375,-6.129218475276834,1.723307281713291,0.002206163523035309,-0.003997280082199514,0.0001484502599159795
3,435,890880,140.5033246250823,-0.005601124952623876,nan,0,459.9324814654445,0.32366845321663895,0.0013249908084865512,0.00537109375,-6.0952109283802285,2.053915389380464,0.004374717792384677,-0.0017822424056943963,0.0001234985393976905
3,436,892928,140.57317270920612,-0.005748931137923153,nan,0,465.44610904393596,0.33142693290429764,0.0012203330253936912,0.0048828125,-6.059954197024401,1.6923337693045948,0.0050660931959193726,-0.001057084417049452,0.0001264468318888473
3,437,894976,140.63497787504457,-0.005696242248731446,nan,0,457.12563057974535,0.3583136904228934,0.0011823788646976765,0.001708984375,-6.091774445059766,1.8733932638998532,0.005703383151313864,-0.0004754802696626402,0.00017417795183347447
3,438,897024,140.6971957089845,0.006233537365307252,-6.04643469134213,8,383.3295331532421,0.37432984861442614,4.06953749268204e-05,0.0,-6.029345285106947,1.6392222051599297,0.007496011845452604,5.478758786191685e-05,0.002823757944967474
3,439,899072,140.7587751671672,-0.005636951521747971,nan,0,454.5259465976809,0.3318510201954658,0.002261191960118634,0.0203857421875,-6.0164044529945135,1.6760825532355732,0.00436553251163134,-0.0017252277087468557,0.00014871153476736228
3,440,901120,140.818296500016,-0.0057368539206807375,nan,0,465.47412510852723,0.34957274957134177,0.0002920630466890944,0.0,-6.00638613255669,1.4833011301160868,0.005732006188408701,-0.0003399640988256459,0.00013116830935530922
3,441,903168,146.44789254199713,-0.005684378424787805,nan,0,467.7038795875098,0.33918007489829366,0.0007958161824497786,0.0001220703125,-6.020827311481217,1.3943728859531026,0.005932995647106034,-0.0001528323254038075,0.00013000132205724446
3,442,905216,146.50894895917736,-0.005637881995860771,nan,0,453.2051925644268,0.35251246685080495,0.0015880009998406276,0.0074462890625,-5.916431808357078,1.9123538907479845,0.0048781454830372625,-0.0011232133351204085,0.00016985401960118186
3,443,907264,146.57103229220957,-0.005739932301452838,nan,0,463.05998650452165,0.341327848073672,0.00043677186102808994,0.0,-5.918774247608733,1.891959280324296,0.005222487718043281,-0.0007759948845030978,0.00015941670987529142
3,444,909312,146.6412965420168,0.00631814871118997,-6.0240381319990215,8,372.89553513449573,0.3619685990835403,0.003332377859213093,0.0316162109375,-5.87753906133983,1.1697297022451363,0.00571914610268326,-0.0015424837254628303,0.0027681815336125246
3,445,911360,146.72468887502328,-0.005677421450662586,nan,0,465.01850964836467,0.3401911270172959,0.0011764681522429764,0.0045166015625,-5.832401866839263,1.823069850633906,0.0045323397019069525,-0.0013685293598756807,0.0001369343898867383
3,446,913408,146.79626762517728,-0.005704532760485766,nan,0,458.4238138485525,0.3667393309467415,0.00012825158779040436,0.0,-5.880128681836838,1.5956968384195565,0.006166390609318769,0.00018851635139241875,0.0001954911521790273
3,447,915456,146.8652819590643,-0.005695308262125963,nan,0,456.09525073151383,0.3435708830839269,0.00021276018631924095,0.0,-5.852997378674463,2.044644885865691,0.005732746836355221,-0.00019426828424022602,0.00014803548384196636
3,448,917504,146.92521320912056,-0.005744882246516666,nan,0,463.1666827880091,0.3630724099373956,0.0004279955011043233,0.0,-5.812544804803348,1.4825203354525511,0.006004366535059616,0.00010807255801917803,0.00016749834447417897
3,449,919552,146.98650987516157,-0.005644024720278791,nan,0,463.8943553453749,0.34927002796237316,0.0029186510366811416,0.0262451171875,-5.809374634153529,1.5462287265822852,0.003683179163846622,-0.0021980855849479007,0.00014378022928199436
3,450,921600,147.0453612501733,-0.005697249734116809,-6.043939570019965,8,465.594402861918,0.3250656070596357,0.000857616549598054,0.0006103515625,-5.836334477112621,1.4677502223654642,0.004970332002197563,-0.0009209550000811844,0.00010990505033225232
3,451,923648,147.10640762513503,0.0064089175548393,nan,0,378.71990501587,0.33941346037847125,0.0003934598265308884,0.0,-5.765497321601124,1.8905400038715945,0.006842909588981444,-0.00028696341918944823,0.002728751373139538
3,452,925696,147.1647981670685,-0.005737213712157,nan,0,464.7970182277497,0.35248945324093955,0.00040575795848214486,0.0001220703125,-5.812762230884232,1.7709442279262677,0.005420908952698565,-0.0004657815839183947,0.0001478566114654546
3,453,927744,147.22307750000618,-0.005728863160995626,nan,0,461.7118930668846,0.3399510393370009,8.453592646917814e-05,0.0,-5.812616444888724,1.7941483734516024,0.0059120930196830965,2.8779297486636606e-05,0.0001413945546154741
3,454,929792,147.28884225012735,-0.005656608897024553,nan,0,458.36821185571216,0.37063268108321024,0.003282327590476955,0.034912109375,-5.766203147002039,1.7371860027098225,0.002458829110397581,-0.003420500845751902,0.00022625361829488322
3,455,931840,147.3504187921062,-0.005776697053430729,nan,0,463.9186782266405,0.3626002078375016,0.0007142543182977849,0.0006103515625,-5.841274499748039,1.6913571993087073,0.005322556258559464,-0.0006061242759153873,0.00017481206945362448
3,456,933888,147.41541958414018,-0.005675917428272877,nan,0,464.0220239066303,0.35208439116347323,0.0006875618570098068,0.0008544921875,-5.831187833192569,1.5989567476251136,0.005253540219272832,-0.0006457433255831826,0.00013619142332688973
3,457,935936,147.47701579215936,0.006263939330409744,-6.0482874851795945,8,374.51887445116733,0.34613347293151653,0.0017522985429283679,0.00537109375,-5.835808149786733,1.5708076134315392,0.005505336967339973,-0.0016750945690049788,0.0026892467731164374
3,458,937984,147.5386288750451,-0.005666715221498822,nan,0,464.7013016783619,0.342674806612844,0.000357298396165069,0.0,-5.843775337550939,1.8060249601434288,0.005475311314878102,-0.0004500070378836269,0.00016308603042158051
3,459,940032,147.60734537499957,-0.0057490733382934475,nan,0,467.5958824299842,0.35286953005580046,0.003399251931099757,0.0325927734375,-5.811120328483429,1.7888475216312059,0.0027079470702173754,-0.003174025210383501,0.00014170390423489087
3,460,942080,147.67165237502195,-0.005640752868236404,nan,0,462.2431277025099,0.34207204741309644,0.0001378965618553136,0.0,-5.8361459431836264,1.7012657927987842,0.005861910033933399,-4.938287140847006e-05,0.00015029392431648584
3,461,944128,147.7324962920975,-0.005640565307696306,nan,0,468.9030536158034,0.320475649794998,0.000774199106674379,0.000244140625,-5.761919052308144,1.6220798309781599,0.005050184574858966,-0.000768701885235582,0.00011393481557280882
3,462,946176,147.79361962503754,-0.005699901089581421,nan,0,460.3196336047934,0.3523340378190407,0.00028675495233583103,0.0,-5.7924728435421775,1.6903065533273445,0.005149642000324686,-0.0007213919749985889,0.0001571222635621924
3,463,948224,147.85366012505256,0.006264984592326468,-6.032569921386569,8,379.88150943300514,0.34574964952797144,0.00030546408692674155,0.0,-5.814798543296929,1.442906205629578,0.007136689691821501,-4.01089566008702e-05,0.002724000210250878
3,464,950272,147.91484758420847,-0.005664564607467551,nan,0,461.54610899426706,0.3341819105441357,0.002060975857319174,0.015380859375,-5.7194986457453005,1.806291605970749,0.003175679939733077,-0.002620993205950153,0.00015434899987585933
3,465,952320,153.5042875839863,-0.005717024217757837,nan,0,456.8468483021563,0.36736959476249975,0.000585048670381029,0.0001220703125,-5.741886541124736,1.7646423627232464,0.005598013692414937,-0.00023401483404483607,0.00018028397067007185
3,466,954368,153.56167912506498,-0.005740606918936991,nan,0,463.90094791302056,0.35231318899450376,4.705630916887312e-05,0.0,-5.780502472179682,2.0425328391909203,0.00585339271237939,3.3788175818911387e-06,0.00013902284523563331
3,467,956416,153.61867875000462,-0.0057058031753509895,nan,0,465.82320186693244,0.366741346339587,7.939515710986359e-05,0.0,-5.772084528501754,1.7906241165620582,0.0057003782294849144,-0.0001559260803509141,0.0001684395626681499
3,468,958464,153.67403545905836,-0.00574669886615637,nan,0,461.12710679126894,0.35699411163526534,0.001738922518195899,0.0078125,-5.770316574504767,2.2328904172410935,0.0022340982785669303,-0.0036284084969937817,0.00018438040211189106
3,469,960512,153.7299966670107,0.006300934295724019,-6.061505394051244,8,377.71163330025377,0.35184570831728595,6.806242951777267e-05,0.0,-5.792952692610194,1.75048686045386,0.007346021494971946,0.0002025882399130886,0.002700961124897326
3,470,962560,153.78633450018242,-0.00563812431712242,nan,0,467.49395608362613,0.33887281678833575,0.0007379912828055525,0.0001220703125,-5.773192543834245,1.5552638678575574,0.005098079689716982,-0.0007442691335209327,0.00013831255880733875
3,471,964608,153.84601133409888,-0.0056824080960979715,nan,0,466.16058020258646,0.3481243673697461,0.0001298678019026106,0.0,-5.771529994946043,1.541995451589892,0.005671139357875274,-0.00018024949636983928,0.00015971771859813946
3,472,966656,153.90568845905364,-0.005678768956545791,nan,0,461.2672554174543,0.3413769564584303,0.0002486840565126314,0.0,-5.802818374996196,1.5458224275008745,0.005019787378607988,-0.0008614974201300463,0.0001569328474836726
3,473,968704,153.9631972091738,-0.00577318650349307,nan,0,458.3151695385495,0.3634680610008827,0.00023579060870204845,0.0,-5.82471884698788,1.612572248423774,0.0052741341268113685,-0.0006430563823541079,0.00018494332435519816
3,474,970752,154.02114300010726,-0.005633692311935385,nan,0,465.46698120060324,0.33793319380909825,0.00025200241064345536,0.0,-5.839151851766974,1.6111567834911265,0.0054472249388704975,-0.0004570808139878063,0.00013030780218266114
3,475,972800,154.0783614171669,-0.00571843648654158,-6.032445970273763,8,465.3241058100417,0.33990182148734965,0.00012956413447457295,0.0,-5.900436876213356,1.741302256521458,0.005757643407145825,-0.00020065389163637874,0.00011572084513769499
3,476,974848,154.13724845903926,0.006268431012941429,nan,0,368.5907505183169,0.3721329261577497,1.2174157336323842e-05,0.0,-5.921760588041309,1.6190196189543005,0.007279927543004554,-9.746317345282578e-06,0.0027358265446170526
3,477,976896,154.19476337521337,-0.0057782393582040655,nan,0,458.0931996581639,0.37223539900752634,0.00014024377393038833,0.0,-5.879386965526415,2.0963318819864423,0.005519831070969251,-0.0004611148882835989,0.0002031179874528705
3,478,978944,154.25272729201242,-0.005650994535904904,nan,0,464.41018985812127,0.3488893401851369,8.552555277900975e-05,0.0,-5.875669008306804,1.598942179897776,0.005700438233497,-0.000250646012628572,0.00015083047563753423
3,479,980992,154.31148445908912,-0.005672171232166956,nan,0,456.2950229714369,0.3361447084370137,0.00011117684825305545,0.0,-5.902999961848954,1.5563339223459853,0.005747554610459581,-0.0002195449561260372,0.00012819920947332612
3,480,983040,154.36899375007488,-0.005762723517408484,nan,0,463.2552480534372,0.37979136882080683,2.5344951601250754e-05,0.0,-5.894967345208103,1.618052834626872,0.005880852664735111,-0.00011483902464000276,0.00020144868833401998
3,481,985088,154.42676062509418,-0.005704221646179593,nan,0,462.9611177312462,0.3600386350551654,2.3283365975669665e-05,0.0,-5.876353365008656,1.7764659261926747,0.005827937084155447,-0.0001287850296825448,0.00016073749765867034
3,482,987136,154.4891341670882,0.0063266400101254765,-6.075776622129464,8,387.8150091936563,0.34187881322032354,1.8113672307111357e-05,0.0,-5.918966904356829,1.8107654252490923,0.007159245054687592,-8.870231298051083e-05,0.0026579609266225495
3,483,989184,154.5480796250049,-0.0057362597962580955,nan,0,464.9894827787971,0.35886387168859435,6.0759234772915835e-06,0.0,-5.848721604021472,1.6861914294051739,0.0059597313125353615,3.269615807148518e-05,0.00015662710088480935
3,484,991232,154.6090332090389,-0.005666535047040418,nan,0,464.82090201279254,0.3387156478421241,2.2732271708216336e-06,0.0,-5.874261560745509,1.7446661796422243,0.005951970294180332,5.1374313049554025e-06,0.00014514260425973582
3,485,993280,154.68268745904788,-0.005717317961987078,nan,0,468.68459819659176,0.3579639344446225,6.951917579420643e-06,0.0,-5.866565544730526,1.863508708421861,0.005875019674239146,-7.557790319888034e-05,0.00016806406541499977
3,486,995328,154.75495925010182,-0.005658548687647511,nan,0,453.6616290662341,0.33420633032619795,2.5240246909938562e-06,0.0,-5.892001954959239,1.722003309962781,0.005922833052396414,-3.3105741783877665e-05,0.00012787367844210837
3,487,997376,154.81421712506562,-0.0057658587498580155,nan,0,463.6482971550442,0.3630884447008076,8.684457495343624e-07,0.0,-5.882377489237339,1.396606506190425,0.0059651382464332246,-5.270339439481658e-06,0.00017606219327073348
3,488,999424,154.87323120911606,0.006319043743718127,-6.045874811724679,8,379.30008894461065,0.3482480879680252,2.3485132235661694e-06,0.0,-5.928650634955384,1.7563848003964075,0.007186624932537186,-7.038783720844047e-05,0.0026567242695804826
3,489,1001472,154.9309694590047,-0.005670986851971691,nan,0,464.1786407844375,0.3433255914169473,1.8571487934281462e-07,0.0,-5.895077098140307,1.7865133378658973,0.005955683430784831,-1.2230625703880428e-05,0.00014567391669680839
